id,title,budget,revenue,runtime,popularity,vote_average,vote_count,original_language,genres,production_countries,spoken_languages,release_date,release_year,release_month
862,Toy Story,30000000.0,373554033.0,81.0,21.946943,7.7,5415.0,en,"['Animation', 'Comedy', 'Family']",['United States of America'],['English'],1995-10-30,1995.0,10.0
8844,Jumanji,65000000.0,262797249.0,104.0,17.015539,6.9,2413.0,en,"['Adventure', 'Fantasy', 'Family']",['United States of America'],"['English', 'Français']",1995-12-15,1995.0,12.0
31357,Waiting to Exhale,16000000.0,81452156.0,127.0,3.859495,6.1,34.0,en,"['Comedy', 'Drama', 'Romance']",['United States of America'],['English'],1995-12-22,1995.0,12.0
949,Heat,60000000.0,187436818.0,170.0,17.924927,7.7,1886.0,en,"['Action', 'Crime', 'Drama', 'Thriller']",['United States of America'],"['English', 'Español']",1995-12-15,1995.0,12.0
9091,Sudden Death,35000000.0,64350171.0,106.0,5.23158,5.5,174.0,en,"['Action', 'Adventure', 'Thriller']",['United States of America'],['English'],1995-12-22,1995.0,12.0
710,GoldenEye,58000000.0,352194034.0,130.0,14.686036,6.6,1194.0,en,"['Adventure', 'Action', 'Thriller']","['United Kingdom', 'United States of America']","['English', 'Pусский', 'Español']",1995-11-16,1995.0,11.0
9087,The American President,62000000.0,107879496.0,106.0,6.318445,6.5,199.0,en,"['Comedy', 'Drama', 'Romance']",['United States of America'],['English'],1995-11-17,1995.0,11.0
10858,Nixon,44000000.0,13681765.0,192.0,5.092,7.1,72.0,en,"['History', 'Drama']",['United States of America'],['English'],1995-12-22,1995.0,12.0
1408,Cutthroat Island,98000000.0,10017322.0,119.0,7.284477,5.7,137.0,en,"['Action', 'Adventure']","['France', 'Germany', 'Italy', 'United States of America']","['English', 'Latin']",1995-12-22,1995.0,12.0
524,Casino,52000000.0,116112375.0,178.0,10.137389,7.8,1343.0,en,"['Drama', 'Crime']","['France', 'United States of America']",['English'],1995-11-22,1995.0,11.0
4584,Sense and Sensibility,16500000.0,135000000.0,136.0,10.673167,7.2,364.0,en,"['Drama', 'Romance']","['United Kingdom', 'United States of America']",['English'],1995-12-13,1995.0,12.0
5,Four Rooms,4000000.0,4300000.0,98.0,9.026586,6.5,539.0,en,"['Crime', 'Comedy']",['United States of America'],['English'],1995-12-09,1995.0,12.0
9273,Ace Ventura: When Nature Calls,30000000.0,212385533.0,90.0,8.205448,6.1,1128.0,en,"['Crime', 'Comedy', 'Adventure']",['United States of America'],['English'],1995-11-10,1995.0,11.0
11517,Money Train,60000000.0,35431113.0,103.0,7.337906,5.4,224.0,en,"['Action', 'Comedy', 'Crime']",['United States of America'],['English'],1995-11-21,1995.0,11.0
8012,Get Shorty,30250000.0,115101622.0,105.0,12.669608,6.4,305.0,en,"['Comedy', 'Thriller', 'Crime']",['United States of America'],['English'],1995-10-20,1995.0,10.0
9691,Assassins,50000000.0,30303072.0,132.0,11.065939,6.0,394.0,en,"['Action', 'Adventure', 'Crime', 'Thriller']","['France', 'United States of America']","['English', 'Español', 'Nederlands']",1995-10-06,1995.0,10.0
451,Leaving Las Vegas,3600000.0,49800000.0,112.0,10.332025,7.1,365.0,en,"['Drama', 'Romance']",['United States of America'],['English'],1995-10-27,1995.0,10.0
9263,Now and Then,12000000.0,27400000.0,100.0,8.681325,6.6,91.0,en,"['Comedy', 'Drama', 'Family']",['United States of America'],['English'],1995-10-20,1995.0,10.0
902,The City of Lost Children,18000000.0,1738611.0,108.0,9.822423,7.6,308.0,fr,"['Fantasy', 'Science Fiction', 'Adventure']","['France', 'Germany', 'Spain']","['广州话 / 廣州話', 'Français']",1995-05-16,1995.0,5.0
63,Twelve Monkeys,29500000.0,168840000.0,129.0,12.297305,7.4,2470.0,en,"['Science Fiction', 'Thriller', 'Mystery']",['United States of America'],"['English', 'Français']",1995-12-29,1995.0,12.0
9598,Babe,30000000.0,254134910.0,89.0,14.404764,6.0,756.0,en,"['Fantasy', 'Drama', 'Comedy', 'Family']","['Australia', 'United States of America']",['English'],1995-07-18,1995.0,7.0
687,Dead Man Walking,11000000.0,39363635.0,122.0,6.891317,7.3,350.0,en,['Drama'],"['United States of America', 'United Kingdom']",['English'],1995-12-29,1995.0,12.0
9312,Mortal Kombat,18000000.0,122195920.0,101.0,10.870138,5.4,452.0,en,"['Action', 'Fantasy']",['United States of America'],['English'],1995-08-18,1995.0,8.0
577,To Die For,20000000.0,21284514.0,106.0,10.448481,6.7,177.0,en,"['Fantasy', 'Drama', 'Comedy', 'Thriller']",['United States of America'],['English'],1995-05-20,1995.0,5.0
11861,How To Make An American Quilt,10000000.0,23574130.0,116.0,4.485958,6.5,38.0,en,"['Drama', 'Romance']",['United States of America'],['English'],1995-10-06,1995.0,10.0
807,Se7en,33000000.0,327311859.0,127.0,18.45743,8.1,5915.0,en,"['Crime', 'Mystery', 'Thriller']",['United States of America'],['English'],1995-09-22,1995.0,9.0
10530,Pocahontas,55000000.0,346079773.0,81.0,13.280069,6.7,1509.0,en,"['Adventure', 'Animation', 'Drama', 'Family']",['United States of America'],['English'],1995-06-14,1995.0,6.0
629,The Usual Suspects,6000000.0,23341568.0,106.0,16.302466,8.1,3334.0,en,"['Drama', 'Crime', 'Thriller']",['United States of America'],"['Español', 'English', 'Français', 'Magyar']",1995-07-19,1995.0,7.0
11448,Mighty Aphrodite,15000000.0,6700000.0,95.0,15.899134,6.7,145.0,en,"['Comedy', 'Romance']",['United States of America'],['English'],1995-09-13,1995.0,9.0
10634,Friday,3500000.0,28215918.0,91.0,14.56965,7.0,513.0,en,['Comedy'],['United States of America'],['English'],1995-04-26,1995.0,4.0
755,From Dusk Till Dawn,19000000.0,25836616.0,108.0,15.339153,6.9,1644.0,en,"['Horror', 'Action', 'Thriller', 'Crime']",['United States of America'],"['English', 'Español']",1996-01-19,1996.0,1.0
11859,Fair Game,50000000.0,11534477.0,91.0,5.912223,4.1,54.0,en,"['Action', 'Thriller', 'Romance']",['United States of America'],"['English', 'Español']",1995-11-03,1995.0,11.0
36929,Big Bully,15000000.0,2042530.0,90.0,2.936443,3.9,16.0,en,"['Comedy', 'Family']",['United States of America'],['English'],1996-01-26,1996.0,1.0
9102,Screamers,20000000.0,5781885.0,108.0,12.758848,6.1,154.0,en,"['Horror', 'Science Fiction']","['Canada', 'Japan', 'United States of America']",['English'],1995-09-08,1995.0,9.0
400,Things to Do in Denver When You're Dead,8000000.0,529766.0,116.0,4.486179,6.7,87.0,en,"['Drama', 'Crime']",['United States of America'],['English'],1995-12-01,1995.0,12.0
10534,White Squall,38000000.0,10300000.0,129.0,9.568604,6.3,86.0,en,"['Action', 'Drama']",['United States of America'],"['Dansk', 'English', 'Français', 'Deutsch']",1996-02-02,1996.0,2.0
2086,Nick of Time,8169363.0,8175346.0,90.0,6.848591,6.1,190.0,en,"['Crime', 'Drama', 'Thriller']",['United States of America'],['English'],1995-11-22,1995.0,11.0
9095,Mary Reilly,47000000.0,12379402.0,104.0,12.866139,5.7,77.0,en,"['Drama', 'Horror', 'Thriller', 'Romance']",['United States of America'],['English'],1996-02-23,1996.0,2.0
12158,Vampire in Brooklyn,14000000.0,19800000.0,100.0,9.071127,4.5,113.0,en,"['Comedy', 'Horror', 'Romance']",['United States of America'],['English'],1995-10-26,1995.0,10.0
9208,Broken Arrow,50000000.0,150270147.0,108.0,14.957626,5.7,459.0,en,"['Action', 'Adventure', 'Drama', 'Thriller']",['United States of America'],['English'],1996-02-09,1996.0,2.0
13685,Bottle Rocket,7000000.0,560069.0,91.0,6.904831,6.8,285.0,en,"['Comedy', 'Crime', 'Drama']",['United States of America'],"['Español', 'English']",1996-02-21,1996.0,2.0
9614,Happy Gilmore,12000000.0,41205099.0,92.0,9.592265,6.5,767.0,en,['Comedy'],['United States of America'],['English'],1996-02-16,1996.0,2.0
688,The Bridges of Madison County,24000000.0,182016617.0,135.0,5.951077,7.3,397.0,en,"['Drama', 'Romance']",['United States of America'],['English'],1995-05-28,1995.0,5.0
197,Braveheart,72000000.0,210000000.0,177.0,20.755149,7.7,3404.0,en,"['Action', 'Drama', 'History', 'War']",['United States of America'],"['English', 'Français', 'Latin', '']",1995-05-24,1995.0,5.0
103,Taxi Driver,1300000.0,28262574.0,114.0,14.092713,8.1,2632.0,en,"['Crime', 'Drama']",['United States of America'],"['English', 'Español']",1976-02-07,1976.0,2.0
33542,Rumble in the Bronx,7500000.0,32392047.0,91.0,12.314278,6.5,245.0,cn,"['Crime', 'Action', 'Comedy', 'Thriller']",['Hong Kong'],"['广州话 / 廣州話', 'English']",1995-01-30,1995.0,1.0
78406,Steal Big Steal Little,25000000.0,6278139.0,113.0,1.522412,5.1,7.0,en,"['Comedy', 'Drama']",['United States of America'],['English'],1995-09-29,1995.0,9.0
11066,Boomerang,40000000.0,70100000.0,117.0,6.506983,5.4,139.0,en,"['Comedy', 'Romance']",['United States of America'],"['Français', 'English']",1992-06-30,1992.0,6.0
2074,Flirting with Disaster,7000000.0,14702438.0,92.0,5.579088,6.3,66.0,en,"['Comedy', 'Romance']",['United States of America'],['English'],1996-03-22,1996.0,3.0
11863,Jade,50000000.0,9851610.0,95.0,11.418917,5.1,45.0,en,"['Action', 'Thriller', 'Mystery', 'Romance']",['United States of America'],['English'],1995-10-13,1995.0,10.0
11000,The Birdcage,31000000.0,185260553.0,117.0,6.49968,6.7,303.0,en,['Comedy'],['United States of America'],"['English', 'Français']",1996-03-08,1996.0,3.0
9737,Bad Boys,19000000.0,141407024.0,118.0,9.262184,6.5,1729.0,en,"['Action', 'Comedy', 'Crime', 'Thriller']",['United States of America'],['English'],1995-04-07,1995.0,4.0
22279,An Awfully Big Adventure,4000000.0,851545.0,113.0,0.922958,6.0,11.0,en,"['Romance', 'Drama', 'Comedy']",['United Kingdom'],['English'],1995-07-21,1995.0,7.0
568,Apollo 13,52000000.0,355237933.0,140.0,18.761467,7.3,1637.0,en,['Drama'],['United States of America'],['English'],1995-06-30,1995.0,6.0
11780,Rob Roy,28000000.0,31596911.0,139.0,10.193549,6.5,151.0,en,['Adventure'],"['United Kingdom', 'United States of America']",['English'],1995-04-13,1995.0,4.0
414,Batman Forever,100000000.0,336529144.0,121.0,13.321354,5.2,1529.0,en,"['Action', 'Crime', 'Fantasy']","['United Kingdom', 'United States of America']",['English'],1995-06-16,1995.0,6.0
5894,Blue in the Face,2000000.0,1275000.0,83.0,11.528147,6.8,28.0,en,['Comedy'],['United States of America'],['English'],1995-09-15,1995.0,9.0
1775,Canadian Bacon,11000000.0,178104.0,91.0,5.391556,5.9,57.0,en,"['Action', 'Comedy']","['Canada', 'United States of America']",['English'],1995-06-08,1995.0,6.0
8839,Casper,50000000.0,287928194.0,100.0,12.812539,6.0,1045.0,en,"['Fantasy', 'Comedy', 'Family']",['United States of America'],['English'],1995-05-26,1995.0,5.0
20649,Clockers,25000000.0,13071518.0,128.0,4.558992,6.8,69.0,en,"['Mystery', 'Crime', 'Drama']",['United States of America'],['English'],1995-09-15,1995.0,9.0
10329,Congo,50000000.0,152022101.0,109.0,7.260574,5.0,214.0,en,"['Action', 'Adventure', 'Drama', 'Mystery', 'Science Fiction', 'Thriller']",['United States of America'],"['English', 'Français']",1995-06-09,1995.0,6.0
8963,Crimson Tide,53000000.0,157387195.0,116.0,8.657365,7.0,508.0,en,"['Action', 'Thriller', 'Drama']",['United States of America'],['English'],1995-05-12,1995.0,5.0
8068,Desperado,7000000.0,25405445.0,104.0,6.950458,6.8,898.0,en,"['Thriller', 'Action', 'Crime']",['United States of America'],['English'],1995-08-25,1995.0,8.0
8512,Devil in a Blue Dress,27000000.0,16140822.0,102.0,4.646132,6.3,88.0,en,"['Drama', 'Mystery', 'Thriller']",['United States of America'],['English'],1995-09-15,1995.0,9.0
1572,Die Hard: With a Vengeance,90000000.0,366101666.0,128.0,15.138855,6.9,2094.0,en,"['Action', 'Thriller']",['United States of America'],"['English', 'Deutsch', 'Română']",1995-05-19,1995.0,5.0
6520,First Knight,55000000.0,127600435.0,134.0,15.178338,5.9,319.0,en,"['Action', 'Adventure', 'Drama', 'Romance']",['United States of America'],"['English', 'Français']",1995-07-07,1995.0,7.0
10428,Hackers,20000000.0,7563728.0,107.0,14.810519,6.2,406.0,en,"['Action', 'Crime', 'Thriller', 'Drama']",['United States of America'],"['English', 'Italiano', '日本語', 'Pусский']",1995-09-14,1995.0,9.0
9886,Johnny Mnemonic,25000000.0,19075720.0,97.0,11.715868,5.5,380.0,en,"['Adventure', 'Action', 'Drama', 'Science Fiction', 'Thriller']","['Canada', 'United States of America']","['English', '日本語']",1995-05-26,1995.0,5.0
9482,Judge Dredd,90000000.0,113493481.0,96.0,8.184815,5.4,643.0,en,['Science Fiction'],['United States of America'],['English'],1995-06-30,1995.0,6.0
9344,Kids,1500000.0,7412216.0,91.0,4.877872,6.8,280.0,en,"['Drama', 'Crime']",['United States of America'],['English'],1995-07-28,1995.0,7.0
9071,Living in Oblivion,500000.0,1148752.0,89.0,10.058329,7.2,64.0,en,"['Drama', 'Comedy']",['United States of America'],['English'],1995-01-20,1995.0,1.0
2293,Mallrats,6000000.0,2122561.0,94.0,8.25547,6.8,400.0,en,"['Romance', 'Comedy']",['United States of America'],['English'],1995-10-20,1995.0,10.0
9070,Mighty Morphin Power Rangers: The Movie,15000000.0,66000000.0,92.0,7.024227,5.2,153.0,en,"['Action', 'Adventure', 'Science Fiction', 'Family', 'Fantasy']","['Japan', 'United States of America']",['English'],1995-06-30,1995.0,6.0
48787,Mute Witness,2.0,1.0,95.0,2.466066,6.4,36.0,en,"['Thriller', 'Foreign']","['Germany', 'Russia', 'United Kingdom', 'United States of America']","['Pусский', 'English']",1995-09-28,1995.0,9.0
1642,The Net,22000000.0,110627965.0,114.0,13.304342,5.6,359.0,en,"['Crime', 'Drama', 'Mystery', 'Thriller', 'Action']",['United States of America'],"['English', 'Español']",1995-07-28,1995.0,7.0
36196,Party Girl,150000.0,472370.0,94.0,1.165039,5.8,14.0,en,['Comedy'],['United States of America'],['English'],1995-06-09,1995.0,6.0
11980,The Prophecy,8.0,16.0,98.0,10.187623,6.4,139.0,en,"['Fantasy', 'Horror', 'Thriller']",['United States of America'],['English'],1995-09-01,1995.0,9.0
10533,The Scarlet Letter,50000000.0,10382407.0,135.0,6.752119,5.5,111.0,en,"['Drama', 'History', 'Romance']",['United States of America'],['English'],1995-10-13,1995.0,10.0
10802,Showgirls,45000000.0,20350754.0,128.0,17.502375,4.9,261.0,en,['Drama'],"['France', 'United States of America']",['English'],1995-09-22,1995.0,9.0
10149,Smoke,7000000.0,8349430.0,112.0,5.552946,7.2,115.0,en,"['Comedy', 'Drama']","['Germany', 'Japan', 'United States of America']",['English'],1995-06-09,1995.0,6.0
9348,Species,35000000.0,113374103.0,108.0,13.492845,5.5,457.0,en,"['Science Fiction', 'Horror', 'Action']",['United States of America'],['English'],1995-07-07,1995.0,7.0
281,Strange Days,42000000.0,7959291.0,145.0,11.223055,6.8,334.0,en,"['Crime', 'Drama', 'Science Fiction', 'Thriller']",['United States of America'],['English'],1995-10-13,1995.0,10.0
79593,The Tie That Binds,14000000.0,5780000.0,99.0,1.820419,4.6,9.0,en,['Thriller'],['United States of America'],['English'],1995-09-08,1995.0,9.0
3512,Under Siege 2: Dark Territory,60000000.0,104324083.0,100.0,7.490247,5.6,217.0,en,"['Action', 'Thriller']",['United States of America'],['English'],1995-07-13,1995.0,7.0
9560,A Walk in the Clouds,20000000.0,50012507.0,103.0,9.715639,6.5,168.0,en,"['Drama', 'Romance']",['United States of America'],['English'],1995-08-11,1995.0,8.0
9804,Waterworld,175000000.0,264218220.0,135.0,16.885184,5.9,1017.0,en,"['Adventure', 'Action']",['United States of America'],"['English', 'Deutsch', 'Español']",1995-07-28,1995.0,7.0
50797,Burnt by the Sun,2800000.0,2616503.0,135.0,2.486073,6.7,35.0,ru,['Drama'],"['France', 'Russia']",['Pусский'],1994-05-01,1994.0,5.0
76,Before Sunrise,2500000.0,5535405.0,105.0,11.304979,7.7,984.0,en,"['Drama', 'Romance']","['Austria', 'Switzerland', 'United States of America']","['English', 'Deutsch', 'Français']",1995-01-27,1995.0,1.0
11017,Billy Madison,10000000.0,26488734.0,89.0,6.638116,6.2,464.0,en,['Comedy'],['United States of America'],"['Français', 'Español', 'English']",1995-02-10,1995.0,2.0
9382,Boys on the Side,21000000.0,23450000.0,115.0,3.030309,6.3,48.0,en,"['Comedy', 'Drama']","['France', 'United States of America']",['English'],1995-02-03,1995.0,2.0
2292,Clerks,27000.0,3151130.0,92.0,10.513367,7.4,769.0,en,['Comedy'],['United States of America'],['English'],1994-09-13,1994.0,9.0
1909,Don Juan DeMarco,25000000.0,22200000.0,97.0,7.438934,6.3,184.0,en,"['Romance', 'Drama', 'Comedy']",['United States of America'],['English'],1994-10-01,1994.0,10.0
8984,Disclosure,55000000.0,214015089.0,123.0,11.812244,5.9,217.0,en,"['Drama', 'Thriller', 'Crime', 'Mystery', 'Romance']",['United States of America'],['English'],1994-12-09,1994.0,12.0
8467,Dumb and Dumber,16000000.0,247275374.0,107.0,9.844558,6.5,1894.0,en,['Comedy'],['United States of America'],['English'],1994-12-16,1994.0,12.0
522,Ed Wood,18000000.0,5887457.0,127.0,11.720358,7.3,639.0,en,"['Comedy', 'Drama', 'History']",['United States of America'],['English'],1994-09-27,1994.0,9.0
27303,Hideaway,15000000.0,12201255.0,103.0,8.182165,5.0,24.0,en,"['Drama', 'Thriller']",['United States of America'],['English'],1995-03-03,1995.0,3.0
14275,Hoop Dreams,700000.0,7830611.0,171.0,9.47666,7.7,91.0,en,['Documentary'],['United States of America'],['English'],1994-09-12,1994.0,9.0
1024,Heavenly Creatures,5000000.0,3049135.0,99.0,9.438042,6.9,299.0,en,"['Drama', 'Fantasy']",['New Zealand'],['English'],1994-09-02,1994.0,9.0
17207,Houseguest,10500000.0,26325256.0,113.0,2.688562,6.0,17.0,en,"['Comedy', 'Family']",[],"['English', 'Pусский']",1995-01-06,1995.0,1.0
628,Interview with the Vampire,60000000.0,223664608.0,123.0,11.970205,7.2,1558.0,en,"['Horror', 'Romance']",['United States of America'],"['English', 'Français']",1994-11-11,1994.0,11.0
87729,Jefferson in Paris,14000000.0,2474000.0,139.0,1.596058,5.2,10.0,en,"['Drama', 'Romance']",['United States of America'],['English'],1995-03-31,1995.0,3.0
6280,Junior,60000000.0,37000000.0,109.0,6.710215,4.7,381.0,en,"['Comedy', 'Family', 'Romance']",['United States of America'],['English'],1994-11-22,1994.0,11.0
11,Star Wars,11000000.0,775398007.0,121.0,42.149697,8.1,6778.0,en,"['Adventure', 'Action', 'Science Fiction']",['United States of America'],['English'],1977-05-25,1977.0,5.0
18183,Like Water for Chocolate,2000000.0,21665468.0,105.0,4.126083,6.6,70.0,es,"['Drama', 'Romance']",['Mexico'],"['English', 'Español']",1992-04-16,1992.0,4.0
4476,Legends of the Fall,30000000.0,160638883.0,133.0,12.199047,7.2,636.0,en,"['Adventure', 'Drama', 'Romance', 'War']",['United States of America'],"['', 'English']",1994-12-16,1994.0,12.0
28313,Losing Isaiah,17000000.0,7603766.0,106.0,7.698526,6.4,28.0,en,['Drama'],['United States of America'],['English'],1995-03-17,1995.0,3.0
3036,Mary Shelley's Frankenstein,45000000.0,112006296.0,123.0,14.287753,6.1,272.0,en,"['Drama', 'Horror', 'Science Fiction', 'Romance']","['United Kingdom', 'Japan', 'United States of America']",['English'],1994-11-04,1994.0,11.0
17402,Miami Rhapsody,6.0,5.0,95.0,1.137266,5.6,7.0,en,"['Comedy', 'Romance']",['United States of America'],['English'],1995-01-27,1995.0,1.0
1945,Nell,31000000.0,106683817.0,112.0,5.930957,6.1,128.0,en,"['Drama', 'Thriller']",['United States of America'],['English'],1994-12-23,1994.0,12.0
241,Natural Born Killers,34000000.0,50282766.0,119.0,11.226856,6.9,927.0,en,"['Crime', 'Thriller', 'Drama']",['United States of America'],"['English', '', '日本語']",1994-08-25,1994.0,8.0
6950,Outbreak,50000000.0,189859560.0,127.0,13.676444,6.4,522.0,en,"['Action', 'Drama', 'Science Fiction', 'Thriller']",['United States of America'],"['English', '한국어/조선말', 'Français']",1995-03-10,1995.0,3.0
101,Leon: The Professional,16000000.0,45284974.0,110.0,20.477329,8.2,4293.0,fr,"['Thriller', 'Crime', 'Drama']","['France', 'United States of America']",['English'],1994-09-14,1994.0,9.0
63020,The Perez Family,11000000.0,2832826.0,113.0,1.433544,6.6,9.0,en,"['Comedy', 'Drama', 'Romance']",['United States of America'],['English'],1995-05-12,1995.0,5.0
680,Pulp Fiction,8000000.0,213928762.0,154.0,140.950236,8.3,8670.0,en,"['Thriller', 'Crime']",['United States of America'],"['English', 'Español', 'Français']",1994-09-10,1994.0,9.0
25296,Pushing Hands,400000.0,152322.0,105.0,1.638622,6.1,9.0,zh,"['Comedy', 'Drama']",['Taiwan'],"['English', '普通话']",1992-02-01,1992.0,2.0
12106,The Quick and the Dead,32000000.0,18552460.0,107.0,7.54701,6.2,431.0,en,"['Action', 'Western']","['Japan', 'United States of America']",['English'],1995-02-09,1995.0,2.0
161495,Roommates,22000000.0,12400000.0,108.0,3.395867,6.4,7.0,sv,"['Drama', 'Comedy']",['United States of America'],['English'],1995-03-01,1995.0,3.0
3586,Prêt-à-Porter,15000000.0,11300653.0,133.0,6.259433,5.3,33.0,en,"['Drama', 'Comedy']",['United States of America'],"['Français', 'Italiano', 'Pусский', 'Español', 'English']",1994-12-23,1994.0,12.0
22586,The Swan Princess,35000000.0,9771658.0,89.0,8.910462,6.5,251.0,en,['Animation'],['United States of America'],['English'],1994-11-18,1994.0,11.0
2636,The Specialist,45000000.0,170362582.0,110.0,10.388183,5.5,317.0,en,"['Action', 'Thriller']","['Peru', 'United States of America']",['English'],1994-10-07,1994.0,10.0
2164,Stargate,55000000.0,196567262.0,121.0,13.328924,6.8,942.0,en,"['Action', 'Adventure', 'Science Fiction']","['France', 'United States of America']","['English', 'Norsk', 'svenska']",1994-10-27,1994.0,10.0
11395,The Santa Clause,22000000.0,189833357.0,97.0,9.665424,6.3,501.0,en,"['Fantasy', 'Drama', 'Comedy', 'Family']",['United States of America'],['English'],1994-11-10,1994.0,11.0
278,The Shawshank Redemption,25000000.0,28341469.0,142.0,51.645403,8.5,8358.0,en,"['Drama', 'Crime']",['United States of America'],['English'],1994-09-23,1994.0,9.0
9067,Tank Girl,25000000.0,4064495.0,98.0,7.602087,5.5,140.0,en,"['Action', 'Comedy', 'Fantasy', 'Science Fiction']",['United States of America'],['English'],1995-03-31,1995.0,3.0
193,Star Trek: Generations,38000000.0,120000000.0,118.0,8.105708,6.4,461.0,en,"['Science Fiction', 'Action', 'Adventure', 'Thriller']",['United States of America'],['English'],1994-11-17,1994.0,11.0
25066,Tales from the Hood,6000000.0,12000000.0,98.0,2.86007,5.4,33.0,en,"['Crime', 'Horror', 'Thriller']",['United States of America'],['English'],1995-05-24,1995.0,5.0
1587,What's Eating Gilbert Grape,11000000.0,10032765.0,118.0,10.3919,7.5,943.0,en,"['Romance', 'Drama']",['United States of America'],['English'],1993-12-17,1993.0,12.0
9271,Virtuosity,30000000.0,24048000.0,106.0,5.188399,5.4,163.0,en,"['Action', 'Crime', 'Science Fiction', 'Thriller']",['United States of America'],['English'],1995-08-04,1995.0,8.0
2064,While You Were Sleeping,17000000.0,182057016.0,103.0,15.783615,6.5,340.0,en,"['Comedy', 'Drama', 'Romance']",['United States of America'],['English'],1995-04-21,1995.0,4.0
236,Muriel's Wedding,3000000.0,15119639.0,106.0,5.254847,6.9,104.0,en,"['Drama', 'Comedy', 'Romance']","['Australia', 'France']",['English'],1994-09-29,1994.0,9.0
3049,Ace Ventura: Pet Detective,15000000.0,107217396.0,86.0,11.247957,6.4,1684.0,en,"['Comedy', 'Mystery']",['United States of America'],['English'],1994-02-04,1994.0,2.0
10497,Bitter Moon,5000000.0,1862805.0,139.0,11.298195,7.0,115.0,en,"['Thriller', 'Drama', 'Romance']","['France', 'United Kingdom', 'United States of America']","['Français', 'English']",1992-09-02,1992.0,9.0
9331,Clear and Present Danger,62000000.0,215887717.0,141.0,7.513245,6.4,390.0,en,"['Action', 'Drama', 'Thriller']",['United States of America'],['English'],1994-08-03,1994.0,8.0
10731,The Client,45000000.0,117615211.0,119.0,15.263829,6.4,287.0,en,"['Drama', 'Thriller', 'Crime', 'Mystery']",['United States of America'],['English'],1994-07-20,1994.0,7.0
9495,The Crow,15000000.0,94000000.0,102.0,15.799336,7.3,980.0,en,"['Fantasy', 'Action', 'Thriller']",['United States of America'],['English'],1994-05-11,1994.0,5.0
888,The Flintstones,46000000.0,341631208.0,91.0,15.019586,5.0,559.0,en,"['Fantasy', 'Comedy', 'Family']",['United States of America'],['English'],1994-05-26,1994.0,5.0
13,Forrest Gump,55000000.0,677945399.0,142.0,48.307194,8.2,8147.0,en,"['Comedy', 'Drama', 'Romance']",['United States of America'],['English'],1994-07-06,1994.0,7.0
712,Four Weddings and a Funeral,6000000.0,254700832.0,117.0,8.990345,6.6,654.0,en,"['Comedy', 'Drama', 'Romance']",['United Kingdom'],['English'],1994-03-09,1994.0,3.0
10879,I Love Trouble,45000000.0,61947267.0,123.0,3.570874,5.3,41.0,en,"['Action', 'Comedy', 'Romance']",['United States of America'],"['English', 'Français']",1994-06-29,1994.0,6.0
8587,The Lion King,45000000.0,788241776.0,89.0,21.605761,8.0,5520.0,en,"['Family', 'Animation', 'Drama']",['United States of America'],['English'],1994-06-23,1994.0,6.0
1689,Little Buddha,35000000.0,4858139.0,140.0,5.681522,6.0,76.0,en,"['Drama', 'History']","['France', 'Italy', 'Liechtenstein', 'United Kingdom']",['English'],1993-12-01,1993.0,12.0
11596,New Nightmare,14000000.0,18090181.0,112.0,9.860522,6.4,297.0,en,"['Horror', 'Thriller', 'Mystery', 'Fantasy']",['United States of America'],['English'],1994-10-13,1994.0,10.0
854,The Mask,23000000.0,351583407.0,101.0,14.13488,6.6,2550.0,en,"['Romance', 'Comedy', 'Crime', 'Fantasy']",['United States of America'],"['svenska', 'English']",1994-07-29,1994.0,7.0
36593,The Naked Gun 33⅓: The Final Insult,30000000.0,51132598.0,83.0,10.587232,6.4,535.0,en,"['Comedy', 'Crime']",['United States of America'],['English'],1994-03-18,1994.0,3.0
2788,Reality Bites,11500000.0,20079850.0,99.0,6.514592,6.5,180.0,en,['Drama'],['United States of America'],['English'],1994-02-18,1994.0,2.0
10427,Red Rock West,8000000.0,2000000.0,98.0,5.137903,6.4,71.0,en,"['Crime', 'Drama', 'Thriller']",['United States of America'],['English'],1993-07-08,1993.0,7.0
1637,Speed,30000000.0,350448145.0,116.0,10.859292,6.8,1814.0,en,"['Action', 'Adventure', 'Crime']",['United States of America'],['English'],1994-06-09,1994.0,6.0
8831,Timecop,27000000.0,101646581.0,99.0,8.907074,5.5,288.0,en,"['Thriller', 'Science Fiction', 'Action', 'Crime']","['Japan', 'United States of America']",['English'],1994-09-15,1994.0,9.0
36955,True Lies,115000000.0,378882411.0,141.0,11.396099,6.8,1138.0,en,"['Action', 'Thriller']",['United States of America'],"['English', 'Français', 'العربية', 'Deutsch']",1994-07-14,1994.0,7.0
12160,Wyatt Earp,63000000.0,25052000.0,191.0,9.277147,6.5,203.0,en,"['Drama', 'Action', 'Western']",['United States of America'],['English'],1994-06-24,1994.0,6.0
26352,A Low Down Dirty Shame,10000000.0,29392418.0,100.0,3.021526,6.0,31.0,en,"['Action', 'Comedy', 'Crime']",['United States of America'],['English'],1994-11-23,1994.0,11.0
22067,Jason's Lyric,7000000.0,20851521.0,119.0,0.912909,5.9,9.0,en,"['Crime', 'Drama', 'Romance']",['United States of America'],['English'],1994-09-28,1994.0,9.0
11667,Street Fighter,35000000.0,99423521.0,102.0,13.58449,4.1,330.0,en,"['Action', 'Adventure', 'Thriller']","['Japan', 'United States of America']","['English', '日本語']",1994-12-22,1994.0,12.0
8011,Highlander: The Final Dimension,26000000.0,36800000.0,99.0,6.866634,4.5,110.0,en,"['Action', 'Fantasy', 'Science Fiction']","['Canada', 'France', 'United Kingdom']",['English'],1994-11-29,1994.0,11.0
2654,In the Mouth of Madness,8000000.0,8946600.0,95.0,8.497643,7.1,307.0,en,"['Horror', 'Mystery', 'Thriller']",['United States of America'],['English'],1994-12-12,1994.0,12.0
10436,The Age of Innocence,34000000.0,32255440.0,139.0,8.013617,7.0,172.0,en,"['Drama', 'Romance']",['United States of America'],"['English', 'Italiano']",1993-09-17,1993.0,9.0
46094,The Air Up There,17080000.0,21011500.0,107.0,1.896273,5.1,42.0,en,"['Comedy', 'Family']",['United States of America'],['English'],1994-01-07,1994.0,1.0
306,Beverly Hills Cop III,50000000.0,119208989.0,104.0,11.787784,5.5,445.0,en,"['Action', 'Comedy', 'Crime']",['United States of America'],['English'],1994-05-24,1994.0,5.0
4722,Body Snatchers,13000000.0,428868.0,87.0,6.559693,5.8,102.0,en,"['Horror', 'Science Fiction', 'Thriller']",['United States of America'],['English'],1993-06-09,1993.0,6.0
1607,A Bronx Tale,22000000.0,17287898.0,121.0,6.115628,7.4,447.0,en,"['Drama', 'Crime']",['United States of America'],"['English', 'Italiano']",1993-09-14,1993.0,9.0
117553,Calendar Girl,13000000.0,2570145.0,90.0,1.316741,3.7,10.0,en,"['Drama', 'Comedy']",['United States of America'],['English'],1993-09-03,1993.0,9.0
6075,Carlito's Way,30000000.0,36516012.0,144.0,8.698509,7.7,805.0,en,"['Action', 'Crime', 'Drama', 'Thriller']",['United States of America'],"['English', 'Español']",1993-11-10,1993.0,11.0
9350,Cliffhanger,70000000.0,255000211.0,112.0,9.830853,6.1,600.0,en,"['Action', 'Adventure', 'Thriller']","['France', 'Italy', 'United States of America']",['English'],1993-05-28,1993.0,5.0
2124,Color of Night,40000000.0,19726050.0,121.0,14.228963,5.4,117.0,en,"['Drama', 'Mystery', 'Romance', 'Thriller']",['United States of America'],"['Český', 'English']",1994-08-19,1994.0,8.0
9571,Dazed and Confused,6900000.0,7993039.0,102.0,6.8652,7.4,588.0,en,"['Comedy', 'Drama']",['United States of America'],['English'],1993-09-24,1993.0,9.0
9739,Demolition Man,57000000.0,159055768.0,115.0,11.626116,6.4,1018.0,en,"['Crime', 'Action', 'Science Fiction']",['United States of America'],['English'],1993-10-08,1993.0,10.0
9024,For Love or Money,30000000.0,11146270.0,94.0,8.468869,5.7,77.0,en,"['Comedy', 'Romance']",['United States of America'],['English'],1993-10-01,1993.0,10.0
37233,The Firm,42000000.0,270248367.0,154.0,9.678367,6.6,513.0,en,"['Drama', 'Mystery', 'Thriller']",['United States of America'],['English'],1993-06-30,1993.0,6.0
1634,Free Willy,20000000.0,153698625.0,112.0,5.990572,6.0,429.0,en,"['Family', 'Adventure']","['France', 'United States of America']",['English'],1993-07-16,1993.0,7.0
5503,The Fugitive,44000000.0,368875760.0,130.0,10.08937,7.2,1240.0,en,"['Adventure', 'Action', 'Thriller', 'Crime', 'Mystery']",['United States of America'],['English'],1993-08-06,1993.0,8.0
35588,Geronimo: An American Legend,35000000.0,18635620.0,115.0,4.653462,5.9,44.0,en,"['History', 'Action', 'Drama', 'Western']",['United States of America'],"['English', 'Français']",1993-12-10,1993.0,12.0
2019,Hard Target,18000000.0,74189677.0,97.0,7.834351,6.1,237.0,en,"['Action', 'Adventure', 'Crime', 'Thriller']",['United States of America'],['English'],1993-08-20,1993.0,8.0
9255,Hot Shots! Part Deux,25000000.0,133752825.0,86.0,13.482371,6.2,463.0,en,"['Action', 'Comedy', 'War']",['United States of America'],['English'],1993-05-21,1993.0,5.0
9386,In the Line of Fire,40000000.0,176997168.0,128.0,12.637158,6.8,392.0,en,"['Action', 'Drama', 'Thriller', 'Crime', 'Mystery']",['United States of America'],['English'],1993-07-08,1993.0,7.0
7984,In the Name of the Father,13000000.0,65796862.0,133.0,7.405895,7.6,363.0,en,['Drama'],"['United Kingdom', 'Ireland']",['English'],1993-12-12,1993.0,12.0
329,Jurassic Park,63000000.0,920100000.0,127.0,8.863776,7.6,4956.0,en,"['Adventure', 'Science Fiction']",['United States of America'],"['English', 'Español']",1993-06-11,1993.0,6.0
10909,Kalifornia,9000000.0,2395231.0,117.0,8.4337,6.5,209.0,en,"['Thriller', 'Crime']",['United States of America'],['English'],1993-09-01,1993.0,9.0
507,Killing Zoe,1500000.0,418961.0,96.0,4.948569,6.1,111.0,en,"['Action', 'Crime', 'Drama', 'Thriller']","['France', 'United States of America']","['English', 'Français']",1993-10-01,1993.0,10.0
9593,Last Action Hero,85000000.0,137298489.0,130.0,9.434006,6.1,725.0,en,"['Adventure', 'Fantasy', 'Action', 'Comedy', 'Family']",['United States of America'],['English'],1993-06-18,1993.0,6.0
10440,Manhattan Murder Mystery,13500000.0,11285588.0,104.0,8.939404,7.1,169.0,en,"['Comedy', 'Mystery']",['United States of America'],['English'],1993-08-18,1993.0,8.0
9516,Menace II Society,3500000.0,27900000.0,97.0,5.260924,7.2,179.0,en,"['Drama', 'Action', 'Crime']",['United States of America'],['English'],1993-05-26,1993.0,5.0
2320,Executive Decision,55000000.0,121969216.0,133.0,13.106291,5.8,261.0,en,"['Action', 'Adventure', 'Drama', 'Thriller']",['United States of America'],['English'],1996-03-15,1996.0,3.0
788,Mrs. Doubtfire,25000000.0,441286195.0,125.0,11.16553,7.0,1638.0,en,"['Comedy', 'Drama', 'Family']",['United States of America'],['English'],1993-11-24,1993.0,11.0
11231,The Next Karate Kid,12000000.0,15826984.0,107.0,9.9697,4.8,202.0,en,['Adventure'],['United States of America'],['English'],1994-07-18,1994.0,7.0
10447,No Escape,20000000.0,15340000.0,118.0,9.715187,6.1,86.0,en,"['Action', 'Drama', 'Science Fiction', 'Thriller']",['United States of America'],['English'],1994-04-29,1994.0,4.0
9559,A Perfect World,30000000.0,135130999.0,138.0,8.040589,7.2,376.0,en,"['Crime', 'Drama', 'Thriller']",['United States of America'],['English'],1993-11-24,1993.0,11.0
9800,Philadelphia,26000000.0,206678440.0,125.0,13.373006,7.6,1019.0,en,['Drama'],['United States of America'],['English'],1993-12-22,1993.0,12.0
713,The Piano,7000000.0,116700000.0,121.0,7.436758,7.1,290.0,en,"['Drama', 'Romance']","['New Zealand', 'Australia', 'France']","['English', '']",1993-05-19,1993.0,5.0
8291,Poetic Justice,14000000.0,27515786.0,109.0,6.972599,6.9,47.0,en,"['Drama', 'Romance']",['United States of America'],"['English', 'Français']",1993-07-23,1993.0,7.0
10872,The Ref,11000000.0,11439193.0,97.0,5.868677,6.7,99.0,en,['Comedy'],['United States of America'],['English'],1994-03-09,1994.0,3.0
1245,The Remains of the Day,11500000.0,23237911.0,134.0,12.222576,7.5,213.0,en,"['Drama', 'Romance']","['United Kingdom', 'United States of America']",['English'],1993-11-05,1993.0,11.0
11858,Renaissance Man,40000000.0,24332324.0,128.0,4.985157,5.9,83.0,en,"['Comedy', 'War']","['Canada', 'United States of America']","['English', 'Español']",1994-06-03,1994.0,6.0
5550,RoboCop 3,22000000.0,10696210.0,104.0,8.685798,4.2,309.0,en,"['Action', 'Adventure', 'Crime', 'Science Fiction', 'Thriller']",['United States of America'],"['English', '日本語']",1993-04-17,1993.0,4.0
8005,Robin Hood: Men in Tights,20000000.0,35739755.0,104.0,17.136672,6.4,575.0,en,['Comedy'],"['France', 'United States of America']",['English'],1993-07-28,1993.0,7.0
2088,Romeo Is Bleeding,11500000.0,3275585.0,100.0,9.796318,5.7,36.0,en,"['Action', 'Crime', 'Drama', 'Thriller']","['United Kingdom', 'United States of America']",['English'],1993-09-13,1993.0,9.0
47889,Ruby in Paradise,800000.0,1001437.0,114.0,0.941994,5.6,10.0,en,"['Drama', 'Romance']",['United States of America'],['English'],1993-10-08,1993.0,10.0
14534,Rudy,12000000.0,22750363.0,114.0,5.914833,7.2,187.0,en,['Drama'],['United States of America'],"['English', 'Español']",1993-09-17,1993.0,9.0
424,Schindler's List,22000000.0,321365567.0,195.0,41.725123,8.3,4436.0,en,"['Drama', 'History', 'War']",['United States of America'],"['Deutsch', 'Polski', 'עִבְרִית', 'English']",1993-11-29,1993.0,11.0
11592,Serial Mom,13000000.0,7820688.0,95.0,5.305311,6.4,137.0,en,"['Comedy', 'Crime', 'Horror', 'Thriller']",['United States of America'],['English'],1994-04-13,1994.0,4.0
8850,The Shadow,25000000.0,48063435.0,108.0,7.881107,5.4,140.0,en,"['Adventure', 'Fantasy', 'Action', 'Thriller', 'Science Fiction']",['United States of America'],['English'],1994-07-01,1994.0,7.0
858,Sleepless in Seattle,21000000.0,227799884.0,105.0,10.234919,6.5,630.0,en,"['Comedy', 'Drama', 'Romance']",['United States of America'],['English'],1993-06-24,1993.0,6.0
867,Sliver,40000000.0,116300000.0,108.0,11.23297,4.9,144.0,en,"['Drama', 'Thriller']",['United States of America'],['English'],1993-05-21,1993.0,5.0
78,Blade Runner,28000000.0,33139618.0,117.0,96.272374,7.9,3833.0,en,"['Science Fiction', 'Drama', 'Thriller']","['United States of America', 'Hong Kong', 'United Kingdom']","['English', 'Deutsch', '广州话 / 廣州話', '日本語', 'Magyar']",1982-06-25,1982.0,6.0
10442,So I Married an Axe Murderer,20000000.0,11585483.0,93.0,8.051914,6.1,131.0,en,"['Comedy', 'Crime', 'Romance']",['United States of America'],"['Pусский', 'English']",1993-07-30,1993.0,7.0
9607,Super Mario Bros.,48000000.0,20915465.0,104.0,7.198455,4.0,236.0,en,"['Adventure', 'Comedy', 'Family', 'Fantasy']","['United Kingdom', 'United States of America']",['English'],1993-05-28,1993.0,5.0
17585,Surviving the Game,7400000.0,7690013.0,96.0,3.644641,6.1,53.0,en,"['Action', 'Adventure', 'Thriller', 'Crime']",['United States of America'],['English'],1994-04-15,1994.0,4.0
9057,Terminal Velocity,50000000.0,16478900.0,102.0,8.012225,5.0,82.0,en,"['Action', 'Thriller']",['United States of America'],['English'],1994-09-23,1994.0,9.0
9479,The Nightmare Before Christmas,18000000.0,75634409.0,76.0,17.730913,7.6,2135.0,en,"['Fantasy', 'Animation', 'Family']",['United States of America'],['English'],1993-10-09,1993.0,10.0
10057,The Three Musketeers,30000000.0,53898845.0,105.0,6.34785,6.2,219.0,en,"['Action', 'Adventure', 'Comedy']","['United States of America', 'Austria']",['English'],1993-11-11,1993.0,11.0
11969,Tombstone,25000000.0,56505065.0,130.0,11.338194,7.4,632.0,en,"['Action', 'Adventure', 'Drama', 'History', 'Western']",['United States of America'],"['English', 'Latin', 'Español']",1993-12-25,1993.0,12.0
319,True Romance,12500000.0,12281551.0,120.0,17.189328,7.5,762.0,en,"['Action', 'Thriller', 'Crime', 'Romance']",['United States of America'],"['English', 'Italiano']",1993-09-09,1993.0,9.0
15139,The Pagemaster,27000000.0,13670688.0,80.0,7.436001,6.2,178.0,en,"['Fantasy', 'Science Fiction', 'Family', 'Animation']",['United States of America'],"['Dansk', 'English', 'Français', 'Deutsch', 'Español']",1994-11-23,1994.0,11.0
771,Home Alone,18000000.0,476684675.0,103.0,0.702543,7.1,2487.0,en,"['Comedy', 'Family']",['United States of America'],['English'],1990-11-09,1990.0,11.0
251,Ghost,22000000.0,505000000.0,127.0,11.945397,6.9,1381.0,en,"['Fantasy', 'Drama', 'Thriller', 'Mystery', 'Romance']",['United States of America'],['English'],1990-07-12,1990.0,7.0
812,Aladdin,28000000.0,504050219.0,90.0,16.357419,7.4,3495.0,en,"['Animation', 'Family', 'Comedy', 'Adventure', 'Fantasy', 'Romance']",['United States of America'],['English'],1992-11-25,1992.0,11.0
280,Terminator 2: Judgment Day,100000000.0,520000000.0,137.0,22.661695,7.7,4274.0,en,"['Action', 'Thriller', 'Science Fiction']","['France', 'United States of America']","['English', 'Español']",1991-07-01,1991.0,7.0
581,Dances with Wolves,22000000.0,424208848.0,181.0,11.654349,7.6,1084.0,en,"['Adventure', 'Drama', 'Western']","['United Kingdom', 'United States of America']",['English'],1990-11-09,1990.0,11.0
268,Batman,35000000.0,411348924.0,126.0,19.10673,7.0,2145.0,en,"['Fantasy', 'Action']","['United Kingdom', 'United States of America']","['English', 'Français']",1989-06-23,1989.0,6.0
274,The Silence of the Lambs,19000000.0,272742922.0,119.0,4.307222,8.1,4549.0,en,"['Crime', 'Drama', 'Thriller']",['United States of America'],['English'],1991-02-01,1991.0,2.0
408,Snow White and the Seven Dwarfs,1488423.0,184925486.0,83.0,16.263878,6.9,1973.0,en,"['Fantasy', 'Animation', 'Family']",['United States of America'],['English'],1937-12-20,1937.0,12.0
10020,Beauty and the Beast,25000000.0,377350553.0,84.0,23.433511,7.5,3029.0,en,"['Romance', 'Family', 'Animation', 'Fantasy', 'Music']",['United States of America'],"['Français', 'English']",1991-11-13,1991.0,11.0
10895,Pinocchio,2600000.0,84300000.0,88.0,14.202284,6.9,1412.0,en,"['Animation', 'Family']",['United States of America'],['English'],1940-02-23,1940.0,2.0
114,Pretty Woman,14000000.0,463000000.0,119.0,13.348451,7.0,1807.0,en,"['Romance', 'Comedy']",['United States of America'],"['English', 'Italiano', '日本語']",1990-03-23,1990.0,3.0
576,The Wild Bunch,6244087.0,638641.0,145.0,11.722424,7.7,266.0,en,"['Adventure', 'Western']",['United States of America'],"['English', 'Deutsch', 'Español']",1969-06-17,1969.0,6.0
275,Fargo,7000000.0,60611975.0,98.0,12.61469,7.7,2080.0,en,"['Crime', 'Drama', 'Thriller']",['United States of America'],['English'],1996-04-05,1996.0,4.0
8766,Hellraiser: Bloodline,4000000.0,16675000.0,86.0,5.263187,4.9,111.0,en,"['Horror', 'Thriller', 'Science Fiction']",['United States of America'],['English'],1996-03-08,1996.0,3.0
10112,The Aristocats,4000000.0,55675257.0,78.0,9.834047,7.1,1287.0,en,"['Animation', 'Comedy', 'Family', 'Adventure']",['United States of America'],['English'],1970-12-23,1970.0,12.0
1592,Primal Fear,30000000.0,102616183.0,129.0,10.326213,7.4,644.0,en,"['Crime', 'Drama', 'Mystery', 'Thriller']",['United States of America'],"['English', 'Español']",1996-04-03,1996.0,4.0
61752,Girl 6,12000000.0,4939939.0,108.0,4.405169,5.7,17.0,en,['Comedy'],['United States of America'],['English'],1996-03-22,1996.0,3.0
10684,Courage Under Fire,46000000.0,100860818.0,117.0,11.595316,6.2,240.0,en,"['Drama', 'Thriller', 'Mystery', 'War']",['United States of America'],['English'],1996-07-04,1996.0,7.0
954,Mission: Impossible,80000000.0,457696359.0,110.0,15.793477,6.7,2677.0,en,"['Adventure', 'Action', 'Thriller']",['United States of America'],"['English', 'Français', 'Český']",1996-05-22,1996.0,5.0
8840,DragonHeart,57000000.0,115267375.0,103.0,23.63659,6.4,553.0,en,['Fantasy'],['United States of America'],['English'],1996-05-31,1996.0,5.0
10539,James and the Giant Peach,38000000.0,28921264.0,79.0,13.217623,6.2,375.0,en,"['Adventure', 'Animation', 'Family']",['United States of America'],['English'],1996-04-12,1996.0,4.0
47502,Faithful,13000000.0,9789900.0,91.0,1.296862,4.8,4.0,en,"['Comedy', 'Crime', 'Drama']",['United States of America'],['English'],1996-04-03,1996.0,4.0
2300,Space Jam,80000000.0,250200000.0,88.0,11.054251,6.5,1335.0,en,"['Animation', 'Comedy', 'Drama', 'Family', 'Fantasy']",['United States of America'],['English'],1996-11-15,1996.0,11.0
8069,Barbarella,9000000.0,2500000.0,98.0,14.304205,5.7,149.0,en,['Science Fiction'],['United States of America'],['English'],1968-10-10,1968.0,10.0
40001,Mrs. Winterbourne,25000000.0,10070000.0,105.0,9.1861,5.5,26.0,en,"['Comedy', 'Romance', 'Drama']",['United States of America'],['English'],1996-04-19,1996.0,4.0
9103,The Quest,30000000.0,57400547.0,95.0,7.941972,5.3,126.0,en,"['Action', 'Adventure']","['Canada', 'United States of America']",['English'],1996-04-19,1996.0,4.0
12233,Oliver & Company,31000000.0,74151346.0,74.0,10.813579,6.5,372.0,en,"['Animation', 'Comedy', 'Family']",['United States of America'],['English'],1988-11-18,1988.0,11.0
36355,Flipper,25530000.0,20080020.0,95.0,4.557006,5.3,85.0,en,"['Adventure', 'Family']",['United States of America'],['English'],1996-05-17,1996.0,5.0
11876,The Horseman on the Roof,35000000.0,15000000.0,135.0,1.690768,6.7,25.0,en,"['War', 'Adventure', 'Drama', 'Romance']",['France'],"['Français', 'Italiano']",1995-09-20,1995.0,9.0
9100,The Craft,15000000.0,24769466.0,101.0,12.860385,6.3,388.0,en,"['Drama', 'Fantasy', 'Horror', 'Thriller']",['United States of America'],['English'],1996-05-03,1996.0,5.0
40507,Original Gangstas,4800000.0,3014000.0,99.0,0.343579,5.5,5.0,en,"['Action', 'Drama', 'Crime', 'Thriller']",['United States of America'],"['Español', 'English']",1996-05-10,1996.0,5.0
9802,The Rock,75000000.0,335062621.0,136.0,13.249824,6.9,1474.0,en,"['Action', 'Adventure', 'Thriller']",['United States of America'],['English'],1996-06-06,1996.0,6.0
664,Twister,92000000.0,494471524.0,113.0,8.739144,6.1,966.0,en,"['Action', 'Adventure', 'Drama']",['United States of America'],['English'],1996-05-10,1996.0,5.0
10547,The Arrival,25000000.0,14048372.0,115.0,6.497591,6.1,200.0,en,"['Action', 'Mystery', 'Science Fiction', 'Thriller']","['Mexico', 'United States of America']",['English'],1996-05-31,1996.0,5.0
935,Dr. Strangelove or: How I Learned to Stop Worrying and Love the Bomb,1800000.0,9440272.0,95.0,9.80398,8.0,1472.0,en,"['Drama', 'Comedy', 'War']","['United Kingdom', 'United States of America']",['English'],1964-01-29,1964.0,1.0
9826,The Phantom,45000000.0,17300889.0,100.0,8.079541,4.7,138.0,en,"['Adventure', 'Action']","['Australia', 'United States of America']",['English'],1996-06-06,1996.0,6.0
9879,Striptease,50000000.0,113309743.0,115.0,11.341502,4.4,210.0,en,"['Drama', 'Thriller', 'Crime']",['United States of America'],['English'],1996-06-28,1996.0,6.0
7095,Jack,45000000.0,58620973.0,113.0,6.287245,5.9,340.0,en,"['Comedy', 'Drama', 'Science Fiction']",['United States of America'],['English'],1996-08-09,1996.0,8.0
627,Trainspotting,4000000.0,16491080.0,93.0,19.348466,7.8,2737.0,en,"['Drama', 'Crime']",['United Kingdom'],['English'],1996-02-23,1996.0,2.0
602,Independence Day,75000000.0,816969268.0,145.0,17.634197,6.7,3334.0,en,"['Action', 'Adventure', 'Science Fiction']",['United States of America'],['English'],1996-06-25,1996.0,6.0
9566,The Fan,55000000.0,18626419.0,116.0,12.202063,5.7,202.0,en,"['Drama', 'Mystery', 'Thriller']",['United States of America'],['English'],1996-08-15,1996.0,8.0
10545,The Hunchback of Notre Dame,100000000.0,100138851.0,91.0,13.553999,6.8,1182.0,en,"['Drama', 'Animation', 'Family']",['United States of America'],"['Latin', 'English']",1996-06-21,1996.0,6.0
9894,The Cable Guy,47000000.0,102825796.0,96.0,7.586577,5.7,603.0,en,"['Comedy', 'Drama', 'Thriller']",['United States of America'],['English'],1996-06-10,1996.0,6.0
11543,Kingpin,27000000.0,25023434.0,113.0,11.633347,6.7,248.0,en,['Comedy'],['United States of America'],['English'],1996-07-04,1996.0,7.0
9268,Eraser,100000000.0,242295562.0,115.0,6.919314,5.6,553.0,en,"['Action', 'Drama', 'Mystery', 'Thriller']","['Canada', 'United States of America']",['English'],1996-06-21,1996.0,6.0
9327,The Nutty Professor,54000000.0,128769345.0,95.0,9.651581,5.4,717.0,en,"['Fantasy', 'Comedy', 'Romance', 'Science Fiction']",['United States of America'],['English'],1996-06-26,1996.0,6.0
11228,Daylight,80000000.0,159212469.0,115.0,11.995799,5.8,385.0,en,"['Action', 'Adventure', 'Thriller']",['United States of America'],['English'],1996-12-06,1996.0,12.0
10779,The Frighteners,30000000.0,29359216.0,110.0,12.09096,6.7,413.0,en,"['Horror', 'Comedy']","['New Zealand', 'United States of America']",['English'],1996-07-18,1996.0,7.0
26748,Lone Star,5000000.0,13269963.0,135.0,9.069963,6.9,79.0,en,"['Drama', 'Mystery', 'Romance']",['United States of America'],"['English', 'Español']",1996-06-21,1996.0,6.0
9294,Phenomenon,32000000.0,152036382.0,123.0,5.575992,6.2,328.0,en,"['Drama', 'Fantasy', 'Romance', 'Science Fiction']",['United States of America'],['English'],1996-07-05,1996.0,7.0
11363,She's the One,3500000.0,9482579.0,96.0,10.827266,5.7,71.0,en,"['Comedy', 'Romance']",['United States of America'],"['English', 'Français']",1996-08-26,1996.0,8.0
1645,A Time to Kill,40000000.0,152266007.0,149.0,13.309013,7.0,522.0,en,"['Crime', 'Drama', 'Thriller']",['United States of America'],['English'],1996-07-24,1996.0,7.0
18550,Fled,25000000.0,17193231.0,98.0,3.906949,5.2,49.0,en,"['Action', 'Comedy', 'Thriller']",['United States of America'],['English'],1996-07-19,1996.0,7.0
11962,Joe's Apartment,13000000.0,4619014.0,78.0,9.490858,5.0,87.0,en,"['Fantasy', 'Comedy', 'Music']",['United States of America'],['English'],1996-07-26,1996.0,7.0
2925,The First Wives Club,26000000.0,116400000.0,102.0,10.177303,6.5,172.0,en,['Comedy'],['United States of America'],['English'],1996-09-20,1996.0,9.0
3595,Ransom,80000000.0,309492681.0,117.0,8.772188,6.4,482.0,en,"['Action', 'Thriller']",['United States of America'],['English'],1996-11-08,1996.0,11.0
12123,Chain Reaction,50000000.0,60209334.0,107.0,15.874491,5.3,291.0,en,"['Action', 'Drama', 'Science Fiction', 'Thriller']",['United States of America'],['English'],1996-08-02,1996.0,8.0
10830,Matilda,36000000.0,33459416.0,98.0,10.034915,6.9,892.0,en,"['Comedy', 'Family', 'Fantasy']",['United States of America'],['English'],1996-08-02,1996.0,8.0
3573,Emma,6000000.0,22231658.0,121.0,6.593011,6.7,152.0,en,"['Drama', 'Comedy', 'Romance']",['United States of America'],['English'],1996-08-02,1996.0,8.0
10546,The Crow: City of Angels,13000000.0,17917287.0,84.0,6.554679,5.2,119.0,en,"['Action', 'Fantasy', 'Thriller']",['United States of America'],"['English', 'Deutsch']",1996-08-29,1996.0,8.0
9431,Bordello of Blood,15000000.0,5600000.0,87.0,3.450402,5.0,63.0,en,"['Horror', 'Comedy']",['United States of America'],"['English', 'Español']",1996-08-16,1996.0,8.0
47907,The Spitfire Grill,6000000.0,12643776.0,117.0,1.19589,6.8,17.0,en,"['Comedy', 'Drama']",['United States of America'],['English'],1996-08-23,1996.0,8.0
10061,Escape from L.A.,50000000.0,42277365.0,97.0,12.229381,5.6,381.0,en,"['Action', 'Adventure', 'Science Fiction', 'Thriller']",['United States of America'],['English'],1996-08-09,1996.0,8.0
549,Basquiat,2962051.0,3011195.0,108.0,4.797674,6.6,97.0,en,"['Drama', 'History']",['United States of America'],"['English', 'Español']",1996-08-09,1996.0,8.0
10478,Tin Cup,45000000.0,53854588.0,135.0,6.24966,5.9,152.0,en,"['Comedy', 'Drama', 'Romance']",['United States of America'],['English'],1996-08-16,1996.0,8.0
66634,Dingo,200000.0,300000.0,109.0,0.124273,6.0,1.0,en,"['Drama', 'Music']","['Australia', 'France']",['English'],1991-06-02,1991.0,6.0
238,The Godfather,6000000.0,245066411.0,175.0,41.109264,8.5,6024.0,en,"['Drama', 'Crime']",['United States of America'],"['English', 'Italiano', 'Latin']",1972-03-14,1972.0,3.0
11134,Police Story 3: Supercop,900000.0,20483423.0,95.0,6.751864,6.7,109.0,cn,"['Action', 'Crime', 'Thriller']",['Hong Kong'],"['广州话 / 廣州話', 'English', 'Bahasa melayu', 'ภาษาไทย']",1992-07-04,1992.0,7.0
88224,Manny & Lo,500000.0,431326.0,88.0,1.143656,6.3,9.0,en,"['Drama', 'Comedy']",['United States of America'],['English'],1996-01-22,1996.0,1.0
9303,Bound,4500000.0,7011317.0,108.0,12.449574,6.9,203.0,en,"['Crime', 'Drama', 'Romance', 'Thriller']",['United States of America'],['English'],1996-09-13,1996.0,9.0
11015,The Relic,60000000.0,33956608.0,110.0,7.699967,5.8,130.0,en,"['Horror', 'Mystery', 'Thriller']","['Germany', 'Japan', 'New Zealand', 'United Kingdom', 'United States of America']",['English'],1997-01-10,1997.0,1.0
9306,The Island of Dr. Moreau,40000000.0,49627779.0,96.0,12.725343,4.6,148.0,en,"['Fantasy', 'Horror', 'Science Fiction']",['United States of America'],['English'],1996-08-23,1996.0,8.0
10723,Bulletproof,25000000.0,22611954.0,84.0,7.859132,5.4,164.0,en,"['Action', 'Adventure', 'Comedy', 'Thriller']",['United States of America'],['English'],1996-09-06,1996.0,9.0
10987,Halloween: The Curse of Michael Myers,5000000.0,15116634.0,88.0,8.768288,5.0,173.0,en,"['Horror', 'Thriller']",['United States of America'],['English'],1995-09-29,1995.0,9.0
872,Singin' in the Rain,2540800.0,7200000.0,103.0,11.064858,7.9,747.0,en,"['Comedy', 'Music', 'Romance']",['United States of America'],['English'],1952-04-10,1952.0,4.0
2769,An American in Paris,2723903.0,4500000.0,113.0,5.565203,6.9,133.0,en,"['Drama', 'Comedy', 'Music', 'Romance']",['United States of America'],"['English', 'Français', 'Deutsch']",1951-08-08,1951.0,8.0
164,Breakfast at Tiffany's,2500000.0,9500000.0,110.0,10.879289,7.6,1082.0,en,"['Comedy', 'Drama', 'Romance']",['United States of America'],"['English', 'Português']",1961-10-05,1961.0,10.0
426,Vertigo,2479000.0,28000000.0,128.0,18.20822,8.0,1162.0,en,"['Mystery', 'Romance', 'Thriller']",['United States of America'],['English'],1958-05-09,1958.0,5.0
567,Rear Window,1000000.0,36764313.0,112.0,17.911314,8.2,1531.0,en,"['Drama', 'Mystery', 'Thriller']",['United States of America'],['English'],1954-08-01,1954.0,8.0
3078,It Happened One Night,325000.0,4500000.0,105.0,6.465257,7.7,283.0,en,"['Comedy', 'Romance']",['United States of America'],['English'],1934-02-22,1934.0,2.0
213,North by Northwest,4000000.0,13275000.0,136.0,12.410427,7.8,1062.0,en,"['Mystery', 'Thriller']",['United States of America'],['English'],1959-07-07,1959.0,7.0
284,The Apartment,3000000.0,25000000.0,125.0,11.994281,8.1,498.0,en,"['Comedy', 'Drama', 'Romance']",['United States of America'],['English'],1960-06-15,1960.0,6.0
239,Some Like It Hot,2883848.0,25000000.0,122.0,11.845107,8.0,835.0,en,"['Comedy', 'Romance']",['United States of America'],['English'],1959-03-18,1959.0,3.0
4808,Charade,4000000.0,13474588.0,113.0,7.098731,7.7,351.0,en,"['Comedy', 'Mystery', 'Romance', 'Thriller']",['United States of America'],"['English', 'Français', 'Deutsch', 'Italiano']",1963-12-05,1963.0,12.0
289,Casablanca,878000.0,10462500.0,102.0,13.916101,7.9,1462.0,en,"['Drama', 'Romance']",['United States of America'],"['Deutsch', 'Français', 'Italiano', 'English']",1942-11-26,1942.0,11.0
963,The Maltese Falcon,375000.0,1000000.0,100.0,5.782544,7.8,435.0,en,"['Mystery', 'Crime', 'Thriller']",['United States of America'],['English'],1941-11-18,1941.0,11.0
11113,My Fair Lady,17000000.0,72070731.0,170.0,12.494394,7.4,361.0,en,"['Drama', 'Family', 'Music', 'Romance']",['United States of America'],['English'],1964-10-21,1964.0,10.0
6620,Sabrina,2238813.0,10000000.0,113.0,7.359741,7.4,284.0,en,"['Comedy', 'Drama', 'Romance']",['United States of America'],"['English', 'Italiano']",1954-09-28,1954.0,9.0
804,Roman Holiday,1500000.0,12000000.0,119.0,11.954806,7.8,502.0,en,"['Comedy', 'Romance']",['United States of America'],"['English', 'Italiano']",1953-09-02,1953.0,9.0
630,The Wizard of Oz,2777000.0,33754967.0,102.0,22.064932,7.4,1689.0,en,"['Adventure', 'Family', 'Fantasy']",['United States of America'],['English'],1939-08-15,1939.0,8.0
770,Gone with the Wind,4000000.0,400176459.0,238.0,14.240357,7.7,995.0,en,"['Drama', 'Romance', 'War']",['United States of America'],['English'],1939-12-15,1939.0,12.0
599,Sunset Boulevard,1752000.0,5000000.0,110.0,11.709777,8.2,533.0,en,['Drama'],['United States of America'],['English'],1950-08-10,1950.0,8.0
15,Citizen Kane,839727.0,23217674.0,119.0,15.811921,8.0,1244.0,en,"['Mystery', 'Drama']",['United States of America'],['English'],1941-04-30,1941.0,4.0
62,2001: A Space Odyssey,10500000.0,68700000.0,149.0,22.494622,7.9,3075.0,en,"['Science Fiction', 'Mystery', 'Adventure']","['United States of America', 'United Kingdom']","['English', 'Pусский']",1968-04-10,1968.0,4.0
705,All About Eve,1400000.0,63463.0,138.0,12.06308,8.0,367.0,en,['Drama'],['United States of America'],"['English', 'Français']",1950-11-09,1950.0,11.0
22490,The Women,1688000.0,2270000.0,133.0,5.076649,6.4,26.0,en,"['Comedy', 'Drama']",['United States of America'],"['English', 'Français']",1939-01-01,1939.0,1.0
223,Rebecca,1288000.0,6000000.0,130.0,8.590813,7.7,346.0,en,"['Drama', 'Mystery']",['United States of America'],"['English', 'Français']",1940-04-12,1940.0,4.0
303,Notorious,2000000.0,24464742.0,102.0,10.135111,7.8,345.0,en,"['Thriller', 'Drama', 'Romance']",['United States of America'],['English'],1946-08-15,1946.0,8.0
4174,Spellbound,1500000.0,7000000.0,111.0,5.47596,7.3,166.0,en,"['Drama', 'Mystery', 'Thriller']",['United States of America'],['English'],1945-12-28,1945.0,12.0
381,To Catch a Thief,2500000.0,8750000.0,106.0,5.490505,7.1,299.0,en,"['Crime', 'Drama', 'Mystery', 'Romance', 'Thriller']",['United States of America'],"['Français', 'English']",1955-08-03,1955.0,8.0
1859,Ninotchka,1365000.0,2279000.0,110.0,5.120036,7.3,77.0,en,"['Comedy', 'Romance']",['United States of America'],['English'],1939-10-06,1939.0,10.0
10907,The Adventures of Robin Hood,2033000.0,3981000.0,102.0,10.685036,7.6,170.0,en,"['Action', 'Adventure', 'Romance']",['United States of America'],['English'],1938-05-13,1938.0,5.0
1939,Laura,1020000.0,2000000.0,88.0,9.884516,7.6,173.0,en,"['Drama', 'Mystery']",['United States of America'],['English'],1944-10-11,1944.0,10.0
3080,Top Hat,609000.0,3202000.0,101.0,7.122093,7.4,62.0,en,"['Comedy', 'Music', 'Romance']",['United States of America'],"['English', 'Italiano']",1935-09-06,1935.0,9.0
1712,Giant,5400000.0,35000000.0,201.0,10.864284,7.5,169.0,en,"['Action', 'Drama', 'Western']",['United States of America'],"['English', 'Español']",1956-10-10,1956.0,10.0
220,East of Eden,1.0,5.0,115.0,6.42883,7.5,163.0,en,['Drama'],['United States of America'],['English'],1955-03-09,1955.0,3.0
3529,The Thin Man,226408.0,1423000.0,93.0,10.573867,7.4,97.0,en,"['Comedy', 'Crime', 'Mystery']",['United States of America'],['English'],1934-05-25,1934.0,5.0
2897,Around the World in Eighty Days,6000000.0,42000000.0,167.0,6.164226,6.5,85.0,en,"['Adventure', 'Comedy', 'Family', 'Fantasy', 'Romance']",['United States of America'],"['English', 'Español', 'Français']",1956-10-17,1956.0,10.0
1585,It's a Wonderful Life,3180000.0,9644124.0,130.0,15.031588,8.0,1103.0,en,"['Drama', 'Family', 'Fantasy']",['United States of America'],['English'],1946-12-20,1946.0,12.0
3083,Mr. Smith Goes to Washington,1500000.0,9600000.0,129.0,8.168694,7.9,245.0,en,"['Comedy', 'Drama']",['United States of America'],['English'],1939-10-19,1939.0,10.0
10331,Night of the Living Dead,114000.0,30000000.0,96.0,14.384198,7.5,591.0,en,['Horror'],['United States of America'],['English'],1968-10-01,1968.0,10.0
488,The African Queen,1300000.0,10750000.0,105.0,6.636872,7.4,232.0,en,"['Adventure', 'War', 'Romance']","['United Kingdom', 'United States of America']","['English', 'Deutsch', 'Kiswahili']",1951-12-03,1951.0,12.0
261,Cat on a Hot Tin Roof,3000000.0,17570324.0,108.0,11.794846,7.6,168.0,en,"['Drama', 'Romance']",['United States of America'],['English'],1958-02-17,1958.0,2.0
22649,A Farewell to Arms,4.0,25.0,89.0,1.914697,6.2,29.0,en,"['Drama', 'Romance', 'War']",['United States of America'],['English'],1932-12-08,1932.0,12.0
10861,Maximum Risk,25000000.0,51702483.0,100.0,7.370163,5.3,104.0,en,"['Action', 'Adventure', 'Thriller']",['United States of America'],['English'],1996-09-13,1996.0,9.0
1770,Michael Collins,28000000.0,16900000.0,132.0,6.728199,6.8,98.0,en,"['Drama', 'Thriller']","['Ireland', 'United Kingdom']",['English'],1996-10-25,1996.0,10.0
9333,Last Man Standing,67000000.0,47267001.0,101.0,11.845918,6.2,263.0,en,"['Action', 'Crime', 'Drama', 'Thriller']",['United States of America'],['English'],1996-09-20,1996.0,9.0
9400,Set It Off,9000000.0,41590886.0,118.0,6.85606,6.9,66.0,en,"['Drama', 'Action', 'Crime']",['United States of America'],['English'],1996-11-06,1996.0,11.0
12241,Curdled,2300000.0,49620.0,88.0,2.781581,6.2,29.0,en,"['Comedy', 'Crime', 'Thriller']",['United States of America'],"['English', 'Español']",1996-09-06,1996.0,9.0
11306,Extreme Measures,38000000.0,17380126.0,118.0,4.990506,5.7,80.0,en,"['Drama', 'Thriller']",['United States of America'],['English'],1996-09-27,1996.0,9.0
6346,The Chamber,50000000.0,22540359.0,113.0,3.998494,5.9,62.0,en,"['Crime', 'Drama']",['United States of America'],"['English', 'Polski']",1996-10-11,1996.0,10.0
173,"20,000 Leagues Under the Sea",5000000.0,28200000.0,127.0,8.722406,6.9,160.0,en,"['Adventure', 'Drama', 'Science Fiction']",['United States of America'],['English'],1954-12-23,1954.0,12.0
864,Cool Runnings,14000000.0,154864401.0,98.0,8.30721,6.8,510.0,en,['Comedy'],['United States of America'],"['English', 'Français', 'Deutsch', 'Pусский']",1993-09-30,1993.0,9.0
11224,Cinderella,2900000.0,263591415.0,74.0,14.436858,6.8,1760.0,en,"['Family', 'Fantasy', 'Animation', 'Romance']",['United States of America'],['English'],1950-03-04,1950.0,3.0
9078,The Sword in the Stone,3000000.0,22182353.0,79.0,10.636458,6.9,935.0,en,"['Animation', 'Family']",['United States of America'],['English'],1963-12-25,1963.0,12.0
8367,Robin Hood: Prince of Thieves,48000000.0,390493908.0,143.0,10.639244,6.6,937.0,en,['Adventure'],['United States of America'],['English'],1991-06-14,1991.0,6.0
433,Mary Poppins,6000000.0,102272727.0,139.0,15.11549,7.4,1217.0,en,"['Comedy', 'Family', 'Fantasy']",['United States of America'],['English'],1964-08-27,1964.0,8.0
11360,Dumbo,812000.0,1600000.0,64.0,14.655879,6.8,1206.0,en,"['Animation', 'Family']",['United States of America'],['English'],1941-10-22,1941.0,10.0
12335,Bedknobs and Broomsticks,20000000.0,17900000.0,117.0,10.362012,6.8,260.0,en,"['Adventure', 'Fantasy', 'Animation', 'Comedy', 'Family', 'Music']",['United States of America'],['English'],1971-10-07,1971.0,10.0
12092,Alice in Wonderland,3000000.0,572000000.0,75.0,16.488937,7.0,1557.0,en,"['Animation', 'Adventure', 'Family', 'Fantasy']",['United States of America'],['English'],1951-07-03,1951.0,7.0
10948,The Fox and the Hound,12000000.0,29800000.0,82.0,10.197106,7.0,884.0,en,"['Adventure', 'Animation', 'Drama', 'Family']",['United States of America'],['English'],1981-07-10,1981.0,7.0
15121,The Sound of Music,8200000.0,286214286.0,174.0,9.06773,7.4,966.0,en,"['Drama', 'Family', 'Music', 'Romance']",['United States of America'],"['English', 'Français', 'Italiano']",1965-03-02,1965.0,3.0
562,Die Hard,28000000.0,140767956.0,131.0,16.640522,7.5,4005.0,en,"['Action', 'Thriller']",['United States of America'],"['English', 'Deutsch', 'Italiano']",1988-07-15,1988.0,7.0
10163,The Lawnmower Man,10000000.0,32101000.0,108.0,6.685948,5.4,198.0,en,"['Horror', 'Thriller', 'Science Fiction']","['United Kingdom', 'Japan', 'United States of America']",['English'],1992-03-05,1992.0,3.0
11159,Secrets & Lies,4500000.0,13417292.0,142.0,11.223572,7.1,127.0,en,['Drama'],"['United Kingdom', 'France']",['English'],1996-05-24,1996.0,5.0
41843,Surviving Picasso,16000000.0,1985001.0,125.0,2.167132,5.3,21.0,en,"['Drama', 'Romance']",['United States of America'],"['English', 'Deutsch']",1996-09-04,1996.0,9.0
11412,The Long Kiss Goodnight,65000000.0,89456761.0,120.0,14.482345,6.4,323.0,en,"['Crime', 'Action', 'Mystery', 'Thriller']",['United States of America'],['English'],1996-10-11,1996.0,10.0
10586,The Ghost and the Darkness,50000000.0,75000000.0,109.0,10.789928,6.4,238.0,en,['Adventure'],"['Germany', 'United States of America']",['English'],1996-10-11,1996.0,10.0
49471,Get on the Bus,2400000.0,5731103.0,120.0,5.230661,7.0,11.0,en,['Drama'],['United States of America'],['English'],1996-10-16,1996.0,10.0
38153,Shadow Conspiracy,45000000.0,2154540.0,103.0,3.733574,4.0,12.0,en,"['Action', 'Thriller']",['United States of America'],"['English', 'Magyar']",1997-01-31,1997.0,1.0
25147,Jude,7000000.0,405000.0,123.0,3.379677,6.6,38.0,en,"['Drama', 'Romance']",['United Kingdom'],"['Latin', 'English']",1996-02-06,1996.0,2.0
454,Romeo + Juliet,14500000.0,147298761.0,120.0,11.774061,6.7,1406.0,en,"['Drama', 'Romance']",['United States of America'],['English'],1996-10-31,1996.0,10.0
10218,Swingers,200000.0,4505922.0,94.0,6.578025,6.8,255.0,en,"['Comedy', 'Romance']",['United States of America'],['English'],1996-10-18,1996.0,10.0
819,Sleepers,44000000.0,165615285.0,147.0,9.198283,7.3,729.0,en,"['Crime', 'Drama', 'Thriller']",['United States of America'],['English'],1996-10-18,1996.0,10.0
252,Willy Wonka & the Chocolate Factory,3000000.0,4000000.0,100.0,12.416635,7.4,826.0,en,"['Family', 'Fantasy']",['United States of America'],"['English', 'Français', 'Deutsch']",1971-06-29,1971.0,6.0
11561,Sleeper,2000000.0,18344729.0,89.0,6.048904,7.0,206.0,en,"['Comedy', 'Romance', 'Science Fiction']",['United States of America'],"['English', '']",1973-12-17,1973.0,12.0
11302,Bananas,2000000.0,11833696.0,82.0,4.331819,6.7,167.0,en,['Comedy'],['United States of America'],"['', 'English']",1971-04-28,1971.0,4.0
623,A Fish Called Wanda,7500000.0,62493712.0,108.0,11.400353,7.1,576.0,en,"['Comedy', 'Crime']","['United Kingdom', 'United States of America']","['English', 'Italiano', 'Pусский']",1988-07-15,1988.0,7.0
583,Life of Brian,4000000.0,20045115.0,94.0,10.714173,7.7,1230.0,en,['Comedy'],['United Kingdom'],['English'],1979-08-17,1979.0,8.0
11575,The Great Race,12000000.0,25333333.0,160.0,4.473327,7.2,64.0,en,"['Adventure', 'Comedy']",['United States of America'],"['English', 'Italiano']",1965-07-01,1965.0,7.0
475,Bonnie and Clyde,2500000.0,50700000.0,111.0,12.109198,7.6,384.0,en,"['Crime', 'Drama']",['United States of America'],['English'],1967-07-18,1967.0,7.0
521,Dial M for Murder,1400000.0,3000000.0,104.0,7.853231,7.9,539.0,en,"['Crime', 'Mystery', 'Thriller']",['United States of America'],['English'],1954-05-29,1954.0,5.0
88,Dirty Dancing,6000000.0,213954274.0,100.0,14.044122,7.1,1371.0,en,"['Drama', 'Music', 'Romance']",['United States of America'],['English'],1987-08-21,1987.0,8.0
500,Reservoir Dogs,1200000.0,14661007.0,99.0,12.22034,8.1,3821.0,en,"['Crime', 'Thriller']",['United States of America'],['English'],1992-09-02,1992.0,9.0
792,Platoon,6000000.0,138530565.0,120.0,18.206972,7.5,1236.0,en,"['Drama', 'War', 'Action']","['United Kingdom', 'United States of America']","['English', 'Tiếng Việt']",1986-12-18,1986.0,12.0
8491,Weekend at Bernie's,6500000.0,30218387.0,97.0,8.051891,6.4,255.0,en,['Comedy'],['United States of America'],['English'],1989-07-05,1989.0,7.0
402,Basic Instinct,49000000.0,352927224.0,127.0,16.628427,6.5,869.0,en,"['Thriller', 'Mystery']","['France', 'United States of America']",['English'],1992-03-20,1992.0,3.0
10537,The Doors,38000000.0,34416893.0,140.0,7.829619,6.7,285.0,en,"['Drama', 'Music']",['United States of America'],['English'],1991-03-01,1991.0,3.0
11386,The Crying Game,3705538.0,62548947.0,112.0,7.404329,6.9,180.0,en,"['Romance', 'Crime', 'Drama', 'Thriller']","['Japan', 'United Kingdom', 'Ireland']",['English'],1992-09-02,1992.0,9.0
9504,Glengarry Glen Ross,12500000.0,10725228.0,100.0,6.792215,7.5,330.0,en,"['Crime', 'Drama', 'Mystery']",['United States of America'],['English'],1992-09-15,1992.0,9.0
15764,Sophie's Choice,12000000.0,30036000.0,151.0,15.417202,7.4,149.0,en,"['Drama', 'Romance']","['United Kingdom', 'United States of America']","['Český', 'English', 'Français', 'Deutsch', 'Polski', 'Pусский']",1982-12-08,1982.0,12.0
601,E.T. the Extra-Terrestrial,10500000.0,792965326.0,115.0,19.358546,7.3,3359.0,en,"['Science Fiction', 'Adventure', 'Family', 'Fantasy']",['United States of America'],['English'],1982-04-03,1982.0,4.0
2119,Days of Thunder,60000000.0,157920733.0,107.0,7.046753,5.9,359.0,en,['Adventure'],['United States of America'],['English'],1990-06-27,1990.0,6.0
744,Top Gun,15000000.0,356830601.0,110.0,20.301019,6.7,1736.0,en,"['Action', 'Romance', 'War']",['United States of America'],['English'],1986-05-16,1986.0,5.0
702,A Streetcar Named Desire,1800000.0,8000000.0,125.0,7.301719,7.6,291.0,en,['Drama'],['United States of America'],['English'],1951-09-18,1951.0,9.0
21612,The Funeral,12500000.0,1227324.0,99.0,2.772039,7.3,31.0,en,"['Crime', 'Drama']",['United States of America'],"['Italiano', 'English']",1996-01-26,1996.0,1.0
1630,The People vs. Larry Flynt,36000000.0,20300385.0,129.0,9.178371,6.8,257.0,en,['Drama'],['United States of America'],['English'],1996-10-12,1996.0,10.0
11843,The Return of the Pink Panther,5000000.0,41833347.0,113.0,6.501177,6.7,138.0,en,"['Mystery', 'Comedy', 'Crime']",['United Kingdom'],['English'],1975-05-21,1975.0,5.0
10379,Drop Dead Fred,6788000.0,13878334.0,103.0,7.88101,5.9,107.0,en,"['Comedy', 'Fantasy', 'Family']","['United Kingdom', 'United States of America']",['English'],1991-04-19,1991.0,4.0
2756,The Abyss,70000000.0,90000098.0,139.0,9.809585,7.1,822.0,en,"['Adventure', 'Action', 'Thriller', 'Science Fiction']",['United States of America'],['English'],1989-08-09,1989.0,8.0
790,The Fog,1000000.0,21378361.0,89.0,9.194572,6.4,318.0,en,['Horror'],['United States of America'],['English'],1980-02-08,1980.0,2.0
1103,Escape from New York,6000000.0,50244700.0,99.0,10.124544,6.9,720.0,en,"['Science Fiction', 'Action']",['United States of America'],['English'],1981-05-22,1981.0,5.0
11298,The Howling,1000000.0,17985893.0,91.0,6.715512,6.4,165.0,en,"['Drama', 'Horror']",['United States of America'],['English'],1981-04-03,1981.0,4.0
762,Monty Python and the Holy Grail,400000.0,5028948.0,91.0,10.43389,7.8,1742.0,en,"['Adventure', 'Comedy', 'Fantasy']",['United Kingdom'],"['Français', 'Latin', 'English']",1975-03-13,1975.0,3.0
49763,Bad Moon,7000000.0,1100000.0,80.0,2.661026,5.7,33.0,en,['Horror'],['United States of America'],['English'],1996-11-01,1996.0,11.0
892,Delicatessen,4000000.0,1794187.0,99.0,12.565447,7.4,320.0,fr,"['Comedy', 'Science Fiction', 'Fantasy']",['France'],['Français'],1991-04-17,1991.0,4.0
409,The English Patient,27000000.0,231976425.0,162.0,15.564161,7.0,559.0,en,"['Drama', 'Romance', 'War']","['United Kingdom', 'United States of America']","['Deutsch', 'Italiano', 'العربية', 'English']",1996-11-14,1996.0,11.0
10161,My Left Foot: The Story of Christy Brown,645180.0,14743391.0,103.0,5.841931,7.5,208.0,en,['Drama'],"['Ireland', 'United Kingdom']",['English'],1989-07-21,1989.0,7.0
10409,Strictly Ballroom,3000000.0,33946224.0,94.0,3.233531,6.2,83.0,en,"['Comedy', 'Drama', 'Romance']",['Australia'],"['Español', 'English']",1992-08-20,1992.0,8.0
10174,Madonna: Truth or Dare,4.0,29.0,119.0,1.325299,6.3,32.0,en,"['Documentary', 'Music']",['United States of America'],"['English', 'Français']",1991-05-10,1991.0,5.0
31225,Paris is Burning,500000.0,3779620.0,71.0,4.101295,8.2,67.0,en,['Documentary'],['United States of America'],['English'],1990-03-13,1990.0,3.0
510,One Flew Over the Cuckoo's Nest,3000000.0,108981275.0,133.0,35.529554,8.3,3001.0,en,['Drama'],['United States of America'],['English'],1975-11-18,1975.0,11.0
1891,The Empire Strikes Back,18000000.0,538400000.0,124.0,19.470959,8.2,5998.0,en,"['Adventure', 'Action', 'Science Fiction']",['United States of America'],['English'],1980-05-17,1980.0,5.0
2493,The Princess Bride,16000000.0,30857814.0,98.0,15.15267,7.6,1518.0,en,"['Adventure', 'Family', 'Fantasy', 'Comedy', 'Romance']",['United States of America'],['English'],1987-09-18,1987.0,9.0
85,Raiders of the Lost Ark,18000000.0,389925971.0,115.0,19.901576,7.7,3949.0,en,"['Adventure', 'Action']",['United States of America'],"['English', 'Español', 'Deutsch', 'עִבְרִית', 'العربية', '']",1981-06-12,1981.0,6.0
679,Aliens,18500000.0,183316455.0,137.0,21.761179,7.7,3282.0,en,"['Horror', 'Action', 'Thriller', 'Science Fiction']","['United Kingdom', 'United States of America']",['English'],1986-07-18,1986.0,7.0
429,"The Good, the Bad and the Ugly",1200000.0,6000000.0,161.0,16.788787,8.1,2371.0,it,['Western'],"['United States of America', 'Italy', 'Spain', 'Germany']",['Italiano'],1966-12-23,1966.0,12.0
389,12 Angry Men,350000.0,1000000.0,96.0,16.503959,8.2,2130.0,en,['Drama'],['United States of America'],['English'],1957-03-25,1957.0,3.0
947,Lawrence of Arabia,15000000.0,69995385.0,216.0,10.893332,7.8,870.0,en,"['Adventure', 'Drama', 'History', 'War']",['United Kingdom'],"['العربية', 'English', 'Türkçe']",1962-12-10,1962.0,12.0
185,A Clockwork Orange,2200000.0,26589000.0,136.0,17.112594,8.0,3432.0,en,"['Science Fiction', 'Drama']","['United Kingdom', 'United States of America']",['English'],1971-12-18,1971.0,12.0
595,To Kill a Mockingbird,2000000.0,13129846.0,129.0,14.284787,7.9,676.0,en,"['Crime', 'Drama']",['United States of America'],['English'],1962-12-25,1962.0,12.0
28,Apocalypse Now,31500000.0,89460381.0,153.0,13.5963,8.0,2112.0,en,"['Drama', 'War']",['United States of America'],"['', 'English', 'Français', 'Tiếng Việt']",1979-08-15,1979.0,8.0
335,Once Upon a Time in the West,5000000.0,5321508.0,175.0,15.589351,8.1,1160.0,it,['Western'],"['Italy', 'Spain', 'United States of America']",['English'],1968-12-21,1968.0,12.0
1892,Return of the Jedi,32350000.0,572700000.0,135.0,14.586087,7.9,4763.0,en,"['Adventure', 'Action', 'Science Fiction']",['United States of America'],['English'],1983-05-23,1983.0,5.0
144,Wings of Desire,2500000.0,3200000.0,128.0,6.357321,7.5,256.0,de,"['Drama', 'Fantasy', 'Romance']","['Germany', 'France']","['English', 'Français', 'Deutsch']",1987-01-01,1987.0,1.0
769,GoodFellas,25000000.0,46836394.0,145.0,15.424092,8.2,3211.0,en,"['Drama', 'Crime']",['United States of America'],"['Italiano', 'English']",1990-09-12,1990.0,9.0
348,Alien,11000000.0,104931801.0,117.0,23.37742,7.9,4564.0,en,"['Horror', 'Action', 'Thriller', 'Science Fiction']","['United States of America', 'United Kingdom']","['English', 'Español']",1979-05-25,1979.0,5.0
11645,Ran,11500000.0,4069653.0,162.0,12.250232,7.9,349.0,ja,"['Action', 'Drama', 'History']","['Japan', 'France']",['日本語'],1985-06-01,1985.0,6.0
539,Psycho,806948.0,32000000.0,109.0,36.826309,8.3,2405.0,en,"['Drama', 'Horror', 'Thriller']",['United States of America'],['English'],1960-06-16,1960.0,6.0
525,The Blues Brothers,27000000.0,115229890.0,133.0,10.076901,7.5,1092.0,en,"['Music', 'Comedy', 'Action', 'Crime']",['United States of America'],['English'],1980-06-17,1980.0,6.0
240,The Godfather: Part II,13000000.0,47542841.0,200.0,36.629307,8.3,3418.0,en,"['Drama', 'Crime']",['United States of America'],"['English', 'Italiano', 'Latin', 'Español']",1974-12-20,1974.0,12.0
600,Full Metal Jacket,17000000.0,46357676.0,116.0,13.94148,7.9,2595.0,en,"['Drama', 'War']","['United Kingdom', 'United States of America']","['English', 'Tiếng Việt']",1987-06-26,1987.0,6.0
279,Amadeus,18000000.0,51973029.0,160.0,12.677592,7.8,1107.0,en,"['Drama', 'History', 'Music']",['United States of America'],"['English', 'Deutsch', 'Italiano', 'Latin']",1984-10-26,1984.0,10.0
1578,Raging Bull,18000000.0,23000000.0,129.0,8.868558,7.7,968.0,en,['Drama'],['United States of America'],['English'],1980-11-14,1980.0,11.0
703,Annie Hall,4000000.0,38251425.0,93.0,18.146043,7.8,1044.0,en,"['Comedy', 'Drama', 'Romance']",['United States of America'],"['English', 'Deutsch']",1977-04-19,1977.0,4.0
9549,The Right Stuff,27000000.0,21500000.0,193.0,14.902397,7.4,241.0,en,"['Drama', 'History']",['United States of America'],"['English', 'Pусский']",1983-10-20,1983.0,10.0
387,Das Boot,14000000.0,85000000.0,149.0,8.80338,7.9,623.0,de,"['Action', 'Drama', 'History', 'War', 'Adventure']",['Germany'],"['Deutsch', 'English', 'Français']",1981-09-16,1981.0,9.0
9277,The Sting,5500000.0,159616327.0,129.0,12.016821,7.9,639.0,en,"['Comedy', 'Crime', 'Drama']",['United States of America'],['English'],1973-12-25,1973.0,12.0
218,The Terminator,6400000.0,78371200.0,108.0,19.293562,7.4,4208.0,en,"['Action', 'Thriller', 'Science Fiction']","['United Kingdom', 'United States of America']",['English'],1984-10-26,1984.0,10.0
763,Braindead,3000000.0,242623.0,104.0,13.645568,7.4,388.0,en,"['Horror', 'Comedy']",['New Zealand'],['English'],1992-08-13,1992.0,8.0
9665,Glory,18000000.0,26828365.0,122.0,7.521346,7.4,391.0,en,['War'],['United States of America'],['English'],1989-12-15,1989.0,12.0
379,Miller's Crossing,14000000.0,5080409.0,115.0,7.495853,7.5,431.0,en,"['Drama', 'Thriller', 'Crime']",['United States of America'],"['', 'Italiano', '', 'English']",1990-09-21,1990.0,9.0
207,Dead Poets Society,16400000.0,235860116.0,129.0,19.905716,8.1,2786.0,en,['Drama'],['United States of America'],['English'],1989-06-02,1989.0,6.0
37247,The Graduate,3000000.0,104945305.0,106.0,12.057829,7.6,855.0,en,['Drama'],['United States of America'],['English'],1967-12-21,1967.0,12.0
1480,Touch of Evil,829000.0,2247465.0,95.0,9.665347,7.6,292.0,en,"['Drama', 'Thriller', 'Crime']",['United States of America'],"['English', 'Español']",1958-04-23,1958.0,4.0
826,The Bridge on the River Kwai,3000000.0,27200000.0,161.0,8.851646,7.7,554.0,en,"['Drama', 'History', 'War']","['United Kingdom', 'United States of America']","['日本語', 'ภาษาไทย', 'English']",1957-10-02,1957.0,10.0
829,Chinatown,6000000.0,30000000.0,130.0,12.29227,7.9,939.0,en,"['Crime', 'Drama', 'Mystery', 'Thriller']",['United States of America'],"['Español', '广州话 / 廣州話', 'English']",1974-06-20,1974.0,6.0
3090,The Treasure of the Sierra Madre,3800000.0,4307000.0,126.0,8.070589,7.9,285.0,en,"['Action', 'Adventure', 'Drama', 'Western']",['United States of America'],['English'],1948-01-24,1948.0,1.0
694,The Shining,19000000.0,44017374.0,144.0,19.611589,8.1,3890.0,en,"['Horror', 'Thriller']","['United States of America', 'United Kingdom']",['English'],1980-05-22,1980.0,5.0
235,Stand by Me,8000000.0,52287414.0,89.0,15.206957,7.8,1568.0,en,"['Crime', 'Drama']",['United States of America'],['English'],1986-08-22,1986.0,8.0
765,Evil Dead II,3600000.0,5923044.0,84.0,13.520764,7.5,760.0,en,"['Horror', 'Comedy', 'Fantasy']",['United States of America'],['English'],1987-03-13,1987.0,3.0
5925,The Great Escape,4000000.0,11744471.0,172.0,14.384114,7.8,731.0,en,"['Adventure', 'Drama', 'History', 'Thriller', 'War']",['United States of America'],"['English', 'Deutsch', 'Français', 'Pусский']",1963-06-20,1963.0,6.0
11778,The Deer Hunter,15000000.0,50000000.0,183.0,7.729445,7.8,943.0,en,"['Drama', 'War']","['United Kingdom', 'United States of America']","['English', 'Français', 'Pусский', 'Tiếng Việt']",1978-12-08,1978.0,12.0
137,Groundhog Day,14600000.0,70906973.0,101.0,12.989627,7.4,2358.0,en,"['Romance', 'Fantasy', 'Drama', 'Comedy']",['United States of America'],"['English', 'Français', 'Italiano']",1993-02-11,1993.0,2.0
33,Unforgiven,14000000.0,159157447.0,131.0,10.942149,7.7,1133.0,en,['Western'],['United States of America'],['English'],1992-08-07,1992.0,8.0
982,The Manchurian Candidate,80000000.0,96105910.0,126.0,7.991677,7.7,188.0,en,"['Mystery', 'Thriller']",['United States of America'],['English'],1962-10-24,1962.0,10.0
105,Back to the Future,19000000.0,381109762.0,116.0,25.778509,8.0,6239.0,en,"['Adventure', 'Comedy', 'Science Fiction', 'Family']",['United States of America'],['English'],1985-07-03,1985.0,7.0
1633,Fried Green Tomatoes,11000000.0,119418501.0,130.0,6.584254,7.6,298.0,en,"['Drama', 'Comedy']",['United States of America'],['English'],1991-12-27,1991.0,12.0
11202,Patton,12000000.0,89800000.0,172.0,14.382289,7.3,327.0,en,"['Drama', 'History', 'War']",['United States of America'],['English'],1970-01-25,1970.0,1.0
149,Akira,8000000.0,553171.0,124.0,10.888917,7.8,792.0,ja,"['Science Fiction', 'Animation']",['Japan'],['日本語'],1988-07-16,1988.0,7.0
8009,Highlander,16000000.0,5900000.0,116.0,16.870392,6.8,642.0,en,"['Adventure', 'Action', 'Fantasy']","['United Kingdom', 'United States of America']",['English'],1986-03-07,1986.0,3.0
903,Cool Hand Luke,3000000.0,16217773.0,126.0,9.718713,7.7,390.0,en,"['Crime', 'Drama']",['United States of America'],['English'],1967-06-22,1967.0,6.0
3034,Young Frankenstein,2800000.0,86273333.0,106.0,9.339316,7.7,880.0,en,"['Comedy', 'Science Fiction']",['United States of America'],"['English', 'Deutsch']",1974-12-15,1974.0,12.0
339,Night on Earth,3500000.0,2015810.0,129.0,8.291886,7.5,165.0,en,"['Comedy', 'Drama']","['Germany', 'Finland', 'France', 'United Kingdom', 'United States of America']","['English', 'suomi', 'Français', 'Deutsch', 'Italiano']",1991-10-03,1991.0,10.0
914,The Great Dictator,2000000.0,11000000.0,125.0,9.241748,8.1,756.0,en,['Comedy'],['United States of America'],"['English', 'Esperanto']",1940-10-15,1940.0,10.0
756,Fantasia,2280000.0,83320000.0,124.0,8.03796,7.2,831.0,en,"['Animation', 'Family', 'Music']",['United States of America'],['English'],1940-11-13,1940.0,11.0
288,High Noon,730000.0,8000000.0,85.0,16.715935,7.6,343.0,en,['Western'],['United States of America'],['English'],1952-03-27,1952.0,3.0
665,Ben-Hur,15000000.0,146900000.0,212.0,14.319743,7.5,660.0,en,"['Action', 'Adventure', 'Drama', 'History']",['United States of America'],['English'],1959-12-26,1959.0,12.0
11031,This Is Spinal Tap,2500000.0,4736202.0,82.0,13.981499,7.6,413.0,en,"['Comedy', 'Music']",['United States of America'],['English'],1984-05-04,1984.0,5.0
89,Indiana Jones and the Last Crusade,48000000.0,474171806.0,127.0,14.788987,7.6,3221.0,en,"['Adventure', 'Action']",['United States of America'],"['Deutsch', 'ελληνικά', 'English']",1989-05-24,1989.0,5.0
783,Gandhi,22000000.0,77737889.0,191.0,12.383755,7.4,730.0,en,"['Drama', 'History']","['India', 'United Kingdom']","['English', 'हिन्दी']",1982-11-30,1982.0,11.0
10644,The Unbearable Lightness of Being,17000000.0,10006806.0,171.0,6.815147,7.0,89.0,en,"['Comedy', 'Romance']",['United States of America'],['English'],1988-02-05,1988.0,2.0
11257,A Room with a View,3000000.0,20966644.0,117.0,6.175166,6.9,164.0,en,"['Drama', 'Romance']",['United Kingdom'],"['English', 'Italiano']",1985-12-13,1985.0,12.0
12104,Pink Floyd: The Wall,12000000.0,22244207.0,95.0,6.773407,7.7,363.0,en,['Music'],['United Kingdom'],['English'],1982-07-14,1982.0,7.0
625,The Killing Fields,14400000.0,34700291.0,141.0,11.460364,7.5,180.0,en,"['War', 'Drama', 'History']",['United Kingdom'],"['Português', 'English', 'Français', 'Magyar', '']",1984-11-02,1984.0,11.0
830,Forbidden Planet,1900000.0,3250000.0,98.0,6.379966,7.2,238.0,en,"['Adventure', 'Science Fiction', 'Action']",['United States of America'],['English'],1956-03-15,1956.0,3.0
642,Butch Cassidy and the Sundance Kid,6000000.0,102308889.0,110.0,6.714577,7.4,659.0,en,"['History', 'Drama', 'Western', 'Crime']",['United States of America'],"['English', 'Español']",1969-09-23,1969.0,9.0
655,"Paris, Texas",1746964.0,2181987.0,147.0,11.635837,7.7,282.0,en,['Drama'],"['Germany', 'France', 'United Kingdom', 'United States of America']",['English'],1984-05-19,1984.0,5.0
639,When Harry Met Sally...,16000000.0,92823546.0,96.0,8.34322,7.3,974.0,en,"['Comedy', 'Romance', 'Drama']",['United States of America'],['English'],1989-07-21,1989.0,7.0
8077,Alien³,50000000.0,159773545.0,114.0,17.126768,6.2,1664.0,en,"['Science Fiction', 'Action', 'Horror']","['United Kingdom', 'United States of America']",['English'],1992-05-22,1992.0,5.0
814,An American Werewolf in London,10000000.0,31973249.0,97.0,13.390802,7.2,571.0,en,"['Horror', 'Comedy']","['United Kingdom', 'United States of America']",['English'],1981-08-21,1981.0,8.0
571,The Birds,2500000.0,11403529.0,119.0,11.591462,7.3,959.0,en,['Horror'],['United States of America'],['English'],1963-03-28,1963.0,3.0
6114,Dracula,40000000.0,215862692.0,128.0,16.777675,7.1,1087.0,en,"['Romance', 'Horror']",['United States of America'],"['Latin', 'Română', 'български език', 'ελληνικά', 'English']",1992-11-13,1992.0,11.0
9529,Candyman,6000000.0,25792310.0,99.0,12.721362,6.2,303.0,en,"['Drama', 'Horror', 'Thriller']",['United States of America'],['English'],1992-10-16,1992.0,10.0
1598,Cape Fear,35000000.0,182300000.0,128.0,10.302735,7.0,692.0,en,"['Crime', 'Thriller']",['United States of America'],['English'],1991-11-15,1991.0,11.0
7340,Carrie,1800000.0,33800000.0,98.0,9.277692,7.0,977.0,en,"['Horror', 'Thriller']",['United States of America'],['English'],1976-11-03,1976.0,11.0
377,A Nightmare on Elm Street,1800000.0,25504513.0,91.0,13.694713,7.2,1212.0,en,['Horror'],['United States of America'],['English'],1984-11-14,1984.0,11.0
794,The Omen,2800000.0,60922980.0,111.0,16.641277,7.2,485.0,en,"['Horror', 'Thriller']","['United Kingdom', 'United States of America']","['English', 'Italiano', 'Latin']",1976-06-06,1976.0,6.0
199,Star Trek: First Contact,46000000.0,150000000.0,111.0,8.808497,7.0,671.0,en,"['Science Fiction', 'Action', 'Adventure', 'Thriller']",['United States of America'],['English'],1996-11-21,1996.0,11.0
12498,Sling Blade,1000000.0,24444121.0,135.0,9.475693,7.4,236.0,en,['Drama'],['United States of America'],['English'],1996-08-30,1996.0,8.0
9279,Jingle All the Way,60000000.0,129832389.0,89.0,7.898202,5.5,583.0,en,"['Family', 'Comedy']",['United States of America'],['English'],1996-11-15,1996.0,11.0
21539,The Preacher's Wife,40000000.0,48093211.0,124.0,4.182641,5.4,55.0,en,"['Fantasy', 'Drama', 'Comedy', 'Science Fiction', 'Romance', 'Family']",['United States of America'],"['English', 'Español']",1996-12-13,1996.0,12.0
12709,Ridicule,3000000.0,2503829.0,102.0,10.879283,7.4,30.0,en,"['Comedy', 'Drama', 'Romance']",['France'],['Français'],1996-05-09,1996.0,5.0
11674,101 Dalmatians,54000000.0,320689294.0,103.0,11.470748,5.6,722.0,en,"['Comedy', 'Family']","['United Kingdom', 'United States of America']",['English'],1996-11-17,1996.0,11.0
1573,Die Hard 2,70000000.0,240031094.0,124.0,18.785984,6.6,1920.0,en,"['Action', 'Thriller']",['United States of America'],"['English', 'Español']",1990-07-02,1990.0,7.0
152,Star Trek: The Motion Picture,35000000.0,139000000.0,132.0,8.277765,6.2,541.0,en,"['Science Fiction', 'Adventure', 'Mystery']",['United States of America'],['English'],1979-12-06,1979.0,12.0
174,Star Trek VI: The Undiscovered Country,27000000.0,96900000.0,113.0,5.90057,6.7,421.0,en,"['Science Fiction', 'Action', 'Adventure', 'Thriller']",['United States of America'],['English'],1991-12-05,1991.0,12.0
172,Star Trek V: The Final Frontier,30000000.0,70200000.0,107.0,12.308007,5.6,384.0,en,"['Science Fiction', 'Action', 'Adventure', 'Thriller']",['United States of America'],['English'],1989-06-09,1989.0,6.0
154,Star Trek II: The Wrath of Khan,12000000.0,96800000.0,113.0,7.160236,7.3,688.0,en,"['Action', 'Adventure', 'Science Fiction', 'Thriller']",['United States of America'],['English'],1982-06-03,1982.0,6.0
157,Star Trek III: The Search for Spock,18000000.0,87000000.0,105.0,6.197298,6.4,443.0,en,"['Science Fiction', 'Action', 'Adventure', 'Thriller']",['United States of America'],"['English', 'Pусский']",1984-05-31,1984.0,5.0
168,Star Trek IV: The Voyage Home,24000000.0,133000000.0,119.0,12.596956,6.9,490.0,en,"['Science Fiction', 'Adventure']",['United States of America'],"['English', 'suomi']",1986-11-25,1986.0,11.0
364,Batman Returns,80000000.0,280000000.0,126.0,15.001681,6.6,1706.0,en,"['Action', 'Fantasy']","['United Kingdom', 'United States of America']",['English'],1992-06-19,1992.0,6.0
11967,Young Guns,13000000.0,44726644.0,107.0,9.905174,6.6,262.0,en,"['Crime', 'Action', 'Adventure', 'Drama', 'Western']",['United States of America'],['English'],1988-08-12,1988.0,8.0
621,Grease,6000000.0,181813770.0,110.0,7.854899,7.2,1633.0,en,['Romance'],['United States of America'],['English'],1978-07-07,1978.0,7.0
9037,Grease 2,13200000.0,15171476.0,115.0,14.202364,4.9,185.0,en,"['Comedy', 'Drama', 'Family', 'Music', 'Romance']",['United States of America'],['English'],1982-06-11,1982.0,6.0
10173,Marked for Death,12000000.0,46044400.0,94.0,5.845712,5.6,100.0,en,"['Action', 'Thriller']",['United States of America'],['English'],1990-10-05,1990.0,10.0
8845,Under Siege,35000000.0,156563139.0,103.0,9.918269,6.1,405.0,en,"['Action', 'Thriller']","['France', 'United States of America']",['English'],1992-10-08,1992.0,10.0
578,Jaws,7000000.0,470654000.0,124.0,19.726114,7.5,2628.0,en,"['Horror', 'Thriller', 'Adventure']",['United States of America'],['English'],1975-06-18,1975.0,6.0
579,Jaws 2,20000000.0,187884007.0,116.0,11.21306,5.9,412.0,en,"['Horror', 'Thriller']",['United States of America'],['English'],1978-06-16,1978.0,6.0
17692,Jaws 3-D,20500000.0,87987055.0,99.0,16.603041,4.2,266.0,en,"['Thriller', 'Horror']",['United States of America'],['English'],1983-03-16,1983.0,3.0
75,Mars Attacks!,70000000.0,101371017.0,106.0,15.63424,6.1,1544.0,en,"['Comedy', 'Fantasy', 'Science Fiction']",['United States of America'],"['English', 'Français']",1996-12-12,1996.0,12.0
13891,Citizen Ruth,3000000.0,153155.0,104.0,2.225234,6.8,27.0,en,"['Drama', 'Comedy']",['United States of America'],['English'],1996-12-13,1996.0,12.0
9390,Jerry Maguire,50000000.0,273552592.0,139.0,11.807601,6.7,941.0,en,"['Comedy', 'Drama', 'Romance']",['United States of America'],"['English', 'Polski']",1996-12-06,1996.0,12.0
378,Raising Arizona,6000000.0,29180280.0,94.0,14.011415,7.2,548.0,en,"['Comedy', 'Crime']",['United States of America'],['English'],1987-03-01,1987.0,3.0
9819,Marvin's Room,23000000.0,12803305.0,98.0,5.307984,6.6,130.0,en,['Drama'],['United States of America'],"['English', 'Español']",1996-12-18,1996.0,12.0
4232,Scream,14000000.0,173046663.0,111.0,13.326443,7.0,1520.0,en,"['Crime', 'Horror', 'Mystery']",['United States of America'],['English'],1996-12-20,1996.0,12.0
9361,The Last of the Mohicans,40000000.0,75505856.0,112.0,15.228794,7.1,747.0,en,"['Action', 'Adventure', 'Drama', 'History', 'Romance', 'War']",['United States of America'],"['English', 'Français']",1992-09-25,1992.0,9.0
8818,Evita,55000000.0,141047179.0,134.0,6.709803,5.9,122.0,en,"['History', 'Drama', 'Music']","['United States of America', 'Hungary']","['English', 'Español']",1996-12-14,1996.0,12.0
34314,Turbulence,55000000.0,11466088.0,100.0,5.304043,5.2,63.0,en,"['Action', 'Thriller', 'Crime']",['United States of America'],['English'],1997-01-09,1997.0,1.0
8860,Metro,55000000.0,31987563.0,117.0,10.519481,5.3,136.0,en,"['Action', 'Adventure', 'Comedy', 'Crime', 'Thriller']",['United States of America'],['English'],1997-01-16,1997.0,1.0
9619,Dante's Peak,116000000.0,178127760.0,108.0,7.240753,5.8,445.0,en,"['Action', 'Adventure', 'Thriller']",['United States of America'],['English'],1997-02-07,1997.0,2.0
26306,Prefontaine,8000000.0,589304.0,106.0,2.93818,6.7,21.0,en,"['Drama', 'Romance']",['United States of America'],['English'],1997-01-24,1997.0,1.0
66,Absolute Power,50000000.0,50068310.0,121.0,7.66124,6.4,226.0,en,"['Crime', 'Drama', 'Thriller']",['United States of America'],"['English', 'Español']",1997-02-14,1997.0,2.0
11419,Vegas Vacation,25000000.0,36400360.0,93.0,9.304901,6.0,175.0,en,['Comedy'],['United States of America'],['English'],1997-02-13,1997.0,2.0
638,Lost Highway,15000000.0,3675201.0,134.0,8.449722,7.5,572.0,en,"['Drama', 'Thriller', 'Mystery']",['United States of America'],['English'],1997-01-15,1997.0,1.0
25624,Rosewood,30000000.0,13130349.0,140.0,2.899809,6.7,31.0,en,"['Drama', 'History']",['United States of America'],['English'],1997-02-21,1997.0,2.0
9366,Donnie Brasco,35000000.0,41954997.0,127.0,12.201954,7.4,1175.0,en,"['Crime', 'Drama', 'Thriller']",['United States of America'],"['日本語', 'English', 'Italiano']",1997-02-27,1997.0,2.0
28005,Kama Sutra - A Tale of Love,3000000.0,4109095.0,117.0,7.124652,5.7,36.0,en,"['Drama', 'History', 'Romance']","['United Kingdom', 'India', 'United States of America', 'Japan', 'Germany']",['English'],1996-09-11,1996.0,9.0
9403,Private Parts,28000000.0,41230799.0,109.0,10.928417,6.7,106.0,en,"['Comedy', 'Drama']",['United States of America'],['English'],1997-03-07,1997.0,3.0
10003,The Saint,68000000.0,118063304.0,116.0,10.97633,5.9,310.0,en,"['Thriller', 'Action', 'Romance', 'Science Fiction', 'Adventure']",['United States of America'],"['English', 'Pусский']",1997-04-03,1997.0,4.0
1624,Liar Liar,45000000.0,302710615.0,86.0,10.102471,6.4,1456.0,en,['Comedy'],['United States of America'],['English'],1997-03-21,1997.0,3.0
16052,Selena,20000000.0,60000000.0,127.0,7.390306,7.1,115.0,en,['Drama'],['United States of America'],"['Español', 'English']",1997-03-21,1997.0,3.0
4477,The Devil's Own,90000000.0,140807547.0,107.0,10.675073,5.9,300.0,en,"['Crime', 'Thriller', 'Drama']",['United States of America'],['English'],1997-03-12,1997.0,3.0
24662,Cats Don't Dance,32000000.0,3566637.0,75.0,3.406836,7.1,25.0,en,"['Animation', 'Comedy', 'Family', 'Music']",['United States of America'],"['English', 'Deutsch']",1997-03-26,1997.0,3.0
6499,Turbo: A Power Rangers Movie,10000000.0,17979739.0,99.0,5.436745,4.6,60.0,en,"['Action', 'Adventure', 'Family', 'Fantasy', 'Science Fiction', 'Thriller']","['Japan', 'United States of America']",['English'],1997-03-27,1997.0,3.0
50512,Anna Karenina,35000000.0,791830.0,108.0,5.660835,6.4,26.0,en,"['Drama', 'Romance']",['United States of America'],['English'],1997-04-04,1997.0,4.0
9360,Anaconda,45000000.0,136885767.0,89.0,14.386089,4.8,624.0,en,"['Adventure', 'Horror', 'Thriller']","['Brazil', 'Peru', 'United States of America']",['English'],1997-04-11,1997.0,4.0
816,Austin Powers: International Man of Mystery,16500000.0,67683989.0,94.0,11.749159,6.5,1033.0,en,"['Science Fiction', 'Comedy', 'Crime']","['Germany', 'United States of America']",['English'],1997-05-02,1997.0,5.0
2163,Breakdown,36000000.0,50159144.0,95.0,7.926621,6.6,202.0,en,"['Drama', 'Action', 'Thriller']",['United States of America'],['English'],1997-05-02,1997.0,5.0
18,The Fifth Element,90000000.0,263920180.0,126.0,24.30526,7.3,3962.0,en,"['Adventure', 'Fantasy', 'Action', 'Thriller', 'Science Fiction']",['France'],"['English', 'svenska', 'Deutsch']",1997-05-07,1997.0,5.0
64802,Love! Valour! Compassion!,2000000.0,2900000.0,108.0,1.7442,5.7,10.0,de,['Drama'],['United States of America'],"['English', 'Pусский']",1997-05-16,1997.0,5.0
330,The Lost World: Jurassic Park,73000000.0,229074524.0,129.0,0.788123,6.2,2528.0,en,"['Adventure', 'Action', 'Science Fiction']",['United States of America'],['English'],1997-05-23,1997.0,5.0
1701,Con Air,75000000.0,224012234.0,115.0,11.545982,6.5,1289.0,en,"['Action', 'Thriller', 'Crime']",['United States of America'],['English'],1997-06-01,1997.0,6.0
1639,Speed 2: Cruise Control,160000000.0,164508066.0,121.0,11.268531,4.1,439.0,en,"['Action', 'Adventure', 'Thriller']",['United States of America'],"['English', 'Português']",1997-06-13,1997.0,6.0
49235,Squeeze,500000.0,10300.0,95.0,0.321515,6.0,1.0,en,"['Crime', 'Drama']",[],[],1997-06-06,1997.0,6.0
415,Batman & Robin,125000000.0,238207122.0,125.0,17.038824,4.2,1447.0,en,"['Action', 'Crime', 'Fantasy']","['United Kingdom', 'United States of America']",['English'],1997-06-20,1997.0,6.0
11970,Hercules,85000000.0,252712101.0,93.0,14.048694,7.3,1741.0,en,"['Animation', 'Family', 'Fantasy', 'Adventure', 'Comedy', 'Romance']",['United States of America'],"['English', 'Español', 'ελληνικά']",1997-06-26,1997.0,6.0
8874,My Best Friend's Wedding,38000000.0,299288605.0,105.0,4.678572,6.4,606.0,en,"['Comedy', 'Romance']",['United States of America'],"['English', 'Français', 'Italiano']",1997-06-19,1997.0,6.0
266,Contempt,900000.0,528428.0,103.0,7.543337,7.5,138.0,fr,['Drama'],"['France', 'Italy']","['English', 'Français', 'Deutsch', 'Italiano']",1963-10-21,1963.0,10.0
754,Face/Off,80000000.0,245676146.0,138.0,11.467391,6.8,1612.0,en,"['Action', 'Crime', 'Science Fiction', 'Thriller']",['United States of America'],"['English', 'Latin']",1997-06-27,1997.0,6.0
607,Men in Black,90000000.0,589390539.0,98.0,15.781024,6.9,4521.0,en,"['Action', 'Adventure', 'Comedy', 'Science Fiction']",['United States of America'],"['English', 'Español']",1997-07-02,1997.0,7.0
17834,A Simple Wish,28000000.0,8345056.0,86.0,3.354869,5.5,46.0,en,"['Adventure', 'Comedy', 'Family', 'Fantasy']",['United States of America'],['English'],1997-07-11,1997.0,7.0
686,Contact,90000000.0,171120329.0,150.0,14.374866,7.2,1338.0,en,"['Drama', 'Science Fiction', 'Mystery']",['United States of America'],['English'],1997-07-11,1997.0,7.0
4421,G.I. Jane,50000000.0,48169156.0,125.0,9.37934,6.0,404.0,en,"['Action', 'Drama']",['United States of America'],['English'],1997-08-22,1997.0,8.0
9387,Conan the Barbarian,20000000.0,79114085.0,129.0,10.52008,6.6,663.0,en,"['Adventure', 'Fantasy', 'Action']",['United States of America'],['English'],1982-04-02,1982.0,4.0
2142,Cop Land,15000000.0,44862187.0,104.0,9.15931,6.6,384.0,en,"['Action', 'Crime', 'Drama']",['United States of America'],['English'],1997-08-15,1997.0,8.0
8413,Event Horizon,60000000.0,26673242.0,96.0,11.335072,6.4,752.0,en,"['Horror', 'Science Fiction', 'Mystery']","['United Kingdom', 'United States of America']","['English', 'Latin']",1997-08-15,1997.0,8.0
10336,Spawn,40000000.0,87840042.0,96.0,11.366417,5.0,344.0,en,"['Action', 'Adventure', 'Fantasy', 'Horror', 'Science Fiction', 'Thriller']",['United States of America'],['English'],1997-07-31,1997.0,7.0
20737,Air Bud,3000000.0,23144499.0,98.0,9.407128,5.3,108.0,en,"['Comedy', 'Family', 'Drama']","['Canada', 'United States of America']",['English'],1997-08-01,1997.0,8.0
9413,Picture Perfect,19000000.0,44332015.0,105.0,4.347079,5.1,114.0,en,"['Comedy', 'Romance']",['United States of America'],"['English', 'Français']",1997-08-01,1997.0,8.0
8834,Conspiracy Theory,75000000.0,136982834.0,135.0,14.261798,6.5,440.0,en,"['Action', 'Drama', 'Mystery', 'Thriller']",['United States of America'],['English'],1997-08-07,1997.0,8.0
8854,Steel,16000000.0,1686429.0,97.0,2.890462,4.2,49.0,en,"['Science Fiction', 'Action', 'Adventure']",['United States of America'],['English'],1997-08-15,1997.0,8.0
4961,Mimic,30000000.0,25480490.0,105.0,9.128905,5.7,255.0,en,"['Fantasy', 'Horror', 'Thriller']",['United States of America'],"['English', 'Italiano']",1997-08-22,1997.0,8.0
9772,Air Force One,85000000.0,315156409.0,124.0,12.173291,6.2,859.0,en,"['Action', 'Thriller']","['Germany', 'United States of America']","['English', 'Pусский']",1997-07-25,1997.0,7.0
6072,One Eight Seven,20000000.0,5716080.0,119.0,6.476493,6.5,141.0,en,"['Drama', 'Thriller']",['United States of America'],"['English', 'Español']",1997-07-29,1997.0,7.0
1669,The Hunt for Red October,30000000.0,199200000.0,134.0,15.91126,7.2,971.0,en,"['Action', 'Adventure', 'Thriller']",['United States of America'],"['English', 'Pусский']",1990-03-02,1990.0,3.0
2118,L.A. Confidential,35000000.0,126216940.0,138.0,10.989442,7.7,1340.0,en,"['Crime', 'Drama', 'Mystery', 'Thriller']",['United States of America'],['English'],1997-09-19,1997.0,9.0
978,Seven Years in Tibet,70000000.0,131457682.0,136.0,11.483493,7.0,644.0,en,"['Adventure', 'Drama', 'History']",['United States of America'],['English'],1997-09-12,1997.0,9.0
9437,Kiss the Girls,27000000.0,60527873.0,115.0,12.235391,6.2,353.0,en,"['Drama', 'Mystery', 'Thriller', 'Crime']",['United States of America'],"['English', '普通话']",1997-10-03,1997.0,10.0
10351,Wishmaster,5000000.0,15719109.0,90.0,5.215107,5.6,114.0,en,['Horror'],['United States of America'],['English'],1997-09-19,1997.0,9.0
2649,The Game,50000000.0,109423648.0,129.0,14.825587,7.5,1556.0,en,"['Drama', 'Thriller', 'Mystery']",['United States of America'],"['广州话 / 廣州話', 'Deutsch', 'English']",1997-09-12,1997.0,9.0
14289,Fire Down Below,60000000.0,16000000.0,105.0,7.83099,5.0,91.0,en,"['Action', 'Adventure', 'Crime', 'Thriller']",['United States of America'],['English'],1997-09-05,1997.0,9.0
10155,U Turn,19000000.0,6682098.0,125.0,7.923639,6.5,185.0,en,['Thriller'],"['France', 'United States of America']",['English'],1997-10-03,1997.0,10.0
68924,The Ice Storm,18000000.0,8038061.0,112.0,7.146352,6.9,181.0,en,['Drama'],"['France', 'United States of America']",['English'],1997-09-27,1997.0,9.0
2255,Chasing Amy,250000.0,12021272.0,113.0,12.311564,6.7,441.0,en,"['Comedy', 'Drama', 'Romance']",['United States of America'],['English'],1997-04-04,1997.0,4.0
9427,The Full Monty,3500000.0,257850122.0,91.0,8.333322,6.9,372.0,en,['Comedy'],['United Kingdom'],['English'],1997-08-13,1997.0,8.0
3597,I Know What You Did Last Summer,17000000.0,125586134.0,100.0,7.417157,5.6,698.0,en,"['Horror', 'Thriller', 'Mystery']",['United States of America'],['English'],1997-10-17,1997.0,10.0
1813,The Devil's Advocate,57000000.0,152944660.0,144.0,10.920124,7.2,1414.0,en,"['Drama', 'Horror', 'Mystery', 'Thriller']","['Germany', 'United States of America']","['English', 'Français', 'Deutsch', 'Italiano', '普通话', 'Español']",1997-10-17,1997.0,10.0
12628,Playing God,12000000.0,4000000.0,94.0,9.657642,5.6,26.0,en,"['Drama', 'Action', 'Thriller', 'Crime']",['United States of America'],"['English', 'Français', 'Pусский']",1997-10-17,1997.0,10.0
33344,The House of Yes,1500000.0,626057.0,85.0,3.974374,6.3,30.0,en,"['Comedy', 'Drama']",[],['English'],1997-10-10,1997.0,10.0
782,Gattaca,36000000.0,12532777.0,106.0,12.89312,7.5,1846.0,en,"['Thriller', 'Science Fiction', 'Mystery', 'Romance']",['United States of America'],"['English', 'Esperanto']",1997-09-07,1997.0,9.0
10871,Switchback,37000000.0,6482195.0,118.0,3.742824,5.8,52.0,en,"['Action', 'Adventure', 'Mystery', 'Thriller']",['United States of America'],['English'],1997-10-31,1997.0,10.0
10890,Stripes,10000000.0,85300000.0,106.0,11.341505,6.5,253.0,en,"['Action', 'Comedy']",['United States of America'],"['English', 'Pусский', 'Polski']",1981-06-25,1981.0,6.0
1281,Bean,18000000.0,251212670.0,85.0,12.799853,6.3,602.0,en,['Comedy'],"['United Kingdom', 'United States of America']",['English'],1997-07-03,1997.0,7.0
9770,Mad City,50000000.0,10541523.0,114.0,4.909738,5.9,81.0,en,"['Action', 'Drama', 'Thriller']",['United States of America'],['English'],1997-11-07,1997.0,11.0
12616,One Night Stand,24000000.0,2642983.0,102.0,2.818802,5.7,24.0,en,['Drama'],['United States of America'],['English'],1997-11-14,1997.0,11.0
11975,The Rainmaker,40000000.0,45916769.0,135.0,6.683398,6.7,239.0,en,"['Drama', 'Crime', 'Thriller']",['United States of America'],['English'],1997-11-18,1997.0,11.0
4995,Boogie Nights,15000000.0,43101594.0,155.0,7.595679,7.5,812.0,en,['Drama'],['United States of America'],['English'],1997-09-11,1997.0,9.0
9281,Witness,12000000.0,68706993.0,113.0,10.312017,7.0,390.0,en,"['Crime', 'Drama', 'Romance', 'Thriller']",['United States of America'],"['Deutsch', 'English']",1985-02-08,1985.0,2.0
563,Starship Troopers,105000000.0,121214377.0,129.0,14.412644,6.7,1584.0,en,"['Adventure', 'Action', 'Thriller', 'Science Fiction']",['United States of America'],['English'],1997-11-06,1997.0,11.0
19931,The Joy Luck Club,11000000.0,32861136.0,139.0,3.01386,7.1,34.0,en,['Drama'],"['United States of America', 'China']","['广州话 / 廣州話', 'English', 'Français', '普通话']",1993-09-08,1993.0,9.0
10215,Sliding Doors,6000000.0,58000000.0,99.0,9.7866,6.6,363.0,en,"['Comedy', 'Drama', 'Fantasy', 'Romance']","['United Kingdom', 'United States of America']",['English'],1998-04-23,1998.0,4.0
9823,Mortal Kombat: Annihilation,30000000.0,51376861.0,95.0,6.532498,3.8,225.0,en,"['Action', 'Fantasy', 'Science Fiction']",['United States of America'],['English'],1997-11-21,1997.0,11.0
37165,The Truman Show,60000000.0,264118201.0,103.0,13.155901,7.8,4702.0,en,"['Comedy', 'Drama']",['United States of America'],['English'],1998-06-04,1998.0,6.0
4824,The Jackal,60000000.0,159330280.0,124.0,11.131917,6.1,536.0,en,"['Action', 'Thriller', 'Adventure', 'Crime']",['United States of America'],"['English', 'Pусский']",1997-11-14,1997.0,11.0
9444,Anastasia,53000000.0,139804348.0,94.0,11.911173,7.4,1481.0,en,"['Animation', 'Family']",['United States of America'],"['English', 'Pусский', 'Français']",1997-11-20,1997.0,11.0
9414,The Man Who Knew Too Little,20000000.0,13801755.0,97.0,4.827771,6.5,126.0,en,"['Comedy', 'Thriller', 'Crime', 'Action']",['United States of America'],['English'],1997-11-14,1997.0,11.0
8078,Alien: Resurrection,70000000.0,162000000.0,109.0,15.57784,5.9,1388.0,en,"['Science Fiction', 'Horror', 'Action']",['United States of America'],['English'],1997-11-12,1997.0,11.0
11831,Amistad,36000000.0,74000000.0,155.0,2.263584,6.8,324.0,en,"['Drama', 'History', 'Mystery']",['United States of America'],"['English', 'Español']",1997-12-03,1997.0,12.0
2639,Deconstructing Harry,20000000.0,10686841.0,96.0,6.280515,7.3,188.0,en,"['Comedy', 'Drama']",['United States of America'],['English'],1997-08-26,1997.0,8.0
9574,Flubber,80000000.0,177977226.0,93.0,7.016942,5.3,707.0,en,"['Comedy', 'Family', 'Science Fiction']",['United States of America'],['English'],1997-11-26,1997.0,11.0
10371,For Richer or Poorer,35000000.0,31611225.0,115.0,8.412203,5.6,43.0,en,['Comedy'],['United States of America'],['English'],1997-12-11,1997.0,12.0
489,Good Will Hunting,10000000.0,225933435.0,126.0,15.064833,7.9,2880.0,en,['Drama'],"['Canada', 'United States of America']",['English'],1997-12-05,1997.0,12.0
9714,Home Alone 3,32000000.0,79082515.0,102.0,8.04209,5.1,632.0,en,"['Comedy', 'Family']",['United States of America'],"['Polski', 'English']",1997-12-12,1997.0,12.0
8197,Midnight in the Garden of Good and Evil,35000000.0,25105255.0,155.0,5.145907,6.3,161.0,en,"['Crime', 'Drama', 'Mystery', 'Thriller']",['United States of America'],['English'],1997-11-21,1997.0,11.0
6283,MouseHunt,38000000.0,122417389.0,98.0,6.456233,6.2,297.0,en,"['Comedy', 'Family']",['United States of America'],['English'],1997-12-19,1997.0,12.0
4233,Scream 2,24000000.0,172363301.0,120.0,11.264845,6.1,856.0,en,"['Horror', 'Mystery']",['United States of America'],['English'],1997-12-09,1997.0,12.0
10217,The Sweet Hereafter,5000000.0,3263585.0,112.0,6.002992,6.8,108.0,en,['Drama'],['Canada'],"['English', 'Español']",1997-05-14,1997.0,5.0
597,Titanic,200000000.0,1845034188.0,194.0,26.88907,7.5,7770.0,en,"['Drama', 'Romance', 'Thriller']",['United States of America'],"['English', 'Français', 'Deutsch', 'svenska', 'Italiano', 'Pусский']",1997-11-18,1997.0,11.0
714,Tomorrow Never Dies,110000000.0,333011068.0,119.0,17.159576,6.0,941.0,en,"['Adventure', 'Action', 'Thriller']","['United Kingdom', 'United States of America']","['Deutsch', 'English', 'Dansk', '普通话', '广州话 / 廣州話']",1997-12-11,1997.0,12.0
9922,The Postman,80000000.0,17626234.0,177.0,6.537407,6.1,306.0,en,"['Drama', 'Adventure']",['United States of America'],"['English', 'Français']",1997-12-25,1997.0,12.0
547,The Horse Whisperer,60000000.0,186883563.0,170.0,7.685548,6.7,296.0,en,"['Drama', 'Romance']",['United States of America'],['English'],1998-05-14,1998.0,5.0
184,Jackie Brown,12000000.0,39673162.0,154.0,16.415498,7.3,1580.0,en,"['Comedy', 'Crime', 'Romance']",['United States of America'],['English'],1997-12-24,1997.0,12.0
9746,Kundun,28000000.0,5684789.0,134.0,5.01752,6.8,92.0,en,['Drama'],['United States of America'],"['English', '普通话', '']",1997-12-25,1997.0,12.0
115,The Big Lebowski,15000000.0,46189568.0,117.0,15.952524,7.8,3001.0,en,"['Comedy', 'Crime']","['United Kingdom', 'United States of America']","['English', 'עִבְרִית', 'Español', 'Deutsch']",1998-03-06,1998.0,3.0
9410,Great Expectations,25000000.0,55494066.0,111.0,9.941228,6.4,131.0,en,"['Comedy', 'Drama', 'Romance']",['United States of America'],['English'],1998-01-19,1998.0,1.0
586,Wag the Dog,15000000.0,64256513.0,97.0,7.603652,6.7,273.0,en,"['Comedy', 'Drama']",['United States of America'],"['shqip', 'English']",1997-12-25,1997.0,12.0
2666,Dark City,27000000.0,27200316.0,100.0,12.851984,7.2,838.0,en,"['Mystery', 'Science Fiction']","['Australia', 'United States of America']",['English'],1998-02-27,1998.0,2.0
11258,Hard Rain,70000000.0,19870567.0,97.0,6.363405,5.5,181.0,en,['Thriller'],"['Denmark', 'France', 'New Zealand', 'United Kingdom', 'United States of America']",['English'],1998-01-16,1998.0,1.0
9490,Half Baked,8000000.0,17460020.0,82.0,7.022548,6.4,179.0,en,"['Comedy', 'Crime']",['United States of America'],"['English', 'Türkçe']",1998-01-16,1998.0,1.0
25719,Shooting Fish,3000000.0,302204.0,109.0,1.631288,7.0,23.0,en,"['Crime', 'Comedy', 'Romance']",['United Kingdom'],['English'],1997-08-22,1997.0,8.0
6116,Spice World,25000000.0,100000000.0,93.0,4.257516,4.7,124.0,en,"['Adventure', 'Fantasy', 'Drama', 'Comedy', 'Music']",['United Kingdom'],['English'],1997-12-19,1997.0,12.0
9457,Deep Rising,45000000.0,11203026.0,106.0,6.922458,6.0,155.0,en,"['Adventure', 'Action', 'Horror', 'Science Fiction']","['Canada', 'United States of America']","['한국어/조선말', 'English']",1998-01-30,1998.0,1.0
11702,The Replacement Killers,30000000.0,19204929.0,87.0,9.384887,6.0,128.0,en,"['Action', 'Drama', 'Crime', 'Thriller']",['United States of America'],"['广州话 / 廣州話', 'Český', 'English']",1998-02-06,1998.0,2.0
12238,The Night Flier,1000000.0,91549.0,93.0,7.146514,5.7,60.0,en,"['Mystery', 'Horror', 'Fantasy']","['Italy', 'United States of America']",['English'],1997-04-30,1997.0,4.0
11568,Blues Brothers 2000,28000000.0,14051384.0,123.0,13.162168,5.2,166.0,en,"['Music', 'Action', 'Comedy', 'Crime']",['United States of America'],"['Pусский', 'English']",1998-02-05,1998.0,2.0
11003,The Wedding Singer,18000000.0,123306987.0,95.0,8.884035,6.5,603.0,en,"['Romance', 'Comedy']",['United States of America'],['English'],1998-02-13,1998.0,2.0
10153,Sphere,75000000.0,13100000.0,134.0,7.124735,5.8,483.0,en,['Science Fiction'],['United States of America'],['English'],1998-02-13,1998.0,2.0
2898,As Good as It Gets,50000000.0,314178011.0,139.0,9.374049,7.2,946.0,en,"['Comedy', 'Romance']",['United States of America'],['English'],1997-12-19,1997.0,12.0
9558,King of New York,1000000.0,2554476.0,103.0,11.230031,6.5,130.0,en,"['Thriller', 'Crime']","['Italy', 'United Kingdom', 'United States of America']","['English', 'Español']",1990-07-18,1990.0,7.0
11808,U.S. Marshals,60000000.0,102367405.0,131.0,8.462364,6.2,383.0,en,"['Thriller', 'Crime', 'Action']",['United States of America'],['English'],1998-03-06,1998.0,3.0
42807,The Newton Boys,27000000.0,76000000.0,113.0,2.917013,5.9,44.0,en,"['Crime', 'Action', 'Drama']",['United States of America'],['English'],1998-03-26,1998.0,3.0
617,Wild Things,20000000.0,67200000.0,108.0,13.924623,6.3,454.0,en,['Thriller'],['United States of America'],['English'],1998-03-20,1998.0,3.0
32456,Two Girls and a Guy,1000000.0,2057193.0,84.0,4.967667,5.4,25.0,en,"['Drama', 'Romance']",['United States of America'],['English'],1997-09-07,1997.0,9.0
17127,The Object of My Affection,15000000.0,46905889.0,111.0,6.715856,5.6,75.0,en,"['Comedy', 'Drama', 'Romance']",['United States of America'],['English'],1998-04-17,1998.0,4.0
40688,Meet the Deedles,24000000.0,4562146.0,93.0,7.336354,4.1,19.0,en,"['Animation', 'Comedy', 'Family']",[],['English'],1998-03-27,1998.0,3.0
2157,Lost in Space,80000000.0,136159423.0,130.0,12.000579,5.0,395.0,en,"['Adventure', 'Family', 'Science Fiction']",['United States of America'],['English'],1998-04-03,1998.0,4.0
29193,The Spanish Prisoner,10000000.0,13835130.0,110.0,4.305735,7.1,74.0,en,"['Crime', 'Drama', 'Mystery', 'Thriller']",['United States of America'],['English'],1997-09-08,1997.0,9.0
795,City of Angels,55000000.0,198685114.0,114.0,8.228219,6.5,537.0,en,"['Drama', 'Fantasy', 'Romance']","['United States of America', 'Germany']","['English', 'Polski']",1998-04-10,1998.0,4.0
9469,He Got Game,25000000.0,21567853.0,136.0,13.06943,6.7,140.0,en,['Drama'],['United States of America'],['English'],1998-05-01,1998.0,5.0
16148,Zero Effect,5000000.0,1980338.0,116.0,3.621052,6.0,56.0,en,"['Comedy', 'Crime', 'Mystery', 'Thriller']",['United States of America'],['English'],1998-01-30,1998.0,1.0
78149,"An Alan Smithee Film: Burn, Hollywood, Burn",10000000.0,45779.0,86.0,1.453096,3.0,9.0,en,['Comedy'],['United States of America'],"['English', 'Pусский']",1998-02-20,1998.0,2.0
10622,Mr. Nice Guy,12716953.0,18814720.0,113.0,6.183021,6.2,129.0,cn,"['Crime', 'Action', 'Comedy']","['Australia', 'Hong Kong']","['普通话', '广州话 / 廣州話', 'English']",1997-01-31,1997.0,1.0
10216,Species II,35000000.0,19165560.0,93.0,13.495247,4.5,161.0,en,"['Science Fiction', 'Action', 'Horror']",['United States of America'],['English'],1998-04-10,1998.0,4.0
9448,The Big Hit,13000000.0,27007143.0,91.0,5.975082,6.1,112.0,en,"['Action', 'Adventure', 'Comedy', 'Thriller']",['United States of America'],['English'],1998-04-24,1998.0,4.0
8656,Deep Impact,75000000.0,140464664.0,120.0,11.644633,5.9,870.0,en,"['Action', 'Drama', 'Romance']",['United States of America'],['English'],1998-05-08,1998.0,5.0
58680,Woo,13000000.0,8026971.0,84.0,2.326115,5.5,10.0,en,"['Comedy', 'Romance']",['United States of America'],['English'],1998-05-08,1998.0,5.0
18937,Quest for Camelot,40000000.0,38172500.0,86.0,13.02535,6.9,193.0,en,"['Fantasy', 'Animation', 'Drama', 'Romance', 'Family']",['United States of America'],['English'],1998-05-15,1998.0,5.0
929,Godzilla,130000000.0,379014294.0,139.0,11.295121,5.3,1075.0,en,"['Science Fiction', 'Action', 'Thriller']",['United States of America'],"['English', 'Français', '日本語', 'Pусский', 'Español']",1998-05-20,1998.0,5.0
9452,Bulworth,30000000.0,29202884.0,108.0,3.385342,6.3,66.0,en,"['Comedy', 'Drama']",['United States of America'],['English'],1998-05-15,1998.0,5.0
1878,Fear and Loathing in Las Vegas,18500000.0,10680275.0,118.0,9.220346,7.2,1321.0,en,"['Adventure', 'Drama', 'Comedy']",['United States of America'],['English'],1998-05-22,1998.0,5.0
9844,The Opposite of Sex,5000000.0,5879254.0,105.0,14.734622,5.9,56.0,en,"['Comedy', 'Drama']",['United States of America'],['English'],1998-05-22,1998.0,5.0
1965,A Perfect Murder,60000000.0,128038368.0,107.0,9.430812,6.3,320.0,en,"['Crime', 'Thriller', 'Drama']",['United States of America'],"['العربية', 'English']",1998-06-05,1998.0,6.0
6068,Six Days Seven Nights,70000000.0,164000000.0,98.0,18.324219,5.6,343.0,en,"['Action', 'Adventure', 'Comedy', 'Romance']",['United States of America'],"['English', 'Deutsch', 'ภาษาไทย']",1998-06-12,1998.0,6.0
15037,Can't Hardly Wait,10000000.0,25605015.0,100.0,6.426937,6.1,122.0,en,"['Comedy', 'Drama', 'Romance']",['United States of America'],['English'],1998-06-12,1998.0,6.0
21334,Children of Heaven,180000.0,900000.0,89.0,7.523517,7.8,113.0,fa,"['Drama', 'Comedy', 'Family']",['Iran'],['فارسی'],1997-08-01,1997.0,8.0
10674,Mulan,90000000.0,304320254.0,88.0,21.180857,7.6,2089.0,en,"['Animation', 'Family', 'Adventure']",['United States of America'],"['English', '普通话']",1998-06-18,1998.0,6.0
846,The X Files,66000000.0,189198313.0,121.0,12.311615,6.6,494.0,en,"['Mystery', 'Science Fiction', 'Thriller']","['Canada', 'United States of America']",['English'],1998-06-19,1998.0,6.0
3050,Doctor Dolittle,71000000.0,294456605.0,85.0,9.439079,5.4,705.0,en,"['Comedy', 'Family', 'Fantasy']",['United States of America'],['English'],1998-06-22,1998.0,6.0
1389,Out of Sight,48000000.0,77745568.0,123.0,7.349812,6.5,338.0,en,"['Romance', 'Comedy', 'Crime']",['United States of America'],['English'],1998-06-26,1998.0,6.0
9464,Buffalo '66,1500000.0,2375097.0,110.0,9.167761,7.2,172.0,en,"['Romance', 'Comedy', 'Crime', 'Drama']",['United States of America'],['English'],1998-01-20,1998.0,1.0
95,Armageddon,140000000.0,553799566.0,151.0,13.235112,6.5,2540.0,en,"['Action', 'Thriller', 'Science Fiction', 'Adventure']",['United States of America'],"['English', 'Pусский']",1998-07-01,1998.0,7.0
944,Lethal Weapon 4,140000000.0,285444603.0,127.0,14.470551,6.3,782.0,en,"['Action', 'Adventure', 'Comedy', 'Crime', 'Thriller']",['United States of America'],"['English', '广州话 / 廣州話', '普通话']",1998-07-10,1998.0,7.0
11551,Small Soldiers,40000000.0,54682547.0,110.0,10.03936,6.2,522.0,en,"['Comedy', 'Adventure', 'Fantasy', 'Science Fiction', 'Action']",['United States of America'],"['English', 'Français', 'Magyar', 'Español']",1998-07-10,1998.0,7.0
473,Pi,60000.0,3221152.0,84.0,10.621362,7.1,600.0,en,"['Mystery', 'Drama', 'Thriller']",['United States of America'],['English'],1998-07-10,1998.0,7.0
544,There's Something About Mary,23000000.0,369884651.0,119.0,11.688958,6.5,1616.0,en,"['Romance', 'Comedy']",['United States of America'],['English'],1998-07-15,1998.0,7.0
65203,The Broadway Melody,379000.0,4358000.0,100.0,0.758012,5.0,20.0,en,"['Drama', 'Music', 'Romance']",['United States of America'],['English'],1929-02-08,1929.0,2.0
33680,Grand Hotel,700000.0,2594000.0,112.0,11.118844,6.5,67.0,en,"['Drama', 'Romance']",['United States of America'],['English'],1932-05-25,1932.0,5.0
56164,Cavalcade,1180280.0,7630000.0,110.0,1.196324,4.6,17.0,en,['Drama'],['United States of America'],['English'],1933-02-08,1933.0,2.0
12311,Mutiny on the Bounty,1950000.0,4460000.0,132.0,7.135215,7.1,72.0,en,"['Adventure', 'Drama', 'History', 'Romance']",['United States of America'],"['English', 'Magyar', '']",1935-11-08,1935.0,11.0
34106,You Can't Take It With You,1644736.0,7433101.0,126.0,4.370592,7.2,79.0,en,"['Comedy', 'Romance']",['United States of America'],"['English', 'Pусский']",1938-08-23,1938.0,8.0
43266,How Green Was My Valley,1250000.0,6000000.0,118.0,9.058578,6.9,76.0,en,['Drama'],['United States of America'],"['English', 'Cymraeg']",1941-10-28,1941.0,10.0
27367,Mrs. Miniver,1344000.0,13500000.0,134.0,3.306745,6.7,47.0,en,"['Drama', 'Romance', 'War']",['United States of America'],"['English', 'Deutsch']",1942-06-04,1942.0,6.0
28580,The Lost Weekend,1250000.0,11000000.0,101.0,8.731331,7.4,115.0,en,['Drama'],['United States of America'],['English'],1945-11-25,1945.0,11.0
887,The Best Years of Our Lives,2100000.0,23650000.0,172.0,6.069343,7.6,148.0,en,"['Drama', 'History', 'Romance']",['United States of America'],['English'],1946-12-25,1946.0,12.0
33667,Gentleman's Agreement,2000000.0,7800000.0,118.0,6.857318,6.8,48.0,en,"['Drama', 'Romance']",['United States of America'],['English'],1947-11-11,1947.0,11.0
27191,The Greatest Show on Earth,4000000.0,36000000.0,152.0,4.011363,6.6,51.0,en,"['Action', 'Drama', 'Romance']",['United States of America'],"['English', 'Deutsch']",1952-01-10,1952.0,1.0
11426,From Here to Eternity,1650000.0,30500000.0,118.0,5.358582,7.2,137.0,en,"['War', 'Drama', 'Romance']",['United States of America'],['English'],1953-08-28,1953.0,8.0
654,On the Waterfront,910000.0,9600000.0,108.0,18.211093,8.0,368.0,en,"['Crime', 'Drama']",['United States of America'],['English'],1954-06-22,1954.0,6.0
15919,Marty,343000.0,3000000.0,90.0,11.589081,7.2,75.0,en,"['Drama', 'Romance']",['United States of America'],['English'],1955-04-11,1955.0,4.0
1725,West Side Story,6000000.0,43656822.0,152.0,8.389903,7.0,399.0,en,"['Crime', 'Drama', 'Music']",['United States of America'],['English'],1961-10-18,1961.0,10.0
5769,Tom Jones,1000000.0,37600000.0,128.0,3.315827,6.1,40.0,en,"['Adventure', 'Comedy', 'History', 'Romance']",['United Kingdom'],['English'],1963-10-06,1963.0,10.0
874,A Man for All Seasons,3900000.0,28350000.0,120.0,6.997888,7.5,90.0,en,"['Drama', 'History']",['United Kingdom'],"['English', 'Français', 'Latin', 'Español']",1966-12-12,1966.0,12.0
10633,In the Heat of the Night,2000000.0,27379978.0,109.0,9.059617,7.5,207.0,en,"['Crime', 'Drama', 'Mystery', 'Thriller']",['United States of America'],['English'],1967-08-02,1967.0,8.0
17917,Oliver!,10000000.0,37402877.0,153.0,8.630078,7.0,106.0,en,"['Drama', 'Family', 'Music']",['United Kingdom'],['English'],1968-09-26,1968.0,9.0
3116,Midnight Cowboy,3600000.0,44785053.0,113.0,10.579988,7.4,307.0,en,['Drama'],['United States of America'],"['English', 'Italiano']",1969-05-25,1969.0,5.0
1051,The French Connection,1800000.0,41158757.0,104.0,6.694959,7.4,435.0,en,"['Action', 'Crime', 'Thriller']",['United States of America'],"['English', 'Français']",1971-10-09,1971.0,10.0
1366,Rocky,1000000.0,117235147.0,119.0,14.774066,7.5,1843.0,en,['Drama'],['United States of America'],['English'],1976-11-21,1976.0,11.0
12102,Kramer vs. Kramer,8000000.0,106260000.0,105.0,9.741644,7.4,483.0,en,['Drama'],['United States of America'],['English'],1979-12-18,1979.0,12.0
9443,Chariots of Fire,5500000.0,58972904.0,123.0,6.877698,6.9,213.0,en,"['Drama', 'History']",['United Kingdom'],"['English', 'Français']",1981-05-15,1981.0,5.0
606,Out of Africa,31000000.0,128499205.0,161.0,14.004074,7.0,290.0,en,['Drama'],['United States of America'],"['English', 'Kiswahili']",1985-12-20,1985.0,12.0
746,The Last Emperor,23000000.0,43984230.0,163.0,11.076971,7.4,362.0,en,"['Drama', 'History']","['France', 'China', 'United Kingdom', 'Italy']","['Český', 'English', '日本語', '普通话', 'Pусский']",1987-10-21,1987.0,10.0
380,Rain Man,25000000.0,412800000.0,133.0,11.267467,7.6,1762.0,en,['Drama'],['United States of America'],"['Italiano', 'English']",1988-12-11,1988.0,12.0
403,Driving Miss Daisy,7500000.0,145793296.0,99.0,10.703677,7.0,358.0,en,"['Comedy', 'Drama']",['United States of America'],"['English', 'Magyar', 'Polski']",1989-12-13,1989.0,12.0
13820,Repo Man,1500000.0,2300000.0,92.0,6.357559,6.7,146.0,en,"['Comedy', 'Crime', 'Science Fiction', 'Thriller']",['United States of America'],['English'],1984-02-20,1984.0,2.0
13597,Labyrinth,25000000.0,12729917.0,101.0,13.009688,7.1,618.0,en,"['Adventure', 'Family', 'Fantasy']","['United Kingdom', 'United States of America']",['English'],1986-06-27,1986.0,6.0
2108,The Breakfast Club,1000000.0,51525171.0,97.0,12.627678,7.8,2189.0,en,"['Comedy', 'Drama']",['United States of America'],['English'],1985-02-15,1985.0,2.0
10014,A Nightmare on Elm Street Part 2: Freddy's Revenge,3000000.0,29999213.0,87.0,8.668146,5.7,367.0,en,['Horror'],['United States of America'],['English'],1985-10-31,1985.0,10.0
10072,A Nightmare on Elm Street 3: Dream Warriors,5000000.0,44793222.0,96.0,10.035081,6.5,363.0,en,"['Horror', 'Thriller']",['United States of America'],['English'],1987-02-27,1987.0,2.0
10131,A Nightmare on Elm Street 4: The Dream Master,7000000.0,72500000.0,99.0,8.120317,5.8,287.0,en,"['Horror', 'Thriller']",['United States of America'],['English'],1988-08-19,1988.0,8.0
10160,A Nightmare on Elm Street 5: The Dream Child,8000000.0,22168359.0,89.0,7.534739,5.5,251.0,en,"['Horror', 'Thriller']",['United States of America'],['English'],1989-08-11,1989.0,8.0
11284,Freddy's Dead: The Final Nightmare,11000000.0,34872033.0,89.0,11.560358,5.1,280.0,en,"['Horror', 'Thriller', 'Comedy']",['United States of America'],['English'],1991-09-05,1991.0,9.0
4488,Friday the 13th,550000.0,59754601.0,95.0,12.146747,6.4,622.0,en,['Horror'],['United States of America'],['English'],1980-05-09,1980.0,5.0
9725,Friday the 13th Part 2,1250000.0,21722776.0,87.0,8.710824,6.0,321.0,en,"['Horror', 'Thriller']",['United States of America'],['English'],1981-05-01,1981.0,5.0
9728,Friday the 13th Part III,4000000.0,36690067.0,95.0,7.99229,5.7,257.0,en,"['Horror', 'Thriller']",['United States of America'],['English'],1982-08-13,1982.0,8.0
9730,Friday the 13th: The Final Chapter,2600000.0,32980880.0,91.0,10.175913,5.9,241.0,en,"['Horror', 'Thriller']",['United States of America'],"['English', 'Español']",1984-04-13,1984.0,4.0
9731,Friday the 13th: A New Beginning,2200000.0,21930418.0,92.0,9.094477,5.1,200.0,en,"['Horror', 'Thriller']",['United States of America'],['English'],1985-03-22,1985.0,3.0
10225,Friday the 13th Part VI: Jason Lives,3000000.0,19472057.0,86.0,8.122042,5.7,219.0,en,"['Horror', 'Mystery', 'Thriller']",['United States of America'],['English'],1986-08-01,1986.0,8.0
10281,Friday the 13th Part VII: The New Blood,2800000.0,19170001.0,88.0,7.909022,5.3,196.0,en,"['Horror', 'Thriller']",['United States of America'],['English'],1988-05-13,1988.0,5.0
10283,Friday the 13th Part VIII: Jason Takes Manhattan,5000000.0,14000000.0,100.0,7.743144,4.8,194.0,en,"['Horror', 'Thriller']",['United States of America'],['English'],1989-07-28,1989.0,7.0
948,Halloween,300000.0,70000000.0,91.0,13.672759,7.4,1066.0,en,"['Horror', 'Thriller']",['United States of America'],['English'],1978-10-25,1978.0,10.0
11281,Halloween II,2500000.0,25533818.0,92.0,13.501144,6.4,370.0,en,"['Horror', 'Thriller']",['United States of America'],['English'],1981-10-30,1981.0,10.0
10676,Halloween III: Season of the Witch,2500000.0,14400000.0,98.0,6.066618,5.0,232.0,en,"['Horror', 'Mystery', 'Science Fiction']",['United States of America'],['English'],1982-10-22,1982.0,10.0
11357,Halloween 4: The Return of Michael Myers,5000000.0,17768757.0,88.0,6.199806,5.9,212.0,en,"['Horror', 'Thriller']",['United States of America'],['English'],1988-10-21,1988.0,10.0
11361,Halloween 5: The Revenge of Michael Myers,5000000.0,11642254.0,96.0,6.585405,5.3,187.0,en,"['Horror', 'Thriller']",['United States of America'],['English'],1989-10-12,1989.0,10.0
36599,Prom Night,1000000.0,14796236.0,92.0,3.65867,6.0,85.0,en,"['Horror', 'Mystery', 'Thriller']",['Canada'],['English'],1980-07-18,1980.0,7.0
10585,Child's Play,9000000.0,44196684.0,87.0,19.827546,6.3,605.0,en,"['Horror', 'Thriller']",['United States of America'],['English'],1988-11-08,1988.0,11.0
11186,Child's Play 2,13000000.0,35763605.0,84.0,14.310479,5.8,323.0,en,"['Drama', 'Horror']",['United States of America'],"['English', 'Türkçe']",1990-11-09,1990.0,11.0
11187,Child's Play 3,13000000.0,20560255.0,90.0,24.515462,5.5,274.0,en,"['Thriller', 'Horror', 'Action']","['United Kingdom', 'United States of America']","['Český', 'English']",1991-08-30,1991.0,8.0
609,Poltergeist,10700000.0,122200000.0,114.0,11.776326,7.1,811.0,en,['Horror'],['United States of America'],['English'],1982-06-04,1982.0,6.0
11133,Poltergeist II: The Other Side,19000000.0,40996665.0,91.0,6.701138,5.8,172.0,en,"['Horror', 'Thriller']",['United States of America'],['English'],1986-05-23,1986.0,5.0
10306,Poltergeist III,10500000.0,14144000.0,98.0,7.977693,4.6,127.0,en,"['Horror', 'Thriller']",['United States of America'],['English'],1988-06-10,1988.0,6.0
9552,The Exorcist,8000000.0,441306145.0,122.0,12.137595,7.5,2046.0,en,"['Drama', 'Horror', 'Thriller']",['United States of America'],"['Deutsch', 'Français', 'Latin', 'العربية', 'ελληνικά', 'English']",1973-12-26,1973.0,12.0
11586,Exorcist II: The Heretic,14000000.0,30749142.0,118.0,8.266984,4.5,137.0,en,"['Horror', 'Thriller', 'Fantasy']",['United States of America'],"['English', 'Français', 'Español']",1977-06-17,1977.0,6.0
941,Lethal Weapon,15000000.0,120207127.0,110.0,13.183804,7.0,1367.0,en,"['Adventure', 'Action', 'Comedy', 'Thriller', 'Crime']",['United States of America'],['English'],1987-03-06,1987.0,3.0
942,Lethal Weapon 2,25000000.0,227853986.0,114.0,12.834276,6.7,1066.0,en,"['Action', 'Adventure', 'Comedy', 'Crime', 'Thriller']",['United States of America'],"['English', 'Afrikaans']",1989-07-07,1989.0,7.0
943,Lethal Weapon 3,35000000.0,321731527.0,118.0,10.786007,6.4,824.0,en,"['Adventure', 'Action', 'Comedy', 'Thriller', 'Crime']",['United States of America'],['English'],1992-05-15,1992.0,5.0
927,Gremlins,11000000.0,153083102.0,106.0,11.333125,6.9,1629.0,en,"['Fantasy', 'Horror', 'Comedy']",['United States of America'],"['English', 'Español']",1984-06-07,1984.0,6.0
928,Gremlins 2: The New Batch,50000000.0,41482207.0,106.0,14.383185,6.3,664.0,en,"['Comedy', 'Horror', 'Fantasy']",['United States of America'],['English'],1990-06-15,1990.0,6.0
9340,The Goonies,19000000.0,61503218.0,114.0,14.280703,7.4,1563.0,en,"['Adventure', 'Comedy', 'Family']",['United States of America'],"['English', 'Italiano', 'Español', '广州话 / 廣州話']",1985-06-06,1985.0,6.0
9342,The Mask of Zorro,95000000.0,250288523.0,136.0,11.348096,6.3,1211.0,en,"['Action', 'Adventure']",['United States of America'],['English'],1998-07-16,1998.0,7.0
19,Metropolis,92620000.0,650422.0,153.0,14.487867,8.0,666.0,de,"['Drama', 'Science Fiction']",['Germany'],['No Language'],1927-01-10,1927.0,1.0
165,Back to the Future Part II,40000000.0,332000000.0,108.0,13.689855,7.4,3926.0,en,"['Adventure', 'Comedy', 'Family', 'Science Fiction']",['United States of America'],['English'],1989-11-20,1989.0,11.0
196,Back to the Future Part III,40000000.0,244527583.0,118.0,13.043999,7.1,2978.0,en,"['Adventure', 'Comedy', 'Family', 'Science Fiction']",['United States of America'],['English'],1990-05-25,1990.0,5.0
551,The Poseidon Adventure,5000000.0,84563118.0,117.0,10.341849,7.3,274.0,en,"['Action', 'Adventure']",['United States of America'],['English'],1972-12-01,1972.0,12.0
3170,Bambi,858000.0,267447150.0,70.0,13.698132,6.8,1450.0,en,"['Animation', 'Drama', 'Family']",['United States of America'],['English'],1942-08-14,1942.0,8.0
346,Seven Samurai,2000000.0,271841.0,207.0,15.01777,8.2,892.0,ja,"['Action', 'Drama']",['Japan'],['日本語'],1954-04-26,1954.0,4.0
859,Dangerous Liaisons,14000000.0,34670720.0,119.0,11.46781,7.1,267.0,en,"['Drama', 'Romance']","['United Kingdom', 'United States of America']",['English'],1988-12-16,1988.0,12.0
841,Dune,40000000.0,30925690.0,137.0,9.261189,6.5,576.0,en,"['Action', 'Science Fiction', 'Adventure']",['United States of America'],"['English', 'Italiano']",1984-12-14,1984.0,12.0
11051,The Last Temptation of Christ,7000000.0,8373585.0,164.0,11.370288,7.0,206.0,en,['Drama'],"['United States of America', 'Canada']",['English'],1988-08-12,1988.0,8.0
242,The Godfather: Part III,54000000.0,136766062.0,162.0,17.185349,7.1,1589.0,en,"['Crime', 'Drama', 'Thriller']","['Italy', 'United States of America']","['English', 'Italiano', 'Deutsch', 'Latin']",1990-12-24,1990.0,12.0
1411,The Rapture,1227401.0,1277401.0,100.0,8.319631,6.4,15.0,en,"['Mystery', 'Drama']",['United States of America'],['English'],1991-10-04,1991.0,10.0
9769,Lolita,62000000.0,1060056.0,137.0,10.618141,7.0,288.0,en,"['Drama', 'Romance']","['France', 'United States of America']",['English'],1997-09-27,1997.0,9.0
9424,Disturbing Behavior,15000000.0,17507368.0,84.0,11.054751,5.5,104.0,en,"['Mystery', 'Horror', 'Science Fiction']","['Australia', 'United States of America']",['English'],1998-07-24,1998.0,7.0
9835,Jane Austen's Mafia!,10000000.0,19000000.0,84.0,6.046893,5.4,52.0,en,"['Comedy', 'Crime']",['United States of America'],"['Italiano', 'English']",1998-07-24,1998.0,7.0
857,Saving Private Ryan,70000000.0,481840909.0,169.0,21.758054,7.9,5148.0,en,"['Drama', 'History', 'War']",['United States of America'],"['Český', 'Deutsch', 'English', 'Français']",1998-07-24,1998.0,7.0
10957,The Black Cauldron,25000000.0,21288692.0,80.0,9.806685,6.5,228.0,en,['Animation'],['United States of America'],['English'],1985-07-24,1985.0,7.0
9570,The Black Hole,20000000.0,35841901.0,98.0,7.499388,6.1,132.0,en,"['Adventure', 'Family', 'Science Fiction', 'Action']",['United States of America'],['English'],1979-12-18,1979.0,12.0
65157,Cheetah,5000000.0,8153677.0,83.0,0.011574,5.9,10.0,en,"['Drama', 'Family']",[],['English'],1989-08-18,1989.0,8.0
9994,The Great Mouse Detective,14000000.0,38625550.0,74.0,11.183924,6.9,334.0,en,"['Comedy', 'Animation', 'Family']",['United States of America'],['English'],1986-07-02,1986.0,7.0
10439,Hocus Pocus,28000000.0,39514713.0,96.0,10.390708,6.5,491.0,en,"['Comedy', 'Family', 'Fantasy']",['United States of America'],['English'],1993-07-16,1993.0,7.0
11158,Honey I Blew Up the Kid,40000000.0,58662452.0,89.0,12.337898,4.8,272.0,en,"['Adventure', 'Comedy', 'Family', 'Science Fiction']",['United States of America'],['English'],1992-07-16,1992.0,7.0
9354,"Honey, I Shrunk the Kids",32000000.0,222724172.0,93.0,12.358786,6.1,756.0,en,"['Adventure', 'Comedy', 'Family', 'Science Fiction']",['United States of America'],['English'],1989-06-22,1989.0,6.0
9631,The Negotiator,50000000.0,44547681.0,140.0,7.65502,6.8,593.0,en,"['Action', 'Adventure', 'Crime', 'Drama', 'Mystery', 'Thriller']","['Germany', 'United States of America']",['English'],1998-07-29,1998.0,7.0
1779,Roger & Me,160000.0,6706368.0,91.0,4.877009,7.4,92.0,en,"['Documentary', 'History']",['United States of America'],['English'],1989-09-01,1989.0,9.0
10849,The Purple Rose of Cairo,15000000.0,10631333.0,82.0,6.133697,7.3,206.0,en,"['Fantasy', 'Comedy', 'Romance']",['United States of America'],['English'],1985-03-01,1985.0,3.0
907,Doctor Zhivago,11000000.0,111858363.0,197.0,8.489499,7.4,252.0,en,"['Drama', 'Romance', 'War']","['Italy', 'United States of America']","['English', 'Pусский']",1965-12-22,1965.0,12.0
11974,The 'Burbs,18000000.0,36602000.0,101.0,7.889227,6.6,312.0,en,"['Comedy', 'Horror', 'Thriller']",['United States of America'],['English'],1989-02-17,1989.0,2.0
793,Blue Velvet,6000000.0,8551228.0,120.0,7.882247,7.7,758.0,en,"['Crime', 'Drama', 'Mystery', 'Thriller']",['United States of America'],['English'],1986-08-01,1986.0,8.0
9325,The Jungle Book,4000000.0,205843612.0,78.0,22.845448,7.1,1791.0,en,"['Family', 'Animation', 'Adventure']",['United States of America'],['English'],1967-10-17,1967.0,10.0
10144,The Little Mermaid,40000000.0,222300000.0,83.0,17.496832,7.2,1921.0,en,"['Animation', 'Family']",['United States of America'],"['English', 'Français']",1989-11-17,1989.0,11.0
10414,The Mighty Ducks,10000000.0,50752337.0,101.0,6.113646,6.4,203.0,en,"['Comedy', 'Family']",['United States of America'],['English'],1992-10-01,1992.0,10.0
12230,One Hundred and One Dalmatians,4000000.0,215880014.0,79.0,15.727519,6.8,1643.0,en,"['Adventure', 'Animation', 'Comedy', 'Family']",['United States of America'],['English'],1961-01-25,1961.0,1.0
10693,Peter Pan,4000000.0,87404651.0,77.0,16.861533,7.0,1380.0,en,"['Animation', 'Music', 'Family', 'Adventure', 'Fantasy']",['United States of America'],['English'],1953-02-05,1953.0,2.0
11135,The Rescuers Down Under,37931000.0,47431461.0,77.0,1.562471,6.6,303.0,en,"['Adventure', 'Animation', 'Crime', 'Family', 'Fantasy']",['United States of America'],"['Dansk', 'English', '한국어/조선말', 'Norsk', 'svenska']",1990-11-16,1990.0,11.0
11319,The Rescuers,1200000.0,71215869.0,78.0,11.32442,6.7,609.0,en,"['Fantasy', 'Family', 'Animation', 'Adventure']",['United States of America'],['English'],1977-06-22,1977.0,6.0
13155,Return to Oz,25000000.0,11137801.0,109.0,6.523262,6.6,122.0,en,"['Adventure', 'Family', 'Fantasy']","['United Kingdom', 'United States of America']",['English'],1985-06-21,1985.0,6.0
10249,The Rocketeer,42000000.0,62000000.0,108.0,10.536644,6.3,265.0,en,"['Action', 'Adventure', 'Science Fiction', 'Family']",['United States of America'],['English'],1991-06-21,1991.0,6.0
10882,Sleeping Beauty,6000000.0,51000000.0,75.0,14.276169,6.8,1332.0,en,"['Fantasy', 'Animation', 'Romance', 'Family']",['United States of America'],['English'],1959-01-28,1959.0,1.0
24808,Something Wicked This Way Comes,19000000.0,5656087.0,95.0,3.985819,6.6,38.0,en,"['Fantasy', 'Mystery', 'Thriller']",['United States of America'],['English'],1983-04-29,1983.0,4.0
2619,Splash,8000000.0,69821334.0,111.0,8.441602,6.1,328.0,en,"['Comedy', 'Fantasy', 'Romance']",['United States of America'],"['English', 'Italiano']",1984-03-09,1984.0,3.0
97,Tron,17000000.0,33000000.0,96.0,16.574021,6.6,717.0,en,"['Science Fiction', 'Action', 'Adventure']",['United States of America'],['English'],1982-07-09,1982.0,7.0
11675,Halloween: H20,17000000.0,55041738.0,86.0,8.619068,5.7,306.0,en,"['Horror', 'Thriller']",['United States of America'],['English'],1998-08-05,1998.0,8.0
19158,Graveyard Shift,10500000.0,11582891.0,89.0,4.668541,4.5,52.0,en,"['Drama', 'Horror']","['Japan', 'United States of America']",['English'],1990-10-26,1990.0,10.0
227,The Outsiders,10000000.0,33697647.0,91.0,6.435926,6.9,293.0,en,"['Crime', 'Drama']",['United States of America'],['English'],1983-03-25,1983.0,3.0
87,Indiana Jones and the Temple of Doom,28000000.0,333000000.0,118.0,15.802306,7.1,2841.0,en,"['Adventure', 'Action']",['United States of America'],"['English', '']",1984-05-23,1984.0,5.0
123,The Lord of the Rings,4000000.0,30471420.0,132.0,7.914795,6.1,187.0,en,"['Fantasy', 'Drama', 'Animation', 'Adventure']",['United States of America'],['English'],1978-11-15,1978.0,11.0
11336,The Dead Zone,10000000.0,20766616.0,103.0,11.194448,6.9,320.0,en,"['Horror', 'Science Fiction', 'Thriller']",['United States of America'],"['English', 'Pусский']",1983-10-21,1983.0,10.0
9980,Maximum Overdrive,10000000.0,7433663.0,97.0,6.614078,5.5,170.0,en,"['Action', 'Drama', 'Horror', 'Science Fiction']",['United States of America'],['English'],1986-07-25,1986.0,7.0
10489,Cujo,5000000.0,21200000.0,91.0,7.065626,5.7,194.0,en,"['Horror', 'Thriller']",['United States of America'],"['English', 'Magyar']",1983-08-10,1983.0,8.0
10823,Children of the Corn,800000.0,14000000.0,93.0,11.84696,5.6,243.0,en,"['Drama', 'Fantasy', 'Horror', 'Thriller']",['United States of America'],"['English', 'Português', 'Español']",1984-03-09,1984.0,3.0
11497,All Dogs Go to Heaven,13800000.0,27100027.0,89.0,7.068389,6.3,244.0,en,"['Drama', 'Animation', 'Family', 'Comedy', 'Fantasy']","['Ireland', 'United Kingdom', 'United States of America']",['English'],1989-11-17,1989.0,11.0
2907,The Addams Family,30000000.0,191502426.0,99.0,12.962525,6.7,871.0,en,"['Horror', 'Comedy', 'Fantasy']",['United States of America'],['English'],1991-11-22,1991.0,11.0
9454,Ever After: A Cinderella Story,26000000.0,65705772.0,121.0,13.309701,6.8,408.0,en,"['Drama', 'Romance', 'Comedy']",['United States of America'],['English'],1998-07-31,1998.0,7.0
8688,Snake Eyes,73000000.0,103891409.0,98.0,11.604533,5.8,331.0,en,"['Crime', 'Mystery']","['Canada', 'United States of America']","['Český', 'English']",1998-08-07,1998.0,8.0
118452,"First Love, Last Rites",300000.0,40542.0,94.0,0.546143,3.0,1.0,en,['Drama'],['United States of America'],['English'],1998-08-07,1998.0,8.0
23954,Atlantic City,7200000.0,12729678.0,104.0,3.835188,6.7,58.0,en,"['Crime', 'Drama', 'Romance']","['Canada', 'France']","['English', 'Français']",1980-09-02,1980.0,9.0
396,Who's Afraid of Virginia Woolf?,7500000.0,33736689.0,131.0,5.564294,7.8,199.0,en,['Drama'],['United States of America'],"['English', 'Latin']",1966-06-21,1966.0,6.0
16081,Doctor Dolittle,18000000.0,9000000.0,152.0,3.896319,6.0,42.0,en,"['Adventure', 'Fantasy', 'Comedy', 'Family', 'Music', 'Romance']",['United States of America'],"['English', 'Pусский']",1967-12-19,1967.0,12.0
11837,Watership Down,1000000.0,3713768.0,88.0,5.602126,7.3,159.0,en,"['Adventure', 'Animation', 'Drama']",['United Kingdom'],['English'],1978-10-14,1978.0,10.0
11704,The Secret of NIMH,7000000.0,14665733.0,82.0,10.812275,7.5,186.0,en,"['Fantasy', 'Animation', 'Drama', 'Family']",['United States of America'],['English'],1982-06-17,1982.0,6.0
11639,The Dark Crystal,15000000.0,40577001.0,93.0,13.524001,7.3,233.0,en,['Fantasy'],"['United Kingdom', 'United States of America']","['English', 'Italiano']",1982-12-17,1982.0,12.0
4978,An American Tail,9000000.0,84542002.0,80.0,11.928545,6.6,344.0,en,"['Drama', 'Family', 'Animation', 'Adventure']",['United States of America'],['English'],1986-11-21,1986.0,11.0
11976,Legend,25000000.0,15502112.0,94.0,10.932786,6.2,282.0,en,"['Adventure', 'Fantasy']","['United States of America', 'United Kingdom']","['English', 'Italiano']",1985-07-19,1985.0,7.0
15144,Sixteen Candles,6500000.0,23686027.0,93.0,6.683723,6.9,455.0,en,"['Comedy', 'Romance']",['United States of America'],['English'],1984-05-04,1984.0,5.0
8393,The Gods Must Be Crazy,5000000.0,60000000.0,109.0,10.973482,7.1,251.0,en,"['Action', 'Comedy']","['South Africa', 'Botswana']","['Afrikaans', 'English']",1980-09-10,1980.0,9.0
9320,The Avengers,60000000.0,48585416.0,89.0,9.562953,4.4,205.0,en,['Thriller'],['United States of America'],['English'],1998-08-13,1998.0,8.0
33644,How Stella Got Her Groove Back,20000000.0,37672350.0,124.0,3.645263,6.0,24.0,en,"['Comedy', 'Drama', 'Romance']",['United States of America'],['English'],1998-08-14,1998.0,8.0
805,Rosemary's Baby,3200000.0,33395426.0,136.0,11.504558,7.5,892.0,en,"['Horror', 'Drama', 'Mystery']",['United States of America'],['English'],1968-06-12,1968.0,6.0
34584,The NeverEnding Story,27000000.0,20158808.0,102.0,14.225919,7.0,1031.0,en,"['Drama', 'Family', 'Fantasy', 'Adventure']","['Germany', 'United States of America']",['English'],1984-04-05,1984.0,4.0
34636,The Neverending Story II: The Next Chapter,32000000.0,16283667.0,89.0,6.658994,5.5,193.0,en,"['Drama', 'Family', 'Fantasy', 'Adventure']","['Germany', 'United States of America']","['English', 'Deutsch']",1990-10-24,1990.0,10.0
77469,Your Friends & Neighbors,5000000.0,4710749.0,100.0,1.564774,5.9,17.0,en,"['Drama', 'Comedy']",['United States of America'],['English'],1998-02-04,1998.0,2.0
36647,Blade,45000000.0,131183530.0,120.0,15.043454,6.5,1950.0,en,"['Horror', 'Action']",['United States of America'],"['Pусский', 'English']",1998-08-21,1998.0,8.0
4011,Beetlejuice,15000000.0,73326666.0,92.0,10.627364,7.1,1475.0,en,"['Fantasy', 'Comedy']",['United States of America'],['English'],1988-02-29,1988.0,2.0
1580,Rope,1500000.0,2200000.0,80.0,7.248676,7.8,539.0,en,"['Crime', 'Drama', 'Mystery', 'Thriller']",['United States of America'],['English'],1948-08-23,1948.0,8.0
5854,Family Plot,2000000.0,7900000.0,121.0,4.845776,6.7,86.0,en,"['Comedy', 'Crime', 'Thriller']",['United States of America'],['English'],1976-04-09,1976.0,4.0
573,Frenzy,3500000.0,12600000.0,116.0,5.316387,7.2,162.0,en,"['Crime', 'Drama', 'Mystery', 'Thriller']",['United Kingdom'],['English'],1972-05-25,1972.0,5.0
2370,Topaz,4000000.0,6000000.0,143.0,5.757907,6.1,78.0,en,"['Action', 'Drama', 'Mystery', 'Thriller']",['United States of America'],"['English', 'Français', 'Pусский', 'Español']",1969-12-18,1969.0,12.0
5780,Torn Curtain,3000000.0,13000000.0,128.0,6.243248,6.4,120.0,en,"['Mystery', 'Thriller']",['United States of America'],"['English', 'Deutsch', 'Norsk', 'svenska']",1966-07-13,1966.0,7.0
506,Marnie,2135161.0,7000000.0,130.0,6.409094,7.2,233.0,en,"['Crime', 'Drama', 'Mystery', 'Thriller']",['United States of America'],"['English', 'Español']",1964-07-09,1964.0,7.0
22527,The Wrong Man,1200000.0,2000000.0,105.0,8.56081,6.9,105.0,en,"['Crime', 'Drama', 'Mystery']",['United States of America'],"['English', 'Italiano', 'Español']",1956-12-22,1956.0,12.0
574,The Man Who Knew Too Much,2500000.0,10250000.0,120.0,12.547763,7.3,276.0,en,"['Adventure', 'Crime', 'Drama', 'Mystery', 'Thriller']",['United States of America'],"['العربية', 'English', 'Français', 'Italiano']",1956-06-01,1956.0,6.0
11219,The Trouble with Harry,1200000.0,7000000.0,99.0,6.486117,6.9,152.0,en,"['Comedy', 'Mystery', 'Thriller']",['United States of America'],['English'],1955-10-03,1955.0,10.0
845,Strangers on a Train,1200000.0,7000000.0,101.0,15.41773,7.6,379.0,en,"['Crime', 'Drama', 'Thriller']",['United States of America'],"['Français', 'English']",1951-06-18,1951.0,6.0
3682,54,13000000.0,16757163.0,106.0,8.736869,5.5,138.0,en,"['Music', 'Drama']",['United States of America'],['English'],1998-08-28,1998.0,8.0
51942,I Married a Strange Person!,250.0,203.0,72.0,0.817002,7.5,12.0,en,"['Drama', 'Comedy', 'Animation']",['United States of America'],['English'],1998-08-28,1998.0,8.0
847,Willow,35000000.0,57269863.0,126.0,9.918312,6.9,484.0,en,"['Adventure', 'Drama', 'Action']",['United States of America'],['English'],1988-05-01,1988.0,5.0
117,The Untouchables,25000000.0,76270454.0,119.0,11.062203,7.6,1424.0,en,"['Crime', 'Drama', 'History', 'Thriller']",['United States of America'],['English'],1987-06-02,1987.0,6.0
11462,Suspicion,1103000.0,4500000.0,99.0,5.660476,7.1,140.0,en,"['Mystery', 'Thriller']",['United States of America'],['English'],1941-11-14,1941.0,11.0
10220,Rounders,12000000.0,22921898.0,121.0,8.783454,6.9,451.0,en,"['Drama', 'Crime']",['United States of America'],"['Pусский', 'English', 'עִבְרִית']",1998-09-11,1998.0,9.0
431,Cube,250000.0,501818.0,90.0,12.095263,6.9,1101.0,en,"['Thriller', 'Science Fiction', 'Mystery']",['Canada'],"['Deutsch', 'English']",1997-09-09,1997.0,9.0
22796,Simon Birch,20000000.0,18253415.0,114.0,2.651408,6.5,52.0,en,"['Comedy', 'Drama', 'Family']",['United States of America'],['English'],1998-09-11,1998.0,9.0
22256,Without Limits,25000000.0,777423.0,117.0,3.643468,6.4,20.0,en,['Drama'],['United States of America'],['English'],1998-09-11,1998.0,9.0
12626,Broadcast News,20000000.0,51249404.0,133.0,8.627019,6.8,101.0,en,"['Comedy', 'Drama', 'Romance']",['United States of America'],['English'],1987-12-16,1987.0,12.0
3525,Working Girl,28000000.0,103173635.0,114.0,8.318954,6.5,242.0,en,"['Comedy', 'Drama', 'Romance']",['United States of America'],"['Deutsch', 'English']",1988-12-20,1988.0,12.0
2321,Married to the Mob,10000000.0,21486757.0,104.0,5.611184,5.8,67.0,en,"['Comedy', 'Crime', 'Romance']",['United States of America'],['English'],1988-08-19,1988.0,8.0
48311,Parasite,800000.0,7000000.0,85.0,0.577976,5.1,8.0,en,"['Horror', 'Science Fiction']",['United States of America'],['English'],1982-03-12,1982.0,3.0
11933,Nothing but Trouble,40000000.0,8479793.0,94.0,10.39662,5.0,88.0,en,"['Comedy', 'Adventure']",['United States of America'],['English'],1991-02-14,1991.0,2.0
881,A Few Good Men,40000000.0,243240178.0,138.0,12.330249,7.1,899.0,en,['Drama'],['United States of America'],['English'],1992-12-11,1992.0,12.0
4478,Indecent Proposal,38000000.0,266614059.0,117.0,7.118123,5.8,300.0,en,['Drama'],['United States of America'],['English'],1993-04-07,1993.0,4.0
2109,Rush Hour,33000000.0,244386864.0,98.0,11.840557,6.8,1254.0,en,"['Action', 'Comedy', 'Crime', 'Thriller']",['United States of America'],['English'],1998-09-18,1998.0,9.0
24746,Six-String Samurai,2000000.0,124494.0,91.0,2.740989,5.8,36.0,en,"['Action', 'Adventure', 'Science Fiction']",['United States of America'],['English'],1998-09-18,1998.0,9.0
8195,Ronin,55000000.0,41610884.0,122.0,9.672094,6.8,670.0,en,"['Action', 'Thriller', 'Crime', 'Adventure']","['France', 'United Kingdom', 'United States of America']","['English', 'Français', 'Pусский']",1998-09-25,1998.0,9.0
9877,Urban Legend,14000000.0,72527595.0,99.0,6.081401,5.6,293.0,en,"['Horror', 'Thriller']","['Canada', 'France', 'United States of America']","['English', 'Italiano']",1998-09-25,1998.0,9.0
24016,The Sheltering Sky,25000000.0,2075084.0,138.0,13.798247,6.4,51.0,en,"['Adventure', 'Drama', 'Romance']","['Italy', 'United Kingdom']","['العربية', 'English', 'Français']",1990-10-24,1990.0,10.0
1091,The Thing,15000000.0,19629760.0,109.0,16.83125,7.8,1629.0,en,"['Horror', 'Mystery', 'Science Fiction']",['United States of America'],"['English', 'Norsk']",1982-06-25,1982.0,6.0
10403,The Player,8000000.0,21706101.0,124.0,6.230854,6.9,169.0,en,"['Comedy', 'Drama']",['United States of America'],['English'],1992-04-03,1992.0,4.0
11337,Stardust Memories,10000000.0,10389003.0,89.0,5.720538,6.9,96.0,en,"['Comedy', 'Drama', 'Romance']",['United States of America'],['English'],1980-09-26,1980.0,9.0
162,Edward Scissorhands,20000000.0,53000000.0,105.0,17.612244,7.5,3731.0,en,"['Fantasy', 'Drama', 'Romance']",['United States of America'],['English'],1990-12-05,1990.0,12.0
8916,Antz,60000000.0,171757863.0,83.0,16.025625,6.0,1320.0,en,"['Adventure', 'Animation', 'Comedy', 'Family']",['United States of America'],['English'],1998-10-02,1998.0,10.0
9429,A Night at the Roxbury,17000000.0,30331165.0,81.0,12.480685,5.9,202.0,en,['Comedy'],['United States of America'],['English'],1998-10-01,1998.0,10.0
12159,What Dreams May Come,85000000.0,71485043.0,113.0,11.218378,6.8,596.0,en,"['Drama', 'Fantasy', 'Romance']","['New Zealand', 'United States of America']",['English'],1998-10-02,1998.0,10.0
27791,Strangeland,1100000.0,631221.0,86.0,2.31478,4.7,36.0,en,['Horror'],['United States of America'],['English'],1998-10-02,1998.0,10.0
10156,History of the World: Part I,11000000.0,31672907.0,92.0,9.270492,6.5,205.0,en,['Comedy'],['United States of America'],"['Français', 'Latin', 'English']",1981-06-12,1981.0,6.0
10377,My Cousin Vinny,11000000.0,64088552.0,120.0,7.922216,7.3,393.0,en,"['Comedy', 'Drama']",['United States of America'],['English'],1992-03-13,1992.0,3.0
4437,2010,28000000.0,40400657.0,116.0,7.482865,6.6,290.0,en,"['Thriller', 'Science Fiction']",['United States of America'],"['English', 'Pусский']",1984-12-06,1984.0,12.0
1955,The Elephant Man,5000000.0,26010864.0,124.0,8.405672,7.9,740.0,en,"['Drama', 'History']","['United Kingdom', 'United States of America']",['English'],1980-10-02,1980.0,10.0
11932,Bride of Chucky,25000000.0,50671850.0,89.0,13.018491,5.5,366.0,en,"['Horror', 'Comedy']","['Canada', 'United States of America']",['English'],1998-10-16,1998.0,10.0
6435,Practical Magic,75000000.0,46683377.0,104.0,7.757795,6.3,348.0,en,"['Drama', 'Fantasy', 'Comedy']",['United States of America'],['English'],1998-10-16,1998.0,10.0
10683,Happiness,3000000.0,2807390.0,139.0,5.493697,7.4,197.0,en,"['Comedy', 'Drama']",['United States of America'],"['English', 'Pусский']",1998-10-16,1998.0,10.0
9425,Soldier,75000000.0,14567883.0,99.0,7.970031,6.1,226.0,en,"['Action', 'War', 'Science Fiction']",['United States of America'],['English'],1998-10-23,1998.0,10.0
637,Life Is Beautiful,20000000.0,229400000.0,116.0,39.39497,8.3,3643.0,it,"['Comedy', 'Drama']",['Italy'],"['English', 'Deutsch', 'Italiano']",1997-12-20,1997.0,12.0
20701,Tales from the Darkside: The Movie,3500000.0,16324573.0,93.0,5.732016,5.8,92.0,en,"['Thriller', 'Comedy', 'Fantasy', 'Horror']",['United States of America'],['English'],1990-05-03,1990.0,5.0
73,American History X,20000000.0,23875127.0,119.0,18.157166,8.2,3120.0,en,['Drama'],['United States of America'],['English'],1998-10-30,1998.0,10.0
46889,Living Out Loud,12000000.0,12902790.0,100.0,1.575026,5.4,12.0,en,"['Comedy', 'Drama', 'Romance']",['United States of America'],['English'],1998-10-30,1998.0,10.0
3033,Gods and Monsters,10000000.0,6451628.0,105.0,6.788021,6.8,82.0,en,['Drama'],"['United Kingdom', 'United States of America']","['English', 'Magyar']",1998-01-21,1998.0,1.0
9882,The Siege,70000000.0,116672912.0,116.0,9.019114,6.1,361.0,en,"['Drama', 'Action', 'Thriller', 'Crime']",['United States of America'],"['Español', 'English', 'العربية']",1998-11-06,1998.0,11.0
10663,The Waterboy,23000000.0,185991646.0,90.0,9.461823,5.9,521.0,en,['Comedy'],['United States of America'],['English'],1998-11-06,1998.0,11.0
4518,Elizabeth,30000000.0,82150642.0,124.0,7.566321,7.2,346.0,en,"['Drama', 'History']",['United States of America'],"['Français', 'English']",1998-09-13,1998.0,9.0
3600,I Still Know What You Did Last Summer,65000000.0,40002112.0,100.0,11.023042,5.1,381.0,en,"['Horror', 'Mystery', 'Thriller']",['United States of America'],['English'],1998-11-13,1998.0,11.0
297,Meet Joe Black,90000000.0,142940100.0,178.0,14.026744,6.9,1174.0,en,"['Fantasy', 'Drama', 'Mystery']",['United States of America'],['English'],1998-11-12,1998.0,11.0
11893,Runaway Train,9000000.0,7936012.0,111.0,15.236541,7.0,129.0,en,"['Action', 'Thriller']","['Israel', 'United States of America']",['English'],1985-11-15,1985.0,11.0
14924,Sid & Nancy,4000000.0,2826523.0,111.0,5.681582,7.0,106.0,en,"['Drama', 'Music', 'Romance']",['United Kingdom'],['English'],1986-11-07,1986.0,11.0
9798,Enemy of the State,90000000.0,250649836.0,132.0,12.978751,6.7,1266.0,en,"['Action', 'Drama', 'Thriller']",['United States of America'],['English'],1998-11-20,1998.0,11.0
14444,The Rugrats Movie,30000000.0,100491683.0,79.0,5.154373,5.8,149.0,en,"['Animation', 'Family']",['United States of America'],['English'],1998-11-20,1998.0,11.0
9487,A Bug's Life,120000000.0,363258859.0,95.0,16.869209,6.8,2379.0,en,"['Adventure', 'Animation', 'Comedy', 'Family']",['United States of America'],['English'],1998-11-25,1998.0,11.0
666,Central Station,2900000.0,5596708.0,113.0,4.919716,7.6,132.0,pt,['Drama'],['Brazil'],['Português'],1998-01-16,1998.0,1.0
692,Pink Flamingos,12000.0,6000000.0,93.0,5.738871,6.2,111.0,en,"['Horror', 'Comedy', 'Crime']",['United States of America'],['English'],1972-03-12,1972.0,3.0
39256,Godzilla 1985,2000000.0,4100000.0,87.0,2.894009,6.7,34.0,ja,"['Action', 'Drama', 'Horror', 'Science Fiction', 'Thriller']","['United States of America', 'Japan']","['English', '日本語', 'Pусский']",1984-12-15,1984.0,12.0
244,King Kong,672000.0,10000000.0,100.0,8.73274,7.7,346.0,en,"['Action', 'Adventure', 'Drama', 'Horror']",['United States of America'],['English'],1933-04-07,1933.0,4.0
10730,King Kong,23000000.0,90614445.0,134.0,5.810716,5.9,179.0,en,"['Adventure', 'Drama']",['United States of America'],['English'],1976-09-08,1976.0,9.0
31947,King Kong Lives,10000000.0,4711220.0,105.0,2.663294,4.6,29.0,en,"['Action', 'Horror']",['United States of America'],['English'],1986-11-21,1986.0,11.0
8130,Desperately Seeking Susan,5000000.0,27400000.0,104.0,8.679349,6.0,99.0,en,['Comedy'],['United States of America'],['English'],1985-03-29,1985.0,3.0
9749,Fletch,8000000.0,59612888.0,98.0,6.040486,6.8,210.0,en,"['Comedy', 'Crime', 'Mystery']",['United States of America'],['English'],1985-05-31,1985.0,5.0
14628,Fletch Lives,8045760.0,35150960.0,95.0,10.357224,5.8,98.0,en,"['Comedy', 'Crime', 'Mystery']",['United States of America'],['English'],1989-03-17,1989.0,3.0
9626,Red Sonja,17900000.0,6948633.0,89.0,10.014248,5.0,211.0,en,"['Adventure', 'Fantasy', 'Action']","['Netherlands', 'United States of America']",['English'],1985-04-09,1985.0,4.0
10466,The Money Pit,10000000.0,54999651.0,91.0,7.054864,6.2,288.0,en,"['Comedy', 'Romance']",['United States of America'],['English'],1986-03-15,1986.0,3.0
707,A View to a Kill,30000000.0,152427960.0,131.0,12.840798,6.0,515.0,en,"['Adventure', 'Action', 'Thriller']","['France', 'Iceland', 'United Kingdom', 'United States of America']",['English'],1985-05-24,1985.0,5.0
9336,Police Academy,4500000.0,146198896.0,96.0,8.354488,6.5,614.0,en,"['Comedy', 'Crime']",['United States of America'],['English'],1984-03-22,1984.0,3.0
9447,Babe: Pig in the City,90000000.0,69131860.0,92.0,6.229629,5.3,312.0,en,"['Adventure', 'Comedy', 'Drama', 'Family', 'Fantasy']",['Australia'],['English'],1998-11-25,1998.0,11.0
12257,Home Fries,15000000.0,10443316.0,93.0,2.312844,4.8,32.0,en,"['Drama', 'Comedy', 'Romance']",['United States of America'],['English'],1998-11-25,1998.0,11.0
37536,Ringmaster,3500000.0,9247881.0,90.0,0.556435,3.8,13.0,en,['Comedy'],['United States of America'],['English'],1998-11-25,1998.0,11.0
10029,Very Bad Things,30000000.0,9898412.0,100.0,10.432293,6.2,182.0,en,"['Comedy', 'Crime', 'Thriller']",['United States of America'],['English'],1998-09-11,1998.0,9.0
11252,Psycho,60000000.0,37141130.0,105.0,6.715898,4.8,233.0,en,"['Horror', 'Mystery', 'Thriller']",['United States of America'],['English'],1998-12-04,1998.0,12.0
200,Star Trek: Insurrection,70000000.0,118000000.0,103.0,9.538877,6.3,402.0,en,"['Science Fiction', 'Action', 'Adventure', 'Thriller']",['United States of America'],['English'],1998-12-10,1998.0,12.0
9837,The Prince of Egypt,70000000.0,218613188.0,99.0,11.898185,6.9,847.0,en,"['Adventure', 'Animation', 'Drama', 'Family', 'Music']",['United States of America'],"['עִבְרִית', 'English']",1998-12-15,1998.0,12.0
11545,Rushmore,9000000.0,17096053.0,93.0,5.997054,7.5,688.0,en,"['Comedy', 'Drama']",['United States of America'],"['Français', 'English', 'Latin', 'Español']",1998-09-17,1998.0,9.0
1934,Shakespeare in Love,25000000.0,289317794.0,122.0,13.813155,6.8,831.0,en,"['Romance', 'History']",['United States of America'],['English'],1998-12-11,1998.0,12.0
13764,Santa Claus: The Movie,50000000.0,23717291.0,108.0,11.690532,6.1,58.0,en,"['Family', 'Fantasy', 'Adventure', 'Science Fiction', 'Comedy']",['United States of America'],['English'],1985-10-29,1985.0,10.0
1369,Rambo: First Blood Part II,44000000.0,300400432.0,96.0,11.924462,6.3,884.0,en,"['Action', 'Adventure', 'Thriller', 'War']",['United States of America'],"['English', 'Tiếng Việt']",1985-05-21,1985.0,5.0
1368,First Blood,15000000.0,125212904.0,93.0,14.778884,7.2,1523.0,en,"['Action', 'Adventure', 'Thriller', 'War']",['United States of America'],['English'],1982-10-22,1982.0,10.0
1370,Rambo III,63000000.0,189015611.0,102.0,11.624866,5.7,703.0,en,"['Action', 'Adventure', 'Thriller', 'War']",['United States of America'],"['English', 'Pусский']",1988-05-24,1988.0,5.0
10303,The Jewel of the Nile,25000000.0,96773200.0,106.0,10.571841,6.0,289.0,en,"['Action', 'Adventure', 'Comedy', 'Romance']",['United States of America'],"['العربية', 'English']",1985-12-04,1985.0,12.0
9326,Romancing the Stone,10000000.0,86572238.0,106.0,6.827193,6.6,477.0,en,"['Action', 'Adventure', 'Comedy', 'Romance']","['Mexico', 'United States of America']","['Français', 'English', 'Español']",1984-03-30,1984.0,3.0
11285,Cocoon: The Return,17500000.0,25024919.0,116.0,12.167265,5.4,103.0,en,"['Comedy', 'Drama', 'Science Fiction']",['United States of America'],['English'],1988-09-13,1988.0,9.0
1367,Rocky II,7000000.0,200182160.0,119.0,11.789813,6.9,948.0,en,['Drama'],['United States of America'],['English'],1979-06-15,1979.0,6.0
1371,Rocky III,17000000.0,270000000.0,99.0,11.673366,6.6,894.0,en,['Drama'],['United States of America'],['English'],1982-05-28,1982.0,5.0
1374,Rocky IV,31000000.0,300473716.0,91.0,10.25721,6.6,984.0,en,['Drama'],['United States of America'],['English'],1985-11-21,1985.0,11.0
1375,Rocky V,42000000.0,119946358.0,104.0,14.007329,5.3,688.0,en,['Drama'],['United States of America'],['English'],1990-10-18,1990.0,10.0
15196,Clue,15000000.0,14643997.0,94.0,7.720009,7.1,377.0,en,"['Comedy', 'Thriller', 'Crime', 'Mystery']",['United States of America'],"['Français', 'English']",1985-12-13,1985.0,12.0
1885,The Karate Kid,8000000.0,90815558.0,126.0,7.64499,6.9,913.0,en,['Drama'],['United States of America'],['English'],1984-06-22,1984.0,6.0
8856,"The Karate Kid, Part II",113.0,115103979.0,113.0,9.231318,5.9,457.0,en,"['Adventure', 'Drama', 'Action', 'Romance', 'Family']",['United States of America'],['English'],1986-06-18,1986.0,6.0
5825,National Lampoon's Christmas Vacation,27000000.0,71320000.0,97.0,9.802574,7.1,668.0,en,['Comedy'],['United States of America'],['English'],1989-12-01,1989.0,12.0
9489,You've Got Mail,65000000.0,250821495.0,119.0,10.237996,6.3,859.0,en,"['Comedy', 'Romance']",['United States of America'],['English'],1998-12-17,1998.0,12.0
8741,The Thin Red Line,52000000.0,98126565.0,170.0,9.783966,7.2,793.0,en,"['Drama', 'History', 'War']","['Canada', 'United States of America']","['English', 'Pусский']",1998-12-25,1998.0,12.0
9276,The Faculty,15000000.0,40283321.0,104.0,13.462253,6.2,500.0,en,"['Horror', 'Mystery', 'Science Fiction']",['United States of America'],['English'],1998-12-25,1998.0,12.0
10312,Patch Adams,50000000.0,202292902.0,115.0,12.52181,7.0,863.0,en,"['Comedy', 'Drama']",['United States of America'],['English'],1998-12-25,1998.0,12.0
9422,A Civil Action,70000000.0,56702901.0,115.0,9.353499,6.1,113.0,pt,['Drama'],['United States of America'],['English'],1998-03-05,1998.0,3.0
10368,Tea with Mussolini,12000000.0,21001563.0,117.0,3.094893,5.8,32.0,en,"['Comedy', 'Drama', 'War']","['United Kingdom', 'Italy']","['English', 'Italiano', 'Pусский']",1999-03-25,1999.0,3.0
31662,Affliction,6000000.0,6330054.0,114.0,4.40959,5.8,56.0,en,['Drama'],['United States of America'],['English'],1997-08-28,1997.0,8.0
825,Playing by Heart,20000000.0,3970078.0,121.0,3.010088,6.6,49.0,en,['Drama'],['United States of America'],['English'],1998-12-30,1998.0,12.0
9423,Virus,75000000.0,14010690.0,99.0,7.116537,5.0,151.0,en,"['Horror', 'Action', 'Science Fiction']","['United States of America', 'United Kingdom', 'Germany', 'Japan', 'France']","['English', 'Pусский']",1999-01-14,1999.0,1.0
10658,Howard the Duck,37000000.0,37962774.0,110.0,10.722672,5.1,227.0,en,"['Comedy', 'Fantasy', 'Science Fiction']",['United States of America'],"['English', 'Português']",1986-08-01,1986.0,8.0
11815,The Fly,700000.0,3000000.0,94.0,8.407369,6.9,129.0,en,"['Drama', 'Horror', 'Science Fiction']",['United States of America'],"['English', 'Français']",1958-07-16,1958.0,7.0
9426,The Fly,15000000.0,60629159.0,96.0,13.534589,7.1,1038.0,en,"['Horror', 'Science Fiction']","['Canada', 'United Kingdom', 'United States of America']",['English'],1986-08-15,1986.0,8.0
2620,Armed and Dangerous,12000000.0,15945534.0,88.0,5.037671,5.3,46.0,en,"['Action', 'Comedy', 'Crime']",['United States of America'],['English'],1986-08-15,1986.0,8.0
30497,The Texas Chain Saw Massacre,85000.0,30859000.0,83.0,15.526413,7.1,617.0,en,['Horror'],['United States of America'],['English'],1974-10-01,1974.0,10.0
16337,The Texas Chainsaw Massacre 2,4700000.0,8025872.0,101.0,9.501011,5.8,142.0,en,['Horror'],['United States of America'],['English'],1986-08-22,1986.0,8.0
16780,Texas Chainsaw Massacre: The Next Generation,600000.0,185898.0,95.0,6.854576,3.9,96.0,en,"['Horror', 'Comedy', 'Thriller']",['United States of America'],['English'],1994-01-01,1994.0,1.0
192,The Name of the Rose,20000000.0,77200000.0,130.0,11.469751,7.2,739.0,en,"['Drama', 'Thriller', 'Mystery']","['France', 'Italy', 'Germany']","['English', 'Latin']",1986-09-24,1986.0,9.0
10013,Peggy Sue Got Married,18000000.0,41382841.0,103.0,7.471655,5.9,138.0,en,"['Comedy', 'Drama', 'Fantasy', 'Romance']",['United States of America'],['English'],1986-10-05,1986.0,10.0
9671,Crocodile Dundee,5000000.0,328203506.0,97.0,7.791212,6.3,512.0,en,"['Adventure', 'Comedy']",['Australia'],['English'],1986-09-26,1986.0,9.0
11873,The Color of Money,13800000.0,52293982.0,119.0,11.613655,6.7,297.0,en,['Drama'],['United States of America'],"['English', 'Español']",1986-10-07,1986.0,10.0
10015,Heartbreak Ridge,15000000.0,42724017.0,130.0,7.390012,6.5,270.0,en,"['Action', 'Comedy', 'Drama', 'War']",['United States of America'],"['Español', 'English']",1986-12-15,1986.0,12.0
10314,She's All That,10000000.0,103166989.0,95.0,7.064982,5.7,425.0,en,"['Comedy', 'Romance']",['United States of America'],['English'],1999-01-29,1999.0,1.0
47139,"Blood, Guts, Bullets and Octane",7300.0,13674.0,87.0,0.137676,6.0,3.0,en,"['Action', 'Comedy', 'Thriller']",['United States of America'],['English'],1998-10-16,1998.0,10.0
11167,Peeping Tom,150000.0,83957.0,101.0,7.229587,7.6,148.0,en,"['Horror', 'Thriller']",['United Kingdom'],['English'],1960-04-06,1960.0,4.0
2112,Payback,90000000.0,161626121.0,100.0,9.112008,6.7,557.0,en,"['Drama', 'Action', 'Thriller', 'Crime']",['United States of America'],['English'],1999-02-05,1999.0,2.0
16172,Simply Irresistible,6000000.0,4398989.0,95.0,6.053045,5.5,52.0,en,['Comedy'],['United States of America'],"['Français', 'English']",1999-02-05,1999.0,2.0
11622,Blast from the Past,35000000.0,40263020.0,112.0,8.355977,6.3,247.0,en,"['Comedy', 'Romance']",['United States of America'],"['Latin', 'English', 'Français', 'Deutsch']",1999-02-12,1999.0,2.0
10207,Message in a Bottle,80000000.0,118880016.0,131.0,5.101392,5.9,198.0,en,"['Romance', 'Drama']",['United States of America'],['English'],1999-02-22,1999.0,2.0
9849,My Favorite Martian,65000000.0,36850101.0,94.0,12.65102,5.1,81.0,en,"['Comedy', 'Drama', 'Family', 'Science Fiction']",['United States of America'],"['English', 'Italiano']",1999-02-11,1999.0,2.0
18892,Jawbreaker,3000000.0,3076820.0,87.0,7.434797,5.9,93.0,en,['Comedy'],['United States of America'],['English'],1999-01-30,1999.0,1.0
1542,Office Space,10000000.0,12827813.0,89.0,12.329066,7.4,1068.0,en,"['Comedy', 'Crime']",['United States of America'],['English'],1999-02-19,1999.0,2.0
15256,200 Cigarettes,6000000.0,6852450.0,101.0,3.227046,6.1,44.0,en,"['Comedy', 'Drama', 'Romance']",['United States of America'],['English'],1999-02-26,1999.0,2.0
8224,8MM,40000000.0,96618699.0,123.0,7.473718,6.1,479.0,en,"['Thriller', 'Crime', 'Mystery']",['United States of America'],['English'],1999-02-26,1999.0,2.0
8913,Pet Sematary,11500000.0,57469467.0,103.0,8.365761,6.4,417.0,en,"['Drama', 'Horror']",['United States of America'],['English'],1989-04-21,1989.0,4.0
10906,Pet Sematary II,8000000.0,17092453.0,100.0,6.823445,5.0,107.0,en,['Horror'],['United States of America'],['English'],1992-08-28,1992.0,8.0
25748,Children of the Corn II: The Final Sacrifice,900000.0,6980986.0,92.0,8.357875,4.5,50.0,en,['Horror'],['United States of America'],['English'],1993-01-29,1993.0,1.0
10671,Airport,10000000.0,100489151.0,137.0,7.873018,6.2,89.0,en,"['Action', 'Drama', 'Thriller']",['United States of America'],"['Italiano', 'English']",1970-03-05,1970.0,3.0
27932,Airport 1975,3000000.0,47000000.0,107.0,8.480501,5.5,79.0,en,"['Action', 'Adventure', 'Drama', 'Thriller']",['United States of America'],"['English', 'Magyar']",1974-10-18,1974.0,10.0
7227,Airport '77,6000000.0,30000000.0,114.0,9.394776,5.8,69.0,en,"['Action', 'Adventure', 'Drama', 'Thriller']",['United States of America'],"['English', 'Magyar']",1977-03-11,1977.0,3.0
5919,The Towering Inferno,14000000.0,116000000.0,159.0,7.469056,7.1,230.0,en,"['Action', 'Thriller']",['United States of America'],['English'],1974-12-14,1974.0,12.0
10803,Logan's Run,9000000.0,25000000.0,119.0,6.842274,6.6,272.0,en,"['Adventure', 'Action', 'Romance', 'Science Fiction']",['United States of America'],['English'],1976-06-23,1976.0,6.0
871,Planet of the Apes,5800000.0,33395426.0,112.0,17.784978,7.5,958.0,en,"['Science Fiction', 'Adventure', 'Drama', 'Action']",['United States of America'],['English'],1968-02-07,1968.0,2.0
1685,Beneath the Planet of the Apes,3000000.0,18999718.0,95.0,12.325947,6.2,370.0,en,"['Adventure', 'Science Fiction', 'Mystery']",['United States of America'],['English'],1970-05-01,1970.0,5.0
1705,Battle for the Planet of the Apes,1700000.0,8844595.0,93.0,11.644764,5.5,220.0,en,"['Action', 'Science Fiction']",['United States of America'],['English'],1973-06-15,1973.0,6.0
1688,Conquest of the Planet of the Apes,1700000.0,9700000.0,88.0,12.843375,6.1,243.0,en,"['Action', 'Science Fiction']",['United States of America'],['English'],1972-06-29,1972.0,6.0
1687,Escape from the Planet of the Apes,2500000.0,12348905.0,98.0,12.120267,6.3,270.0,en,"['Action', 'Science Fiction']",['United States of America'],['English'],1971-05-20,1971.0,5.0
11123,Earthquake,7000000.0,79666653.0,123.0,6.657792,5.6,76.0,en,"['Action', 'Drama', 'Thriller']",['United States of America'],['English'],1974-11-15,1974.0,11.0
29723,The Concorde... Airport '79,14000000.0,13015688.0,123.0,3.514331,4.7,45.0,en,"['Action', 'Drama', 'Thriller']",['United States of America'],"['English', 'Français', 'Español']",1979-08-17,1979.0,8.0
9535,Analyze This,80000000.0,176885658.0,103.0,7.634017,6.4,512.0,en,"['Comedy', 'Crime']","['Australia', 'United States of America']",['English'],1999-03-05,1999.0,3.0
9455,The Corruptor,25000000.0,15156200.0,110.0,9.208831,6.1,60.0,en,"['Action', 'Crime', 'Mystery', 'Thriller']",['United States of America'],"['广州话 / 廣州話', 'English', '普通话']",1999-03-12,1999.0,3.0
796,Cruel Intentions,10500000.0,75902208.0,97.0,8.181065,6.6,848.0,en,"['Drama', 'Romance', 'Thriller']",['United States of America'],"['Tiếng Việt', 'English', 'Français']",1999-03-05,1999.0,3.0
100,"Lock, Stock and Two Smoking Barrels",1350000.0,3897569.0,105.0,4.60786,7.5,1671.0,en,"['Comedy', 'Crime']",['United Kingdom'],['English'],1998-03-05,1998.0,3.0
30943,The Deep End of the Ocean,38000000.0,28121100.0,106.0,5.78468,6.0,58.0,en,"['Drama', 'Mystery']",['United States of America'],['English'],1999-03-12,1999.0,3.0
7341,The Rage: Carrie 2,21000000.0,17762705.0,104.0,4.766591,5.1,79.0,en,"['Horror', 'Thriller', 'Science Fiction']",['United States of America'],['English'],1999-03-11,1999.0,3.0
9540,Dead Ringers,13000000.0,8038508.0,115.0,5.53202,7.0,176.0,en,"['Drama', 'Horror', 'Thriller']","['Canada', 'United States of America']",['English'],1988-09-23,1988.0,9.0
22345,Baby Geniuses,12000000.0,36450736.0,97.0,7.707344,3.3,75.0,en,"['Science Fiction', 'Comedy', 'Family']",['United States of America'],"['English', 'Español']",1999-03-12,1999.0,3.0
1641,Forces of Nature,75000000.0,93888180.0,105.0,7.906035,5.1,141.0,en,"['Romance', 'Comedy']",['United States of America'],['English'],1999-03-12,1999.0,3.0
47288,The King and I,25000000.0,12000000.0,87.0,1.466461,5.0,23.0,en,"['Animation', 'Drama', 'Family']",['United States of America'],['English'],1999-03-19,1999.0,3.0
16520,The King and I,4550000.0,21300000.0,133.0,7.630723,7.3,103.0,en,"['Drama', 'Music', 'Romance']",['United States of America'],"['English', 'Italiano', 'ภาษาไทย']",1956-06-29,1956.0,6.0
16379,The Mod Squad,50000000.0,13260050.0,92.0,3.826503,4.1,37.0,en,"['Action', 'Mystery', 'Thriller']",['United States of America'],['English'],1999-03-26,1999.0,3.0
603,The Matrix,63000000.0,463517383.0,136.0,33.366332,7.9,9079.0,en,"['Action', 'Science Fiction']","['Australia', 'United States of America']",['English'],1999-03-30,1999.0,3.0
4951,10 Things I Hate About You,16000000.0,53478166.0,97.0,12.069966,7.3,1768.0,en,"['Comedy', 'Romance', 'Drama']",['United States of America'],"['English', 'Français']",1999-03-30,1999.0,3.0
8970,The Out-of-Towners,75000000.0,29000000.0,90.0,9.019881,5.1,46.0,en,['Comedy'],['United States of America'],['English'],1999-04-02,1999.0,4.0
11660,Following,6000.0,48482.0,69.0,5.283661,7.2,363.0,en,"['Crime', 'Drama', 'Thriller']",['United Kingdom'],['English'],1998-09-12,1998.0,9.0
9430,Go,6500000.0,28451622.0,98.0,8.344282,7.0,198.0,en,"['Crime', 'Comedy', 'Thriller']",['United States of America'],['English'],1999-04-09,1999.0,4.0
11355,Never Been Kissed,25000000.0,84565230.0,107.0,7.257679,5.8,378.0,en,"['Romance', 'Comedy', 'Drama']",['United States of America'],['English'],1999-04-09,1999.0,4.0
18764,Twin Dragons,10000000.0,8359717.0,89.0,10.222076,6.2,72.0,cn,"['Comedy', 'Action']",['Hong Kong'],"['广州话 / 廣州話', '普通话', 'Pусский']",1992-01-15,1992.0,1.0
9465,Cookie's Fortune,10000000.0,10920544.0,118.0,3.380684,6.2,35.0,en,"['Comedy', 'Drama', 'Thriller']",['United States of America'],['English'],1999-01-22,1999.0,1.0
6522,Life,80000000.0,73345029.0,108.0,7.579444,6.4,179.0,en,"['Comedy', 'Crime']",['United States of America'],['English'],1999-04-16,1999.0,4.0
1902,Open Your Eyes,2900000.0,368234.0,117.0,8.842959,7.4,211.0,es,"['Drama', 'Thriller']",['Spain'],['Español'],1997-12-19,1997.0,12.0
39964,Lost & Found,1.0,100.0,95.0,1.337096,4.9,26.0,en,"['Comedy', 'Romance']",['United States of America'],['English'],1999-04-23,1999.0,4.0
1946,eXistenZ,15000000.0,2856712.0,97.0,11.446138,6.7,487.0,en,"['Action', 'Thriller', 'Science Fiction', 'Horror']","['Canada', 'France', 'United Kingdom']",['English'],1999-04-14,1999.0,4.0
1844,Entrapment,66000000.0,212404396.0,112.0,10.62333,6.0,613.0,en,"['Romance', 'Drama', 'Mystery']","['United Kingdom', 'United States of America']",['English'],1999-04-29,1999.0,4.0
6552,Idle Hands,25000000.0,4152230.0,92.0,6.851628,6.1,183.0,en,"['Thriller', 'Comedy', 'Horror']",['United States of America'],['English'],1999-04-30,1999.0,4.0
3309,Mildred Pierce,1453000.0,5638000.0,111.0,4.497049,7.4,81.0,en,"['Crime', 'Drama']",['United States of America'],"['English', 'Español']",1945-09-24,1945.0,9.0
18462,Night of the Comet,3000000.0,14418922.0,95.0,4.947043,6.1,94.0,en,"['Comedy', 'Horror', 'Science Fiction']",['United States of America'],['English'],1984-11-16,1984.0,11.0
8592,Dick Tracy,47000000.0,103738726.0,103.0,8.304776,5.9,258.0,en,"['Adventure', 'Action', 'Comedy', 'Thriller', 'Crime']",['United States of America'],['English'],1990-06-15,1990.0,6.0
564,The Mummy,80000000.0,415885488.0,124.0,23.984065,6.6,2796.0,en,"['Adventure', 'Action', 'Fantasy']",['United States of America'],"['English', 'العربية']",1999-04-16,1999.0,4.0
13852,The Castle,786675.0,861789.0,85.0,4.337545,7.4,69.0,en,"['Drama', 'Comedy']",['Australia'],['English'],1997-04-10,1997.0,4.0
4927,Edge of Seventeen,1500000.0,870751.0,99.0,1.666469,5.7,29.0,en,"['Comedy', 'Drama', 'Romance']",['United States of America'],['English'],1998-05-14,1998.0,5.0
1893,Star Wars: Episode I - The Phantom Menace,115000000.0,924317558.0,136.0,15.649091,6.4,4526.0,en,"['Adventure', 'Action', 'Science Fiction']",['United States of America'],['English'],1999-05-19,1999.0,5.0
1924,Superman,55000000.0,300218018.0,143.0,15.460102,6.9,1042.0,en,"['Action', 'Adventure', 'Fantasy', 'Science Fiction']","['United Kingdom', 'United States of America']",['English'],1978-12-13,1978.0,12.0
8536,Superman II,54000000.0,190458706.0,127.0,10.301621,6.5,642.0,en,"['Action', 'Adventure', 'Fantasy', 'Science Fiction']","['United Kingdom', 'United States of America']",['English'],1980-12-04,1980.0,12.0
9531,Superman III,39000000.0,75850624.0,125.0,9.614638,5.3,500.0,en,"['Comedy', 'Action', 'Adventure', 'Fantasy', 'Science Fiction']","['United Kingdom', 'United States of America']","['English', 'Italiano', 'Español', 'ภาษาไทย']",1983-06-17,1983.0,6.0
11411,Superman IV: The Quest for Peace,17000000.0,19300000.0,90.0,7.990679,4.1,327.0,en,"['Action', 'Adventure', 'Science Fiction']","['United Kingdom', 'United States of America']","['English', 'Français', 'Italiano', 'Pусский', 'ภาษาไทย']",1987-07-23,1987.0,7.0
138,Dracula,355000.0,1012189.0,72.0,7.503126,7.2,254.0,en,['Horror'],['United States of America'],"['English', 'Deutsch', 'Magyar']",1931-02-12,1931.0,2.0
3035,Frankenstein,291000.0,12000000.0,71.0,8.091603,7.3,295.0,en,"['Drama', 'Horror', 'Science Fiction']",['United States of America'],['English'],1931-11-21,1931.0,11.0
36685,The Rocky Horror Picture Show,1200000.0,112892319.0,100.0,8.699428,7.4,703.0,en,"['Comedy', 'Horror', 'Music', 'Science Fiction']","['United Kingdom', 'United States of America']",['English'],1975-08-14,1975.0,8.0
30168,It Came from Hollywood,5000000.0,2091037.0,80.0,1.629796,6.0,12.0,en,"['Comedy', 'Documentary']",['United States of America'],['English'],1982-12-10,1982.0,12.0
8974,The War of the Worlds,2000000.0,2000000.0,85.0,5.609399,6.8,172.0,en,"['Horror', 'Science Fiction', 'Thriller']",['United States of America'],"['Český', 'English', 'Español']",1953-08-13,1953.0,8.0
509,Notting Hill,42000000.0,363889678.0,124.0,9.874043,7.0,1309.0,en,"['Romance', 'Comedy', 'Drama']","['United Kingdom', 'United States of America']","['English', 'Español']",1999-05-13,1999.0,5.0
1090,The Thirteenth Floor,16000000.0,18564088.0,100.0,9.356587,6.8,381.0,en,"['Thriller', 'Science Fiction', 'Mystery']",['United States of America'],['English'],1999-04-16,1999.0,4.0
62676,Limbo,8000000.0,1997807.0,126.0,1.969282,7.0,17.0,en,"['Adventure', 'Drama', 'Thriller']",[],['English'],1999-06-04,1999.0,6.0
817,Austin Powers: The Spy Who Shagged Me,33000000.0,310940086.0,95.0,13.984182,6.1,1034.0,en,"['Adventure', 'Comedy', 'Crime', 'Science Fiction']",['United States of America'],"['Deutsch', 'English']",1999-06-08,1999.0,6.0
14283,The Red Violin,18000000.0,9495408.0,131.0,7.725843,7.2,101.0,en,"['Drama', 'Thriller', 'Mystery', 'Music', 'Romance']","['Canada', 'Italy', 'United Kingdom']","['English', 'Français', 'Deutsch', 'Italiano', '普通话', 'Español']",1998-09-10,1998.0,9.0
37135,Tarzan,150000000.0,448000000.0,88.0,12.453452,7.1,1715.0,en,"['Adventure', 'Animation', 'Drama', 'Family']",['United States of America'],['English'],1999-06-18,1999.0,6.0
2275,The General's Daughter,60000000.0,149705852.0,116.0,14.039655,6.1,209.0,en,"['Crime', 'Drama', 'Mystery', 'Thriller']","['Germany', 'United States of America']",['English'],1999-06-18,1999.0,6.0
24137,An Ideal Husband,14000000.0,18535191.0,97.0,3.873796,6.3,47.0,en,"['Drama', 'Comedy', 'Romance']","['United Kingdom', 'United States of America']",['English'],1999-04-15,1999.0,4.0
104,Run Lola Run,1530000.0,7267585.0,81.0,7.765379,7.2,672.0,de,"['Action', 'Drama', 'Thriller']",['Germany'],"['Deutsch', 'English', '日本語']",1998-08-20,1998.0,8.0
9032,Big Daddy,34200000.0,234801895.0,93.0,8.011869,6.2,898.0,en,"['Comedy', 'Drama']",['United States of America'],"['English', 'Italiano']",1999-06-25,1999.0,6.0
9421,The Dinner Game,12500000.0,78599508.0,80.0,6.122739,7.7,408.0,fr,['Comedy'],['France'],['Français'],1998-04-15,1998.0,4.0
6488,Arachnophobia,31000000.0,53208180.0,103.0,5.418428,6.2,445.0,en,"['Comedy', 'Horror']",['United States of America'],"['English', 'Español']",1990-08-09,1990.0,8.0
8487,Wild Wild West,170000000.0,222104681.0,106.0,9.887602,5.1,1042.0,en,"['Action', 'Adventure', 'Comedy', 'Science Fiction', 'Western']",['United States of America'],['English'],1999-06-29,1999.0,6.0
2105,American Pie,11000000.0,235483004.0,95.0,18.344227,6.4,2358.0,en,"['Comedy', 'Romance']",['United States of America'],['English'],1999-07-09,1999.0,7.0
10208,Muppets from Space,24000000.0,16290976.0,87.0,7.531668,5.8,94.0,en,"['Fantasy', 'Comedy', 'Science Fiction', 'Family']",['United States of America'],['English'],1999-07-14,1999.0,7.0
2667,The Blair Witch Project,60000.0,248000000.0,81.0,14.838386,6.3,1090.0,en,"['Horror', 'Mystery']",['United States of America'],['English'],1999-07-14,1999.0,7.0
345,Eyes Wide Shut,65000000.0,162091208.0,159.0,13.268484,7.1,1266.0,en,"['Mystery', 'Drama']","['United Kingdom', 'United States of America']",['English'],1999-07-14,1999.0,7.0
9825,Lake Placid,27000000.0,56870414.0,82.0,13.787108,5.5,251.0,en,"['Horror', 'Comedy', 'Action', 'Science Fiction', 'Thriller']",['United States of America'],['English'],1999-07-15,1999.0,7.0
16158,The Wood,6000000.0,25059640.0,106.0,4.414077,7.1,34.0,en,"['Comedy', 'Drama', 'Romance']",['United States of America'],['English'],1999-07-16,1999.0,7.0
620,Ghostbusters,30000000.0,295212467.0,107.0,22.089729,7.3,2431.0,en,"['Comedy', 'Fantasy']",['United States of America'],['English'],1984-06-07,1984.0,6.0
2978,Ghostbusters II,37000000.0,215394738.0,108.0,16.414239,6.3,1131.0,en,"['Comedy', 'Fantasy']",['United States of America'],['English'],1989-06-15,1989.0,6.0
10490,Drop Dead Gorgeous,10000000.0,10571408.0,98.0,6.396767,6.5,88.0,en,['Comedy'],['United States of America'],['English'],1999-07-23,1999.0,7.0
11618,The Haunting,80000000.0,91188905.0,113.0,8.967638,5.2,374.0,en,"['Horror', 'Thriller', 'Fantasy', 'Mystery']",['United States of America'],['English'],1999-07-23,1999.0,7.0
1812,Trick,450000.0,2049595.0,89.0,2.493289,6.7,24.0,en,"['Comedy', 'Romance']",['United States of America'],['English'],1999-07-23,1999.0,7.0
8914,Deep Blue Sea,60000000.0,73648228.0,105.0,7.493615,5.6,616.0,en,"['Action', 'Science Fiction', 'Thriller']","['Australia', 'United States of America']",['English'],1999-07-28,1999.0,7.0
9824,Mystery Men,68000000.0,29762011.0,121.0,10.466306,5.7,255.0,en,"['Adventure', 'Fantasy', 'Action', 'Comedy', 'Science Fiction']",['United States of America'],['English'],1999-08-06,1999.0,8.0
4806,Runaway Bride,70000000.0,309457509.0,116.0,8.919469,5.8,472.0,en,"['Comedy', 'Romance']",['United States of America'],['English'],1999-07-30,1999.0,7.0
967,Spartacus,12000000.0,60000000.0,197.0,11.110376,7.3,472.0,en,"['Action', 'Drama', 'History']",['United States of America'],['English'],1960-10-06,1960.0,10.0
802,Lolita,2000000.0,9250000.0,153.0,9.551293,7.3,409.0,en,"['Drama', 'Romance']","['United Kingdom', 'United States of America']",['English'],1962-06-13,1962.0,6.0
3175,Barry Lyndon,11000000.0,20000000.0,184.0,14.003467,7.7,521.0,en,"['Drama', 'Romance', 'War']","['United Kingdom', 'United States of America']","['Deutsch', 'Français', 'English']",1975-12-18,1975.0,12.0
21185,Vibes,1884000.0,1883811.0,99.0,7.368928,6.0,10.0,en,"['Romance', 'Action', 'Comedy']","['Ecuador', 'United States of America']",['English'],1988-08-05,1988.0,8.0
10136,The Golden Child,25000000.0,79817939.0,94.0,8.236472,5.6,311.0,en,"['Action', 'Adventure', 'Comedy']",['United States of America'],"['Český', 'English', 'Italiano']",1986-12-12,1986.0,12.0
873,The Color Purple,15000000.0,146292009.0,154.0,11.573562,7.7,345.0,en,['Drama'],['United States of America'],['English'],1985-12-18,1985.0,12.0
108312,Native Son,2000000.0,1301121.0,111.0,0.910047,2.0,2.0,en,['Drama'],['United States of America'],['English'],1986-12-24,1986.0,12.0
11416,The Mission,24500000.0,17218023.0,126.0,11.241995,7.1,295.0,en,"['Adventure', 'Drama', 'Action', 'History']","['France', 'United Kingdom']","['English', '', 'Latin', 'Español']",1986-09-29,1986.0,9.0
10776,Little Shop of Horrors,25000000.0,38748395.0,94.0,7.409179,6.7,389.0,en,"['Horror', 'Comedy', 'Music']",['United States of America'],['English'],1986-12-19,1986.0,12.0
16406,Dick,13000000.0,27500000.0,94.0,3.960622,5.7,67.0,en,['Comedy'],"['Canada', 'France', 'United States of America']","['English', 'Français']",1999-08-04,1999.0,8.0
10386,The Iron Giant,70000000.0,23159305.0,86.0,15.441459,7.6,1470.0,en,"['Adventure', 'Animation', 'Family', 'Fantasy', 'Science Fiction']",['United States of America'],['English'],1999-08-06,1999.0,8.0
745,The Sixth Sense,40000000.0,672806292.0,107.0,18.449169,7.7,3223.0,en,"['Mystery', 'Thriller', 'Drama']",['United States of America'],"['Latin', 'Español', 'English']",1999-08-06,1999.0,8.0
913,The Thomas Crown Affair,48000000.0,124305181.0,113.0,10.961226,6.7,349.0,en,"['Drama', 'Crime', 'Romance']",['United States of America'],['English'],1999-08-06,1999.0,8.0
17707,Brokedown Palace,25000000.0,13000000.0,100.0,6.570918,6.2,115.0,en,"['Drama', 'Thriller']",['United States of America'],"['English', 'ภาษาไทย']",1999-08-13,1999.0,8.0
9781,Detroit Rock City,6500000.0,4217115.0,95.0,6.074832,6.7,102.0,en,"['Comedy', 'Music']",['United States of America'],['English'],1999-08-13,1999.0,8.0
48781,Never Talk to Strangers,6400000.0,6.0,86.0,7.506958,4.7,31.0,en,"['Thriller', 'Romance']","['United States of America', 'Canada', 'Germany']",['English'],1995-10-20,1995.0,10.0
29056,The Raven,350000.0,1499275.0,86.0,4.817514,6.3,56.0,en,"['Comedy', 'Fantasy', 'Horror']",['United States of America'],['English'],1963-01-25,1963.0,1.0
28501,The Pit and the Pendulum,200000.0,2000000.0,80.0,4.392322,6.9,67.0,en,"['Fantasy', 'Horror', 'Drama']",['United States of America'],['English'],1961-08-12,1961.0,8.0
10766,Damien: Omen II,6800000.0,26518355.0,107.0,10.235373,6.1,170.0,en,"['Action', 'Drama', 'Horror', 'Thriller']",['United States of America'],['English'],1978-06-09,1978.0,6.0
813,Airplane!,3500000.0,83453539.0,88.0,13.063203,7.1,1104.0,en,['Comedy'],['United States of America'],['English'],1980-07-02,1980.0,7.0
9406,An American Werewolf in Paris,22000000.0,26570463.0,105.0,7.145784,5.3,154.0,en,"['Horror', 'Comedy']","['France', 'United Kingdom', 'Luxembourg', 'Netherlands', 'United States of America']","['English', 'Français']",1997-12-25,1997.0,12.0
11153,National Lampoon's Vacation,15000000.0,61399552.0,98.0,7.747432,7.1,412.0,en,"['Comedy', 'Adventure', 'Romance']",['United States of America'],['English'],1983-07-28,1983.0,7.0
2280,Big,18000000.0,151668774.0,104.0,9.562292,6.9,1022.0,en,"['Fantasy', 'Drama', 'Comedy', 'Romance', 'Family']",['United States of America'],['English'],1988-06-03,1988.0,6.0
9944,The Pelican Brief,45000000.0,195268056.0,141.0,8.708306,6.3,377.0,en,"['Drama', 'Mystery', 'Thriller', 'Crime']",['United States of America'],['English'],1993-12-16,1993.0,12.0
10342,Teaching Mrs. Tingle,13000000.0,8946237.0,96.0,8.345784,5.3,94.0,en,"['Comedy', 'Thriller']",['United States of America'],"['English', 'Polski']",1999-08-11,1999.0,8.0
10366,Universal Soldier: The Return,45000000.0,10667893.0,82.0,7.805145,4.2,138.0,en,"['Action', 'Science Fiction']",['United States of America'],['English'],1999-08-05,1999.0,8.0
22314,In Too Deep,7000000.0,14011454.0,97.0,1.615319,6.3,18.0,en,"['Drama', 'Action', 'Thriller', 'Crime']",['United States of America'],"['Italiano', 'English', 'Pусский']",1999-08-25,1999.0,8.0
1911,The 13th Warrior,160000000.0,61698899.0,102.0,10.308026,6.4,524.0,en,"['Adventure', 'Fantasy', 'Action']",['United States of America'],"['English', 'Norsk']",1999-08-27,1999.0,8.0
2900,The Astronaut's Wife,75000000.0,19598588.0,109.0,14.705865,5.5,263.0,en,"['Drama', 'Science Fiction', 'Thriller']",['United States of America'],['English'],1999-08-26,1999.0,8.0
2162,Chill Factor,70000000.0,11263966.0,101.0,3.062626,5.3,30.0,en,"['Action', 'Comedy', 'Thriller']",['United States of America'],['English'],1999-09-01,1999.0,9.0
14578,Outside Providence,7000000.0,7292175.0,96.0,3.10924,5.6,30.0,en,"['Romance', 'Comedy', 'Drama']",['United States of America'],['English'],1999-08-16,1999.0,8.0
10307,Stigmata,29000000.0,50041732.0,103.0,9.304144,6.0,248.0,en,['Horror'],['United States of America'],"['English', 'Italiano', 'Português']",1999-09-10,1999.0,9.0
11601,Stir of Echoes,12000000.0,21133087.0,99.0,5.875606,6.5,334.0,en,"['Horror', 'Mystery', 'Thriller']",['United States of America'],['English'],1999-09-10,1999.0,9.0
26522,A Soldier's Story,6000000.0,21821347.0,101.0,12.019262,6.2,54.0,en,"['Drama', 'Mystery', 'War']",['United States of America'],"['English', 'Deutsch']",1984-09-14,1984.0,9.0
14,American Beauty,15000000.0,356296601.0,122.0,20.726578,7.9,3438.0,en,['Drama'],['United States of America'],['English'],1999-09-15,1999.0,9.0
24128,Stop Making Sense,1200000.0,4978922.0,88.0,2.359569,8.7,47.0,en,"['Documentary', 'Music']",['United States of America'],['English'],1984-11-16,1984.0,11.0
11001,Blue Streak,65000000.0,117758500.0,93.0,6.229424,6.1,359.0,en,"['Action', 'Comedy', 'Crime']","['Germany', 'United States of America']",['English'],1999-09-17,1999.0,9.0
9453,Caligula,17500000.0,23438120.0,156.0,11.157288,5.3,147.0,en,"['Drama', 'History', 'Romance']","['Italy', 'United States of America']","['English', 'Italiano']",1979-01-21,1979.0,1.0
704,A Hard Day's Night,560000.0,12299668.0,88.0,5.719266,7.3,172.0,en,"['Comedy', 'Music']",['United Kingdom'],['English'],1964-07-06,1964.0,7.0
24153,The Buddy Holly Story,1200000.0,14363400.0,113.0,2.017413,7.5,33.0,en,['Drama'],['United States of America'],['English'],1978-05-18,1978.0,5.0
11797,Fright Night,9000000.0,24922237.0,106.0,7.472509,6.9,279.0,en,['Horror'],['United States of America'],['English'],1985-08-02,1985.0,8.0
10669,Deliverance,2000000.0,46122355.0,109.0,8.476681,7.2,441.0,en,"['Drama', 'Adventure', 'Thriller']",['United States of America'],['English'],1972-07-30,1972.0,7.0
11527,Excalibur,11000000.0,34967437.0,140.0,8.800455,7.1,241.0,en,"['Fantasy', 'Adventure']","['United Kingdom', 'United States of America']",['English'],1981-04-10,1981.0,4.0
28032,Thumbelina,28000000.0,11373501.0,87.0,13.856199,6.1,117.0,en,"['Animation', 'Drama', 'Family', 'Fantasy']","['Ireland', 'United States of America']",['English'],1994-03-30,1994.0,3.0
11326,Tommy,5000000.0,34251525.0,111.0,6.335814,6.5,69.0,en,"['Drama', 'Music']",['United Kingdom'],['English'],1975-03-19,1975.0,3.0
10398,Double Jeopardy,70000000.0,177841558.0,105.0,10.876463,6.2,282.0,en,"['Crime', 'Drama', 'Mystery', 'Thriller']","['Canada', 'United States of America']",['English'],1999-09-24,1999.0,9.0
60994,Guinevere,2600000.0,614202.0,104.0,4.004968,5.9,9.0,en,"['Drama', 'Romance']",['United States of America'],['English'],1999-09-04,1999.0,9.0
14429,Drive Me Crazy,8000000.0,22593409.0,91.0,4.606395,5.8,62.0,en,"['Drama', 'Comedy', 'Romance', 'Family']",['United States of America'],['English'],1999-10-01,1999.0,10.0
15198,"Mystery, Alaska",28000000.0,8888143.0,119.0,4.512767,6.0,71.0,en,"['Drama', 'Comedy']","['Canada', 'United States of America']",['English'],1999-10-01,1999.0,10.0
6415,Three Kings,75000000.0,108000000.0,114.0,12.287636,6.6,709.0,en,"['Action', 'Adventure', 'Comedy']",['United States of America'],"['English', 'العربية']",1999-09-27,1999.0,9.0
24066,"Happy, Texas",1700000.0,1943649.0,98.0,2.939685,5.5,39.0,en,"['Comedy', 'Crime']",['United States of America'],['English'],1999-12-03,1999.0,12.0
10349,The Dark Half,15000000.0,10611160.0,122.0,13.412785,5.4,91.0,en,"['Mystery', 'Horror']",['United States of America'],['English'],1993-04-23,1993.0,4.0
29787,Monkey Shines,7000000.0,5344577.0,113.0,8.120652,6.2,58.0,en,"['Thriller', 'Drama', 'Horror', 'Science Fiction']",['United States of America'],['English'],1988-07-29,1988.0,7.0
9638,Phantasm,300000.0,11988469.0,89.0,6.609336,6.5,166.0,en,"['Horror', 'Science Fiction']",['United States of America'],['English'],1979-03-28,1979.0,3.0
10576,Psycho II,5000000.0,34725000.0,113.0,6.370495,6.0,128.0,en,"['Horror', 'Mystery', 'Thriller']",['United States of America'],['English'],1983-06-03,1983.0,6.0
12618,Random Hearts,64000000.0,74608570.0,133.0,4.140398,5.3,63.0,en,"['Drama', 'Romance']",['United States of America'],['English'],1999-10-08,1999.0,10.0
226,Boys Don't Cry,2000000.0,11540607.0,118.0,6.536006,7.2,360.0,en,"['Crime', 'Drama']",['United States of America'],['English'],1999-09-02,1999.0,9.0
10388,The Limey,10000000.0,3193102.0,89.0,7.807741,6.6,110.0,en,"['Action', 'Crime', 'Drama', 'Mystery', 'Thriller']",['United States of America'],"['English', 'Français']",1999-05-15,1999.0,5.0
9346,Risky Business,6200000.0,63541777.0,98.0,6.505209,6.4,340.0,en,"['Comedy', 'Romance']",['United States of America'],"['Deutsch', 'English']",1983-08-05,1983.0,8.0
861,Total Recall,65000000.0,261317921.0,113.0,12.954444,7.1,1745.0,en,"['Action', 'Adventure', 'Science Fiction']",['United States of America'],['English'],1990-06-01,1990.0,6.0
9377,Ferris Bueller's Day Off,6000000.0,70136369.0,103.0,12.724645,7.5,1340.0,en,['Comedy'],['United States of America'],['English'],1986-06-11,1986.0,6.0
11541,The Year of Living Dangerously,6000000.0,1317657.0,115.0,13.293569,6.8,84.0,en,"['War', 'Drama', 'Romance']","['Australia', 'United States of America']",['English'],1982-12-17,1982.0,12.0
11901,High Plains Drifter,5500000.0,15700000.0,105.0,9.91087,7.4,284.0,en,['Western'],['United States of America'],['English'],1973-04-19,1973.0,4.0
4929,Hang 'em High,1800000.0,6800000.0,114.0,7.266576,6.7,197.0,en,['Western'],['United States of America'],['English'],1968-07-31,1968.0,7.0
18254,Reds,32000000.0,40382659.0,195.0,5.463216,7.1,70.0,en,"['Drama', 'History']",['United States of America'],"['Deutsch', 'suomi', 'Français', 'Pусский', 'English']",1981-12-25,1981.0,12.0
19997,Niagara,1250000.0,8500000.0,92.0,14.605464,6.7,84.0,en,"['Crime', 'Drama', 'Thriller']",['United States of America'],['English'],1953-01-26,1953.0,1.0
17352,South Pacific,6000000.0,36800000.0,157.0,2.747118,6.3,29.0,en,"['Music', 'Romance', 'War']",['United States of America'],"['English', 'Français']",1958-03-18,1958.0,3.0
535,Flashdance,4000000.0,92921203.0,95.0,9.888958,6.1,313.0,en,"['Drama', 'Music', 'Romance']",['United States of America'],"['English', 'Português']",1983-04-14,1983.0,4.0
1654,The Dirty Dozen,5400000.0,45300000.0,150.0,15.640007,7.5,309.0,en,"['Action', 'Adventure', 'War']","['United Kingdom', 'United States of America']","['Latin', 'English', 'Deutsch', 'Français', 'Español']",1967-06-15,1967.0,6.0
658,Goldfinger,2500000.0,124881062.0,110.0,13.78884,7.2,1005.0,en,"['Adventure', 'Action', 'Thriller']","['United Kingdom', 'United States of America']","['普通话', 'English', 'Español']",1964-09-17,1964.0,9.0
657,From Russia with Love,2000000.0,78898765.0,115.0,12.536729,6.9,773.0,en,"['Action', 'Thriller', 'Adventure']",['United Kingdom'],"['English', 'Pусский', 'Türkçe', 'Română']",1963-10-11,1963.0,10.0
646,Dr. No,950000.0,59600000.0,110.0,19.931606,6.9,953.0,en,"['Adventure', 'Action', 'Thriller']",['United Kingdom'],"['English', 'Français']",1962-10-04,1962.0,10.0
5689,The Blue Lagoon,4500000.0,58853106.0,104.0,11.578578,5.8,422.0,en,"['Romance', 'Adventure', 'Drama']",['United States of America'],['English'],1980-07-05,1980.0,7.0
391,A Fistful of Dollars,200000.0,14500000.0,99.0,12.429704,7.6,909.0,it,['Western'],"['Italy', 'Germany', 'Spain']","['Italiano', 'Español']",1964-09-12,1964.0,9.0
8052,Hard Eight,3000000.0,222559.0,96.0,7.04756,6.8,177.0,en,"['Drama', 'Thriller']",['United States of America'],['English'],1996-02-28,1996.0,2.0
772,Home Alone 2: Lost in New York,18000000.0,358991681.0,120.0,13.293722,6.3,2459.0,en,"['Comedy', 'Family', 'Adventure', 'Crime']",['United States of America'],"['English', 'Français']",1992-11-19,1992.0,11.0
31650,Someone to Watch Over Me,17000000.0,10278549.0,106.0,3.50111,5.8,38.0,en,"['Crime', 'Drama', 'Romance', 'Thriller']",['United States of America'],['English'],1987-10-09,1987.0,10.0
73575,Sparrows,463455.0,966878.0,84.0,0.445526,8.0,9.0,en,['Drama'],['United States of America'],['English'],1926-05-14,1926.0,5.0
302579,Naturally Native,700000.0,10508.0,107.0,0.101618,0.0,0.0,en,['Drama'],['United States of America'],['English'],1999-10-08,1999.0,10.0
550,Fight Club,63000000.0,100853753.0,139.0,63.869599,8.3,9678.0,en,['Drama'],"['Germany', 'United States of America']",['English'],1999-10-15,1999.0,10.0
12220,The Story of Us,50000000.0,58900031.0,95.0,5.769957,5.9,75.0,en,"['Comedy', 'Drama', 'Romance']",['United States of America'],"['Italiano', 'English']",1999-10-13,1999.0,10.0
36819,Time Bandits,5000000.0,42365581.0,116.0,9.841623,6.6,255.0,en,"['Family', 'Fantasy', 'Science Fiction', 'Adventure', 'Comedy']",['United Kingdom'],['English'],1981-07-13,1981.0,7.0
11562,Crimes and Misdemeanors,19000000.0,18254702.0,104.0,6.645295,7.4,201.0,en,"['Comedy', 'Drama']",['United States of America'],['English'],1989-10-13,1989.0,10.0
16162,The Best Man,9000000.0,34573780.0,120.0,5.055141,6.8,38.0,en,"['Drama', 'Comedy']",['United States of America'],['English'],1999-10-22,1999.0,10.0
5548,RoboCop,13000000.0,53000000.0,102.0,13.485583,7.1,1494.0,en,"['Action', 'Thriller', 'Science Fiction']",['United States of America'],['English'],1987-07-17,1987.0,7.0
5549,RoboCop 2,35000000.0,45681173.0,117.0,10.969876,5.6,498.0,en,"['Action', 'Adventure', 'Crime', 'Science Fiction', 'Thriller']",['United States of America'],['English'],1990-06-22,1990.0,6.0
856,Who Framed Roger Rabbit,70000000.0,329803958.0,104.0,16.78596,7.2,1466.0,en,"['Fantasy', 'Animation', 'Comedy', 'Crime', 'Family']",['United States of America'],['English'],1988-06-21,1988.0,6.0
699,For Your Eyes Only,28000000.0,195312802.0,127.0,9.765123,6.3,497.0,en,"['Adventure', 'Action', 'Thriller']","['United Kingdom', 'United States of America']","['ελληνικά', 'English', 'Italiano']",1981-06-23,1981.0,6.0
709,Licence to Kill,32000000.0,156167015.0,133.0,11.137888,5.9,549.0,en,"['Adventure', 'Action', 'Thriller']","['United Kingdom', 'United States of America']","['English', 'Español']",1989-07-07,1989.0,7.0
253,Live and Let Die,7000000.0,161777836.0,121.0,9.773768,6.4,540.0,en,"['Adventure', 'Action', 'Thriller']",['United Kingdom'],"['English', 'Magyar']",1973-07-05,1973.0,7.0
660,Thunderball,5500000.0,141195658.0,130.0,10.517835,6.5,572.0,en,"['Adventure', 'Action', 'Thriller']","['Bahamas', 'France', 'United Kingdom', 'United States of America']","['English', 'Français']",1965-12-16,1965.0,12.0
11377,House on Haunted Hill,19000000.0,40846082.0,93.0,10.187278,5.5,211.0,en,"['Horror', 'Mystery', 'Thriller']",['United States of America'],['English'],1999-10-29,1999.0,10.0
26149,Music of the Heart,27000000.0,14859394.0,124.0,3.104943,6.3,49.0,en,['Drama'],['United States of America'],"['English', 'Español']",1999-10-29,1999.0,10.0
492,Being John Malkovich,13000000.0,22863596.0,112.0,11.416319,7.3,1124.0,en,"['Fantasy', 'Drama', 'Comedy']",['United States of America'],"['English', 'Français']",1999-09-30,1999.0,9.0
108346,Dreaming of Joseph Lees,2000000.0,7.0,92.0,1.241349,6.0,2.0,en,"['Romance', 'Drama']","['United Kingdom', 'United States of America']",['English'],1999-10-29,1999.0,10.0
128,Princess Mononoke,26500000.0,159375308.0,134.0,17.166725,8.2,2041.0,ja,"['Adventure', 'Fantasy', 'Animation']",['Japan'],['日本語'],1997-07-12,1997.0,7.0
2020,The Bachelor,51000000.0,36911617.0,101.0,5.061725,4.5,84.0,en,['Comedy'],['United States of America'],['English'],1999-11-05,1999.0,11.0
9481,The Bone Collector,73000000.0,151493655.0,118.0,8.884406,6.5,843.0,en,"['Drama', 'Mystery', 'Thriller', 'Crime']",['United States of America'],['English'],1999-11-04,1999.0,11.0
9008,The Insider,90000000.0,60289912.0,157.0,11.3569,7.3,489.0,en,"['Drama', 'Thriller']",['United States of America'],"['العربية', 'English', '日本語', 'فارسی']",1999-10-28,1999.0,10.0
16281,Creepshow,8000000.0,21028755.0,120.0,10.434018,6.7,228.0,en,"['Horror', 'Comedy', 'Fantasy']",['United States of America'],"['English', 'Italiano']",1982-11-12,1982.0,11.0
16288,Creepshow 2,3500000.0,14000000.0,92.0,9.330087,5.9,133.0,en,['Horror'],['United States of America'],['English'],1987-05-01,1987.0,5.0
1694,Re-Animator,900000.0,2023414.0,86.0,9.867238,7.0,263.0,en,"['Science Fiction', 'Comedy', 'Horror']",['United States of America'],"['English', 'Deutsch']",1985-10-18,1985.0,10.0
476,Drugstore Cowboy,2500000.0,4729352.0,100.0,8.026112,7.0,117.0,en,"['Crime', 'Drama']",['United States of America'],['English'],1989-09-09,1989.0,9.0
37094,Falling Down,25000000.0,40903593.0,113.0,10.175138,7.2,837.0,en,"['Crime', 'Drama', 'Thriller']",['United States of America'],"['English', 'Español', '한국어/조선말']",1993-02-26,1993.0,2.0
73969,My Best Girl,483103.0,1027757.0,80.0,0.205671,8.0,2.0,en,"['Drama', 'Comedy', 'Romance']",['United States of America'],['English'],1927-10-31,1927.0,10.0
21610,Nighthawks,5000000.0,19905359.0,99.0,5.830675,6.4,87.0,en,"['Action', 'Crime', 'Thriller']",['United States of America'],"['English', 'Français']",1981-03-17,1981.0,3.0
957,Spaceballs,22700000.0,38119483.0,96.0,9.10373,6.7,924.0,en,"['Comedy', 'Science Fiction']",['United States of America'],['English'],1987-06-24,1987.0,6.0
11886,Robin Hood,15000000.0,32056467.0,83.0,11.179855,7.0,1155.0,en,"['Animation', 'Family']",['United States of America'],['English'],1973-11-08,1973.0,11.0
62204,Quest for Fire,12000000.0,55260558.0,100.0,8.341166,7.2,111.0,xx,"['Adventure', 'Drama']","['Canada', 'France', 'United States of America']",['No Language'],1981-12-15,1981.0,12.0
11040,Little Big Man,15000000.0,31559552.0,139.0,8.186994,7.5,128.0,en,"['Adventure', 'Western', 'History']",['United States of America'],['English'],1970-12-14,1970.0,12.0
1621,Trading Places,40600000.0,90400000.0,116.0,14.285052,7.1,763.0,en,['Comedy'],['United States of America'],"['English', 'Português']",1983-06-07,1983.0,6.0
47941,Under the Rainbow,20000000.0,2297493.0,98.0,0.69162,4.9,7.0,en,['Comedy'],['United States of America'],['English'],1981-07-31,1981.0,7.0
21349,Anywhere But Here,23000000.0,18653615.0,114.0,12.593734,5.9,67.0,en,"['Drama', 'Comedy', 'Romance']",['United States of America'],['English'],1999-11-12,1999.0,11.0
1832,Dogma,10000000.0,30652890.0,130.0,8.559088,6.8,842.0,en,"['Fantasy', 'Comedy', 'Adventure']",['United States of America'],['English'],1999-11-12,1999.0,11.0
10047,The Messenger: The Story of Joan of Arc,60000000.0,66976317.0,148.0,9.471838,6.2,373.0,fr,"['Adventure', 'Drama', 'Action', 'History', 'War']",['France'],"['English', 'Latin']",1999-10-18,1999.0,10.0
10228,Pokémon: The First Movie: Mewtwo Strikes Back,30000000.0,163644662.0,75.0,7.556826,6.7,336.0,ja,['Animation'],"['Japan', 'United States of America']",['日本語'],1998-07-18,1998.0,7.0
9289,The Longest Day,10000000.0,50100000.0,178.0,10.770928,7.3,237.0,en,"['Action', 'Drama', 'History', 'War']",['United States of America'],"['English', 'Français', 'Deutsch']",1962-09-25,1962.0,9.0
11165,Tora! Tora! Tora!,25485000.0,29548291.0,144.0,7.262326,6.9,150.0,en,"['History', 'Action', 'Drama', 'Adventure', 'War']","['Japan', 'United States of America']","['English', '日本語']",1970-01-26,1970.0,1.0
4203,Women on the Verge of a Nervous Breakdown,700000.0,7179298.0,88.0,5.470331,7.6,149.0,es,"['Comedy', 'Drama']",['Spain'],['Español'],1988-03-14,1988.0,3.0
24226,The Verdict,16000000.0,53977250.0,129.0,9.596883,7.4,132.0,en,['Drama'],['United States of America'],['English'],1982-12-08,1982.0,12.0
2668,Sleepy Hollow,100000000.0,206071502.0,105.0,11.072361,6.9,1774.0,en,"['Drama', 'Fantasy', 'Thriller', 'Mystery']","['Germany', 'United States of America']",['English'],1999-11-18,1999.0,11.0
36643,The World Is Not Enough,135000000.0,361832400.0,128.0,12.130127,6.0,878.0,en,"['Adventure', 'Action', 'Thriller']","['United Kingdom', 'United States of America']","['English', 'Pусский']",1999-11-08,1999.0,11.0
99,All About My Mother,8272296.0,67872296.0,101.0,10.000915,7.4,337.0,es,"['Comedy', 'Drama']","['Spain', 'France']",['Español'],1999-04-19,1999.0,4.0
5156,Bicycle Thieves,133000.0,361712.0,93.0,13.233136,8.0,404.0,it,['Drama'],['Italy'],['Italiano'],1948-11-24,1948.0,11.0
24276,Matewan,4000000.0,1680358.0,132.0,3.350126,7.2,33.0,en,['Drama'],['United States of America'],"['English', 'Italiano']",1987-08-28,1987.0,8.0
11393,The Natural,28000000.0,47951979.0,137.0,12.319855,7.0,162.0,en,['Drama'],['United States of America'],['English'],1984-05-11,1984.0,5.0
10998,Fatal Attraction,14000000.0,320145693.0,119.0,14.260779,6.6,305.0,en,"['Romance', 'Drama', 'Thriller', 'Horror', 'Mystery']",['United States of America'],['English'],1987-09-11,1987.0,9.0
36094,Stanley & Iris,23000000.0,5820015.0,104.0,1.914881,5.7,26.0,en,"['Drama', 'Romance']",['United States of America'],['English'],1990-02-09,1990.0,2.0
9013,Midnight Run,30000000.0,38413606.0,126.0,5.564321,7.2,241.0,en,"['Adventure', 'Comedy', 'Crime']",['United States of America'],"['Český', 'English']",1988-07-20,1988.0,7.0
2924,Backdraft,75000000.0,152368585.0,137.0,9.883727,6.4,360.0,en,"['Action', 'Crime', 'Drama', 'Mystery', 'Thriller']",['United States of America'],['English'],1991-05-24,1991.0,5.0
177,The Fisher King,24000000.0,41895491.0,137.0,11.184385,7.2,346.0,en,"['Comedy', 'Drama']",['United States of America'],['English'],1991-09-09,1991.0,9.0
38557,The River,18000000.0,11500000.0,122.0,6.303384,6.5,21.0,en,['Drama'],['United States of America'],['English'],1984-12-01,1984.0,12.0
9946,End of Days,100000000.0,211989043.0,121.0,9.62371,5.5,488.0,en,"['Action', 'Fantasy', 'Horror', 'Mystery']",['United States of America'],"['English', 'Italiano', 'Latin']",1999-11-24,1999.0,11.0
863,Toy Story 2,90000000.0,497366869.0,92.0,17.547693,7.3,3914.0,en,"['Animation', 'Comedy', 'Family']",['United States of America'],['English'],1999-10-30,1999.0,10.0
22267,Ride with the Devil,38000000.0,635096.0,138.0,7.059308,6.6,49.0,en,"['Drama', 'War', 'Romance', 'Western']",['United States of America'],['English'],1999-11-24,1999.0,11.0
55123,Tumbleweeds,312000.0,1281176.0,102.0,0.88888,6.2,11.0,en,"['Comedy', 'Drama']",['United States of America'],['English'],1999-11-28,1999.0,11.0
20024,The End of the Affair,23000000.0,10827816.0,102.0,6.200344,6.6,56.0,en,['Drama'],"['United States of America', 'United Kingdom']","['English', 'Français']",1999-12-03,1999.0,12.0
9586,The Bonfire of the Vanities,47000000.0,15691192.0,125.0,5.507082,5.3,113.0,en,"['Comedy', 'Drama']",['United States of America'],['English'],1990-12-21,1990.0,12.0
32669,The Two Jakes,19000000.0,10000000.0,138.0,4.476578,6.2,48.0,en,"['Crime', 'Drama', 'Mystery']",['United States of America'],['English'],1990-08-10,1990.0,8.0
10402,Deuce Bigalow: Male Gigolo,17000000.0,65535067.0,88.0,6.567794,5.4,314.0,en,['Comedy'],['United States of America'],['English'],1999-12-10,1999.0,12.0
497,The Green Mile,60000000.0,284600000.0,189.0,19.96678,8.2,4166.0,en,"['Fantasy', 'Drama', 'Crime']",['United States of America'],"['Français', 'English']",1999-12-10,1999.0,12.0
1715,The Cider House Rules,24000000.0,88545092.0,126.0,9.526781,6.9,285.0,en,['Drama'],['United States of America'],['English'],1999-12-17,1999.0,12.0
25188,The Last Picture Show,1300000.0,29133000.0,118.0,5.961382,7.6,133.0,en,['Drama'],['United States of America'],['English'],1971-10-03,1971.0,10.0
2277,Bicentennial Man,100000000.0,93700000.0,131.0,9.369918,6.9,998.0,en,"['Comedy', 'Science Fiction']","['Germany', 'United States of America']",['English'],1999-12-17,1999.0,12.0
10137,Stuart Little,133000000.0,300135367.0,84.0,8.3595,5.8,998.0,en,"['Animation', 'Fantasy', 'Family', 'Comedy']","['Germany', 'United States of America']",['English'],1999-12-17,1999.0,12.0
49948,Fantasia 2000,80000000.0,90874570.0,74.0,14.972573,7.0,300.0,en,"['Animation', 'Family', 'Music']",['United States of America'],['English'],1999-12-17,1999.0,12.0
334,Magnolia,37000000.0,48451803.0,188.0,9.091636,7.5,844.0,en,['Drama'],['United States of America'],"['English', 'Français', 'Deutsch']",1999-12-08,1999.0,12.0
30237,Onegin,14000000.0,206128.0,104.0,7.171138,5.8,26.0,en,"['Drama', 'Romance']","['United Kingdom', 'Russia', 'United States of America']",['English'],1999-12-22,1999.0,12.0
50116,Simpatico,10000000.0,929606.0,106.0,3.143748,5.3,6.0,en,"['Comedy', 'Drama']","['France', 'United Kingdom', 'United States of America']",['English'],1999-09-15,1999.0,9.0
9563,Any Given Sunday,55000000.0,100230832.0,163.0,10.571434,6.8,430.0,en,['Drama'],['United States of America'],['English'],1999-12-16,1999.0,12.0
1850,Man on the Moon,82000000.0,47434430.0,118.0,13.217419,6.9,444.0,en,"['Comedy', 'Drama', 'Romance']",['United States of America'],['English'],1999-12-22,1999.0,12.0
926,Galaxy Quest,45000000.0,90683916.0,102.0,15.831374,6.9,722.0,en,"['Comedy', 'Family', 'Science Fiction']",['United States of America'],['English'],1999-12-23,1999.0,12.0
1213,The Talented Mr. Ripley,40000000.0,128798265.0,139.0,11.65502,7.1,790.0,en,"['Thriller', 'Crime', 'Drama']",['United States of America'],"['English', 'Italiano']",1999-12-25,1999.0,12.0
10471,Next Friday,11000000.0,59827328.0,98.0,10.06545,6.5,145.0,en,['Comedy'],['United States of America'],['English'],2000-01-12,2000.0,1.0
10400,The Hurricane,50000000.0,73956241.0,146.0,5.716009,7.2,401.0,en,['Drama'],['United States of America'],['English'],1999-09-17,1999.0,9.0
10397,Angela's Ashes,25.0,13.0,145.0,4.496585,7.0,59.0,en,['Drama'],"['Ireland', 'United States of America']",['English'],1999-12-25,1999.0,12.0
20761,Play It to the Bone,24000000.0,8434146.0,124.0,4.347609,5.7,53.0,en,"['Comedy', 'Drama']",['United States of America'],"['English', 'Français']",1999-12-25,1999.0,12.0
10384,Supernova,90000000.0,14828081.0,91.0,5.496624,4.9,109.0,en,"['Horror', 'Science Fiction', 'Thriller']","['Switzerland', 'United States of America']",['English'],2000-01-14,2000.0,1.0
48233,The Terrorist,24554.0,140021.0,95.0,0.154526,8.1,4.0,en,['Drama'],[],['हिन्दी'],1998-09-12,1998.0,9.0
5924,Papillon,12000000.0,53267000.0,151.0,15.698433,7.8,445.0,en,"['Crime', 'Drama']",['United States of America'],"['English', 'Español']",1973-12-13,1973.0,12.0
10493,Dead Calm,10000000.0,7825000.0,96.0,13.464246,6.6,178.0,en,"['Crime', 'Thriller', 'Horror', 'Drama']","['Australia', 'United States of America']","['English', 'Italiano']",1989-04-07,1989.0,4.0
13342,Fast Times at Ridgemont High,4500000.0,27092880.0,90.0,14.658885,7.0,330.0,en,['Comedy'],['United States of America'],['English'],1982-08-13,1982.0,8.0
35119,A Cry in the Dark,15000000.0,6908797.0,120.0,3.970538,6.4,49.0,en,['Drama'],"['Australia', 'United States of America']",['English'],1988-11-11,1988.0,11.0
14919,Batman: Mask of the Phantasm,6000000.0,5617391.0,76.0,7.29114,7.4,218.0,en,"['Action', 'Adventure', 'Animation', 'Family']",['United States of America'],"['Český', 'English']",1993-12-25,1993.0,12.0
47620,Poison,250000.0,609524.0,85.0,1.924535,6.4,15.0,en,"['Drama', 'Horror', 'Science Fiction']",['United States of America'],['English'],1991-04-05,1991.0,4.0
75531,Isn't She Great,36000000.0,3003296.0,95.0,0.907927,4.6,14.0,de,"['Drama', 'Comedy']",['United States of America'],['English'],2000-01-28,2000.0,1.0
1883,Malcolm X,34000000.0,48169908.0,202.0,14.207001,7.3,377.0,en,"['Drama', 'History']",['United States of America'],"['العربية', 'English']",1992-11-18,1992.0,11.0
2005,Sister Act,31000000.0,231605150.0,100.0,18.83065,6.5,713.0,en,"['Music', 'Comedy']",['United States of America'],['English'],1992-05-28,1992.0,5.0
6279,Sister Act 2: Back in the Habit,38000000.0,57319029.0,107.0,12.986842,5.9,384.0,en,"['Music', 'Comedy']",['United States of America'],['English'],1993-12-09,1993.0,12.0
11087,The Hand that Rocks the Cradle,11700000.0,88036683.0,110.0,6.672715,6.5,196.0,en,['Thriller'],['United States of America'],"['Magyar', 'Pусский']",1992-01-10,1992.0,1.0
7305,Alive,32000000.0,36733909.0,120.0,8.662287,6.7,383.0,en,"['Action', 'Adventure', 'Drama', 'Thriller']",['United States of America'],"['English', 'Português']",1993-01-15,1993.0,1.0
9475,Scent of a Woman,31000000.0,134095253.0,157.0,14.505987,7.3,763.0,en,['Drama'],['United States of America'],"['English', 'Magyar']",1992-12-23,1992.0,12.0
8872,Wayne's World,20000000.0,121697323.0,94.0,10.180776,6.5,738.0,en,"['Music', 'Comedy']",['United States of America'],"['广州话 / 廣州話', 'English']",1992-02-14,1992.0,2.0
11287,A League of Their Own,40000000.0,107458785.0,128.0,10.852038,6.8,362.0,en,['Comedy'],['United States of America'],['English'],1992-07-01,1992.0,7.0
9869,Patriot Games,45000000.0,178051587.0,117.0,11.075674,6.4,440.0,en,"['Drama', 'Action', 'Thriller', 'Crime']",['United States of America'],['English'],1992-06-04,1992.0,6.0
619,The Bodyguard,25000000.0,411006740.0,129.0,9.805017,6.2,681.0,en,"['Thriller', 'Action', 'Drama', 'Music', 'Romance']",['United States of America'],['English'],1992-11-25,1992.0,11.0
9374,Death Becomes Her,55000000.0,149022650.0,104.0,11.017417,6.3,655.0,en,"['Fantasy', 'Comedy']",['United States of America'],['English'],1992-07-30,1992.0,7.0
11259,Far and Away,60000000.0,137783840.0,140.0,7.472753,6.3,294.0,en,"['Adventure', 'Drama', 'Romance', 'Western']",['United States of America'],['English'],1992-05-22,1992.0,5.0
1923,Twin Peaks: Fire Walk with Me,10000000.0,4160851.0,134.0,8.736538,7.3,429.0,en,"['Drama', 'Mystery']",['United States of America'],['English'],1992-06-03,1992.0,6.0
10206,Buffy the Vampire Slayer,7000000.0,16624456.0,86.0,4.941989,5.3,192.0,en,"['Action', 'Comedy', 'Horror']",['United States of America'],['English'],1992-07-24,1992.0,7.0
9367,El Mariachi,220000.0,2040920.0,81.0,9.972591,6.6,243.0,es,"['Action', 'Crime', 'Thriller']","['Mexico', 'United States of America']",['Español'],1992-09-04,1992.0,9.0
12143,Bad Lieutenant,1000000.0,2019469.0,96.0,6.417037,6.9,162.0,en,"['Crime', 'Drama']",['United States of America'],"['English', 'Español']",1992-09-16,1992.0,9.0
4234,Scream 3,40000000.0,161834276.0,116.0,9.738371,5.7,749.0,en,"['Horror', 'Mystery']",['United States of America'],['English'],2000-02-03,2000.0,2.0
9605,Single White Female,16000000.0,48017402.0,107.0,7.246119,6.0,139.0,en,['Thriller'],['United States of America'],"['English', 'Español']",1992-08-14,1992.0,8.0
8374,The Boondock Saints,6000000.0,30471.0,108.0,12.457908,7.2,848.0,en,"['Action', 'Thriller', 'Crime']","['Canada', 'United States of America']","['English', 'Español']",1999-01-22,1999.0,1.0
29076,Gun Shy,10000000.0,1631839.0,101.0,6.370105,5.4,24.0,en,"['Action', 'Comedy', 'Romance', 'Thriller']",['United States of America'],['English'],2000-02-04,2000.0,2.0
1907,The Beach,40000000.0,144056873.0,119.0,14.430311,6.3,1271.0,en,"['Drama', 'Adventure', 'Romance', 'Thriller']","['United Kingdom', 'United States of America']","['English', 'Français', 'Hrvatski', 'svenska', 'ภาษาไทย']",2000-02-11,2000.0,2.0
15655,The Tigger Movie,30000000.0,45554533.0,77.0,7.023414,6.3,146.0,en,"['Animation', 'Family']",['United States of America'],['English'],2000-02-11,2000.0,2.0
77908,Trois,200000.0,1160268.0,93.0,0.06431,4.5,1.0,en,"['Drama', 'Thriller', 'Romance']",['United States of America'],[],2000-02-11,2000.0,2.0
14181,Boiler Room,26000000.0,28780255.0,118.0,8.518425,6.5,202.0,en,"['Crime', 'Drama', 'Thriller']",['United States of America'],"['English', 'Pусский']",2000-02-18,2000.0,2.0
10385,Hanging Up,40000000.0,36037909.0,94.0,6.474767,5.0,42.0,en,"['Comedy', 'Drama']","['Germany', 'United States of America']",['Pусский'],2000-02-16,2000.0,2.0
2787,Pitch Black,23000000.0,53187659.0,108.0,6.424399,6.7,1812.0,en,"['Thriller', 'Science Fiction', 'Action']",['United States of America'],['English'],2000-02-18,2000.0,2.0
2069,The Whole Nine Yards,41300000.0,106371651.0,98.0,12.061521,6.3,540.0,en,"['Comedy', 'Crime']","['Canada', 'United States of America']","['English', 'Français', 'Español']",2000-02-18,2000.0,2.0
901,City Lights,1500000.0,19181.0,87.0,10.891524,8.2,444.0,en,"['Comedy', 'Drama', 'Romance']",['United States of America'],['English'],1931-01-30,1931.0,1.0
10098,The Kid,250000.0,2500000.0,68.0,8.168456,8.0,404.0,en,"['Comedy', 'Drama']",['United States of America'],['No Language'],1921-01-21,1921.0,1.0
2155,Reindeer Games,42000000.0,32168970.0,124.0,12.11759,5.3,175.0,en,['Thriller'],['United States of America'],['English'],2000-02-25,2000.0,2.0
47816,3 Strikes,6000000.0,9000000.0,82.0,0.651625,5.9,15.0,en,"['Action', 'Comedy', 'Romance']",['United States of America'],['English'],2000-03-01,2000.0,3.0
25166,Drowning Mona,16000000.0,15427192.0,96.0,4.372616,5.4,43.0,en,"['Comedy', 'Crime', 'Mystery']",['United States of America'],['English'],2000-03-03,2000.0,3.0
1831,The Next Best Thing,25000000.0,24362772.0,108.0,2.971999,4.3,29.0,en,['Comedy'],['United States of America'],"['Français', 'English']",2000-03-03,2000.0,3.0
14271,Beyond the Mat,2053648.0,500000.0,102.0,2.691433,7.8,17.0,en,['Documentary'],['United States of America'],['English'],1999-10-22,1999.0,10.0
11296,Birdy,12000000.0,1400000.0,120.0,16.243093,6.9,112.0,en,"['Drama', 'History']",['United States of America'],['English'],1984-12-14,1984.0,12.0
28172,Blood Feast,24500.0,4000000.0,67.0,1.783412,5.3,26.0,en,['Horror'],['United States of America'],['English'],1963-06-06,1963.0,6.0
2067,Mission to Mars,90000000.0,60874615.0,114.0,9.021107,5.7,374.0,en,['Science Fiction'],['United States of America'],['English'],2000-03-10,2000.0,3.0
622,The Ninth Gate,38000000.0,58401898.0,133.0,11.316349,6.3,768.0,en,"['Horror', 'Mystery', 'Thriller']","['France', 'Portugal', 'Spain']","['English', 'Français', 'Latin', 'Polski', 'Português', 'Español']",1999-08-24,1999.0,8.0
20283,Breaking Away,2300000.0,20000000.0,100.0,4.806374,7.4,80.0,en,"['Drama', 'Comedy']",['United States of America'],['English'],1979-05-24,1979.0,5.0
5693,Hoosiers,9000000.0,28607524.0,114.0,6.484495,7.1,143.0,en,"['Drama', 'Family']",['United States of America'],['English'],1986-11-14,1986.0,11.0
287,Bull Durham,7000000.0,50888000.0,108.0,6.924072,6.6,154.0,en,"['Comedy', 'Romance']",['United States of America'],"['English', 'Italiano']",1988-06-15,1988.0,6.0
968,Dog Day Afternoon,1800000.0,46665856.0,125.0,7.530126,7.6,685.0,en,"['Crime', 'Drama', 'Thriller']",['United States of America'],['English'],1975-08-11,1975.0,8.0
838,American Graffiti,777000.0,140000000.0,110.0,9.188584,6.9,330.0,en,"['Comedy', 'Drama']",['United States of America'],['English'],1973-08-01,1973.0,8.0
820,JFK,40000000.0,205405498.0,189.0,13.813146,7.5,513.0,en,"['Drama', 'Thriller', 'History']",['United States of America'],"['English', 'Español']",1991-12-20,1991.0,12.0
918,Blind Date,18000000.0,39321715.0,95.0,6.696292,5.6,115.0,en,"['Comedy', 'Romance']",['United States of America'],['English'],1987-03-27,1987.0,3.0
61178,Nadine,12000000.0,5669831.0,83.0,7.569698,5.5,21.0,en,"['Action', 'Comedy', 'Romance']",['United States of America'],['English'],1987-08-07,1987.0,8.0
16535,Titanic,1805000.0,4905000.0,98.0,12.90707,6.2,27.0,en,"['Drama', 'Action', 'Romance']",['United States of America'],"['English', 'Français', 'Español', 'euskera']",1953-04-11,1953.0,4.0
462,Erin Brockovich,52000000.0,256271286.0,131.0,10.135446,7.1,730.0,en,['Drama'],['United States of America'],"['English', 'Français']",2000-03-17,2000.0,3.0
9532,Final Destination,23000000.0,53302314.0,98.0,14.961416,6.4,1416.0,en,['Horror'],['United States of America'],"['English', 'Français']",2000-03-16,2000.0,3.0
1541,Thelma & Louise,16000000.0,45361000.0,130.0,14.785388,7.2,766.0,en,"['Drama', 'Thriller', 'Crime', 'Adventure']",['United States of America'],['English'],1991-05-24,1991.0,5.0
8469,Animal House,2700000.0,141000000.0,109.0,7.525382,7.0,420.0,en,['Comedy'],['United States of America'],['English'],1978-07-27,1978.0,7.0
925,Do the Right Thing,6500000.0,37295445.0,120.0,10.465403,7.6,301.0,en,['Drama'],['United States of America'],['English'],1989-06-30,1989.0,6.0
41823,Mo' Better Blues,10000000.0,16153593.0,129.0,2.715137,6.3,48.0,en,"['Drama', 'Romance']",['United States of America'],['English'],1990-08-03,1990.0,8.0
1713,Jungle Fever,14000000.0,32482682.0,132.0,7.701918,6.0,71.0,en,"['Drama', 'Romance']",['United States of America'],['English'],1991-06-07,1991.0,6.0
13939,Death Wish,3000000.0,22000000.0,93.0,12.968011,7.0,165.0,en,"['Action', 'Crime', 'Drama', 'Thriller']",['United States of America'],"['Français', 'English', 'Italiano', 'Deutsch']",1974-07-24,1974.0,7.0
14373,Death Wish 2,2000000.0,45000000.0,88.0,7.965003,6.1,74.0,en,"['Action', 'Crime', 'Thriller']",['United States of America'],['English'],1982-02-20,1982.0,2.0
24873,Death Wish 3,9000000.0,16945171.0,92.0,12.829904,6.1,68.0,en,"['Action', 'Crime', 'Drama', 'Thriller']",['United States of America'],['English'],1985-11-01,1985.0,11.0
34746,Death Wish 5: The Face of Death,5000000.0,1702394.0,95.0,3.595599,5.0,46.0,en,"['Action', 'Crime', 'Drama', 'Thriller']","['Canada', 'United States of America']",['English'],1994-01-14,1994.0,1.0
996,Double Indemnity,927262.0,2500000.0,107.0,6.49432,8.0,425.0,en,"['Drama', 'Mystery', 'Thriller']",['United States of America'],['English'],1944-04-24,1944.0,4.0
1496,Cool as Ice,6000000.0,1193062.0,91.0,2.329486,4.7,27.0,en,"['Drama', 'Action', 'Comedy', 'Music', 'Romance']",['United States of America'],['English'],1991-10-18,1991.0,10.0
1498,Teenage Mutant Ninja Turtles,13500000.0,202000000.0,93.0,13.184585,6.5,486.0,en,"['Science Fiction', 'Action', 'Adventure', 'Comedy', 'Family']","['Hong Kong', 'United States of America']","['Français', 'English']",1990-03-30,1990.0,3.0
1497,Teenage Mutant Ninja Turtles II: The Secret of the Ooze,25000000.0,78000000.0,88.0,7.994266,5.8,290.0,en,"['Science Fiction', 'Adventure', 'Action', 'Comedy', 'Family']","['Hong Kong', 'United States of America']",['English'],1991-03-22,1991.0,3.0
1499,Teenage Mutant Ninja Turtles III,21000000.0,42000000.0,96.0,8.13688,5.1,189.0,en,"['Action', 'Adventure', 'Comedy', 'Family', 'Fantasy', 'Science Fiction']","['Hong Kong', 'United States of America']",['English'],1993-03-17,1993.0,3.0
1880,Red Dawn,4200000.0,38376497.0,114.0,8.233168,6.4,217.0,en,"['Action', 'Thriller']",['United States of America'],"['English', 'Pусский', 'Español']",1984-08-10,1984.0,8.0
33762,Band of the Hand,8700000.0,4865912.0,109.0,4.397712,6.9,14.0,en,"['Action', 'Crime', 'Drama']",['United States of America'],['English'],1986-04-11,1986.0,4.0
11690,Bloodsport,1500000.0,11806119.0,92.0,8.822276,6.6,370.0,en,['Action'],['United States of America'],['English'],1988-02-26,1988.0,2.0
29143,Eyes of Laura Mars,7000000.0,20000000.0,104.0,3.705714,5.7,46.0,en,"['Drama', 'Horror', 'Mystery', 'Thriller']",['United States of America'],['English'],1978-08-02,1978.0,8.0
801,"Good Morning, Vietnam",13000000.0,123922370.0,121.0,9.023282,7.1,658.0,en,"['Comedy', 'Drama', 'War']",['United States of America'],['English'],1987-12-23,1987.0,12.0
1879,Guess Who's Coming to Dinner,4000000.0,56666667.0,108.0,5.032469,7.6,174.0,en,"['Comedy', 'Drama', 'Romance']",['United States of America'],['English'],1967-12-11,1967.0,12.0
2085,Romeo Must Die,25000000.0,91036760.0,115.0,8.369176,6.0,334.0,en,"['Action', 'Crime', 'Thriller']",['United States of America'],"['English', '普通话']",2000-03-20,2000.0,3.0
16222,Whatever It Takes,15000000.0,9902115.0,94.0,3.550711,5.1,38.0,en,"['Drama', 'Comedy', 'Romance']",['United States of America'],['English'],2000-03-31,2000.0,3.0
37722,Waking the Dead,8500000.0,327418.0,105.0,1.241671,6.5,22.0,en,"['Drama', 'Romance']","['Canada', 'United States of America']",['English'],2000-03-23,2000.0,3.0
3082,Modern Times,1.0,8500000.0,87.0,8.159556,8.1,881.0,en,"['Drama', 'Comedy']",['United States of America'],['English'],1936-02-05,1936.0,2.0
24748,Hud,2500000.0,10000000.0,112.0,4.526285,7.4,69.0,en,"['Action', 'Drama', 'Western']",['United States of America'],['English'],1963-05-29,1963.0,5.0
990,The Hustler,2000000.0,7600000.0,134.0,9.333533,7.6,243.0,en,['Drama'],['United States of America'],['English'],1961-09-25,1961.0,9.0
840,Close Encounters of the Third Kind,20000000.0,303788635.0,135.0,10.610446,7.2,1122.0,en,"['Science Fiction', 'Drama']",['United States of America'],"['हिन्दी', 'English', 'Français', 'Español']",1977-11-16,1977.0,11.0
2291,Jacob's Ladder,25000000.0,25965144.0,113.0,8.176863,7.3,376.0,en,"['Drama', 'Mystery', 'Horror']",['United States of America'],['English'],1990-11-02,1990.0,11.0
16620,La Bamba,6500000.0,54215416.0,108.0,6.476534,6.8,120.0,en,"['Drama', 'Music']",['United States of America'],['English'],1987-07-24,1987.0,7.0
526,Ladyhawke,20000000.0,18432000.0,121.0,8.157587,6.8,264.0,en,"['Adventure', 'Drama', 'Fantasy', 'Romance']",['United States of America'],['English'],1985-03-27,1985.0,3.0
13346,Lucas,6000000.0,8200000.0,108.0,4.57535,6.4,53.0,en,"['Comedy', 'Drama', 'Romance']",['United States of America'],['English'],1986-03-28,1986.0,3.0
243,High Fidelity,30000000.0,47126295.0,113.0,8.524956,7.0,636.0,en,"['Comedy', 'Drama', 'Romance', 'Music']","['United Kingdom', 'United States of America']","['Dansk', 'English']",2000-03-17,2000.0,3.0
10501,The Road to El Dorado,95000000.0,76432727.0,89.0,8.755188,7.0,892.0,en,"['Adventure', 'Animation', 'Comedy', 'Family']",['United States of America'],['English'],2000-03-31,2000.0,3.0
11478,The Skulls,15000000.0,35007180.0,106.0,11.363754,5.7,160.0,en,"['Crime', 'Drama', 'Thriller']","['Canada', 'United States of America']",['English'],2000-03-31,2000.0,3.0
6644,El Dorado,4653000.0,6000000.0,120.0,7.070669,7.2,96.0,en,['Western'],['United States of America'],"['English', 'Español']",1966-12-17,1966.0,12.0
879,Hook,70000000.0,300854823.0,144.0,14.508137,6.7,1563.0,en,"['Adventure', 'Fantasy', 'Comedy', 'Family']",['United States of America'],['English'],1991-12-11,1991.0,12.0
11327,Midnight Express,2300000.0,35000000.0,121.0,7.186048,7.6,309.0,en,"['Drama', 'Crime']","['United Kingdom', 'United States of America']","['English', 'Malti', 'Français']",1978-09-12,1978.0,9.0
1700,Misery,20000000.0,61276872.0,107.0,15.020845,7.6,1085.0,en,"['Drama', 'Thriller']",['United States of America'],['English'],1990-11-28,1990.0,11.0
54087,Mr. Saturday Night,43000000.0,13300000.0,119.0,0.987196,5.2,17.0,en,"['Drama', 'Comedy']",[],[],1992-09-23,1992.0,9.0
34322,Murphy's Romance,13000000.0,30867525.0,107.0,1.46034,5.7,14.0,en,"['Comedy', 'Romance']",['United States of America'],"['English', 'Deutsch']",1985-12-25,1985.0,12.0
10774,Network,3800000.0,23689877.0,121.0,13.180457,7.8,391.0,en,['Drama'],['United States of America'],"['English', 'Deutsch']",1976-11-01,1976.0,11.0
10083,No Way Out,15000000.0,35509515.0,114.0,11.457803,6.9,155.0,en,"['Action', 'Drama', 'Thriller']",['United States of America'],"['Pусский', 'English']",1987-08-14,1987.0,8.0
10747,The Outlaw Josey Wales,3700000.0,31800000.0,135.0,5.849522,7.4,303.0,en,"['Drama', 'Western']",['United States of America'],"['English', '', 'Español']",1976-06-30,1976.0,6.0
38809,Black and White,10000000.0,5241315.0,98.0,1.191035,4.6,20.0,en,['Drama'],['United States of America'],['English'],1999-09-04,1999.0,9.0
10559,Frequency,31000000.0,68106245.0,118.0,10.163266,7.0,473.0,en,"['Crime', 'Drama', 'Science Fiction', 'Thriller']",['United States of America'],['English'],2000-04-28,2000.0,4.0
20697,Ready to Rumble,24000000.0,12372410.0,107.0,3.69298,4.7,51.0,en,"['Action', 'Comedy', 'Drama']",['United States of America'],['English'],2000-04-07,2000.0,4.0
2621,Return to Me,24000000.0,36609995.0,115.0,5.269733,6.1,68.0,en,"['Romance', 'Comedy', 'Drama']",['United States of America'],"['English', 'Italiano']",2000-04-07,2000.0,4.0
10479,Rules of Engagement,60000000.0,71000000.0,128.0,10.278274,6.0,178.0,en,"['Action', 'Adventure', 'Drama', 'History', 'War']",['United States of America'],"['العربية', 'English']",2000-04-07,2000.0,4.0
17339,Force 10 from Navarone,5000000.0,7230000.0,118.0,5.05047,6.4,94.0,en,"['Action', 'Adventure', 'War', 'Thriller']",['United Kingdom'],"['English', 'Español']",1978-11-01,1978.0,11.0
13665,Arthur,7000000.0,95461682.0,97.0,14.911301,6.5,125.0,en,"['Comedy', 'Drama', 'Romance']",['United States of America'],['English'],1981-07-17,1981.0,7.0
12309,Bachelor Party,6000000.0,38435947.0,105.0,5.511756,5.8,156.0,en,['Comedy'],['United States of America'],"['English', '日本語']",1984-06-29,1984.0,6.0
106,Predator,18000000.0,98235548.0,107.0,18.495694,7.3,2129.0,en,"['Science Fiction', 'Action', 'Adventure', 'Thriller']",['United States of America'],"['English', 'Español']",1987-06-11,1987.0,6.0
10333,The Prince of Tides,30000000.0,74787599.0,132.0,2.960942,5.9,57.0,en,"['Drama', 'Romance']",['United States of America'],['English'],1991-12-25,1991.0,12.0
1359,American Psycho,7000000.0,34266564.0,102.0,13.686715,7.3,2128.0,en,"['Thriller', 'Drama', 'Crime']","['Canada', 'United States of America']","['English', 'Español', '广州话 / 廣州話']",2000-04-13,2000.0,4.0
4967,Keeping the Faith,30000000.0,37036004.0,127.0,6.045585,5.9,161.0,en,['Comedy'],['United States of America'],"['עִבְרִית', 'English', 'Español']",2000-04-14,2000.0,4.0
10557,East Is East,3800000.0,28200000.0,97.0,5.138367,6.5,60.0,en,['Comedy'],['United Kingdom'],"['English', 'Pусский', 'اردو']",1999-05-14,1999.0,5.0
10518,Marathon Man,6500000.0,21709020.0,125.0,6.006812,7.2,227.0,en,['Thriller'],['United States of America'],"['English', 'Français', 'Deutsch', 'Español', '']",1976-10-05,1976.0,10.0
11977,Caddyshack,6000000.0,39846344.0,98.0,10.451986,6.7,370.0,en,['Comedy'],['United States of America'],['English'],1980-07-25,1980.0,7.0
18041,Gossip,14000000.0,5108820.0,90.0,8.25719,5.6,70.0,en,"['Drama', 'Mystery', 'Thriller']",['United States of America'],"['English', 'Italiano']",2000-04-21,2000.0,4.0
14736,Love & Basketball,20000000.0,27728118.0,124.0,5.733227,7.5,93.0,en,"['Action', 'Comedy', 'Drama', 'Romance']",['United States of America'],"['English', 'Español']",2000-04-21,2000.0,4.0
3536,U-571,62000000.0,127666415.0,116.0,7.879924,6.1,345.0,en,"['Action', 'Drama', 'Thriller', 'War']","['France', 'United States of America']","['English', 'Français', 'Deutsch', 'Pусский']",2000-04-20,2000.0,4.0
1443,The Virgin Suicides,6000000.0,10409377.0,97.0,10.505387,7.1,841.0,en,"['Drama', 'Romance']",['United States of America'],['English'],1999-04-21,1999.0,4.0
10424,Jennifer Eight,20000000.0,11390479.0,124.0,4.620936,5.8,74.0,en,"['Crime', 'Drama', 'Mystery']",['United States of America'],['English'],1992-11-06,1992.0,11.0
889,The Flintstones in Viva Rock Vegas,83000000.0,59468275.0,90.0,6.053595,4.4,140.0,en,"['Science Fiction', 'Comedy', 'Family', 'Romance']",['United States of America'],['English'],2000-04-28,2000.0,4.0
10564,Where the Heart Is,15000000.0,33771174.0,120.0,5.833133,6.9,159.0,en,"['Comedy', 'Drama', 'Romance']",['United States of America'],['English'],2000-04-27,2000.0,4.0
15723,The Big Kahuna,7000000.0,3728888.0,90.0,4.896026,6.8,91.0,en,"['Comedy', 'Drama']",['United States of America'],['English'],2000-04-28,2000.0,4.0
452,The Idiots,2500000.0,7235.0,117.0,9.174221,6.7,107.0,da,"['Drama', 'Comedy']","['Denmark', 'France', 'Germany', 'Italy', 'Netherlands', 'Sweden']",['Dansk'],1998-04-28,1998.0,4.0
39283,Carnosaur,1000000.0,1753979.0,83.0,0.293373,3.9,21.0,fr,"['Horror', 'Science Fiction']",['United States of America'],['English'],1993-05-21,1993.0,5.0
98,Gladiator,103000000.0,457640427.0,155.0,23.186667,7.9,5566.0,en,"['Action', 'Drama', 'Adventure']","['United Kingdom', 'United States of America']",['English'],2000-05-01,2000.0,5.0
11129,Human Traffic,600000.0,4000000.0,99.0,4.988283,6.8,98.0,en,"['Comedy', 'Drama']","['United Kingdom', 'Ireland']",['English'],1999-06-04,1999.0,6.0
38925,The Lords of Flatbush,160000.0,4000000.0,86.0,1.391503,5.7,18.0,en,['Drama'],['United States of America'],['English'],1974-05-01,1974.0,5.0
5491,Battlefield Earth,44000000.0,21400000.0,118.0,5.276926,3.0,259.0,en,"['Action', 'Science Fiction', 'War']",['United States of America'],"['English', 'Français']",2000-05-10,2000.0,5.0
10560,Center Stage,18000000.0,17200925.0,115.0,10.491734,6.8,95.0,en,"['Drama', 'Music']",['United States of America'],['English'],2000-05-12,2000.0,5.0
10688,Hamlet,2000000.0,1568749.0,112.0,12.896203,6.0,35.0,en,['Drama'],['United States of America'],['English'],2000-05-12,2000.0,5.0
5683,Pee-wee's Big Adventure,6000000.0,40940662.0,90.0,11.461437,6.6,239.0,en,"['Adventure', 'Comedy']",['United States of America'],['English'],1985-07-26,1985.0,7.0
10567,Dinosaur,127500000.0,354248063.0,82.0,9.998415,6.2,563.0,en,"['Animation', 'Family']",['United States of America'],['English'],2000-05-19,2000.0,5.0
9285,Road Trip,16000000.0,119754278.0,93.0,8.00158,5.9,550.0,en,"['Comedy', 'Adventure']",['United States of America'],['English'],2000-05-19,2000.0,5.0
21879,The Hollywood Knights,2500000.0,10000000.0,91.0,2.599219,6.4,18.0,en,['Comedy'],['United States of America'],['English'],1980-05-30,1980.0,5.0
98502,The Myth Of Fingerprints,2000000.0,458815.0,93.0,0.228526,3.4,5.0,en,"['Drama', 'Comedy']",['United States of America'],['English'],1997-09-17,1997.0,9.0
955,Mission: Impossible II,125000000.0,546388105.0,123.0,18.97178,5.9,1966.0,en,"['Adventure', 'Action', 'Thriller']","['Germany', 'United States of America']",['English'],2000-05-24,2000.0,5.0
8584,Shanghai Noon,55000000.0,56932305.0,110.0,10.308442,6.2,756.0,en,"['Adventure', 'Action', 'Comedy', 'Western']","['Hong Kong', 'United States of America']","['English', '普通话', 'Español']",2000-05-26,2000.0,5.0
962,The Gold Rush,923000.0,2500000.0,95.0,6.202041,7.7,308.0,en,"['Adventure', 'Comedy', 'Drama']",['United States of America'],['English'],1925-06-25,1925.0,6.0
668,On Her Majesty's Secret Service,6500000.0,81974493.0,142.0,9.356264,6.5,464.0,en,"['Adventure', 'Action', 'Thriller']","['United Kingdom', 'United States of America']","['English', 'Deutsch']",1969-12-12,1969.0,12.0
691,The Spy Who Loved Me,14000000.0,185438673.0,125.0,9.781451,6.6,515.0,en,"['Adventure', 'Action', 'Thriller']","['United Kingdom', 'United States of America']","['English', 'Italiano', 'العربية']",1977-07-07,1977.0,7.0
698,Moonraker,34000000.0,210308099.0,126.0,10.576273,5.9,551.0,en,"['Action', 'Adventure', 'Thriller', 'Science Fiction']","['France', 'United Kingdom', 'United States of America']","['English', 'Italiano']",1979-06-26,1979.0,6.0
682,The Man with the Golden Gun,7000000.0,97572000.0,125.0,12.127492,6.4,533.0,en,"['Adventure', 'Action', 'Thriller']","['United Kingdom', 'United States of America']","['ภาษาไทย', '广州话 / 廣州話', 'English']",1974-12-01,1974.0,12.0
9600,Big Momma's House,30000000.0,173959438.0,98.0,7.978985,5.6,514.0,en,"['Crime', 'Comedy']","['Germany', 'United States of America']",['English'],2000-05-31,2000.0,5.0
2768,American Gigolo,4800000.0,22743674.0,117.0,11.53267,5.9,137.0,en,"['Thriller', 'Drama', 'Crime', 'Romance']",['United States of America'],"['English', 'Français', 'Deutsch', 'svenska']",1980-02-08,1980.0,2.0
10911,The Guns of Navarone,6000000.0,28900000.0,158.0,8.522673,7.3,191.0,en,"['Action', 'Adventure', 'Drama', 'War']","['United Kingdom', 'United States of America']","['English', 'Deutsch', 'ελληνικά']",1961-04-27,1961.0,4.0
23939,Stay Tuned,25000000.0,10736401.0,87.0,13.72021,6.0,51.0,en,"['Comedy', 'Fantasy']",['United States of America'],['English'],1992-08-14,1992.0,8.0
11072,Blazing Saddles,2600000.0,119500000.0,93.0,13.233262,7.2,619.0,en,"['Western', 'Comedy']",['United States of America'],"['English', 'Deutsch', '']",1974-02-07,1974.0,2.0
985,Eraserhead,10000.0,7000000.0,89.0,7.871001,7.5,500.0,en,"['Drama', 'Fantasy', 'Horror', 'Science Fiction']",['United States of America'],['English'],1977-03-19,1977.0,3.0
938,For a Few Dollars More,600000.0,15000000.0,132.0,13.295342,7.8,988.0,it,['Western'],"['Italy', 'Spain', 'Germany']",['Italiano'],1965-12-18,1965.0,12.0
1551,Flatliners,26000000.0,61489265.0,115.0,11.890138,6.3,413.0,en,"['Drama', 'Horror', 'Science Fiction', 'Thriller']",['United States of America'],"['English', 'Français', 'Español']",1990-08-09,1990.0,8.0
10246,Porky's,4000000.0,125728258.0,94.0,12.650546,6.1,185.0,en,['Comedy'],"['United States of America', 'Canada']",['English'],1981-11-13,1981.0,11.0
19698,Porky's II: The Next Day,6500000.0,33759266.0,98.0,5.269838,5.2,61.0,en,['Comedy'],"['Canada', 'United States of America']",['English'],1983-06-24,1983.0,6.0
23919,Porky's 3: Revenge,9000000.0,20518905.0,92.0,3.208108,5.0,48.0,en,['Comedy'],"['Canada', 'United States of America']",['English'],1985-03-22,1985.0,3.0
169,Predator 2,35000000.0,57120318.0,108.0,11.736241,6.0,743.0,en,"['Science Fiction', 'Action', 'Thriller']",['United States of America'],['English'],1990-11-20,1990.0,11.0
865,The Running Man,27000000.0,38122105.0,101.0,9.389976,6.4,713.0,en,"['Action', 'Science Fiction']",['United States of America'],['English'],1987-11-13,1987.0,11.0
9663,Starman,22000000.0,28744356.0,115.0,9.763928,6.6,219.0,en,"['Action', 'Adventure', 'Romance', 'Science Fiction']",['United States of America'],['English'],1984-12-13,1984.0,12.0
10128,Alien Nation,16000000.0,32155047.0,91.0,15.133316,5.9,81.0,en,"['Crime', 'Science Fiction', 'Thriller']",['United States of America'],['English'],1988-10-07,1988.0,10.0
9659,Mad Max,400000.0,100000000.0,93.0,11.412619,6.6,1235.0,en,"['Adventure', 'Action', 'Thriller', 'Science Fiction']",['Australia'],['English'],1979-04-12,1979.0,4.0
8810,Mad Max 2: The Road Warrior,2000000.0,24600832.0,95.0,11.189831,7.3,981.0,en,"['Adventure', 'Action', 'Thriller', 'Science Fiction']",['Australia'],['English'],1981-12-24,1981.0,12.0
9355,Mad Max Beyond Thunderdome,12305523.0,36230219.0,107.0,12.689648,5.9,765.0,en,"['Action', 'Adventure', 'Science Fiction']",['Australia'],['English'],1985-06-29,1985.0,6.0
635,Angel Heart,17000000.0,17185632.0,113.0,7.290872,7.0,326.0,en,"['Horror', 'Mystery', 'Thriller']",['United States of America'],"['English', 'Français']",1987-03-06,1987.0,3.0
10068,Nine 1/2 Weeks,17000000.0,6735922.0,117.0,6.706262,5.8,183.0,en,"['Drama', 'Romance']",['United States of America'],['English'],1986-02-14,1986.0,2.0
11495,Firestarter,15000000.0,17080167.0,114.0,7.048087,5.9,174.0,en,"['Fantasy', 'Drama', 'Horror', 'Action', 'Thriller']",['United States of America'],"['English', 'Italiano']",1984-05-11,1984.0,5.0
10117,Action Jackson,7000000.0,20256975.0,96.0,14.054862,4.9,51.0,en,"['Action', 'Adventure', 'Comedy', 'Crime', 'Drama']",['United States of America'],"['English', 'Français']",1988-02-12,1988.0,2.0
9679,Gone in Sixty Seconds,90000000.0,237202299.0,118.0,14.091765,6.1,1511.0,en,"['Action', 'Crime', 'Thriller']",['United States of America'],['English'],2000-06-09,2000.0,6.0
51333,Love's Labour's Lost,13000000.0,299792.0,93.0,5.867426,5.4,14.0,en,"['Comedy', 'Music', 'Romance']","['France', 'United Kingdom', 'United States of America']",['English'],2000-03-31,2000.0,3.0
482,Shaft,4000000.0,12121618.0,100.0,3.73688,6.5,68.0,en,"['Adventure', 'Action', 'Thriller', 'Crime']",['United States of America'],['English'],1971-07-02,1971.0,7.0
592,The Conversation,1600000.0,4420000.0,113.0,13.245638,7.5,377.0,en,"['Crime', 'Drama', 'Mystery']",['United States of America'],['English'],1974-04-07,1974.0,4.0
12611,The Fury,5500000.0,24000000.0,118.0,11.844029,6.2,73.0,en,"['Horror', 'Science Fiction', 'Thriller']",['United States of America'],['English'],1978-03-10,1978.0,3.0
9040,Serpico,3000000.0,29800000.0,129.0,12.842165,7.5,429.0,en,"['Crime', 'Drama', 'History']","['Italy', 'United States of America']","['English', 'Italiano', 'Español']",1973-12-05,1973.0,12.0
25364,Ace in the Hole,1821052.0,1300000.0,111.0,11.046411,7.9,128.0,en,['Drama'],['United States of America'],"['Latin', 'Español', 'English']",1951-06-29,1951.0,6.0
5121,The Sugarland Express,3000000.0,12800000.0,110.0,4.506948,6.4,70.0,en,"['Crime', 'Drama']",['United States of America'],['English'],1974-04-05,1974.0,4.0
6978,Big Trouble in Little China,25000000.0,11000000.0,99.0,11.109932,7.1,727.0,en,"['Action', 'Adventure', 'Comedy', 'Fantasy']",['United States of America'],"['广州话 / 廣州話', 'English']",1986-05-30,1986.0,5.0
10571,Boys and Girls,16000000.0,20627372.0,94.0,10.070988,5.4,107.0,en,"['Comedy', 'Drama', 'Romance']",['United States of America'],['English'],2000-06-16,2000.0,6.0
479,Shaft,46000000.0,107196498.0,99.0,7.420019,5.5,316.0,en,"['Action', 'Adventure', 'Crime', 'Thriller']","['Germany', 'United States of America']","['English', 'Español', 'Deutsch']",2000-06-15,2000.0,6.0
7450,Titan A.E.,75000000.0,36754634.0,94.0,7.515631,6.3,320.0,en,"['Animation', 'Action', 'Science Fiction', 'Family', 'Adventure']",['United States of America'],"['English', '普通话']",2000-06-16,2000.0,6.0
31023,Butterfly,3000000.0,6000000.0,96.0,2.753674,7.2,44.0,es,['Drama'],['Spain'],"['Català', 'Latin', 'Español']",1999-09-24,1999.0,9.0
7443,Chicken Run,45000000.0,224834564.0,84.0,11.834245,6.5,1190.0,en,"['Animation', 'Comedy', 'Family']",['United Kingdom'],['English'],2000-06-21,2000.0,6.0
2123,"Me, Myself & Irene",51000000.0,149270999.0,116.0,9.95456,6.1,956.0,en,['Comedy'],['United States of America'],"['English', 'Deutsch']",2000-06-22,2000.0,6.0
2024,The Patriot,110000000.0,215294342.0,165.0,15.960788,6.8,1130.0,en,"['Drama', 'History', 'War', 'Action']","['Germany', 'United States of America']",['English'],2000-06-28,2000.0,6.0
17711,The Adventures of Rocky & Bullwinkle,76000000.0,35134820.0,88.0,11.880936,3.9,89.0,en,"['Action', 'Adventure', 'Animation', 'Comedy', 'Family']","['Germany', 'United States of America']",['Pусский'],2000-06-30,2000.0,6.0
2133,The Perfect Storm,120000000.0,325756637.0,130.0,18.911961,6.2,609.0,en,['Drama'],['United States of America'],['English'],2000-03-15,2000.0,3.0
15379,Missing in Action,1500000.0,22812411.0,101.0,6.241185,5.2,107.0,en,"['Action', 'Adventure', 'Thriller', 'War']",['United States of America'],"['English', 'Tiếng Việt']",1984-11-16,1984.0,11.0
12764,Missing in Action 2: The Beginning,2410000.0,10755447.0,100.0,9.110348,5.0,65.0,en,"['Action', 'Adventure', 'War']",['United States of America'],"['English', 'Tiếng Việt']",1985-03-01,1985.0,3.0
16094,House Party,2500000.0,26386000.0,100.0,2.291511,6.1,52.0,en,"['Comedy', 'Drama']",['United States of America'],['English'],1990-03-09,1990.0,3.0
494,Shaft in Africa,2142000.0,1458000.0,112.0,1.424722,5.4,6.0,en,"['Adventure', 'Action', 'Thriller', 'Crime', 'Mystery']",['United States of America'],['English'],1973-06-14,1973.0,6.0
493,Shaft's Big Score!,1978000.0,10000000.0,104.0,0.760855,6.1,7.0,en,"['Action', 'Adventure', 'Crime', 'Mystery']",['United States of America'],['English'],1972-06-08,1972.0,6.0
4244,The Kid,65000000.0,69700000.0,104.0,15.045725,6.0,242.0,en,"['Fantasy', 'Comedy', 'Family']",['United States of America'],['English'],2000-07-07,2000.0,7.0
4247,Scary Movie,19000000.0,278019771.0,88.0,12.446738,6.0,1468.0,en,['Comedy'],['United States of America'],['English'],2000-07-07,2000.0,7.0
20770,But I'm a Cheerleader,1200000.0,2600000.0,85.0,4.928139,6.5,101.0,en,['Comedy'],['United States of America'],['English'],1999-09-12,1999.0,9.0
1788,Footloose,8200000.0,80035402.0,107.0,10.403992,6.4,525.0,en,"['Drama', 'Family', 'Music', 'Romance']",['United States of America'],['English'],1984-02-17,1984.0,2.0
32275,Duel in the Sun,6000000.0,20400000.0,144.0,8.441279,6.2,38.0,en,['Western'],['United States of America'],['English'],1946-12-31,1946.0,12.0
36657,X-Men,75000000.0,296339527.0,104.0,0.954467,6.8,4172.0,en,"['Adventure', 'Action', 'Science Fiction']",['United States of America'],['English'],2000-07-13,2000.0,7.0
36047,The In Crowd,15000000.0,5217498.0,105.0,1.991904,4.7,15.0,en,['Thriller'],['United States of America'],"['English', 'Français']",2000-07-19,2000.0,7.0
2655,What Lies Beneath,100000000.0,155464351.0,130.0,9.500497,6.3,504.0,en,"['Drama', 'Horror', 'Mystery', 'Thriller']",['United States of America'],['English'],2000-07-21,2000.0,7.0
12599,Pokémon: The Movie 2000,30000000.0,133949270.0,84.0,7.554848,6.4,201.0,ja,"['Adventure', 'Fantasy', 'Animation', 'Science Fiction', 'Family']","['Japan', 'United States of America']","['日本語', 'English']",1999-07-17,1999.0,7.0
11940,Sinbad and the Eye of the Tiger,3500000.0,16000000.0,113.0,3.502655,6.3,39.0,en,"['Action', 'Adventure', 'Family', 'Fantasy', 'Science Fiction']",['United Kingdom'],['English'],1977-07-15,1977.0,7.0
10276,What About Bob?,35000000.0,63710000.0,100.0,11.787942,6.7,265.0,en,['Comedy'],['United States of America'],['English'],1991-05-17,1991.0,5.0
11624,Everything You Always Wanted to Know About Sex *But Were Afraid to Ask,2000000.0,18016290.0,88.0,5.378481,6.6,218.0,en,['Comedy'],['United States of America'],"['English', 'Italiano']",1972-08-06,1972.0,8.0
11686,Love and Death,3000000.0,20173742.0,85.0,5.165666,7.5,176.0,en,"['History', 'Comedy']",['United States of America'],['English'],1975-06-10,1975.0,6.0
12107,Nutty Professor II: The Klumps,84000000.0,123307945.0,106.0,6.671316,4.7,338.0,en,"['Fantasy', 'Comedy', 'Romance', 'Science Fiction']",['United States of America'],['English'],2000-07-27,2000.0,7.0
6282,Coyote Ugly,45000000.0,113916474.0,100.0,15.650836,5.8,590.0,en,"['Comedy', 'Drama', 'Music', 'Romance']",['United States of America'],['English'],2000-07-30,2000.0,7.0
9383,Hollow Man,95000000.0,190213455.0,112.0,7.912103,5.6,645.0,en,"['Action', 'Science Fiction', 'Thriller']","['Germany', 'United States of America']",['English'],2000-08-04,2000.0,8.0
5551,Space Cowboys,65000000.0,128884132.0,130.0,7.45761,6.3,407.0,en,"['Action', 'Adventure', 'Thriller']",['United States of America'],['English'],2000-07-31,2000.0,7.0
2360,Saving Grace,10000000.0,26330482.0,93.0,5.13955,6.3,115.0,en,"['Crime', 'Comedy']","['France', 'United Kingdom']","['Français', 'English']",2000-01-24,2000.0,1.0
33408,The Crush,6000000.0,13609396.0,89.0,8.976337,5.5,65.0,en,"['Drama', 'Thriller']",['United States of America'],['English'],1993-04-02,1993.0,4.0
11589,Kelly's Heroes,4000000.0,5200000.0,144.0,8.418662,7.2,191.0,en,"['Adventure', 'Comedy', 'War']","['Serbia', 'United States of America']","['English', 'Français', 'Deutsch']",1970-06-22,1970.0,6.0
15158,Phantasm II,3000000.0,7282851.0,97.0,8.733192,6.3,97.0,en,"['Action', 'Horror', 'Science Fiction', 'Thriller']",['United States of America'],['English'],1988-07-08,1988.0,7.0
26515,Pumpkinhead,3500000.0,4385516.0,86.0,11.841506,5.9,108.0,en,"['Fantasy', 'Horror']",['United States of America'],['English'],1988-06-09,1988.0,6.0
39473,Silent Fall,30000000.0,3180674.0,101.0,3.034244,5.2,12.0,en,"['Drama', 'Thriller', 'Mystery']",['United States of America'],['English'],1994-10-28,1994.0,10.0
8843,The Cell,33000000.0,104155843.0,107.0,13.234894,6.0,442.0,en,"['Horror', 'Science Fiction', 'Thriller']","['Germany', 'United States of America']",['English'],2000-08-17,2000.0,8.0
10643,Godzilla 2000,1000000.0,10037390.0,107.0,2.80298,5.9,44.0,ja,"['Adventure', 'Horror', 'Action', 'Science Fiction']",['Japan'],['日本語'],1999-12-11,1999.0,12.0
37136,The Naked Gun: From the Files of Police Squad!,12000000.0,78756177.0,85.0,15.698222,7.1,1020.0,en,"['Comedy', 'Crime']",['United States of America'],['English'],1988-12-02,1988.0,12.0
37137,The Naked Gun 2½: The Smell of Fear,23000000.0,86930411.0,85.0,9.794569,6.6,556.0,en,"['Comedy', 'Crime']",['United States of America'],['English'],1991-06-28,1991.0,6.0
3110,Shane,3100000.0,20000000.0,118.0,6.63816,7.3,143.0,en,"['Drama', 'Western']",['United States of America'],['English'],1953-04-23,1953.0,4.0
9651,Supergirl,35000000.0,14296438.0,124.0,11.932675,4.7,108.0,en,"['Adventure', 'Fantasy', 'Action', 'Science Fiction']","['United Kingdom', 'United States of America']",['English'],1984-11-19,1984.0,11.0
11398,The Art of War,40000000.0,30199105.0,117.0,9.800232,5.6,136.0,en,"['Crime', 'Action', 'Adventure']","['Canada', 'United States of America']",['English'],2000-08-23,2000.0,8.0
1588,Bring It On,28000000.0,90449929.0,98.0,6.402888,5.8,574.0,en,['Comedy'],['United States of America'],['English'],2000-08-25,2000.0,8.0
12211,Highlander: Endgame,25000000.0,15843608.0,87.0,11.430964,4.4,107.0,en,"['Action', 'Fantasy', 'Science Fiction']",['United States of America'],"['English', 'Français', '']",2000-09-01,2000.0,9.0
1619,The Way of the Gun,8500000.0,19125401.0,119.0,6.03633,6.4,106.0,en,"['Action', 'Crime', 'Drama', 'Thriller']",['United States of America'],"['English', 'Français']",2000-09-08,2000.0,9.0
786,Almost Famous,60000000.0,47383689.0,122.0,9.086699,7.4,807.0,en,"['Drama', 'Music']",['United States of America'],['English'],2000-09-15,2000.0,9.0
10562,Under Suspicion,25000000.0,260562.0,110.0,11.839267,6.4,104.0,en,"['Mystery', 'Thriller']",['United States of America'],"['English', 'Italiano', 'Español']",2000-09-24,2000.0,9.0
12212,Urban Legends: Final Cut,14000000.0,38574362.0,97.0,12.243528,4.4,102.0,en,['Horror'],"['Canada', 'United States of America']",['English'],2000-09-19,2000.0,9.0
16,Dancer in the Dark,12800000.0,40031879.0,140.0,10.684806,7.7,392.0,en,"['Drama', 'Crime', 'Music']","['Argentina', 'Denmark', 'Finland', 'France', 'Germany', 'Iceland', 'Italy', 'Netherlands', 'Norway', 'Sweden', 'United Kingdom', 'United States of America']",['English'],2000-05-17,2000.0,5.0
22597,The Broken Hearts Club: A Romantic Comedy,1000000.0,1744858.0,94.0,1.795849,6.3,26.0,en,"['Comedy', 'Drama', 'Romance']",['United States of America'],"['English', 'Français', 'Pусский']",2000-02-01,2000.0,2.0
10637,Remember the Titans,30000000.0,136706683.0,113.0,6.587726,7.4,835.0,en,['Drama'],['United States of America'],['English'],2000-09-29,2000.0,9.0
9003,Hellraiser,1000000.0,14564027.0,94.0,10.81305,6.9,464.0,en,['Horror'],['United Kingdom'],['English'],1987-09-11,1987.0,9.0
9064,Hellbound: Hellraiser II,3000000.0,12090735.0,97.0,8.541732,6.3,227.0,en,"['Horror', 'Thriller']",['United Kingdom'],['English'],1988-12-23,1988.0,12.0
11569,Hellraiser III: Hell on Earth,5000000.0,12534961.0,93.0,6.546551,5.3,160.0,en,"['Horror', 'Thriller', 'War']","['Canada', 'United States of America']",['English'],1992-09-11,1992.0,9.0
2160,Voyage to the Bottom of the Sea,1580000.0,7000000.0,105.0,3.013584,5.4,35.0,en,"['Adventure', 'Drama', 'Science Fiction']",['United States of America'],"['English', 'Français']",1961-07-12,1961.0,7.0
2161,Fantastic Voyage,5115000.0,12000000.0,100.0,12.53841,6.7,108.0,en,"['Adventure', 'Science Fiction']",['United States of America'],['English'],1966-08-24,1966.0,8.0
10461,Get Carter,63600000.0,19412993.0,102.0,6.047757,4.8,147.0,en,"['Action', 'Drama', 'Thriller', 'Crime']",['United States of America'],['English'],2000-10-06,2000.0,10.0
1597,Meet the Parents,55000000.0,330444045.0,108.0,14.178281,6.6,1743.0,en,"['Comedy', 'Romance']",['United States of America'],['English'],2000-10-06,2000.0,10.0
641,Requiem for a Dream,4500000.0,7390108.0,102.0,6.874828,7.9,2525.0,en,"['Crime', 'Drama']",['United States of America'],['English'],2000-10-27,2000.0,10.0
16888,The Ladies Man,24000000.0,13700000.0,84.0,3.755409,5.7,35.0,en,['Comedy'],['United States of America'],['English'],2000-10-13,2000.0,10.0
18498,Ghoulies,1000000.0,35000000.0,81.0,4.734765,4.2,58.0,en,"['Comedy', 'Horror', 'Fantasy']",['United States of America'],['English'],1984-11-08,1984.0,11.0
71,Billy Elliot,5000000.0,110000000.0,110.0,12.158424,7.4,774.0,en,"['Drama', 'Comedy', 'Music']","['France', 'United Kingdom']",['English'],2000-05-18,2000.0,5.0
1636,Bedazzled,48000000.0,90383208.0,93.0,8.781588,5.6,526.0,en,"['Fantasy', 'Comedy', 'Romance']",['United States of America'],"['English', 'Pусский', 'Español']",2000-10-19,2000.0,10.0
10647,Pay It Forward,40000000.0,55707411.0,122.0,10.479723,7.0,447.0,en,"['Drama', 'Romance']",['United States of America'],['English'],2000-10-12,2000.0,10.0
24100,The Little Vampire,22000000.0,13555988.0,95.0,9.41834,6.0,79.0,en,"['Family', 'Horror']","['Germany', 'Netherlands', 'United States of America']","['English', 'Deutsch']",2000-10-27,2000.0,10.0
4327,Charlie's Angels,92000000.0,264105545.0,98.0,9.774985,5.6,1253.0,en,"['Action', 'Adventure', 'Comedy', 'Crime', 'Thriller']",['United States of America'],"['English', 'Deutsch', 'suomi', '日本語', '广州话 / 廣州話']",2000-11-02,2000.0,11.0
4958,The Legend of Bagger Vance,80000000.0,39459427.0,126.0,9.034884,6.4,259.0,en,"['Fantasy', 'Drama']",['United States of America'],['English'],2000-11-02,2000.0,11.0
11978,Men of Honor,32000000.0,48814909.0,129.0,7.177649,7.0,556.0,en,['Drama'],['United States of America'],['English'],2000-09-13,2000.0,9.0
8870,Red Planet,80000000.0,33463969.0,106.0,8.534176,5.4,271.0,en,"['Thriller', 'Action', 'Science Fiction']","['Australia', 'United States of America']",['English'],2000-11-10,2000.0,11.0
681,Diamonds Are Forever,7200000.0,116019547.0,120.0,12.00491,6.3,562.0,en,"['Adventure', 'Action', 'Thriller']","['United Kingdom', 'United States of America']","['English', 'Deutsch']",1971-12-13,1971.0,12.0
8452,The 6th Day,82000000.0,96085477.0,123.0,8.41311,5.7,603.0,en,['Science Fiction'],['United States of America'],['English'],2000-11-17,2000.0,11.0
10862,Bounce,35000000.0,36779296.0,106.0,13.349518,5.5,120.0,en,"['Drama', 'Romance']",['United States of America'],['English'],2000-11-15,2000.0,11.0
8871,How the Grinch Stole Christmas,123000000.0,345141403.0,104.0,11.642462,6.2,1440.0,en,"['Family', 'Comedy', 'Fantasy']","['Germany', 'United States of America']",['English'],2000-11-17,2000.0,11.0
16340,Rugrats in Paris: The Movie,30.0,103.0,78.0,5.568359,6.0,101.0,it,"['Adventure', 'Animation', 'Comedy', 'Family']","['Germany', 'United States of America']",['English'],2000-09-14,2000.0,9.0
10481,102 Dalmatians,85000000.0,183611771.0,100.0,7.668752,5.1,327.0,en,"['Comedy', 'Family']",['United States of America'],['English'],2000-10-07,2000.0,10.0
10876,Quills,13500000.0,7060876.0,124.0,5.387711,6.8,129.0,en,['Drama'],"['Germany', 'United Kingdom', 'United States of America']",['English'],2000-11-22,2000.0,11.0
9741,Unbreakable,75000000.0,248118121.0,106.0,14.67855,6.9,1994.0,en,"['Science Fiction', 'Thriller', 'Drama']",['United States of America'],['English'],2000-11-13,2000.0,11.0
146,"Crouching Tiger, Hidden Dragon",17000000.0,213525736.0,120.0,19.944953,7.2,949.0,zh,"['Adventure', 'Drama', 'Action', 'Romance']","['China', 'Hong Kong', 'Taiwan', 'United States of America']",['普通话'],2000-10-01,2000.0,10.0
11849,Dungeons & Dragons,35000000.0,15185241.0,107.0,4.884311,3.9,159.0,en,"['Action', 'Adventure', 'Fantasy', 'Science Fiction']","['Czech Republic', 'United States of America']","['English', 'Polski']",2000-12-08,2000.0,12.0
11678,Vertical Limit,75000000.0,215663859.0,124.0,6.548229,5.9,287.0,en,"['Action', 'Adventure', 'Thriller']","['New Zealand', 'Pakistan', 'United States of America']","['English', 'اردو']",2000-12-08,2000.0,12.0
2669,The Bounty,25000000.0,8613462.0,132.0,7.492912,6.5,109.0,en,"['Action', 'Drama', 'History']","['United States of America', 'United Kingdom']",['English'],1984-05-04,1984.0,5.0
708,The Living Daylights,40000000.0,191185897.0,130.0,12.189038,6.2,447.0,en,"['Action', 'Adventure', 'Thriller']","['United Kingdom', 'United States of America']","['English', 'العربية', 'Français', 'Deutsch', 'Pусский', 'Český', 'Slovenčina']",1987-06-29,1987.0,6.0
1857,The Transformers: The Movie,6000000.0,5849647.0,84.0,6.759181,7.1,134.0,en,['Animation'],['United States of America'],"['English', '日本語']",1986-08-08,1986.0,8.0
10673,Wall Street,15000000.0,43848069.0,126.0,11.672701,7.0,557.0,en,"['Crime', 'Drama']",['United States of America'],['English'],1987-12-10,1987.0,12.0
2604,Born on the Fourth of July,14000000.0,161001698.0,145.0,13.617646,6.7,403.0,en,"['Drama', 'War']",['United States of America'],"['English', 'Español']",1989-12-20,1989.0,12.0
10132,Talk Radio,4000000.0,3468572.0,110.0,6.865513,6.7,46.0,en,['Drama'],"['Canada', 'United States of America']",['English'],1988-12-21,1988.0,12.0
11064,Brewster's Millions,20000000.0,45833132.0,97.0,6.526379,6.5,144.0,en,['Comedy'],['United States of America'],['English'],1985-05-22,1985.0,5.0
107,Snatch,10000000.0,83557872.0,103.0,14.014025,7.7,2953.0,en,"['Thriller', 'Crime']","['United Kingdom', 'United States of America']","['English', 'Pусский']",2000-09-01,2000.0,9.0
40820,Punchline,15000000.0,21032267.0,123.0,5.764399,5.1,41.0,en,"['Comedy', 'Drama']",['United States of America'],['English'],1988-10-07,1988.0,10.0
392,Chocolat,25000000.0,152500343.0,121.0,8.9256,6.8,979.0,en,"['Comedy', 'Drama', 'Romance']","['United Kingdom', 'United States of America']","['English', 'Français']",2000-12-14,2000.0,12.0
8859,"Dude, Where’s My Car?",13000000.0,73180723.0,83.0,10.890236,5.3,523.0,en,['Comedy'],['United States of America'],"['English', 'Français', '日本語']",2000-12-15,2000.0,12.0
11688,The Emperor's New Groove,100000000.0,169327687.0,78.0,12.297375,7.2,1544.0,en,"['Adventure', 'Animation', 'Comedy', 'Family', 'Fantasy']",['United States of America'],['English'],2000-12-09,2000.0,12.0
12509,Pollock,6.0,8.0,122.0,11.179864,6.6,91.0,en,"['Drama', 'Romance']",['United States of America'],['English'],2000-09-06,2000.0,9.0
3981,What Women Want,70000000.0,374111707.0,127.0,9.963079,6.1,1021.0,en,"['Comedy', 'Romance']",['United States of America'],"['English', 'Français']",2000-12-15,2000.0,12.0
711,Finding Forrester,43000000.0,80049764.0,136.0,10.536255,7.0,305.0,en,['Drama'],['United States of America'],['English'],2000-12-21,2000.0,12.0
2046,The Gift,10000000.0,12008642.0,111.0,7.886926,6.4,288.0,en,"['Horror', 'Drama', 'Thriller', 'Mystery']",['United States of America'],['English'],2000-12-22,2000.0,12.0
8358,Cast Away,90000000.0,429632142.0,143.0,21.296343,7.5,3304.0,en,"['Adventure', 'Drama']",['United States of America'],"['Pусский', 'English']",2000-12-22,2000.0,12.0
25520,The House of Mirth,10000000.0,5164404.0,140.0,2.492547,6.4,25.0,en,"['Drama', 'Romance']","['United Kingdom', 'France', 'Germany', 'United States of America']","['English', 'Français']",2000-09-23,2000.0,9.0
1493,Miss Congeniality,45000000.0,212000000.0,111.0,9.510762,6.1,987.0,en,"['Comedy', 'Crime', 'Action']",['United States of America'],"['English', 'Español', 'Français', 'Pусский']",2000-12-14,2000.0,12.0
134,"O Brother, Where Art Thou?",26000000.0,71868327.0,106.0,12.434175,7.3,1144.0,en,"['Action', 'Adventure', 'Comedy']","['France', 'United Kingdom', 'United States of America']",['English'],2000-08-30,2000.0,8.0
10577,Dracula 2000,28000000.0,33000337.0,99.0,6.000716,4.6,150.0,en,"['Thriller', 'Horror']",['United States of America'],['English'],2000-12-22,2000.0,12.0
11973,Thirteen Days,80000000.0,34566746.0,145.0,10.204559,6.9,192.0,en,"['Drama', 'Thriller']",['United States of America'],"['English', 'Pусский']",2000-12-24,2000.0,12.0
1900,Traffic,48000000.0,207515725.0,147.0,8.338222,6.9,573.0,en,"['Thriller', 'Drama', 'Crime']","['Germany', 'United States of America']","['Español', 'English']",2000-12-27,2000.0,12.0
10873,Shadow of the Vampire,8000000.0,8279017.0,92.0,12.691457,6.6,149.0,en,"['Drama', 'Horror']",['United States of America'],"['English', 'Deutsch']",2000-05-15,2000.0,5.0
15739,Annie,50000000.0,57059003.0,127.0,8.997507,6.2,203.0,en,"['Comedy', 'Drama', 'Family', 'Music']",['United States of America'],['English'],1982-06-18,1982.0,6.0
15413,Don't Tell Mom the Babysitter's Dead,10000000.0,25196249.0,105.0,5.402262,5.8,108.0,en,"['Comedy', 'Family']",['United States of America'],['English'],1991-06-07,1991.0,6.0
11209,The Alamo,12000000.0,7900000.0,167.0,4.73816,6.5,63.0,en,"['Action', 'Adventure', 'Drama', 'History', 'Western']",['United States of America'],"['Český', 'English', 'Español']",1960-10-23,1960.0,10.0
13715,At Close Range,6500000.0,2347000.0,111.0,10.092348,6.7,67.0,en,"['Crime', 'Drama']",['United States of America'],['English'],1986-04-18,1986.0,4.0
9989,Antitrust,30000000.0,18195610.0,108.0,8.142166,5.8,156.0,en,"['Action', 'Crime', 'Drama']","['Canada', 'United States of America']",['English'],2001-01-12,2001.0,1.0
9816,Save the Last Dance,13000000.0,91038276.0,112.0,4.794088,6.3,359.0,en,"['Drama', 'Family', 'Romance', 'Music']",['United States of America'],['English'],2001-01-12,2001.0,1.0
20637,Panic,1000000.0,779137.0,88.0,7.554807,6.8,27.0,en,"['Comedy', 'Crime', 'Drama']",['United States of America'],['English'],2000-12-01,2000.0,12.0
5955,The Pledge,35000000.0,29400000.0,123.0,12.806634,6.6,221.0,en,"['Crime', 'Drama', 'Mystery', 'Thriller']",['United States of America'],['English'],2001-01-09,2001.0,1.0
16723,Sugar & Spice,11000000.0,13276953.0,81.0,7.715908,5.7,60.0,en,"['Crime', 'Comedy']",['United States of America'],['English'],2001-01-24,2001.0,1.0
2018,The Wedding Planner,35000000.0,94728529.0,103.0,8.056016,5.4,433.0,en,['Comedy'],['United States of America'],['English'],2001-01-26,2001.0,1.0
10937,Barfly,3000000.0,3221568.0,100.0,15.170192,7.3,80.0,en,"['Comedy', 'Drama', 'Romance']",['United States of America'],['English'],1987-09-02,1987.0,9.0
96,Beverly Hills Cop II,20000000.0,299965036.0,100.0,9.200336,6.1,627.0,en,"['Action', 'Comedy', 'Crime']",['United States of America'],['English'],1987-05-18,1987.0,5.0
90,Beverly Hills Cop,15000000.0,316360478.0,105.0,8.503483,6.8,985.0,en,"['Action', 'Comedy', 'Crime']",['United States of America'],['English'],1984-11-29,1984.0,11.0
12919,Can't Buy Me Love,1800000.0,31623833.0,94.0,9.104462,6.7,167.0,en,"['Drama', 'Comedy', 'Romance', 'Family']",['United States of America'],['English'],1987-08-14,1987.0,8.0
15785,Cherry 2000,10000000.0,14000.0,99.0,2.849779,6.0,67.0,en,['Science Fiction'],['United States of America'],['English'],1987-11-12,1987.0,11.0
10110,Empire of the Sun,35000000.0,22238696.0,153.0,10.220906,7.3,491.0,en,"['Drama', 'History', 'War']",['United States of America'],"['English', '日本語', '普通话']",1987-12-09,1987.0,12.0
18935,Ernest Goes to Camp,3000000.0,23509382.0,92.0,5.712291,5.5,40.0,en,"['Comedy', 'Family']",['United States of America'],['English'],1987-05-22,1987.0,5.0
764,The Evil Dead,350000.0,29400000.0,85.0,10.421679,7.3,913.0,en,['Horror'],['United States of America'],['English'],1981-10-15,1981.0,10.0
12704,Ishtar,55000000.0,14375181.0,107.0,3.986985,4.3,29.0,en,"['Action', 'Adventure', 'Comedy']",['United States of America'],['English'],1987-05-15,1987.0,5.0
580,Jaws: The Revenge,23000000.0,51881013.0,89.0,9.327986,3.5,227.0,en,"['Adventure', 'Thriller']",['United States of America'],['English'],1987-07-17,1987.0,7.0
13703,Less Than Zero,1.0,12396383.0,98.0,4.028679,6.1,77.0,en,"['Drama', 'Crime', 'Romance']",['United States of America'],"['English', 'Deutsch', 'Español']",1987-11-06,1987.0,11.0
1547,The Lost Boys,8500000.0,32222567.0,97.0,9.099731,6.8,545.0,en,"['Horror', 'Comedy']",['United States of America'],['English'],1987-07-31,1987.0,7.0
10019,Mannequin,6000000.0,42721196.0,89.0,8.525782,5.5,130.0,en,"['Fantasy', 'Comedy', 'Romance']",['United States of America'],['English'],1987-02-13,1987.0,2.0
11649,Masters of the Universe,22000000.0,17336370.0,106.0,7.106954,5.1,196.0,en,"['Action', 'Fantasy', 'Science Fiction', 'Adventure', 'Thriller']",['United States of America'],['English'],1987-08-07,1987.0,8.0
13509,The Monster Squad,12000000.0,3769990.0,82.0,7.075534,6.8,146.0,en,"['Horror', 'Comedy', 'Action', 'Fantasy', 'Science Fiction']",['United States of America'],"['English', 'Deutsch', 'Português']",1987-08-14,1987.0,8.0
24940,Head Over Heels,14000000.0,10424470.0,86.0,5.594987,5.3,73.0,en,"['Comedy', 'Romance']",['United States of America'],['English'],2001-02-02,2001.0,2.0
9740,Hannibal,87000000.0,351692268.0,131.0,2.48875,6.4,1296.0,en,"['Crime', 'Drama', 'Thriller', 'Horror']","['United Kingdom', 'United States of America']",['English'],2001-02-08,2001.0,2.0
10878,Saving Silverman,22000000.0,19351569.0,90.0,8.526823,5.4,155.0,en,"['Comedy', 'Crime', 'Romance']",['United States of America'],"['English', 'Polski', 'Português', 'Español']",2001-02-09,2001.0,2.0
19405,Recess: School's Out,10000000.0,44460850.0,83.0,4.195694,6.6,68.0,en,"['Science Fiction', 'Animation', 'Comedy', 'Family']",['United States of America'],['English'],2001-01-27,2001.0,1.0
1921,Sweet November,40000000.0,65754228.0,119.0,14.840318,6.4,292.0,en,"['Drama', 'Romance']",['United States of America'],['English'],2001-02-16,2001.0,2.0
23685,Monkeybone,75000000.0,5409517.0,93.0,8.893957,4.2,79.0,en,"['Adventure', 'Fantasy', 'Animation', 'Action', 'Comedy']",['United States of America'],['English'],2001-02-23,2001.0,2.0
12138,3000 Miles to Graceland,62000000.0,18720175.0,125.0,4.76448,5.8,181.0,en,"['Action', 'Adventure', 'Comedy', 'Thriller', 'Crime']",['United States of America'],['English'],2001-02-23,2001.0,2.0
6073,The Mexican,57000000.0,147845033.0,123.0,9.958406,5.8,453.0,en,"['Action', 'Comedy', 'Crime', 'Romance']","['Mexico', 'United States of America']","['English', 'Español']",2001-03-01,2001.0,3.0
82103,"Me, You, Them",1900000.0,2070806.0,104.0,1.075939,6.5,14.0,pt,"['Comedy', 'Drama', 'Romance']",['Brazil'],['Português'],2000-08-17,2000.0,8.0
2749,15 Minutes,60000000.0,56359980.0,120.0,12.149946,5.7,194.0,en,"['Action', 'Crime', 'Thriller']","['Germany', 'United States of America']","['Český', 'English', 'ελληνικά', 'Pусский']",2001-03-01,2001.0,3.0
2428,The Greatest Story Ever Told,20000000.0,15473333.0,199.0,3.961342,6.5,41.0,en,"['Drama', 'History']",['United States of America'],['English'],1965-02-15,1965.0,2.0
22013,Elmer Gantry,3000000.0,10400000.0,146.0,6.409512,7.3,41.0,en,['Drama'],['United States of America'],['English'],1960-06-19,1960.0,6.0
14460,Battle Beyond the Stars,2000000.0,11000000.0,104.0,2.921405,5.9,42.0,en,['Science Fiction'],['United States of America'],['English'],1980-09-08,1980.0,9.0
17466,Death Warrant,4000000.0,16853487.0,93.0,13.90542,5.4,117.0,en,"['Action', 'Crime', 'Drama', 'Mystery', 'Thriller']","['Canada', 'United States of America']",['English'],1990-09-14,1990.0,9.0
9594,Double Impact,15000000.0,30102717.0,110.0,6.600651,5.3,219.0,en,"['Thriller', 'Action', 'Crime', 'Drama']",['United States of America'],['English'],1991-07-31,1991.0,7.0
2453,Harley Davidson and the Marlboro Man,23000000.0,7434726.0,98.0,7.338188,6.1,86.0,en,"['Action', 'Thriller']",['United States of America'],['English'],1991-08-23,1991.0,8.0
33676,Losin' It,7000000.0,1246141.0,100.0,3.132019,4.5,31.0,en,['Comedy'],"['Canada', 'United States of America']","['English', 'Español']",1983-04-08,1983.0,4.0
4587,Mermaids,31000000.0,35419397.0,110.0,5.55237,6.5,124.0,en,"['Comedy', 'Drama', 'Romance']",['United States of America'],['English'],1990-12-14,1990.0,12.0
11454,Manhunter,15000000.0,8620929.0,119.0,0.338943,6.8,340.0,en,"['Crime', 'Horror', 'Thriller']",['United States of America'],['English'],1986-08-14,1986.0,8.0
4192,Death on the Nile,7920000.0,14560084.0,140.0,11.162277,6.7,121.0,en,['Mystery'],['United Kingdom'],"['Deutsch', 'English', 'Français', 'العربية']",1978-10-06,1978.0,10.0
4985,The Longest Yard,2900000.0,43008075.0,121.0,9.460843,6.4,71.0,en,"['Crime', 'Comedy', 'Drama']",['United States of America'],['English'],1974-08-21,1974.0,8.0
23730,C.H.U.D.,1250000.0,3412497.0,88.0,4.412794,5.3,62.0,en,"['Horror', 'Science Fiction']",['United States of America'],['English'],1984-08-31,1984.0,8.0
853,Enemy at the Gates,68000000.0,96976270.0,131.0,10.704813,7.2,1023.0,en,['War'],"['Ireland', 'United States of America', 'Germany', 'United Kingdom']","['Deutsch', 'English', 'Pусский']",2001-03-13,2001.0,3.0
10877,Exit Wounds,50000000.0,79958599.0,101.0,12.280827,5.3,111.0,en,"['Action', 'Crime', 'Thriller']","['Canada', 'United States of America']",['Italiano'],2001-03-13,2001.0,3.0
77,Memento,9000000.0,39723096.0,113.0,15.450789,8.1,4168.0,en,"['Mystery', 'Thriller']",['United States of America'],['English'],2000-10-11,2000.0,10.0
10054,Spy Kids,35000000.0,147934180.0,88.0,9.576745,5.5,893.0,en,"['Action', 'Comedy', 'Family', 'Adventure']",['United States of America'],"['Español', 'English']",2001-03-18,2001.0,3.0
10646,Tomcats,11000000.0,23430766.0,95.0,4.63422,4.9,75.0,en,"['Comedy', 'Romance']",['United States of America'],['English'],2001-03-30,2001.0,3.0
2575,The Tailor of Panama,21000000.0,28008462.0,109.0,6.226933,6.2,97.0,en,"['Drama', 'Thriller']","['Ireland', 'United States of America']","['English', 'Español']",2001-02-11,2001.0,2.0
55,Amores perros,2000000.0,20908467.0,154.0,5.958138,7.6,537.0,es,"['Drama', 'Thriller']",['Mexico'],['Español'],2000-06-16,2000.0,6.0
2043,Along Came a Spider,60000000.0,105178561.0,104.0,13.214068,6.1,408.0,en,"['Crime', 'Mystery', 'Thriller', 'Action']","['Canada', 'Germany', 'United States of America']","['English', 'Pусский']",2001-04-06,2001.0,4.0
4133,Blow,53000000.0,83282296.0,124.0,12.332223,7.4,1352.0,en,"['Crime', 'Drama']",['United States of America'],['English'],2001-04-04,2001.0,4.0
10991,Pokémon: Spell of the Unknown,16000000.0,68411275.0,93.0,10.264597,6.0,143.0,ja,"['Adventure', 'Fantasy', 'Animation', 'Action', 'Family']",['Japan'],['English'],2000-07-08,2000.0,7.0
26791,Brigham City,1000000.0,852206.0,119.0,0.202478,7.3,4.0,en,"['Crime', 'Drama', 'Mystery', 'Thriller']",['United States of America'],['English'],2001-03-30,2001.0,3.0
634,Bridget Jones's Diary,25000000.0,281929795.0,97.0,10.780524,6.6,1397.0,en,"['Comedy', 'Romance', 'Drama']","['France', 'Ireland', 'United Kingdom', 'United States of America']",['English'],2001-04-13,2001.0,4.0
10956,Joe Dirt,17700000.0,30987695.0,91.0,10.442468,5.5,247.0,en,"['Mystery', 'Adventure', 'Comedy', 'Romance', 'Drama']",['United States of America'],['English'],2001-04-10,2001.0,4.0
9290,Crocodile Dundee in Los Angeles,21150000.0,39438674.0,92.0,6.640385,4.7,149.0,en,"['Adventure', 'Comedy']","['Australia', 'United States of America']",['English'],2001-04-12,2001.0,4.0
111,Scarface,25000000.0,65884703.0,170.0,11.299673,8.0,3017.0,en,"['Action', 'Crime', 'Drama', 'Thriller']",['United States of America'],"['English', 'Español']",1983-12-08,1983.0,12.0
10477,Driven,94000000.0,54744738.0,116.0,5.310558,4.5,180.0,en,['Action'],"['Australia', 'Canada', 'United States of America']","['English', 'Deutsch', 'Español']",2001-04-27,2001.0,4.0
24113,Town & Country,90000000.0,10372291.0,104.0,1.901065,4.1,18.0,en,"['Comedy', 'Romance']",[],['English'],2001-04-27,2001.0,4.0
1734,The Mummy Returns,98000000.0,433013274.0,130.0,16.945657,6.0,2258.0,en,"['Adventure', 'Action', 'Fantasy']",['United States of America'],"['English', 'العربية']",2001-04-28,2001.0,4.0
8095,Cleopatra,31115000.0,71000000.0,248.0,8.591238,6.7,148.0,en,"['Drama', 'History', 'Romance']","['United Kingdom', 'United States of America', 'Switzerland']","['English', 'Português']",1963-06-12,1963.0,6.0
849,Krull,27000000.0,16519460.0,117.0,9.848674,5.8,130.0,en,"['Fantasy', 'Action', 'Adventure']","['Spain', 'United Kingdom', 'Italy', 'United States of America']",['English'],1983-07-29,1983.0,7.0
11307,The World According to Garp,17000000.0,29712172.0,136.0,5.036929,6.9,87.0,en,['Comedy'],['United States of America'],['English'],1982-08-13,1982.0,8.0
78133,A Home of Our Own,12000000.0,1703282.0,104.0,4.497919,7.0,14.0,en,"['Comedy', 'Drama']",['United States of America'],['English'],1993-11-05,1993.0,11.0
25221,For the Boys,40000000.0,23202444.0,138.0,10.336913,6.5,20.0,en,"['Music', 'Drama']",['United States of America'],['English'],1991-11-22,1991.0,11.0
9062,Love Story,2200000.0,136400000.0,99.0,6.127903,6.6,123.0,en,"['Drama', 'Romance']",['United States of America'],"['English', 'Español']",1970-12-16,1970.0,12.0
9476,A Knight's Tale,65000000.0,117487473.0,132.0,10.90061,6.6,933.0,en,"['Adventure', 'Drama', 'Romance', 'Action']",['United States of America'],['English'],2001-05-11,2001.0,5.0
5852,Angel Eyes,53000000.0,29700000.0,102.0,5.3962,5.5,91.0,en,"['Drama', 'Romance', 'Thriller']",['United States of America'],['English'],2001-05-15,2001.0,5.0
808,Shrek,60000000.0,484409218.0,90.0,17.987728,7.3,4183.0,en,"['Adventure', 'Animation', 'Comedy', 'Family', 'Fantasy']",['United States of America'],['English'],2001-05-16,2001.0,5.0
824,Moulin Rouge!,52500000.0,179213434.0,127.0,13.691781,7.4,1348.0,en,"['Drama', 'Music', 'Romance']","['Australia', 'United States of America']","['Français', 'Español', 'English']",2001-03-09,2001.0,3.0
676,Pearl Harbor,140000000.0,449220945.0,183.0,11.419388,6.6,1833.0,en,"['History', 'Romance', 'War']",['United States of America'],"['Français', 'English', '日本語']",2001-05-21,2001.0,5.0
22414,Postcards from the Edge,22000000.0,39071603.0,101.0,2.523655,6.3,53.0,en,"['Comedy', 'Drama']",['United States of America'],['English'],1990-09-12,1990.0,9.0
1406,City Slickers,27000000.0,179033791.0,112.0,7.334686,6.2,232.0,en,"['Action', 'Adventure', 'Comedy', 'Drama', 'Western']",['United States of America'],"['English', 'Deutsch']",1991-06-07,1991.0,6.0
1632,Mississippi Burning,15000000.0,34604000.0,128.0,13.971865,7.4,336.0,en,"['Thriller', 'Crime', 'Drama']",['United States of America'],['English'],1988-12-08,1988.0,12.0
966,The Magnificent Seven,2000000.0,4905000.0,128.0,10.650752,7.4,472.0,en,['Western'],['United States of America'],"['English', 'Español']",1960-10-22,1960.0,10.0
11896,Throw Momma from the Train,14000000.0,57915972.0,88.0,6.573364,6.0,147.0,en,"['Crime', 'Comedy']",['United States of America'],['English'],1987-12-11,1987.0,12.0
5923,The Sand Pebbles,12000000.0,20000000.0,182.0,11.354247,7.2,59.0,en,"['Action', 'Adventure', 'Drama', 'War', 'Romance']",['United States of America'],"['English', '普通话']",1966-12-20,1966.0,12.0
11090,The Animal,22000000.0,84772742.0,84.0,8.473369,4.6,310.0,en,"['Action', 'Comedy']",['United States of America'],['English'],2001-06-01,2001.0,6.0
9397,Evolution,80000000.0,98376292.0,101.0,5.395127,5.7,650.0,en,"['Action', 'Comedy', 'Science Fiction']",['United States of America'],['English'],2001-06-08,2001.0,6.0
9705,Swordfish,102000000.0,147080413.0,99.0,9.646208,6.1,946.0,en,"['Action', 'Crime', 'Thriller']","['Australia', 'United States of America']","['Deutsch', 'English']",2001-06-07,2001.0,6.0
10364,Catch-22,18000000.0,24911670.0,121.0,4.984905,6.7,73.0,en,"['War', 'Comedy', 'Drama']",['United States of America'],"['English', 'Français', 'Italiano']",1970-06-24,1970.0,6.0
1089,Point Break,24000000.0,83531958.0,120.0,11.453093,6.9,861.0,en,"['Action', 'Thriller', 'Crime']",['United States of America'],['English'],1991-07-12,1991.0,7.0
17494,Unlawful Entry,23000000.0,57138719.0,117.0,6.477258,5.8,63.0,en,"['Crime', 'Thriller']","['Japan', 'United States of America']","['English', 'Español']",1992-06-26,1992.0,6.0
29393,Macabre,90000.0,5000000.0,72.0,0.837849,6.1,7.0,en,"['Horror', 'Thriller']",['United States of America'],['English'],1958-10-01,1958.0,10.0
9576,Tootsie,21000000.0,177200000.0,116.0,8.451188,6.9,429.0,en,"['Comedy', 'Romance']",['United States of America'],['English'],1982-12-16,1982.0,12.0
10865,Atlantis: The Lost Empire,120000000.0,186053725.0,95.0,10.901602,6.7,1257.0,en,"['Animation', 'Family', 'Adventure', 'Science Fiction']",['United States of America'],"['English', 'Français', 'Español']",2001-06-02,2001.0,6.0
1995,Lara Croft: Tomb Raider,115000000.0,274703340.0,100.0,15.851722,5.7,2235.0,en,"['Adventure', 'Fantasy', 'Action', 'Thriller']",['United States of America'],['English'],2001-06-11,2001.0,6.0
10808,Dr. Dolittle 2,70000000.0,176104344.0,87.0,7.906683,4.9,422.0,en,"['Comedy', 'Family', 'Romance', 'Fantasy']",['United States of America'],['English'],2001-06-22,2001.0,6.0
9799,The Fast and the Furious,38000000.0,207283925.0,106.0,1.406181,6.6,3485.0,en,"['Action', 'Crime', 'Thriller']","['Germany', 'United States of America']",['English'],2001-06-22,2001.0,6.0
644,A.I. Artificial Intelligence,100000000.0,235926552.0,146.0,13.249364,6.8,2011.0,en,"['Drama', 'Science Fiction', 'Adventure']",['United States of America'],['English'],2001-06-29,2001.0,6.0
16161,Baby Boy,16000000.0,29381649.0,130.0,9.503157,7.3,57.0,en,"['Crime', 'Drama', 'Romance']",['United States of America'],['English'],2001-06-27,2001.0,6.0
10691,Crazy/Beautiful,13000000.0,16929123.0,99.0,6.236729,6.6,98.0,en,"['Drama', 'Romance']",['United States of America'],"['Español', 'English']",2001-06-29,2001.0,6.0
10992,Cats & Dogs,60000000.0,93375151.0,87.0,8.142251,5.0,363.0,en,"['Comedy', 'Family']",['United States of America'],"['English', 'Français', 'Deutsch', 'ภาษาไทย']",2001-07-04,2001.0,7.0
2140,Kiss of the Dragon,25000000.0,64437847.0,98.0,7.637345,6.4,304.0,en,"['Action', 'Crime', 'Thriller']","['France', 'United States of America']","['English', 'Français', '普通话']",2001-07-06,2001.0,7.0
4248,Scary Movie 2,45000000.0,141220678.0,83.0,10.869056,5.4,1019.0,en,['Comedy'],"['Canada', 'United States of America']",['English'],2001-07-04,2001.0,7.0
11286,The Cannonball Run,18000000.0,72179579.0,95.0,6.693055,6.2,161.0,en,['Comedy'],['United States of America'],"['日本語', '普通话', 'العربية', 'English']",1981-06-19,1981.0,6.0
15875,Donovan's Reef,2686000.0,6600000.0,109.0,1.920256,6.0,31.0,en,"['Adventure', 'Comedy', 'Romance']",['United States of America'],"['English', 'Français']",1963-06-12,1963.0,6.0
23439,House of Usher,270000.0,1450000.0,79.0,3.481988,6.5,71.0,en,"['Horror', 'Thriller']",['United States of America'],['English'],1960-06-21,1960.0,6.0
11697,The Man Who Shot Liberty Valance,3200000.0,8000000.0,123.0,6.641827,7.4,272.0,en,['Western'],['United States of America'],['English'],1962-04-22,1962.0,4.0
19200,Shadows and Fog,14000000.0,2735731.0,85.0,8.678022,7.0,80.0,en,"['Thriller', 'Comedy']",['United States of America'],['English'],1991-12-05,1991.0,12.0
11536,The Misfits,4000000.0,8200000.0,124.0,5.317544,6.8,76.0,en,"['Drama', 'Action', 'Romance']",['United States of America'],['English'],1961-01-01,1961.0,1.0
10339,Moby Dick,4500000.0,10400000.0,116.0,4.31583,6.9,90.0,en,"['Adventure', 'Drama']",['United States of America'],['English'],1956-06-27,1956.0,6.0
13938,The Last Dragon,10000000.0,25754284.0,108.0,6.830599,6.4,71.0,en,"['Action', 'Adventure', 'Comedy']",['United States of America'],['English'],1985-03-22,1985.0,3.0
10540,Outland,16000000.0,17374595.0,112.0,6.918821,6.2,153.0,en,['Science Fiction'],['United Kingdom'],['English'],1981-05-22,1981.0,5.0
9462,The Way of the Dragon,130000.0,85000000.0,100.0,11.116474,7.4,235.0,cn,"['Action', 'Crime']",['Hong Kong'],"['English', 'Italiano', '普通话']",1972-06-01,1972.0,6.0
2114,Final Fantasy: The Spirits Within,137000000.0,85131830.0,106.0,10.223851,5.9,441.0,en,"['Adventure', 'Action', 'Animation', 'Fantasy', 'Science Fiction', 'Thriller']","['Japan', 'United States of America']",['English'],2001-07-02,2001.0,7.0
8835,Legally Blonde,18000000.0,141774679.0,96.0,12.769371,6.2,908.0,en,['Comedy'],['United States of America'],['English'],2001-07-13,2001.0,7.0
11371,The Score,68000000.0,71069884.0,124.0,14.741992,6.7,436.0,en,"['Action', 'Crime', 'Thriller']","['Germany', 'United States of America']","['English', 'Français']",2001-07-13,2001.0,7.0
15745,Made,5000000.0,5476060.0,94.0,3.531682,6.3,55.0,en,"['Action', 'Comedy', 'Thriller']",['United States of America'],['English'],2001-07-13,2001.0,7.0
9395,Above the Law,7500000.0,18869631.0,99.0,5.283245,5.9,140.0,en,"['Action', 'Adventure', 'Drama', 'Thriller']","['Hong Kong', 'United States of America']","['English', 'Español']",1988-04-08,1988.0,4.0
14506,The Adventures of Baron Munchausen,46630000.0,8083123.0,126.0,7.753416,6.9,185.0,en,"['Action', 'Adventure', 'Comedy', 'Fantasy']","['Italy', 'United Kingdom']",['English'],1988-12-07,1988.0,12.0
5333,Apartment Zero,4000000.0,670774.0,124.0,3.927714,6.9,12.0,en,"['Thriller', 'Horror', 'Drama']","['Argentina', 'United Kingdom']",['English'],1988-09-30,1988.0,9.0
59797,Bad Dreams,4000000.0,9797098.0,86.0,5.296777,5.3,31.0,en,"['Horror', 'Thriller']",['United States of America'],['English'],1988-04-08,1988.0,4.0
19382,Biloxi Blues,20000000.0,51684798.0,106.0,4.619593,6.4,72.0,en,"['Comedy', 'Drama', 'Romance']",['United States of America'],['English'],1988-03-25,1988.0,3.0
9599,The Blob,19000000.0,8247943.0,95.0,10.874079,6.3,187.0,en,"['Horror', 'Science Fiction']",['United States of America'],['English'],1988-08-05,1988.0,8.0
94440,The Boost,8000000.0,784990.0,95.0,0.964399,5.3,12.0,en,"['Drama', 'Romance']",[],['English'],1988-12-23,1988.0,12.0
110428,Camille Claudel 1915,3512454.0,115860.0,95.0,0.134014,7.0,20.0,fr,['Drama'],['France'],['Français'],2013-03-13,2013.0,3.0
7520,Cocktail,20000000.0,171504781.0,104.0,9.270831,5.7,330.0,en,"['Drama', 'Romance']",['United States of America'],"['English', 'Português']",1988-07-29,1988.0,7.0
10126,Colors,6000000.0,46616067.0,120.0,5.529808,6.6,100.0,en,"['Action', 'Crime', 'Drama']",['United States of America'],"['English', 'Español']",1988-04-15,1988.0,4.0
9602,Coming to America,39000000.0,288752301.0,116.0,7.830087,6.5,944.0,en,"['Comedy', 'Romance']",['United States of America'],['English'],1988-06-28,1988.0,6.0
3980,Critters,2000000.0,13167232.0,82.0,10.113807,5.9,221.0,en,"['Action', 'Comedy', 'Horror', 'Science Fiction', 'Thriller']",['United States of America'],['English'],1986-04-11,1986.0,4.0
10127,Critters 2,4500000.0,3813293.0,86.0,9.97523,5.0,91.0,en,"['Comedy', 'Horror', 'Science Fiction', 'Thriller']",['United States of America'],['English'],1988-04-29,1988.0,4.0
26386,Ernest Saves Christmas,6000000.0,28202109.0,95.0,3.590547,4.9,47.0,en,"['Comedy', 'Family']",['United States of America'],['English'],1988-11-11,1988.0,11.0
10675,Frantic,20000000.0,17637950.0,120.0,8.105859,6.6,232.0,en,"['Crime', 'Drama', 'Mystery', 'Thriller']","['France', 'United States of America']","['English', 'Français']",1988-02-16,1988.0,2.0
2617,The Great Outdoors,24000000.0,43455230.0,91.0,11.666172,6.4,155.0,en,['Comedy'],['United States of America'],['English'],1988-06-17,1988.0,6.0
30690,Hot to Trot,9000000.0,6436211.0,88.0,1.99161,5.1,17.0,en,['Comedy'],['United States of America'],['English'],1988-08-26,1988.0,8.0
11347,The Lair of the White Worm,2500000.0,1189315.0,93.0,9.97466,5.8,59.0,en,"['Comedy', 'Horror']",['United Kingdom'],['English'],1988-09-14,1988.0,9.0
12144,The Land Before Time,12300000.0,84460846.0,69.0,13.631352,7.0,660.0,en,"['Animation', 'Adventure', 'Family']","['Ireland', 'United States of America']",['English'],1988-11-18,1988.0,11.0
13704,License to Drive,8000000.0,22433275.0,90.0,9.631158,6.1,100.0,en,"['Comedy', 'Family']",['United States of America'],['English'],1988-07-06,1988.0,7.0
12120,My Stepmother is an Alien,20000000.0,13854000.0,108.0,6.493525,5.3,132.0,en,"['Comedy', 'Science Fiction']",['United States of America'],['English'],1988-12-09,1988.0,12.0
38617,Off Limits,12000000.0,7242035.0,102.0,11.516965,5.6,16.0,en,"['Action', 'Crime', 'Drama', 'Mystery', 'Thriller']",['United States of America'],['English'],1988-03-11,1988.0,3.0
51321,Permanent Record,8000000.0,1893139.0,91.0,1.194377,5.7,9.0,en,['Drama'],[],['English'],1988-04-22,1988.0,4.0
9604,Red Heat,29000000.0,34994648.0,104.0,14.25013,5.8,360.0,en,"['Action', 'Crime']",['United States of America'],"['English', 'Pусский']",1988-06-17,1988.0,6.0
24929,Return of the Living Dead Part II,6200000.0,9205924.0,89.0,6.606325,5.8,95.0,en,"['Comedy', 'Horror']",['United States of America'],['English'],1988-01-15,1988.0,1.0
10925,The Return of the Living Dead,4000000.0,14237000.0,91.0,6.258984,7.3,270.0,en,"['Comedy', 'Horror']",['United States of America'],['English'],1985-05-15,1985.0,5.0
24266,The Man from Snowy River,3500000.0,20659423.0,104.0,3.382894,6.9,38.0,en,"['Family', 'Drama', 'Action', 'Western', 'Romance']",['Australia'],['English'],1982-03-02,1982.0,3.0
11503,The Serpent and the Rainbow,7000000.0,19595031.0,98.0,7.791952,6.2,120.0,en,"['Horror', 'Thriller']",['United States of America'],['English'],1988-02-05,1988.0,2.0
38560,Sunset,16000000.0,4594452.0,102.0,1.835663,5.6,15.0,en,"['Action', 'Comedy', 'Crime', 'Mystery', 'Thriller']","['Italy', 'United States of America']","['English', 'Español']",1988-04-29,1988.0,4.0
8337,They Live,4000000.0,13008928.0,94.0,11.292364,7.1,562.0,en,"['Action', 'Horror', 'Science Fiction', 'Thriller']",['United States of America'],['English'],1988-11-23,1988.0,11.0
9493,Twins,15000000.0,216614388.0,107.0,5.952494,5.7,566.0,en,['Comedy'],['United States of America'],['English'],1988-12-09,1988.0,12.0
11352,Always,31000000.0,74134790.0,122.0,5.443097,6.0,136.0,en,"['Fantasy', 'Drama', 'Romance']",['United States of America'],['English'],1989-12-22,1989.0,12.0
12500,American Ninja,1000000.0,10499694.0,95.0,7.314536,5.5,71.0,en,"['Action', 'Adventure']",['United States of America'],['English'],1985-08-30,1985.0,8.0
45225,The Big Picture,5000000.0,117463.0,100.0,6.69473,5.9,24.0,en,"['Comedy', 'Drama', 'Romance']",['United States of America'],['English'],1989-09-15,1989.0,9.0
1648,Bill & Ted's Excellent Adventure,10000000.0,40485039.0,90.0,15.109261,6.7,464.0,en,"['Adventure', 'Comedy', 'Science Fiction']",['United States of America'],"['English', 'Français', 'Deutsch', 'ελληνικά']",1989-02-17,1989.0,2.0
4105,Black Rain,30000000.0,45892212.0,125.0,6.973408,6.2,250.0,en,"['Action', 'Thriller', 'Crime']",['United States of America'],"['English', '日本語']",1989-09-22,1989.0,9.0
10142,Casualties of War,22500000.0,18671317.0,113.0,7.435688,6.8,203.0,en,"['Drama', 'History', 'War']","['Thailand', 'United States of America']",['English'],1989-08-18,1989.0,8.0
10134,Cyborg,500000.0,10166459.0,86.0,8.473602,4.9,154.0,en,"['Action', 'Science Fiction']",['United States of America'],['English'],1989-04-07,1989.0,4.0
21291,Dad,19000000.0,19738015.0,117.0,2.727017,5.6,20.0,en,"['Drama', 'Comedy']",['United States of America'],['English'],1989-10-27,1989.0,10.0
2210,Earth Girls Are Easy,10000000.0,3916303.0,100.0,11.509677,5.5,110.0,en,"['Music', 'Comedy', 'Drama', 'Romance', 'Science Fiction']","['United Kingdom', 'United States of America']",['English'],1988-09-08,1988.0,9.0
20713,Farewell to the King,16000000.0,2420917.0,117.0,1.629224,5.9,23.0,en,"['War', 'Adventure']",['United States of America'],['English'],1989-03-03,1989.0,3.0
9085,Harlem Nights,30000000.0,60864870.0,116.0,9.01086,5.7,85.0,en,"['Comedy', 'Crime', 'Drama']",['United States of America'],"['English', 'Pусский']",1989-11-17,1989.0,11.0
505,Johnny Handsome,20000000.0,7237794.0,94.0,9.059459,6.1,49.0,en,"['Crime', 'Drama']",['United States of America'],"['English', 'Français']",1989-09-12,1989.0,9.0
10345,K-9,17000000.0,78247647.0,101.0,5.772293,5.5,209.0,en,"['Action', 'Comedy', 'Crime']",['United States of America'],['English'],1989-04-28,1989.0,4.0
10222,Kickboxer,1500000.0,14697005.0,97.0,6.939994,6.3,257.0,en,"['Action', 'Thriller']",['United States of America'],['English'],1989-04-20,1989.0,4.0
14372,Leviathan,25000000.0,15704614.0,98.0,10.653446,6.0,125.0,en,"['Adventure', 'Horror', 'Action', 'Thriller', 'Science Fiction']","['Italy', 'United States of America']",['English'],1989-03-17,1989.0,3.0
15138,Little Monsters,7000000.0,793775.0,102.0,6.256969,5.6,53.0,en,"['Adventure', 'Fantasy', 'Comedy', 'Family']",['United States of America'],['English'],1989-08-25,1989.0,8.0
9972,Lock Up,24000000.0,22099847.0,115.0,4.701379,6.2,208.0,en,"['Action', 'Adventure', 'Crime', 'Drama', 'Thriller']",['United States of America'],['English'],1989-08-04,1989.0,8.0
9494,Look Who's Talking,7500000.0,296000000.0,93.0,5.795045,5.8,546.0,en,"['Comedy', 'Romance']",['United States of America'],['English'],1989-10-12,1989.0,10.0
9942,Major League,11000000.0,49797148.0,107.0,5.304376,6.7,222.0,en,['Comedy'],['United States of America'],['English'],1989-02-16,1989.0,2.0
24739,Miracle Mile,3000000.0,1145404.0,87.0,10.018693,7.2,50.0,en,"['Romance', 'Science Fiction', 'Thriller']",['United States of America'],['English'],1989-05-19,1989.0,5.0
27418,Next of Kin,12000000.0,15942628.0,108.0,3.801832,5.0,53.0,en,"['Adventure', 'Drama', 'Action', 'Thriller']",['United States of America'],['English'],1989-10-20,1989.0,10.0
39002,No Holds Barred,8000000.0,16093651.0,93.0,0.863547,5.6,20.0,en,"['Action', 'Drama']",['United States of America'],['English'],1989-06-02,1989.0,6.0
12663,Red Scorpion,16000000.0,4192440.0,105.0,2.549325,4.9,50.0,en,"['Action', 'History', 'War']","['Namibia', 'United States of America', 'South Africa']",['English'],1988-12-24,1988.0,12.0
331,Jurassic Park III,93000000.0,368780809.0,92.0,0.648867,5.7,2109.0,en,"['Adventure', 'Action', 'Thriller', 'Science Fiction']",['United States of America'],"['English', 'Español']",2001-07-18,2001.0,7.0
327,Brother,12000000.0,15250000.0,114.0,8.134524,6.8,107.0,ja,"['Crime', 'Drama', 'Thriller']","['United Kingdom', 'Japan', 'United States of America']","['English', 'Italiano', '日本語', 'Español']",2000-09-09,2000.0,9.0
869,Planet of the Apes,100000000.0,362211740.0,119.0,17.319836,5.6,1270.0,en,"['Thriller', 'Science Fiction', 'Action', 'Adventure']",['United States of America'],['English'],2001-07-25,2001.0,7.0
36095,Cure,20000.0,99000.0,111.0,3.111281,7.4,63.0,ja,"['Crime', 'Horror', 'Mystery', 'Thriller']",['Japan'],['日本語'],1997-11-06,1997.0,11.0
196859,Jackpot,400000.0,43719.0,97.0,0.218588,6.0,1.0,en,[],[],[],2001-07-26,2001.0,7.0
2171,Wet Hot American Summer,5000000.0,295206.0,97.0,6.386082,6.4,271.0,en,['Comedy'],['United States of America'],['English'],2001-07-27,2001.0,7.0
10135,Road House,15000000.0,30050028.0,114.0,2.943427,6.3,259.0,en,"['Action', 'Thriller']",['United States of America'],"['English', 'Português']",1989-05-19,1989.0,5.0
12150,Sea of Love,19000000.0,110879513.0,113.0,9.801967,6.7,144.0,en,"['Drama', 'Crime', 'Mystery']",['United States of America'],['English'],1989-09-15,1989.0,9.0
11185,"See No Evil, Hear No Evil",18000000.0,46908987.0,103.0,17.367336,6.4,220.0,en,"['Crime', 'Comedy']",['United States of America'],['English'],1989-05-12,1989.0,5.0
12521,Shocker,5000000.0,16554699.0,109.0,5.587765,5.5,89.0,en,"['Thriller', 'Comedy', 'Horror']",['United States of America'],['English'],1989-10-27,1989.0,10.0
9618,Tango & Cash,55000000.0,63408614.0,104.0,7.507261,6.1,468.0,en,"['Action', 'Adventure', 'Comedy']",['United States of America'],['English'],1989-12-22,1989.0,12.0
31608,Three Fugitives,15000000.0,40590000.0,96.0,3.96986,6.0,49.0,en,['Comedy'],['United States of America'],"['English', 'Français']",1989-01-27,1989.0,1.0
2616,Uncle Buck,15000000.0,79258538.0,100.0,8.13754,6.6,338.0,en,"['Comedy', 'Drama', 'Family']",['United States of America'],['English'],1989-08-16,1989.0,8.0
7091,Vampire's Kiss,2000000.0,725131.0,103.0,3.265426,6.0,75.0,en,"['Comedy', 'Horror']",['United States of America'],['English'],1988-09-17,1988.0,9.0
183,The Wizard,6000000.0,14278900.0,100.0,5.763954,6.1,83.0,en,"['Adventure', 'Comedy', 'Drama', 'Family', 'Romance']",['United States of America'],"['English', 'Italiano']",1989-12-15,1989.0,12.0
2148,The Cotton Club,58000000.0,25928721.0,127.0,9.508061,6.5,71.0,en,"['Music', 'Drama', 'Crime', 'Romance']",['United States of America'],"['English', 'Italiano']",1984-12-14,1984.0,12.0
2057,Original Sin,42000000.0,35402320.0,118.0,9.970359,5.8,200.0,en,['Thriller'],"['France', 'United States of America']","['English', 'Deutsch', '日本語', 'Latin', 'Español']",2001-08-03,2001.0,8.0
9880,The Princess Diaries,37000000.0,165335153.0,115.0,7.387171,6.5,1063.0,en,"['Comedy', 'Family', 'Romance']",['United States of America'],['English'],2001-08-03,2001.0,8.0
5175,Rush Hour 2,90000000.0,347325802.0,90.0,8.345985,6.4,1078.0,en,"['Action', 'Comedy', 'Crime', 'Thriller']",['United States of America'],"['广州话 / 廣州話', 'English', '普通话']",2001-08-03,2001.0,8.0
20391,Paint Your Wagon,20000000.0,31678778.0,158.0,10.648872,6.3,65.0,en,"['Drama', 'Action', 'Comedy', 'Western', 'Music']",['United States of America'],"['English', 'Español']",1969-10-15,1969.0,10.0
11542,Altered States,15000000.0,19853892.0,102.0,10.603299,6.7,169.0,en,"['Mystery', 'Drama', 'Fantasy', 'Science Fiction', 'Thriller', 'Horror']",['United States of America'],"['English', 'Español']",1980-12-25,1980.0,12.0
2770,American Pie 2,30000000.0,287553595.0,108.0,10.25103,6.0,1375.0,en,"['Comedy', 'Romance']",['United States of America'],['English'],2001-08-10,2001.0,8.0
12610,Osmosis Jones,75000000.0,13596911.0,95.0,6.405831,6.0,237.0,en,"['Adventure', 'Animation', 'Action', 'Comedy', 'Family']",['United States of America'],['English'],2001-08-07,2001.0,8.0
13496,American Outlaws,35000000.0,13678913.0,94.0,10.855383,5.7,56.0,en,"['Action', 'Western']",['United States of America'],['English'],2001-08-17,2001.0,8.0
10972,Session 9,1500000.0,373967.0,100.0,14.242234,6.2,255.0,en,"['Horror', 'Mystery']",['United States of America'],['English'],2001-08-10,2001.0,8.0
1722,Captain Corelli's Mandolin,57000000.0,62112895.0,131.0,9.243715,5.6,146.0,en,"['Drama', 'History', 'Romance']","['United Kingdom', 'United States of America', 'France']","['English', 'Deutsch', 'ελληνικά', 'Italiano']",2001-08-17,2001.0,8.0
9896,Rat Race,48000000.0,85498534.0,112.0,12.330275,6.0,531.0,en,"['Adventure', 'Comedy']","['Canada', 'United States of America']",['English'],2001-07-30,2001.0,7.0
2294,Jay and Silent Bob Strike Back,22000000.0,33788161.0,104.0,11.619446,6.4,491.0,en,['Comedy'],['United States of America'],['English'],2001-08-22,2001.0,8.0
10016,Ghosts of Mars,28000000.0,14010832.0,98.0,7.058599,4.8,299.0,en,"['Action', 'Horror', 'Science Fiction']",['United States of America'],['English'],2001-08-24,2001.0,8.0
26602,Summer Catch,34000000.0,19693891.0,108.0,5.499867,4.8,63.0,en,"['Drama', 'Comedy', 'Romance']",['United States of America'],['English'],2001-08-22,2001.0,8.0
8922,Jeepers Creepers,10000000.0,59217789.0,90.0,10.414363,6.1,731.0,en,"['Horror', 'Thriller']","['Germany', 'United States of America']",['English'],2001-07-01,2001.0,7.0
34223,Vamp,1900000.0,4790926.0,93.0,4.119963,5.9,39.0,en,"['Comedy', 'Horror']",['United States of America'],['English'],1986-07-18,1986.0,7.0
11370,The Musketeer,40000000.0,27053815.0,104.0,4.260945,5.2,56.0,en,"['Action', 'Adventure', 'Drama']","['United Kingdom', 'United States of America', 'Germany', 'Luxembourg']","['English', 'Magyar']",2001-09-07,2001.0,9.0
12508,Rock Star,57000000.0,16991902.0,105.0,10.076223,6.0,194.0,en,"['Music', 'Drama', 'Comedy']",['United States of America'],['English'],2001-09-04,2001.0,9.0
18734,L.I.E.,700000.0,1667192.0,97.0,8.66635,6.7,31.0,en,['Drama'],['United States of America'],['English'],2001-01-20,2001.0,1.0
2176,The Glass House,30000000.0,23619609.0,106.0,6.418936,5.4,203.0,en,"['Drama', 'Thriller']",['United States of America'],"['Español', 'English']",2001-09-14,2001.0,9.0
20857,Hardball,32000000.0,40222729.0,106.0,7.674549,6.3,126.0,en,"['Comedy', 'Romance']","['Germany', 'United States of America']",['English'],2001-09-14,2001.0,9.0
2185,Big Trouble,40000000.0,8493890.0,85.0,5.761051,6.3,82.0,en,"['Action', 'Comedy', 'Thriller']",['United States of America'],['English'],2002-04-05,2002.0,4.0
10696,Glitter,22000000.0,5271666.0,104.0,5.420686,3.4,38.0,en,"['Drama', 'Romance']",['United States of America'],['English'],2001-09-21,2001.0,9.0
2034,Training Day,45000000.0,104876233.0,122.0,13.664622,7.3,1665.0,en,"['Action', 'Crime', 'Drama', 'Thriller']","['Australia', 'United States of America']","['English', 'Pусский', 'Español', '한국어/조선말']",2001-10-05,2001.0,10.0
31016,Sidewalks of New York,1000000.0,2402459.0,107.0,2.678923,5.6,16.0,en,"['Comedy', 'Drama', 'Romance']",['United States of America'],['English'],2001-11-23,2001.0,11.0
11576,"It's a Mad, Mad, Mad, Mad World",9400000.0,60000000.0,163.0,13.266545,7.0,142.0,en,"['Action', 'Adventure', 'Comedy', 'Crime']",['United States of America'],['English'],1963-11-07,1963.0,11.0
15393,Play Misty for Me,725000.0,10600000.0,102.0,5.820841,6.5,102.0,en,"['Crime', 'Drama', 'Romance', 'Thriller']",['United States of America'],['English'],1971-11-03,1971.0,11.0
248,Pocketful of Miracles,2900000.0,5000000.0,136.0,2.649605,7.3,25.0,en,"['Comedy', 'Drama']",['United States of America'],"['English', 'Español']",1961-12-18,1961.0,12.0
13766,SpaceCamp,18000000.0,9697739.0,107.0,6.41742,5.8,60.0,en,"['Family', 'Adventure']",['United States of America'],['English'],1986-06-06,1986.0,6.0
12103,Don't Say a Word,50000000.0,100020092.0,113.0,6.824871,6.0,223.0,en,['Thriller'],"['Australia', 'United States of America']","['English', 'Français', 'Italiano', 'Español']",2001-09-28,2001.0,9.0
11313,Hearts in Atlantis,31000000.0,24185781.0,101.0,6.425321,6.5,132.0,en,"['Drama', 'Mystery']","['Australia', 'United States of America']",['English'],2001-09-07,2001.0,9.0
9398,Zoolander,28000000.0,60780981.0,89.0,10.40782,6.1,1363.0,en,['Comedy'],"['Germany', 'United States of America']",['English'],2001-09-28,2001.0,9.0
10866,Joy Ride,23000000.0,36642838.0,97.0,10.337689,6.3,328.0,en,"['Mystery', 'Thriller', 'Drama']",['United States of America'],['English'],2001-10-05,2001.0,10.0
34549,Max Keeble's Big Move,12000000.0,17292381.0,86.0,2.828884,5.4,33.0,en,"['Comedy', 'Family', 'Fantasy', 'Science Fiction']",['United States of America'],['English'],2001-10-05,2001.0,10.0
9778,Serendipity,28000000.0,77516304.0,90.0,5.715737,6.6,529.0,en,"['Comedy', 'Romance']",['United States of America'],['English'],2001-10-05,2001.0,10.0
16121,The Big Red One,4500000.0,7206220.0,113.0,5.395103,6.8,83.0,en,"['Drama', 'War']",['United States of America'],"['English', 'Français', 'Deutsch', 'Italiano']",1980-05-28,1980.0,5.0
16769,Coal Miner's Daughter,15000000.0,67182787.0,125.0,2.847277,7.2,67.0,en,"['Drama', 'Music']",['United States of America'],['English'],1980-03-07,1980.0,3.0
3172,Bandits,75000000.0,67631903.0,123.0,13.136791,6.2,307.0,en,"['Action', 'Comedy', 'Crime', 'Romance']",['United States of America'],['English'],2001-10-12,2001.0,10.0
17708,Corky Romano,11000000.0,23978402.0,86.0,4.890067,4.1,54.0,en,"['Action', 'Comedy', 'Crime']",['United States of America'],"['English', 'Español', 'ภาษาไทย', 'Tiếng Việt']",2001-10-12,2001.0,10.0
1018,Mulholland Drive,15000000.0,20117339.0,147.0,18.184056,7.7,1517.0,en,"['Thriller', 'Drama', 'Mystery']","['France', 'United States of America']","['Español', 'English']",2001-05-16,2001.0,5.0
11380,Bones,10000000.0,7316658.0,96.0,6.513545,4.3,36.0,en,"['Action', 'Horror', 'Thriller']",['United States of America'],"['English', 'Français']",2001-10-24,2001.0,10.0
984,Dirty Harry,4000000.0,35976000.0,102.0,10.255315,7.4,630.0,en,"['Action', 'Crime', 'Thriller']",['United States of America'],"['Español', 'English']",1971-12-21,1971.0,12.0
14811,Fiddler on the Roof,9000000.0,83304330.0,181.0,9.227244,7.4,136.0,en,"['Drama', 'Romance']",['United States of America'],"['English', 'עִבְרִית', 'Pусский']",1971-11-03,1971.0,11.0
768,From Hell,35000000.0,74558115.0,122.0,7.79014,6.6,758.0,en,"['Horror', 'Mystery', 'Thriller']","['Czech Republic', 'United Kingdom']","['English', 'Magyar', 'Pусский']",2001-10-19,2001.0,10.0
2100,The Last Castle,72000000.0,27642707.0,131.0,9.807552,7.0,290.0,en,"['Action', 'Drama', 'Thriller']",['United States of America'],['English'],2001-10-19,2001.0,10.0
11091,Riding in Cars with Boys,48000000.0,35743308.0,132.0,4.556123,6.5,108.0,en,"['Comedy', 'Drama', 'Romance']",['United States of America'],['English'],2001-10-19,2001.0,10.0
167,K-PAX,48000000.0,50315140.0,120.0,12.400152,7.1,710.0,en,"['Drama', 'Science Fiction']","['Germany', 'United Kingdom', 'United States of America']",['English'],2001-10-22,2001.0,10.0
141,Donnie Darko,6000000.0,1270522.0,113.0,18.303148,7.7,3574.0,en,"['Fantasy', 'Drama', 'Mystery']",['United States of America'],['English'],2001-01-18,2001.0,1.0
11456,Domestic Disturbance,75000000.0,54249294.0,89.0,6.353996,5.4,115.0,en,"['Mystery', 'Thriller', 'Crime']",['United States of America'],['English'],2001-10-30,2001.0,10.0
585,"Monsters, Inc.",115000000.0,562816256.0,92.0,26.419962,7.5,6150.0,en,"['Animation', 'Comedy', 'Family']",['United States of America'],['English'],2001-11-01,2001.0,11.0
10796,The One,49000000.0,72700000.0,87.0,9.769047,5.7,445.0,en,"['Action', 'Science Fiction', 'Thriller']",['United States of America'],['English'],2001-11-02,2001.0,11.0
23949,Tape,100000.0,490475.0,86.0,3.580063,6.9,63.0,en,['Drama'],['United States of America'],['English'],2001-01-26,2001.0,1.0
9889,Shallow Hal,40000000.0,141069860.0,114.0,12.520688,5.7,764.0,en,"['Comedy', 'Romance']",['United States of America'],['English'],2001-11-01,2001.0,11.0
13408,The Wash,7000000.0,10229331.0,93.0,2.483032,5.3,26.0,en,"['Action', 'Comedy']",['United States of America'],['English'],2001-11-16,2001.0,11.0
671,Harry Potter and the Philosopher's Stone,125000000.0,976475550.0,152.0,38.187238,7.5,7188.0,en,"['Adventure', 'Fantasy', 'Family']","['United Kingdom', 'United States of America']",['English'],2001-11-16,2001.0,11.0
20794,Novocaine,6000000.0,2025238.0,95.0,3.916221,6.0,44.0,en,"['Comedy', 'Crime', 'Thriller']",['United States of America'],['English'],2001-11-23,2001.0,11.0
14369,Out Cold,24000000.0,14782676.0,89.0,4.197544,5.8,53.0,en,['Comedy'],['United States of America'],['English'],2001-11-21,2001.0,11.0
1535,Spy Game,92000000.0,143049560.0,126.0,18.186839,6.8,592.0,en,"['Action', 'Crime', 'Thriller']","['United Kingdom', 'United States of America']","['广州话 / 廣州話', 'English', 'Deutsch', 'العربية', 'Français']",2001-11-18,2001.0,11.0
1433,The Devil's Backbone,4500000.0,6459020.0,106.0,11.111299,7.2,277.0,es,"['Fantasy', 'Drama', 'Horror', 'Thriller', 'Science Fiction']","['Spain', 'Mexico']",['Español'],2001-04-20,2001.0,4.0
16085,Funny Girl,14000000.0,52223306.0,149.0,4.651946,6.9,90.0,en,"['Drama', 'Comedy', 'Music', 'Romance']",['United States of America'],['English'],1968-09-19,1968.0,9.0
10656,Subway,2000000.0,390659.0,104.0,8.066663,6.3,89.0,fr,"['Action', 'Thriller']",['France'],['Français'],1985-04-10,1985.0,4.0
72277,The Last Wave,810000.0,1258000.0,106.0,3.099222,6.8,38.0,en,"['Drama', 'Mystery', 'Thriller']",['Australia'],"['English', 'Italiano']",1977-01-01,1977.0,1.0
11033,Dressed to Kill,6500000.0,31899000.0,105.0,9.3806,6.8,159.0,en,"['Horror', 'Mystery', 'Thriller']",['United States of America'],['English'],1980-06-25,1980.0,6.0
3604,Flash Gordon,35000000.0,27107960.0,111.0,6.346979,6.1,237.0,en,['Science Fiction'],['United States of America'],['English'],1980-09-01,1980.0,9.0
10649,The Enforcer,9000000.0,46236000.0,96.0,7.550133,6.7,232.0,en,"['Action', 'Crime', 'Thriller']",['United States of America'],['English'],1976-12-20,1976.0,12.0
17689,The Gauntlet,5500000.0,26414658.0,109.0,6.389326,6.6,121.0,en,"['Drama', 'Action', 'Crime', 'Thriller']",['United States of America'],['English'],1977-12-21,1977.0,12.0
14854,Lone Wolf McQuade,5000000.0,12232628.0,107.0,5.839893,5.5,67.0,en,"['Action', 'Crime', 'Drama', 'Romance', 'Thriller', 'Western']",['United States of America'],"['English', 'Español']",1983-04-14,1983.0,4.0
10650,Sudden Impact,22000000.0,67642693.0,117.0,9.737907,6.5,210.0,en,"['Action', 'Crime', 'Thriller']",['United States of America'],['English'],1983-12-07,1983.0,12.0
8007,Behind Enemy Lines,40000000.0,91753202.0,106.0,11.185625,6.0,464.0,en,"['Action', 'Drama', 'Thriller', 'War']",['United States of America'],"['Český', 'English', 'Español', '']",2001-11-17,2001.0,11.0
161,Ocean's Eleven,85000000.0,450717150.0,116.0,12.114932,7.2,3857.0,en,"['Thriller', 'Crime']",['United States of America'],"['Italiano', 'English']",2001-12-07,2001.0,12.0
194,Amélie,10000000.0,173921954.0,122.0,12.879381,7.8,3403.0,fr,"['Comedy', 'Romance']","['France', 'Germany']","['Français', 'Pусский']",2001-04-25,2001.0,4.0
11397,Not Another Teen Movie,16000000.0,66468332.0,89.0,9.101896,5.5,444.0,en,['Comedy'],['United States of America'],['English'],2001-12-07,2001.0,12.0
1903,Vanilla Sky,68000000.0,203388341.0,136.0,10.071057,6.5,1100.0,en,"['Drama', 'Mystery', 'Romance', 'Science Fiction', 'Thriller']",['United States of America'],['English'],2001-12-10,2001.0,12.0
9428,The Royal Tenenbaums,21000000.0,71441250.0,110.0,9.707542,7.4,1317.0,en,"['Comedy', 'Drama']",['United States of America'],"['English', 'Italiano']",2001-10-05,2001.0,10.0
24264,Sheena,25000000.0,5778353.0,117.0,4.11214,5.0,22.0,en,"['Action', 'Adventure', 'Comedy', 'Fantasy', 'Science Fiction']",[],['English'],1984-08-17,1984.0,8.0
27150,Silent Rage,4500000.0,10500000.0,103.0,1.808605,5.0,22.0,en,"['Action', 'Horror', 'Science Fiction', 'Thriller']",['United States of America'],"['English', 'Español']",1982-04-02,1982.0,4.0
26978,Spacehunter: Adventures in the Forbidden Zone,15000000.0,16500000.0,90.0,3.521436,5.1,37.0,en,"['Adventure', 'Science Fiction']",['United States of America'],['English'],1983-05-20,1983.0,5.0
8386,How High,12000000.0,31155435.0,93.0,6.796277,6.4,230.0,en,['Comedy'],['United States of America'],['English'],2001-12-21,2001.0,12.0
12589,Jimmy Neutron: Boy Genius,25000000.0,80936232.0,83.0,7.308162,5.6,235.0,en,"['Action', 'Adventure', 'Animation', 'Comedy', 'Family', 'Fantasy', 'Science Fiction']",['United States of America'],['English'],2001-12-21,2001.0,12.0
120,The Lord of the Rings: The Fellowship of the Ring,93000000.0,871368364.0,178.0,32.070725,8.0,8892.0,en,"['Adventure', 'Fantasy', 'Action']","['New Zealand', 'United States of America']",['English'],2001-12-18,2001.0,12.0
11086,The Majestic,72000000.0,37317558.0,152.0,8.063684,6.6,193.0,en,"['Drama', 'Romance']",['United States of America'],['English'],2001-12-21,2001.0,12.0
453,A Beautiful Mind,60000000.0,313542341.0,135.0,11.93646,7.7,3087.0,en,"['Drama', 'Romance']",['United States of America'],['English'],2001-12-11,2001.0,12.0
37257,Witness for the Prosecution,3000000.0,9000000.0,116.0,9.730217,8.1,278.0,en,"['Drama', 'Mystery', 'Crime']",['United States of America'],"['Deutsch', 'English']",1957-12-17,1957.0,12.0
8489,Ali,107000000.0,87713825.0,157.0,9.303104,6.7,457.0,en,['Drama'],['United States of America'],['English'],2001-12-11,2001.0,12.0
855,Black Hawk Down,92000000.0,172989651.0,144.0,10.064446,7.2,1832.0,en,"['Action', 'History', 'War']","['United Kingdom', 'United States of America']","['English', 'Somali']",2001-12-28,2001.0,12.0
10269,Yentl,12000000.0,30400000.0,132.0,2.592296,6.2,51.0,en,"['Music', 'Drama', 'Romance']","['United Kingdom', 'United States of America']",['English'],1983-11-18,1983.0,11.0
5279,Gosford Park,19800000.0,87754044.0,137.0,14.101101,6.8,256.0,en,"['Drama', 'Mystery', 'Thriller']","['Germany', 'United Kingdom', 'United States of America']",['English'],2001-11-07,2001.0,11.0
10950,I Am Sam,22000000.0,92542418.0,132.0,12.935016,7.2,542.0,en,['Drama'],['United States of America'],['English'],2001-12-28,2001.0,12.0
1365,Monster's Ball,4000000.0,44909486.0,111.0,6.341187,6.6,254.0,en,"['Drama', 'Romance']",['United States of America'],['English'],2001-11-11,2001.0,11.0
24206,Silent Trigger,15000000.0,76382.0,93.0,1.672406,5.0,22.0,en,"['Drama', 'Action', 'Thriller']","['Canada', 'United Kingdom']",['English'],1996-06-26,1996.0,6.0
6312,Brotherhood of the Wolf,29000000.0,70752904.0,137.0,11.564252,6.6,404.0,fr,"['Adventure', 'Horror', 'Action', 'History']",['France'],"['Français', 'Deutsch', 'Italiano']",2001-01-31,2001.0,1.0
11595,Another 48 Hrs.,38000000.0,153518974.0,95.0,6.938921,5.8,205.0,en,"['Thriller', 'Action', 'Comedy', 'Crime', 'Drama']",['United States of America'],"['广州话 / 廣州話', 'English']",1990-06-08,1990.0,6.0
848,Dragonslayer,18000000.0,14110013.0,108.0,3.383201,6.5,69.0,en,['Fantasy'],['United Kingdom'],"['English', 'Magyar']",1981-06-26,1981.0,6.0
9610,Conan the Destroyer,18000000.0,100000000.0,103.0,10.151366,5.8,391.0,en,"['Adventure', 'Fantasy', 'Action']",['United States of America'],['English'],1984-06-29,1984.0,6.0
15035,Fire and Ice,1200000.0,760883.0,81.0,8.471302,6.2,37.0,en,"['Animation', 'Fantasy', 'Science Fiction']",['United States of America'],['English'],1983-03-25,1983.0,3.0
33155,Galaxina,5500000.0,4865000.0,95.0,1.409619,3.3,16.0,en,"['Comedy', 'Science Fiction']",['United States of America'],['English'],1980-06-06,1980.0,6.0
150,48 Hrs.,12000000.0,78868508.0,96.0,15.297121,6.5,364.0,en,"['Thriller', 'Action', 'Comedy', 'Crime', 'Drama']",['United States of America'],['English'],1982-12-07,1982.0,12.0
15050,Brainstorm,15000000.0,10219460.0,106.0,9.974312,6.3,65.0,en,"['Science Fiction', 'Thriller']",['United States of America'],['English'],1983-09-30,1983.0,9.0
10423,Dragon: The Bruce Lee Story,14000000.0,63513743.0,120.0,5.079464,6.8,156.0,en,['Drama'],['United States of America'],"['广州话 / 廣州話', 'English']",1993-05-07,1993.0,5.0
651,M*A*S*H,3500000.0,81600000.0,116.0,7.701349,6.9,238.0,en,"['Comedy', 'Drama', 'War']",['United States of America'],"['English', 'Français', '日本語', '한국어/조선말']",1970-01-24,1970.0,1.0
18647,One-Eyed Jacks,6000000.0,4300000.0,141.0,6.945886,6.2,45.0,en,"['Western', 'Action']",['United States of America'],"['English', 'Español']",1961-03-30,1961.0,3.0
11362,The Count of Monte Cristo,35000000.0,75395048.0,131.0,10.765924,7.3,463.0,en,"['Action', 'Adventure', 'Drama', 'Thriller']",['United States of America'],['English'],2002-01-23,2002.0,1.0
2637,The Mothman Prophecies,32000000.0,55157539.0,119.0,8.50563,6.1,307.0,en,"['Drama', 'Horror', 'Mystery']",['United States of America'],['English'],2002-01-25,2002.0,1.0
10229,A Walk to Remember,11000000.0,41227069.0,101.0,8.054499,7.5,1057.0,en,"['Drama', 'Romance']",['United States of America'],['English'],2002-01-25,2002.0,1.0
50819,American Adobo,344.0,4.0,104.0,0.158651,5.3,3.0,en,"['Comedy', 'Romance']","['United States of America', 'Philippines']","['English', '']",2001-09-29,2001.0,9.0
9606,Metropolis,14500000.0,95789342.0,108.0,9.298092,6.8,99.0,ja,"['Animation', 'Science Fiction']",['Japan'],"['Pусский', 'English', '日本語', 'Français', 'Deutsch', 'Italiano', 'Español']",2001-05-26,2001.0,5.0
31674,Cousins,13000000.0,22030000.0,109.0,7.584638,5.1,14.0,en,"['Comedy', 'Romance']",['United States of America'],['English'],1989-02-10,1989.0,2.0
20009,Slackers,14000000.0,6413915.0,86.0,8.559189,5.4,60.0,en,"['Comedy', 'Romance']","['Canada', 'United States of America']",['English'],2002-02-01,2002.0,2.0
47871,Honky Tonk Freeway,24000000.0,939423.0,107.0,0.420615,0.0,0.0,en,"['Action', 'Comedy']",['United States of America'],['English'],1981-08-21,1981.0,8.0
11870,Big Fat Liar,15000000.0,52970014.0,88.0,4.643981,5.6,202.0,en,"['Comedy', 'Family']",['United States of America'],"['English', 'Français', 'Italiano']",2002-02-08,2002.0,2.0
9884,Collateral Damage,85000000.0,78382433.0,108.0,10.175503,5.5,431.0,en,"['Action', 'Thriller', 'Drama']",['United States of America'],"['English', 'Español']",2002-02-06,2002.0,2.0
11212,Baby's Day Out,50000000.0,16671505.0,99.0,12.508518,5.8,281.0,en,"['Action', 'Adventure', 'Comedy', 'Family']",['United States of America'],"['English', 'Français', 'Deutsch']",1994-07-01,1994.0,7.0
69928,The Man Who Loved Women,19000000.0,11000000.0,110.0,5.214505,4.4,9.0,en,['Comedy'],['United States of America'],[],1983-12-18,1983.0,12.0
17130,Crossroads,12000000.0,61141030.0,93.0,6.631356,4.7,161.0,en,"['Action', 'Adventure', 'Comedy', 'Drama', 'Family', 'Music', 'Romance']",['United States of America'],['English'],2002-02-15,2002.0,2.0
10592,Hart's War,70000000.0,32287044.0,125.0,14.116474,5.9,246.0,en,"['Drama', 'War']",['United States of America'],"['English', 'Deutsch']",2002-02-15,2002.0,2.0
8470,John Q,36000000.0,102244770.0,116.0,8.867562,7.0,604.0,en,"['Drama', 'Thriller', 'Crime']",['United States of America'],"['English', 'Español']",2002-02-15,2002.0,2.0
16690,Return to Never Land,20000000.0,109862682.0,72.0,8.759774,6.1,304.0,en,"['Adventure', 'Fantasy', 'Animation', 'Family']","['Australia', 'Canada', 'United States of America']",['English'],2002-02-14,2002.0,2.0
39939,Super Troopers,3000000.0,18492362.0,100.0,7.351028,6.6,367.0,en,"['Comedy', 'Crime', 'Mystery']",['United States of America'],['English'],2001-01-18,2001.0,1.0
9272,The Good Son,17000000.0,44456478.0,87.0,7.873794,6.2,202.0,en,"['Drama', 'Horror', 'Thriller']",['United States of America'],['English'],1993-09-24,1993.0,9.0
14475,Used Cars,8000000.0,11715321.0,113.0,6.963023,6.3,71.0,en,"['Action', 'Comedy']",['United States of America'],['English'],1980-07-11,1980.0,7.0
10052,Dragonfly,60000000.0,52322400.0,104.0,4.924078,6.2,209.0,en,['Drama'],"['Germany', 'United States of America']","['English', 'Español']",2002-02-22,2002.0,2.0
11979,Queen of the Damned,35000000.0,45479110.0,101.0,8.436243,5.5,247.0,en,"['Drama', 'Fantasy', 'Horror']","['Australia', 'United States of America']",['English'],2002-02-10,2002.0,2.0
23479,The Bad News Bears,35000000.0,35323292.0,102.0,8.399441,7.0,100.0,en,"['Comedy', 'Family']",['United States of America'],"['English', 'Español']",1976-04-07,1976.0,4.0
10590,We Were Soldiers,75000000.0,114660784.0,138.0,11.34706,6.7,531.0,en,"['Action', 'History', 'War']","['Germany', 'United States of America']","['English', 'Tiếng Việt', 'Français']",2002-03-01,2002.0,3.0
46717,Intersection,45000000.0,21355893.0,98.0,8.295437,5.1,40.0,en,"['Drama', 'Romance']",['United States of America'],['English'],1994-01-21,1994.0,1.0
35614,A Troll in Central Park,23000000.0,71368.0,76.0,3.612089,4.4,40.0,en,"['Fantasy', 'Animation', 'Science Fiction', 'Family']",['United States of America'],['English'],1994-10-07,1994.0,10.0
17058,Scarlet Street,1202007.0,2948386.0,103.0,6.360746,7.7,70.0,en,['Drama'],['United States of America'],['English'],1945-12-28,1945.0,12.0
13950,All About the Benjamins,14000000.0,25482931.0,95.0,3.909079,5.9,52.0,en,"['Action', 'Adventure', 'Comedy']",['United States of America'],"['English', 'Français']",2002-03-08,2002.0,3.0
2135,The Time Machine,80000000.0,123729176.0,96.0,8.918134,5.8,644.0,en,"['Science Fiction', 'Adventure', 'Action']",['United States of America'],['English'],2002-03-04,2002.0,3.0
15186,Full Frontal,2000000.0,2506446.0,96.0,2.186683,4.8,26.0,en,"['Comedy', 'Drama', 'Romance']",['United States of America'],['English'],2002-08-02,2002.0,8.0
10935,Heaven's Gate,44000000.0,3484331.0,219.0,4.393576,6.5,56.0,en,"['Action', 'Drama', 'History', 'Western']",['United States of America'],"['English', 'Français', 'Deutsch', 'Polski', 'Pусский']",1980-11-19,1980.0,11.0
14729,The Long Riders,10000000.0,15795189.0,99.0,3.557608,6.6,50.0,en,"['Western', 'History']",['United States of America'],"['English', 'svenska']",1980-05-12,1980.0,5.0
425,Ice Age,59000000.0,383257136.0,81.0,17.328902,7.1,3954.0,en,"['Animation', 'Comedy', 'Family', 'Adventure']",['United States of America'],['English'],2002-03-10,2002.0,3.0
1576,Resident Evil,33000000.0,102984862.0,100.0,7.781293,6.4,2100.0,en,"['Horror', 'Action', 'Science Fiction']","['France', 'Germany', 'United Kingdom', 'United States of America']",['English'],2002-03-15,2002.0,3.0
5851,Showtime,85000000.0,77741732.0,95.0,4.917863,5.3,286.0,en,"['Action', 'Comedy']","['Australia', 'United States of America']",['English'],2002-03-14,2002.0,3.0
15647,Kissing Jessica Stein,1000000.0,10013424.0,97.0,3.374229,5.9,50.0,en,['Comedy'],['United States of America'],['English'],2001-04-21,2001.0,4.0
1391,Y Tu Mamá También,5000000.0,33616692.0,106.0,13.962548,7.3,321.0,es,"['Drama', 'Romance']",['Mexico'],['Español'],2001-06-08,2001.0,6.0
13006,Split Second,7.0,5.0,90.0,3.2768,5.8,64.0,en,"['Thriller', 'Action', 'Horror', 'Science Fiction', 'Crime']",['United Kingdom'],['English'],1992-05-01,1992.0,5.0
10627,Taps,14000000.0,35856053.0,126.0,5.355452,6.5,81.0,fr,['Drama'],['United States of America'],['English'],1981-12-20,1981.0,12.0
36586,Blade II,54000000.0,155010032.0,117.0,17.05064,6.3,1556.0,en,"['Fantasy', 'Horror', 'Action', 'Thriller']","['Germany', 'United States of America']","['Český', 'Română', 'English']",2002-03-22,2002.0,3.0
15028,Clockstoppers,26000000.0,38793283.0,94.0,5.373623,4.9,89.0,en,"['Adventure', 'Family', 'Science Fiction', 'Thriller']",['United States of America'],"['Český', 'English']",2002-03-17,2002.0,3.0
4547,Panic Room,48000000.0,196397415.0,111.0,14.969502,6.6,1303.0,en,"['Crime', 'Drama', 'Thriller']",['United States of America'],['English'],2002-03-29,2002.0,3.0
14635,The Rookie,20000000.0,75597042.0,127.0,10.991137,6.5,112.0,en,"['Drama', 'Family']",['United States of America'],['English'],2002-03-25,2002.0,3.0
1791,The Piano Teacher,3000000.0,9801375.0,131.0,6.363081,7.2,197.0,fr,"['Drama', 'Romance']","['Austria', 'France']","['Français', 'Deutsch']",2001-05-14,2001.0,5.0
11560,High Crimes,42000000.0,63781810.0,115.0,8.371005,6.1,187.0,en,"['Drama', 'Mystery', 'Thriller', 'Crime']",['United States of America'],"['English', 'Español']",2002-04-03,2002.0,4.0
11452,National Lampoon’s Van Wilder,5000000.0,38275483.0,92.0,7.668576,5.9,867.0,en,"['Comedy', 'Romance']",['United States of America'],['English'],2002-03-29,2002.0,3.0
548,Rashomon,250000.0,96568.0,88.0,9.887355,8.0,471.0,ja,"['Crime', 'Drama', 'Mystery']",['Japan'],['日本語'],1950-12-26,1950.0,12.0
1537,Changing Lanes,45000000.0,94935764.0,89.0,7.81862,5.9,306.0,en,"['Action', 'Adventure', 'Crime', 'Thriller']",['United States of America'],['English'],2002-04-07,2002.0,4.0
12149,Frailty,11000000.0,13110448.0,100.0,7.397953,7.0,338.0,en,"['Drama', 'Thriller', 'Crime']","['Germany', 'Italy', 'United States of America']",['English'],2001-11-17,2001.0,11.0
11812,The Sweetest Thing,43000000.0,68696770.0,84.0,8.889064,5.3,286.0,en,"['Romance', 'Comedy']",['United States of America'],['English'],2002-04-12,2002.0,4.0
35080,The Cat's Meow,7000000.0,3646994.0,114.0,13.546984,6.0,33.0,en,"['Drama', 'Mystery', 'Thriller']","['Germany', 'United Kingdom', 'United States of America']",['English'],2001-08-03,2001.0,8.0
441,Human Nature,6000000.0,705308.0,96.0,7.714094,6.1,74.0,en,"['Drama', 'Comedy']",['United States of America'],['English'],2001-05-18,2001.0,5.0
8346,My Big Fat Greek Wedding,5000000.0,368744044.0,95.0,6.719949,6.2,686.0,en,"['Comedy', 'Drama', 'Romance']","['Canada', 'United States of America']","['ελληνικά', 'English']",2002-02-22,2002.0,2.0
31671,Breakout,1000000.0,16000000.0,96.0,2.301183,6.4,16.0,en,"['Action', 'Adventure', 'Thriller']",['United States of America'],['English'],1975-05-21,1975.0,5.0
11892,Murder by Numbers,50000000.0,56714147.0,120.0,9.645801,6.0,275.0,en,"['Crime', 'Drama', 'Thriller']",['United States of America'],['English'],2002-04-19,2002.0,4.0
9334,The Scorpion King,60000000.0,165333180.0,92.0,9.488117,5.3,802.0,en,"['Action', 'Fantasy', 'Adventure']","['United States of America', 'Germany', 'Belgium']","['English', 'ภาษาไทย']",2002-04-16,2002.0,4.0
11470,Jason X,11000000.0,16951798.0,91.0,7.793873,4.5,298.0,en,"['Horror', 'Science Fiction']",['United States of America'],['English'],2001-07-24,2001.0,7.0
16643,Life or Something Like It,40000000.0,16872671.0,103.0,6.332398,5.7,126.0,en,"['Comedy', 'Drama', 'Romance']","['Canada', 'United States of America']",['English'],2002-04-26,2002.0,4.0
11468,Salton Sea,18000000.0,676698.0,103.0,12.106615,7.0,109.0,en,"['Crime', 'Drama', 'Mystery', 'Thriller']",['United States of America'],['English'],2002-01-01,2002.0,1.0
19085,Vulgar,120000.0,14904.0,87.0,1.62632,5.3,16.0,en,"['Drama', 'Horror', 'Thriller', 'Crime']",['United States of America'],['English'],2000-09-13,2000.0,9.0
28117,Delirious,18000000.0,5546827.0,96.0,1.33724,5.5,27.0,en,"['Fantasy', 'Comedy', 'Romance']",['United States of America'],['English'],1991-08-09,1991.0,8.0
46691,Joe,106000.0,19319254.0,107.0,0.345862,5.4,9.0,en,['Drama'],['United States of America'],['English'],1970-07-15,1970.0,7.0
48482,Thief of Hearts,9000000.0,10364904.0,100.0,0.941383,5.5,16.0,en,"['Crime', 'Drama', 'Romance', 'Thriller']",['United States of America'],['English'],1984-10-19,1984.0,10.0
557,Spider-Man,139000000.0,821708551.0,121.0,29.413341,6.8,5398.0,en,"['Fantasy', 'Action']",['United States of America'],['English'],2002-05-01,2002.0,5.0
32221,Rambling Rose,7500000.0,6266621.0,112.0,3.399684,6.4,21.0,en,['Drama'],['United States of America'],['English'],1991-09-10,1991.0,9.0
12227,White Fang,14000000.0,34793160.0,107.0,12.318052,6.5,139.0,en,"['Action', 'Adventure', 'Drama', 'Family']",['United States of America'],['English'],1991-01-18,1991.0,1.0
2251,Unfaithful,50000000.0,119137784.0,124.0,8.96839,6.3,282.0,en,"['Thriller', 'Drama']",['United States of America'],"['English', 'Français']",2002-05-10,2002.0,5.0
11240,My Beautiful Laundrette,860000.0,2451545.0,97.0,2.793003,6.6,51.0,en,"['Romance', 'Drama', 'Comedy']",['United Kingdom'],['English'],1985-09-07,1985.0,9.0
245,About a Boy,27000000.0,129000000.0,101.0,10.956665,6.6,627.0,en,"['Drama', 'Comedy', 'Romance']","['United Kingdom', 'United States of America']",['English'],2002-04-26,2002.0,4.0
1894,Star Wars: Episode II - Attack of the Clones,120000000.0,649398328.0,142.0,14.072511,6.4,4074.0,en,"['Adventure', 'Action', 'Science Fiction']",['United States of America'],['English'],2002-05-15,2002.0,5.0
4012,The Believer,1500000.0,416925.0,98.0,8.128106,6.8,152.0,en,['Drama'],['United States of America'],"['English', 'עִבְרִית', 'Magyar']",2001-01-19,2001.0,1.0
15417,Every Which Way But Loose,5.0,85.0,110.0,6.759519,6.2,126.0,en,"['Action', 'Adventure', 'Comedy', 'Romance']",['United States of America'],['English'],1978-12-19,1978.0,12.0
1957,Enough,38000000.0,51801187.0,114.0,6.681287,6.2,268.0,en,"['Drama', 'Thriller']",['United States of America'],['English'],2002-05-24,2002.0,5.0
320,Insomnia,46000000.0,113714830.0,118.0,11.424974,6.8,1181.0,en,"['Crime', 'Mystery', 'Thriller']",['United States of America'],['English'],2002-05-24,2002.0,5.0
9023,Spirit: Stallion of the Cimarron,80000000.0,122563539.0,83.0,16.724836,7.4,870.0,en,"['Western', 'Animation', 'Adventure', 'Comedy', 'Family']",['United States of America'],['English'],2002-05-24,2002.0,5.0
4614,The Sum of All Fears,68000000.0,193000000.0,124.0,9.268136,5.9,447.0,en,"['Thriller', 'Action', 'Drama']",['United States of America'],"['العربية', 'English', 'Pусский', 'Український', 'Deutsch']",2002-05-31,2002.0,5.0
12277,Undercover Brother,25000000.0,41604473.0,86.0,5.00725,5.5,113.0,en,"['Action', 'Comedy']",['United States of America'],['English'],2002-05-31,2002.0,5.0
13153,Rapid Fire,10000000.0,14356479.0,95.0,3.073113,6.2,41.0,en,"['Action', 'Thriller']","['Thailand', 'United States of America']",['English'],1992-07-24,1992.0,7.0
3132,Bad Company,70000000.0,65977295.0,116.0,9.540021,5.4,232.0,en,"['Action', 'Adventure', 'Comedy', 'Thriller']",['United States of America'],['English'],2002-06-07,2002.0,6.0
13245,Atanarjuat: The Fast Runner,1934000.0,3786801.0,172.0,1.135061,6.3,21.0,en,"['Fantasy', 'Drama']",['Canada'],[''],2002-02-01,2002.0,2.0
2501,The Bourne Identity,60000000.0,214034224.0,119.0,21.040126,7.3,3640.0,en,"['Action', 'Drama', 'Mystery', 'Thriller']","['United States of America', 'Germany', 'Czech Republic']","['English', 'Français', 'Deutsch', 'Nederlands', 'Italiano']",2002-06-14,2002.0,6.0
9637,Scooby-Doo,84000000.0,275650703.0,88.0,8.592826,5.4,853.0,en,"['Mystery', 'Adventure', 'Comedy']",['United States of America'],['English'],2002-06-14,2002.0,6.0
12100,Windtalkers,115000000.0,77628265.0,134.0,7.455875,5.8,345.0,en,"['Drama', 'Action', 'History', 'War']",['United States of America'],"['English', '日本語', '']",2002-06-14,2002.0,6.0
27945,Hombre,5860000.0,12000000.0,111.0,8.019495,7.2,55.0,en,"['Action', 'Drama', 'Western']",['United States of America'],['English'],1967-03-21,1967.0,3.0
30194,The Manhattan Project,18000000.0,3900000.0,118.0,4.29831,6.1,26.0,en,"['Science Fiction', 'Thriller']",['United States of America'],['English'],1986-06-13,1986.0,6.0
13909,She Wore a Yellow Ribbon,1600000.0,5400000.0,103.0,7.715087,7.1,61.0,en,['Western'],['United States of America'],['English'],1949-10-22,1949.0,10.0
11544,Lilo & Stitch,80000000.0,145771527.0,85.0,18.469238,7.1,1371.0,en,"['Animation', 'Family']",['United States of America'],['English'],2002-06-21,2002.0,6.0
180,Minority Report,102000000.0,358372926.0,145.0,20.666063,7.1,2663.0,en,"['Action', 'Thriller', 'Science Fiction', 'Mystery']",['United States of America'],"['English', 'svenska']",2002-06-20,2002.0,6.0
2022,Mr. Deeds,50000000.0,171269535.0,96.0,6.674356,5.6,660.0,en,"['Comedy', 'Romance']",['United States of America'],['English'],2002-06-28,2002.0,6.0
50035,Lovely & Amazing,250000.0,4186931.0,91.0,2.605409,6.3,23.0,en,"['Comedy', 'Drama', 'Romance']",['United States of America'],['English'],2001-08-31,2001.0,8.0
608,Men in Black II,140000000.0,441818803.0,88.0,16.775716,6.1,3188.0,en,"['Action', 'Adventure', 'Comedy', 'Science Fiction']",['United States of America'],['English'],2002-07-03,2002.0,7.0
59387,The Powerpuff Girls Movie,10000000.0,11411644.0,77.0,5.024459,5.6,49.0,en,"['Animation', 'Action', 'Family']",['United States of America'],['English'],2002-07-03,2002.0,7.0
6278,Reign of Fire,60000000.0,43061982.0,101.0,13.067306,6.0,684.0,en,"['Adventure', 'Action', 'Fantasy']","['Ireland', 'United Kingdom', 'United States of America']",['English'],2002-07-12,2002.0,7.0
4147,Road to Perdition,80000000.0,181001478.0,117.0,13.426684,7.3,1102.0,en,"['Thriller', 'Crime', 'Drama']",['United States of America'],['English'],2002-07-12,2002.0,7.0
49370,Perfect,19000000.0,12918858.0,115.0,1.289698,3.9,32.0,en,"['Drama', 'Romance']",['United States of America'],['English'],1985-06-07,1985.0,6.0
1842,The Legend of Boggy Creek,100000.0,22000000.0,90.0,1.522753,5.6,19.0,en,"['Mystery', 'Horror', 'Drama']",['United States of America'],['English'],1972-08-01,1972.0,8.0
11442,Halloween: Resurrection,13000000.0,37664855.0,94.0,8.502529,4.5,230.0,en,"['Horror', 'Thriller']",['United States of America'],['English'],2002-07-01,2002.0,7.0
8665,K-19: The Widowmaker,100000000.0,35168966.0,138.0,7.718723,6.1,273.0,en,"['Drama', 'History', 'Thriller']","['Canada', 'Germany', 'United Kingdom', 'United States of America']",['English'],2002-07-19,2002.0,7.0
10996,Stuart Little 2,120000000.0,169956806.0,78.0,9.274909,5.4,632.0,en,"['Family', 'Adventure', 'Animation', 'Comedy']",['United States of America'],['English'],2002-07-19,2002.0,7.0
818,Austin Powers in Goldmember,63000000.0,296655431.0,94.0,8.786653,5.9,997.0,en,"['Comedy', 'Crime', 'Science Fiction']",['United States of America'],"['English', '日本語', 'Deutsch', 'Français']",2002-07-26,2002.0,7.0
29047,The Kid Stays in the Picture,40000.0,1434436.0,93.0,2.6493,7.3,19.0,en,['Documentary'],['United States of America'],['English'],2002-01-18,2002.0,1.0
45861,Happy Times,1900000.0,240093.0,102.0,0.653271,6.4,9.0,zh,"['Drama', 'Comedy']",['China'],['普通话'],2000-12-31,2000.0,12.0
39141,Tadpole,150000.0,2891288.0,78.0,9.203416,5.5,19.0,en,"['Comedy', 'Drama', 'Romance']",['United States of America'],"['English', 'Français']",2002-11-01,2002.0,11.0
8764,Top Secret!,9000000.0,20458340.0,90.0,5.971241,7.0,241.0,en,['Comedy'],"['United Kingdom', 'United States of America']","['English', '', 'Deutsch']",1984-06-08,1984.0,6.0
2675,Signs,72000000.0,408247917.0,106.0,11.211568,6.4,1624.0,en,"['Drama', 'Thriller', 'Science Fiction', 'Mystery']",['United States of America'],"['English', 'Português']",2002-08-02,2002.0,8.0
9488,Spy Kids 2: The Island of Lost Dreams,38000000.0,119723358.0,100.0,7.164131,5.3,533.0,en,"['Action', 'Adventure', 'Family']",['United States of America'],['English'],2002-08-07,2002.0,8.0
9962,The Good Girl,8000000.0,16856124.0,93.0,4.388338,6.1,183.0,en,"['Drama', 'Comedy', 'Romance']","['Netherlands', 'Germany', 'United States of America']",['English'],2002-01-12,2002.0,1.0
9573,Blood Work,50000000.0,26199517.0,110.0,5.852263,6.1,210.0,en,"['Crime', 'Drama', 'Mystery', 'Thriller']",['United States of America'],"['English', 'Español']",2002-08-04,2002.0,8.0
7451,xXx,70000000.0,277448382.0,124.0,12.722381,5.8,1454.0,en,"['Action', 'Adventure', 'Thriller']",['United States of America'],"['Český', 'English', 'Deutsch', 'Español', 'Pусский']",2002-08-09,2002.0,8.0
20337,Martin Lawrence Live: Runteldat,3000000.0,19184015.0,113.0,0.527297,5.0,1.0,en,['Comedy'],['United States of America'],['English'],2002-08-01,2002.0,8.0
11692,The Adventures of Pluto Nash,100000000.0,7103973.0,95.0,8.903754,4.4,143.0,en,"['Action', 'Comedy', 'Science Fiction']","['Australia', 'United States of America']",['English'],2002-08-15,2002.0,8.0
9266,Blue Crush,25000000.0,51842679.0,104.0,6.455738,5.6,164.0,en,['Adventure'],"['Germany', 'United States of America']",['English'],2002-08-08,2002.0,8.0
8653,The Isle,50000.0,21075.0,90.0,3.882092,6.9,60.0,ko,"['Drama', 'Thriller']",['South Korea'],['한국어/조선말'],2000-04-22,2000.0,4.0
30072,Possession,25000000.0,10113733.0,102.0,4.439325,6.5,54.0,en,"['Drama', 'Mystery', 'Romance']","['United Kingdom', 'United States of America']",['English'],2002-10-02,2002.0,10.0
9357,One Hour Photo,12000000.0,52223306.0,96.0,10.753445,6.6,444.0,en,"['Horror', 'Thriller']",['United States of America'],['English'],2002-08-21,2002.0,8.0
12771,Serving Sara,29000000.0,16930185.0,100.0,10.16841,5.0,86.0,en,"['Comedy', 'Romance']","['Germany', 'United States of America']","['Español', 'English']",2002-08-20,2002.0,8.0
15070,Undisputed,20000000.0,12398628.0,96.0,13.35278,6.1,141.0,en,"['Action', 'Adventure', 'Drama', 'Thriller']",['United States of America'],['English'],2002-08-23,2002.0,8.0
10323,Clash of the Titans,15000000.0,41092328.0,118.0,7.50381,6.8,208.0,en,"['Adventure', 'Fantasy', 'Family']",['United States of America'],['English'],1981-03-15,1981.0,3.0
9595,Hot Shots!,26000000.0,181096164.0,84.0,11.026793,6.4,588.0,en,"['Action', 'Comedy', 'War']",['United States of America'],['English'],1991-07-31,1991.0,7.0
79783,Camilla,8500000.0,250993.0,95.0,0.50525,4.9,6.0,en,"['Adventure', 'Drama', 'Comedy', 'Family']",[],[],1994-11-25,1994.0,11.0
9941,Down and Out in Beverly Hills,14000000.0,62134225.0,103.0,9.970485,5.9,67.0,en,['Comedy'],['United States of America'],"['English', 'Español']",1986-01-31,1986.0,1.0
39833,Love Me Tender,1000000.0,9000000.0,89.0,1.157582,5.5,21.0,en,"['Drama', 'Action', 'Western', 'Music', 'Romance']",['United States of America'],['English'],1956-11-15,1956.0,11.0
10725,Wolfen,17000000.0,10626725.0,115.0,2.522474,6.0,57.0,en,"['Drama', 'Horror']",['United States of America'],['English'],1981-07-24,1981.0,7.0
9544,FearDotCom,40000000.0,18902015.0,101.0,5.160215,3.2,106.0,en,"['Horror', 'Thriller']","['Germany', 'Luxembourg', 'United Kingdom', 'United States of America']","['English', 'Pусский']",2002-08-09,2002.0,8.0
13536,City By The Sea,40000000.0,22433915.0,108.0,3.903016,5.7,92.0,en,"['Crime', 'Drama', 'Mystery']",['United States of America'],['English'],2002-09-06,2002.0,9.0
20616,Swimfan,8500000.0,34411240.0,84.0,8.421411,5.0,71.0,en,"['Drama', 'Thriller']",['United States of America'],['English'],2002-09-06,2002.0,9.0
10611,Barbershop,12000000.0,75781642.0,102.0,6.498789,6.2,139.0,en,"['Comedy', 'Drama']",['United States of America'],['English'],2002-04-01,2002.0,4.0
4108,The Transporter,21000000.0,43928932.0,92.0,13.217421,6.6,1724.0,en,"['Action', 'Crime', 'Thriller']","['United States of America', 'France']","['English', 'Français', '普通话']",2002-10-02,2002.0,10.0
9685,Igby Goes Down,9000000.0,4777465.0,97.0,5.536107,6.5,95.0,en,"['Comedy', 'Drama']",['United States of America'],['English'],2002-09-13,2002.0,9.0
14361,Captain Ron,24000000.0,22518097.0,100.0,5.429614,5.6,90.0,en,"['Action', 'Adventure', 'Comedy', 'Family']",['United States of America'],['English'],1992-09-18,1992.0,9.0
12262,The Hills Have Eyes,230000.0,25000000.0,89.0,4.788002,6.1,145.0,en,['Horror'],['United States of America'],['English'],1977-07-22,1977.0,7.0
34086,Spaced Invaders,3000000.0,15369573.0,100.0,2.428279,4.8,27.0,en,"['Comedy', 'Family', 'Science Fiction']",['United States of America'],['English'],1990-04-27,1990.0,4.0
10550,Ballistic: Ecks vs. Sever,70000000.0,19924033.0,91.0,9.094558,4.3,99.0,en,"['Action', 'Adventure', 'Thriller']","['Germany', 'United States of America']","['English', 'Español']",2002-09-20,2002.0,9.0
9093,The Four Feathers,35000000.0,29882645.0,132.0,6.894153,6.5,164.0,en,"['War', 'Adventure', 'Drama', 'Romance']","['United Kingdom', 'United States of America']",['English'],2002-09-08,2002.0,9.0
9039,Trapped,30000000.0,6916869.0,106.0,5.781667,5.8,140.0,en,"['Action', 'Crime', 'Drama', 'Thriller']","['Germany', 'United States of America']",['English'],2002-09-20,2002.0,9.0
11013,Secretary,4000000.0,9304609.0,104.0,10.936827,6.8,378.0,en,"['Comedy', 'Drama', 'Romance']",['United States of America'],['English'],2002-01-11,2002.0,1.0
129,Spirited Away,15000000.0,274925095.0,125.0,41.048867,8.3,3968.0,ja,"['Fantasy', 'Adventure', 'Animation', 'Family']",['Japan'],['日本語'],2001-07-20,2001.0,7.0
11529,Sweet Home Alabama,30000000.0,180622424.0,108.0,8.587129,6.1,408.0,en,"['Comedy', 'Romance']",['United States of America'],['English'],2002-09-26,2002.0,9.0
31005,Moonlight Mile,21000000.0,10011050.0,117.0,14.074906,6.4,54.0,en,"['Romance', 'Drama']",['United States of America'],"['English', 'עִבְרִית']",2002-09-09,2002.0,9.0
9533,Red Dragon,78000000.0,209196298.0,124.0,2.968157,6.7,1142.0,en,"['Crime', 'Thriller', 'Horror']","['Germany', 'United States of America']",['English'],2002-09-29,2002.0,9.0
24348,Powaqqatsi,2500000.0,589244.0,99.0,2.726061,7.4,37.0,en,"['Documentary', 'Drama', 'Music']",['United States of America'],"['English', 'Español']",1988-04-29,1988.0,4.0
37606,Valmont,33000000.0,1132112.0,137.0,8.40852,6.7,50.0,en,"['Drama', 'Romance']","['France', 'United States of America']",['English'],1989-11-17,1989.0,11.0
53049,Claire of the Moon,130000.0,799674.0,105.0,0.59091,5.2,6.0,en,"['Drama', 'Romance']",['United States of America'],['English'],1992-09-18,1992.0,9.0
37964,Brown Sugar,8000000.0,27362712.0,109.0,3.142874,7.0,31.0,en,"['Comedy', 'Romance']",[],[],2002-10-05,2002.0,10.0
7501,Knockaround Guys,15000000.0,12000000.0,92.0,6.557426,5.9,99.0,en,"['Crime', 'Thriller']",['United States of America'],"['Český', 'English']",2001-09-07,2001.0,9.0
13768,Tuck Everlasting,15000000.0,19158074.0,90.0,5.951492,6.4,133.0,en,"['Drama', 'Family', 'Fantasy', 'Romance', 'Science Fiction']",['United States of America'],"['English', 'Français']",2002-10-11,2002.0,10.0
1430,Bowling for Columbine,4000000.0,35564473.0,120.0,11.393859,7.3,467.0,en,['Documentary'],['United States of America'],['English'],2002-10-09,2002.0,10.0
8051,Punch-Drunk Love,25000000.0,17000000.0,95.0,6.753969,6.9,542.0,en,"['Comedy', 'Drama', 'Romance']",['United States of America'],['English'],2002-10-25,2002.0,10.0
12779,Swept Away,10000000.0,598645.0,89.0,3.492576,4.8,52.0,en,"['Comedy', 'Romance']","['Italy', 'United Kingdom']","['Italiano', 'ελληνικά', 'English']",2002-10-11,2002.0,10.0
15992,Abandon,25000000.0,10719357.0,99.0,3.485213,4.6,45.0,en,"['Drama', 'Mystery', 'Thriller']","['Australia', 'United States of America']","['Italiano', 'English']",2002-10-14,2002.0,10.0
1613,The 51st State,28.0,14.0,93.0,6.368323,5.9,173.0,en,"['Thriller', 'Action', 'Comedy', 'Crime']","['Canada', 'United Kingdom']",['English'],2001-12-07,2001.0,12.0
565,The Ring,48000000.0,249348933.0,115.0,13.740965,6.5,1720.0,en,"['Horror', 'Mystery']","['Japan', 'United States of America']",['English'],2002-10-18,2002.0,10.0
14112,Auto Focus,7000000.0,2062066.0,104.0,7.936578,6.1,56.0,en,"['Drama', 'Crime']",['United States of America'],['English'],2002-10-18,2002.0,10.0
21925,Naqoyqatsi,3000000.0,13308.0,89.0,2.850011,6.1,37.0,en,"['Documentary', 'Drama', 'Music', 'Thriller']",['United States of America'],['English'],2002-09-02,2002.0,9.0
10285,Jason Goes to Hell: The Final Friday,3000000.0,15938065.0,87.0,9.223325,4.2,197.0,en,"['Fantasy', 'Horror', 'Thriller']",['United States of America'],['English'],1993-08-13,1993.0,8.0
11009,Saturday Night Fever,3500000.0,237113184.0,118.0,13.657204,6.5,383.0,en,"['Drama', 'Music']",['United States of America'],"['English', 'Italiano']",1977-12-16,1977.0,12.0
10805,Staying Alive,22000000.0,64892670.0,93.0,4.860672,4.7,93.0,en,"['Drama', 'Action', 'Music', 'Romance']",['United States of America'],"['English', 'Español']",1983-07-11,1983.0,7.0
47942,When Time Ran Out...,20000000.0,3763988.0,121.0,2.284384,7.0,22.0,en,"['Action', 'Adventure', 'Drama', 'Thriller']",['United States of America'],['English'],1980-03-28,1980.0,3.0
15668,Xanadu,20000000.0,22471595.0,96.0,3.782547,5.2,62.0,en,"['Fantasy', 'Music', 'Romance']",['United States of America'],['English'],1980-08-08,1980.0,8.0
19429,Absence of Malice,12000000.0,40716963.0,116.0,3.21594,6.8,42.0,en,"['Drama', 'Romance', 'Thriller']",['United States of America'],"['English', 'Deutsch']",1981-12-18,1981.0,12.0
21294,The Amateur,10000000.0,6892098.0,112.0,1.701134,5.0,1.0,en,"['Action', 'Crime', 'Thriller']",['Canada'],['English'],1981-12-11,1981.0,12.0
11644,Blow Out,18000000.0,12000000.0,108.0,7.536295,7.3,243.0,en,"['Drama', 'Mystery', 'Thriller']",['United States of America'],['English'],1981-07-24,1981.0,7.0
24274,Dead & Buried,3000000.0,216166.0,94.0,3.891243,6.1,55.0,en,"['Horror', 'Mystery']",['United States of America'],['English'],1981-05-29,1981.0,5.0
11646,Gallipoli,3000000.0,11740000.0,112.0,7.44658,7.1,111.0,en,"['Adventure', 'Drama', 'History', 'War']",['Australia'],['English'],1981-08-13,1981.0,8.0
16124,Goodbye Pork Pie,300000.0,1400000.0,105.0,1.023164,8.5,4.0,en,"['Adventure', 'Comedy']",['New Zealand'],['English'],1981-02-05,1981.0,2.0
42149,The Hand,6500000.0,566736.0,104.0,2.12989,5.7,27.0,en,"['Drama', 'Horror', 'Thriller']",['United States of America'],['English'],1981-04-24,1981.0,4.0
73247,Heartbeeps,10000000.0,2154696.0,79.0,1.08281,3.8,6.0,en,"['Comedy', 'Romance', 'Family']",['United States of America'],['English'],1981-12-18,1981.0,12.0
38665,The Legend of the Lone Ranger,18000000.0,2945600.0,98.0,1.38292,3.7,14.0,en,"['Action', 'Adventure', 'Romance', 'Western']",['United States of America'],['English'],1981-08-20,1981.0,8.0
19507,Neighbors,8500000.0,29916207.0,94.0,3.950775,5.2,33.0,en,['Comedy'],['United States of America'],['English'],1981-12-18,1981.0,12.0
17450,Pennies from Heaven,22000000.0,9171289.0,108.0,8.031761,6.3,25.0,en,"['Drama', 'Music', 'Romance']",['United States of America'],['English'],1981-12-11,1981.0,12.0
41280,Private Lessons,2800000.0,26279000.0,87.0,8.173864,6.3,23.0,en,"['Romance', 'Comedy']",['United States of America'],['English'],1981-08-21,1981.0,8.0
9645,Ghost Ship,35000000.0,68349884.0,91.0,13.955376,5.3,540.0,en,"['Horror', 'Mystery', 'Thriller']","['Australia', 'United States of America']","['English', 'Italiano', 'Español']",2002-10-25,2002.0,10.0
9012,Jackass: The Movie,5000000.0,64282312.0,87.0,14.095586,6.1,355.0,en,"['Documentary', 'Comedy']",['United States of America'],['English'],2002-10-21,2002.0,10.0
31668,All The Queen's Men,15000000.0,23000.0,99.0,1.652275,6.1,7.0,en,"['Action', 'Comedy', 'Drama', 'History']","['Austria', 'Hungary']","['English', 'Deutsch']",2001-10-14,2001.0,10.0
1360,Frida,12000000.0,56298474.0,123.0,11.283472,7.3,397.0,en,"['Drama', 'Romance']","['Mexico', 'United States of America', 'Canada']","['English', 'Français', 'Pусский']",2002-08-29,2002.0,8.0
12208,Casino Royale,12000000.0,41744718.0,131.0,13.300519,5.3,153.0,en,"['Adventure', 'Action', 'Comedy']","['United Kingdom', 'United States of America']","['日本語', 'English', 'Français', '', 'Deutsch']",1967-04-13,1967.0,4.0
1941,Exodus,4000000.0,21750000.0,208.0,7.819581,6.9,39.0,en,"['Action', 'Drama', 'History', 'War']",['United States of America'],['English'],1960-03-27,1960.0,3.0
8427,I Spy,70000000.0,33561137.0,97.0,10.404277,5.2,276.0,en,"['Action', 'Adventure', 'Comedy', 'Thriller']",['United States of America'],"['English', 'Magyar', 'Pусский']",2002-10-31,2002.0,10.0
9021,The Santa Clause 2,65000000.0,172855065.0,104.0,5.205729,5.5,303.0,en,"['Fantasy', 'Comedy', 'Family']",['United States of America'],['English'],2002-10-31,2002.0,10.0
13526,The Weight of Water,16000000.0,109130.0,113.0,2.488424,5.6,33.0,en,"['Crime', 'Drama', 'Mystery']","['France', 'United States of America']",['English'],2000-09-25,2000.0,9.0
9280,Femme Fatale,35000000.0,16838910.0,114.0,6.426438,6.2,142.0,en,"['Thriller', 'Crime', 'Romance']","['Switzerland', 'France']","['English', 'Français', 'Español']",2002-11-06,2002.0,11.0
65,8 Mile,41000000.0,215000000.0,110.0,8.374355,6.8,1676.0,en,['Drama'],['United States of America'],['English'],2002-11-08,2002.0,11.0
10712,Far from Heaven,13500000.0,29027914.0,107.0,10.107519,6.9,145.0,en,"['Drama', 'Romance']",['United States of America'],['English'],2002-09-01,2002.0,9.0
672,Harry Potter and the Chamber of Secrets,100000000.0,876688482.0,161.0,29.741452,7.4,5966.0,en,"['Adventure', 'Fantasy', 'Family']","['Germany', 'United Kingdom', 'United States of America']",['English'],2002-11-13,2002.0,11.0
34341,Men with Brooms,7500000.0,4245870.0,102.0,1.418177,4.6,8.0,en,['Comedy'],['Canada'],['English'],2002-09-20,2002.0,9.0
13888,Return to the Blue Lagoon,11000000.0,2807854.0,98.0,8.929393,5.2,156.0,en,['Adventure'],['United States of America'],['English'],1991-08-02,1991.0,8.0
43089,Roadgames,1750000.0,100000.0,101.0,4.291236,6.5,33.0,en,"['Thriller', 'Horror', 'Mystery']",['Australia'],['English'],1981-06-26,1981.0,6.0
9538,Scanners,4100000.0,14225876.0,103.0,10.574039,6.5,248.0,en,"['Horror', 'Science Fiction', 'Thriller']",['Canada'],"['English', 'Deutsch']",1981-01-14,1981.0,1.0
47890,Sphinx,14000000.0,439564.0,118.0,0.627368,5.7,3.0,en,"['Adventure', 'Mystery', 'Thriller']","['Netherlands', 'United States of America']",['English'],1981-02-11,1981.0,2.0
109264,This Is Elvis,5000000.0,2028612.0,144.0,0.303062,6.9,5.0,en,"['Drama', 'Music', 'Documentary']",[],['English'],1981-04-04,1981.0,4.0
36669,Die Another Day,140000000.0,431971116.0,133.0,12.996474,5.8,1112.0,en,"['Adventure', 'Action', 'Thriller']","['United Kingdom', 'United States of America']","['English', '한국어/조선말', '广州话 / 廣州話', 'Deutsch', 'Español', 'Íslenska', 'Italiano']",2002-11-17,2002.0,11.0
10426,Friday After Next,20000000.0,33526835.0,85.0,5.794821,6.0,103.0,en,['Comedy'],['United States of America'],"['English', 'Français', 'Português']",2002-11-22,2002.0,11.0
8198,The Quiet American,30000000.0,27674124.0,101.0,8.230447,6.5,82.0,en,"['Drama', 'Action', 'Thriller', 'Romance']",['United States of America'],"['English', 'Français', 'Tiếng Việt']",2002-11-22,2002.0,11.0
64,Talk to Her,9285469.0,51001550.0,112.0,6.648278,7.5,273.0,es,"['Drama', 'Romance']",['Spain'],['Español'],2002-03-14,2002.0,3.0
15074,Extreme Ops,40000000.0,10959475.0,93.0,2.947411,5.0,28.0,en,"['Action', 'Adventure', 'Drama', 'Thriller']",['United States of America'],['English'],2002-11-27,2002.0,11.0
2103,Solaris,47000000.0,30002758.0,99.0,10.642824,5.9,378.0,en,"['Drama', 'Science Fiction', 'Mystery', 'Romance']",['United States of America'],['English'],2002-11-27,2002.0,11.0
9016,Treasure Planet,140000000.0,109578115.0,95.0,16.141913,7.2,980.0,en,"['Adventure', 'Animation', 'Family', 'Fantasy', 'Science Fiction']",['United States of America'],['English'],2002-11-26,2002.0,11.0
13945,The Sword and the Sorcerer,4000000.0,39103425.0,100.0,3.523637,5.6,30.0,en,"['Action', 'Adventure', 'Fantasy']",['United States of America'],['English'],1982-04-01,1982.0,4.0
14433,Zulu,3500000.0,8000000.0,138.0,11.604242,7.4,137.0,en,"['Action', 'Drama', 'History', 'War']",['United Kingdom'],"['English', 'isiZulu']",1964-01-22,1964.0,1.0
9932,Analyze That,60000000.0,55003135.0,96.0,9.927412,5.7,385.0,en,"['Comedy', 'Crime']","['Australia', 'United States of America']",['English'],2002-12-06,2002.0,12.0
13369,Empire,4000000.0,18591272.0,90.0,2.148655,6.4,33.0,en,"['Action', 'Drama']",['United States of America'],"['English', 'Deutsch', 'Español']",2002-12-06,2002.0,12.0
2757,Adaptation.,19000000.0,32801173.0,114.0,11.624481,7.3,649.0,en,"['Comedy', 'Crime', 'Drama']",['United States of America'],"['English', 'Latin']",2002-12-06,2002.0,12.0
7299,Equilibrium,20000000.0,5359645.0,107.0,12.671637,6.9,1584.0,en,"['Action', 'Science Fiction', 'Thriller']",['United States of America'],['English'],2002-12-06,2002.0,12.0
17360,Escape to Victory,10000000.0,27453418.0,116.0,9.865257,6.7,163.0,en,"['Action', 'Drama']",['United States of America'],"['English', 'Français', 'Deutsch']",1981-06-17,1981.0,6.0
40952,Alone in the Dark,20000000.0,8178569.0,93.0,1.057387,5.5,26.0,en,"['Horror', 'Thriller']",['United States of America'],"['English', 'Español']",1982-11-12,1982.0,11.0
16363,The Best Little Whorehouse in Texas,35000000.0,69701637.0,114.0,2.171346,5.9,41.0,en,['Comedy'],['United States of America'],['English'],1982-07-23,1982.0,7.0
67772,"Come Back to the 5 & Dime, Jimmy Dean, Jimmy Dean",850000.0,840000.0,109.0,1.094395,4.9,14.0,en,"['Comedy', 'Drama']",['United States of America'],['English'],1982-11-12,1982.0,11.0
13497,Drumline,20000000.0,57588485.0,118.0,5.270187,6.2,118.0,en,"['Drama', 'Romance', 'Comedy', 'Music']",['United States of America'],['English'],2002-12-13,2002.0,12.0
7303,Maid in Manhattan,55000000.0,154906693.0,105.0,7.291939,5.6,493.0,en,"['Comedy', 'Drama', 'Romance']",['United States of America'],"['English', 'Français']",2002-12-13,2002.0,12.0
201,Star Trek: Nemesis,60000000.0,67312826.0,117.0,11.367801,6.1,488.0,en,"['Science Fiction', 'Action', 'Adventure', 'Thriller']",['United States of America'],['English'],2002-12-13,2002.0,12.0
2755,About Schmidt,30000000.0,105834556.0,125.0,11.066473,6.7,365.0,en,"['Drama', 'Comedy']",['United States of America'],['English'],2002-12-13,2002.0,12.0
121,The Lord of the Rings: The Two Towers,79000000.0,926287400.0,179.0,29.423537,8.0,7641.0,en,"['Adventure', 'Fantasy', 'Action']","['New Zealand', 'United States of America']",['English'],2002-12-18,2002.0,12.0
1429,25th Hour,15000000.0,13060843.0,135.0,10.271871,7.2,640.0,en,"['Crime', 'Drama']",['United States of America'],['English'],2002-12-16,2002.0,12.0
13435,Antwone Fisher,12500000.0,23367586.0,120.0,10.944654,6.7,140.0,en,"['Drama', 'Romance']",['United States of America'],"['English', '日本語', 'Pусский', 'Español']",2002-12-19,2002.0,12.0
3131,Gangs of New York,100000000.0,193772504.0,167.0,14.922399,7.1,1964.0,en,"['Drama', 'History', 'Crime']","['United States of America', 'Italy']","['English', 'Gaeilge', 'Latin', '普通话']",2002-12-14,2002.0,12.0
2642,Two Weeks Notice,60000000.0,93354918.0,101.0,7.738531,5.9,505.0,en,"['Comedy', 'Romance']","['Australia', 'United States of America']",['English'],2002-12-19,2002.0,12.0
11022,Narc,6500000.0,12633747.0,105.0,5.20644,6.8,144.0,en,"['Action', 'Crime', 'Drama', 'Thriller']","['Canada', 'United States of America']","['English', 'Deutsch', 'Polski']",2002-01-14,2002.0,1.0
2149,Body of Evidence,30000000.0,13273595.0,101.0,4.655727,4.5,57.0,en,"['Drama', 'Thriller', 'Romance']","['Germany', 'United States of America']",['English'],1993-01-15,1993.0,1.0
25848,Legend of the Lost,1750000.0,2200000.0,109.0,4.250819,6.1,12.0,en,"['Adventure', 'Drama']","['Italy', 'United States of America']",['English'],1957-12-17,1957.0,12.0
81048,Running Time,130000.0,1596.0,70.0,0.471913,6.2,5.0,en,['Crime'],['United States of America'],['English'],1997-12-18,1997.0,12.0
11706,War and Peace,6000000.0,12500000.0,208.0,3.666277,6.8,50.0,en,"['Drama', 'War', 'Romance']","['Italy', 'United States of America']","['English', 'Italiano', 'Pусский']",1956-08-21,1956.0,8.0
640,Catch Me If You Can,52000000.0,352114312.0,141.0,19.833077,7.7,3917.0,en,"['Drama', 'Crime']",['United States of America'],"['English', 'Français']",2002-12-25,2002.0,12.0
10599,Pinocchio,40000000.0,41323171.0,108.0,6.463613,5.6,144.0,it,"['Comedy', 'Family', 'Fantasy']","['Italy', 'United States of America']",['Italiano'],2002-12-25,2002.0,12.0
1574,Chicago,45000000.0,306776732.0,113.0,13.325347,6.9,695.0,en,"['Action', 'Comedy', 'Crime', 'Drama', 'Music']",['United States of America'],"['Magyar', 'English']",2002-12-26,2002.0,12.0
590,The Hours,25000000.0,41597830.0,114.0,14.686487,7.0,461.0,en,['Drama'],['United States of America'],['English'],2002-12-27,2002.0,12.0
423,The Pianist,35000000.0,120072577.0,150.0,14.811594,8.1,1927.0,en,"['Drama', 'War']","['France', 'Germany', 'Poland', 'United Kingdom']","['English', 'Deutsch', 'Pусский']",2002-09-24,2002.0,9.0
4912,Confessions of a Dangerous Mind,30000000.0,33013805.0,113.0,11.331072,6.6,281.0,en,"['Comedy', 'Crime', 'Drama', 'Romance', 'Thriller']",['United States of America'],['English'],2002-12-30,2002.0,12.0
12090,Just Married,18000000.0,101564935.0,95.0,6.001152,5.3,415.0,en,['Comedy'],"['Germany', 'United States of America']","['English', 'Italiano', 'Deutsch', 'Français']",2003-01-09,2003.0,1.0
9582,A Guy Thing,20000000.0,17432163.0,101.0,4.444724,5.3,85.0,en,"['Comedy', 'Romance']",['United States of America'],['English'],2003-01-17,2003.0,1.0
598,City of God,3300000.0,30641770.0,130.0,14.95927,8.2,1852.0,pt,"['Drama', 'Crime']","['Brazil', 'France']",['Português'],2002-02-05,2002.0,2.0
8073,Band of Outsiders,120000.0,182857.0,97.0,5.648187,7.5,103.0,fr,"['Crime', 'Drama', 'Romance']",['France'],"['English', 'Français']",1964-08-05,1964.0,8.0
12253,Biker Boyz,24000000.0,23510601.0,110.0,11.269558,5.0,63.0,en,"['Action', 'Drama']",['United States of America'],['English'],2003-01-31,2003.0,1.0
9358,Final Destination 2,26000000.0,90426405.0,90.0,12.638573,5.9,1046.0,en,"['Horror', 'Mystery']",['United States of America'],['English'],2003-01-31,2003.0,1.0
10894,May,500000.0,150277.0,93.0,8.398158,6.3,153.0,en,"['Drama', 'Horror', 'Thriller', 'Romance']",['United States of America'],['English'],2002-01-13,2002.0,1.0
10724,Firefox,18000000.0,70687344.0,136.0,8.97528,5.5,141.0,en,"['Science Fiction', 'Action', 'Adventure', 'Thriller']",['United States of America'],"['Pусский', 'English']",1982-06-13,1982.0,6.0
9919,How to Lose a Guy in 10 Days,50000000.0,177371441.0,116.0,5.188107,6.3,873.0,en,"['Comedy', 'Romance']","['Germany', 'United States of America']",['English'],2003-02-07,2003.0,2.0
6038,Shanghai Knights,50000000.0,88323487.0,115.0,7.469778,6.0,707.0,en,"['Action', 'Adventure', 'Comedy', 'Western']","['Hong Kong', 'United States of America']","['English', '普通话']",2003-02-06,2003.0,2.0
9480,Daredevil,78000000.0,179179718.0,103.0,11.415558,5.0,1551.0,en,"['Fantasy', 'Action', 'Crime', 'Science Fiction', 'Thriller']",['United States of America'],"['English', 'Italiano', 'ελληνικά']",2003-02-14,2003.0,2.0
14873,The Jungle Book 2,20000000.0,135680000.0,72.0,10.605851,5.6,278.0,en,"['Family', 'Animation', 'Adventure']","['Australia', 'United States of America']",['English'],2003-02-07,2003.0,2.0
12139,Dennis the Menace,35000000.0,117270765.0,94.0,10.378902,5.5,280.0,en,"['Family', 'Comedy']",['United States of America'],['English'],1993-06-23,1993.0,6.0
18587,10 to Midnight,4520000.0,7175592.0,101.0,3.372304,6.1,37.0,en,"['Horror', 'Crime', 'Thriller', 'Drama']",['United States of America'],"['English', 'Português']",1983-03-11,1983.0,3.0
17264,The Black Stallion,2700000.0,37799643.0,118.0,10.246132,7.0,59.0,en,"['Adventure', 'Family']",['United States of America'],"['العربية', 'English', 'Italiano']",1979-10-17,1979.0,10.0
2984,A Countess from Hong Kong,3500000.0,2000000.0,113.0,4.928589,5.9,36.0,en,"['Comedy', 'Romance']",['United Kingdom'],['English'],1967-01-05,1967.0,1.0
33364,A Patch of Blue,800000.0,6792000.0,105.0,2.46167,7.6,27.0,en,"['Drama', 'Romance']",['United States of America'],['English'],1965-12-10,1965.0,12.0
33851,A Prayer for the Dying,6000000.0,1432687.0,107.0,2.527521,6.1,16.0,en,"['Crime', 'Drama', 'Action', 'Thriller']",['United Kingdom'],"['English', 'Magyar']",1987-09-11,1987.0,9.0
4911,Dark Blue,15000000.0,9237470.0,118.0,4.98408,6.5,86.0,en,"['Action', 'Crime', 'Drama', 'Thriller']","['Germany', 'United Kingdom', 'United States of America']",['English'],2002-12-14,2002.0,12.0
16072,Gods and Generals,56000000.0,12923936.0,214.0,5.374563,6.1,49.0,en,"['Drama', 'History', 'War']",['United States of America'],['English'],2003-02-21,2003.0,2.0
11615,The Life of David Gale,50000000.0,38955598.0,130.0,9.930326,7.3,497.0,en,"['Drama', 'Thriller', 'Crime']","['Germany', 'United Kingdom', 'United States of America']","['English', 'Español']",2003-02-21,2003.0,2.0
11635,Old School,24000000.0,87055349.0,91.0,16.195894,6.6,552.0,en,['Comedy'],['United States of America'],['English'],2003-02-21,2003.0,2.0
10623,Cradle 2 the Grave,25000000.0,56489558.0,101.0,8.364587,5.8,242.0,en,"['Action', 'Crime', 'Drama']",['United States of America'],"['English', '한국어/조선말', 'Pусский']",2003-02-28,2003.0,2.0
10678,Bringing Down the House,20000000.0,132675402.0,105.0,5.762343,5.4,191.0,en,['Comedy'],['United States of America'],"['English', 'Français']",2003-03-07,2003.0,3.0
9567,Tears of the Sun,70000000.0,85632458.0,121.0,10.614987,6.4,582.0,en,"['Action', 'Drama', 'War']",['United States of America'],['English'],2003-03-07,2003.0,3.0
455,Bend It Like Beckham,3500159.0,76578641.0,112.0,6.262677,6.2,593.0,en,"['Comedy', 'Drama', 'Romance']","['India', 'Germany', 'United Kingdom', 'United States of America']","['English', 'ਪੰਜਾਬੀ']",2002-04-11,2002.0,4.0
10632,The Hunted,55000000.0,34234008.0,94.0,7.481524,6.0,194.0,en,"['Drama', 'Action', 'Thriller', 'Crime']",['United States of America'],['English'],2003-03-11,2003.0,3.0
36362,King of Kings,5037000.0,14483352.0,168.0,3.657476,7.2,31.0,en,['Drama'],['United States of America'],['English'],1961-10-11,1961.0,10.0
2671,Ringu,1200000.0,8690429.0,96.0,6.486126,6.9,310.0,ja,"['Horror', 'Thriller']",['Japan'],['日本語'],1998-01-31,1998.0,1.0
9669,Ringu 2,6000000.0,18686644.0,92.0,5.277814,5.4,81.0,ja,['Horror'],['Japan'],['日本語'],1999-01-23,1999.0,1.0
42618,Sweet Charity,8000000.0,20000000.0,149.0,0.537378,6.5,15.0,en,"['Comedy', 'Drama', 'Music', 'Romance']",['United States of America'],['English'],1969-01-01,1969.0,1.0
9557,Boat Trip,20000000.0,8586376.0,94.0,6.515316,4.7,148.0,en,['Comedy'],"['Germany', 'United States of America']","['English', 'Español', 'svenska']",2002-10-01,2002.0,10.0
6171,Dreamcatcher,68000000.0,75715436.0,136.0,7.694847,5.2,574.0,en,"['Drama', 'Horror', 'Science Fiction', 'Thriller']",['United States of America'],['English'],2003-03-21,2003.0,3.0
29912,The Robe,4100000.0,36000000.0,135.0,3.826281,6.4,43.0,en,['Drama'],['United States of America'],['English'],1953-09-16,1953.0,9.0
28881,Wind,29000000.0,5519569.0,126.0,8.004555,6.1,10.0,en,"['Action', 'Drama']",['United States of America'],['English'],1992-09-11,1992.0,9.0
10782,Basic,50000000.0,42792561.0,98.0,14.327717,6.2,290.0,en,"['Action', 'Drama', 'Mystery', 'Thriller', 'Crime']",['United States of America'],['English'],2003-04-18,2003.0,4.0
9341,The Core,60000000.0,74208267.0,136.0,11.664861,5.5,531.0,en,"['Action', 'Thriller', 'Adventure', 'Science Fiction']","['United States of America', 'Canada', 'Germany']",['English'],2003-03-28,2003.0,3.0
25461,Raising Victor Vargas,800000.0,2816116.0,88.0,1.178723,7.8,14.0,en,"['Drama', 'Romance']",['United States of America'],"['English', 'Español']",2002-05-16,2002.0,5.0
8409,A Man Apart,36000000.0,44350926.0,109.0,17.714247,5.8,261.0,en,"['Action', 'Drama']","['Germany', 'United States of America']","['English', 'Español']",2003-04-04,2003.0,4.0
1817,Phone Booth,13000000.0,97837138.0,81.0,9.142772,6.7,1087.0,en,"['Thriller', 'Drama']",['United States of America'],"['English', 'Kiswahili']",2002-09-09,2002.0,9.0
21052,Levity,7500000.0,209151.0,100.0,2.400607,5.9,26.0,en,"['Crime', 'Drama']","['France', 'United States of America']",['English'],2003-03-16,2003.0,3.0
9506,Anger Management,75000000.0,195745823.0,106.0,9.409379,5.9,937.0,en,['Comedy'],['United States of America'],['English'],2003-04-11,2003.0,4.0
24982,Ghosts of the Abyss,13000000.0,17040871.0,92.0,4.835446,7.1,39.0,en,['Documentary'],"['Mexico', 'United States of America']",['English'],2003-04-10,2003.0,4.0
2662,House of 1000 Corpses,7000000.0,16829545.0,89.0,11.00913,6.0,310.0,en,['Horror'],['United States of America'],['English'],2003-04-11,2003.0,4.0
13370,A Mighty Wind,6000000.0,18750246.0,91.0,4.672036,6.6,75.0,en,"['Comedy', 'Music']",['United States of America'],['English'],2003-04-16,2003.0,4.0
11516,Winged Migration,35866397.0,20217080.0,98.0,3.68993,7.1,50.0,fr,['Documentary'],"['Switzerland', 'Germany', 'Spain', 'France', 'Italy']","['English', 'Français']",2001-12-12,2001.0,12.0
994,Straw Dogs,2200000.0,3251794.0,118.0,6.632663,7.2,230.0,en,"['Crime', 'Drama', 'Thriller', 'Mystery']","['United Kingdom', 'United States of America']",['English'],1971-12-29,1971.0,12.0
10514,The Andromeda Strain,6500000.0,12376563.0,131.0,11.081253,7.0,196.0,en,"['Science Fiction', 'Thriller']",['United States of America'],['English'],1971-03-12,1971.0,3.0
16651,The Other Side of Heaven,7000000.0,4720371.0,113.0,1.782377,6.7,14.0,en,"['Action', 'Adventure', 'Drama', 'Family']",['United States of America'],"['English', '']",2001-04-12,2001.0,4.0
24961,The Wiz,24000000.0,21049053.0,134.0,4.233081,5.8,63.0,en,"['Adventure', 'Family', 'Fantasy', 'Music']",['United States of America'],['English'],1978-10-24,1978.0,10.0
31633,The Marrying Man,26000000.0,12454768.0,116.0,2.70816,5.0,17.0,en,"['Action', 'Comedy', 'Romance', 'Thriller']",['United States of America'],['English'],1991-04-05,1991.0,4.0
47762,Scenes from a Mall,3000000.0,9563393.0,89.0,1.739182,4.8,22.0,en,['Comedy'],['United States of America'],"['Français', 'English']",1991-02-22,1991.0,2.0
2832,Identity,30000000.0,90259536.0,90.0,17.955897,7.1,1090.0,en,"['Mystery', 'Thriller']",['United States of America'],['English'],2003-04-25,2003.0,4.0
72996,House of Fools,2500000.0,57862.0,104.0,0.870645,5.7,9.0,ru,"['Drama', 'Music', 'Romance', 'Foreign']",[],"['', 'Pусский']",2002-12-06,2002.0,12.0
18736,The Lizzie McGuire Movie,17000000.0,55534455.0,94.0,6.730857,5.8,292.0,en,"['Family', 'Comedy']",['United States of America'],"['Italiano', 'English']",2003-04-25,2003.0,4.0
36658,X2,110000000.0,407711549.0,133.0,0.913096,6.8,3572.0,en,"['Adventure', 'Action', 'Science Fiction', 'Thriller']",['United States of America'],"['English', 'Deutsch', 'Italiano']",2003-04-24,2003.0,4.0
46989,Blue Car,1000000.0,464000.0,92.0,2.154226,6.7,13.0,en,['Drama'],[],['English'],2002-01-11,2002.0,1.0
10708,Daddy Day Care,60000000.0,164433867.0,92.0,6.504927,5.6,526.0,en,"['Comedy', 'Family']",['United States of America'],['English'],2003-05-03,2003.0,5.0
604,The Matrix Reloaded,150000000.0,738599701.0,138.0,16.229317,6.7,3500.0,en,"['Adventure', 'Action', 'Thriller', 'Science Fiction']","['Australia', 'United States of America']",['English'],2003-05-15,2003.0,5.0
10720,Down with Love,35000000.0,20298207.0,101.0,9.392508,6.1,202.0,en,"['Action', 'Comedy', 'Romance', 'Thriller']","['Germany', 'United States of America']",['English'],2003-05-08,2003.0,5.0
1555,The Spanish Apartment,5300000.0,3897799.0,122.0,5.94395,7.0,276.0,fr,"['Drama', 'Comedy', 'Romance']",['France'],"['Italiano', 'Français', 'Español', 'English', 'Català', 'Dansk', 'Deutsch']",2002-05-17,2002.0,5.0
310,Bruce Almighty,80000000.0,484572835.0,101.0,15.947524,6.4,3121.0,en,"['Fantasy', 'Comedy']",['United States of America'],['English'],2003-05-23,2003.0,5.0
12,Finding Nemo,94000000.0,940335536.0,100.0,25.497794,7.6,6292.0,en,"['Animation', 'Family']",['United States of America'],['English'],2003-05-30,2003.0,5.0
9654,The Italian Job,60000000.0,176070171.0,110.0,13.995044,6.6,1949.0,en,"['Action', 'Crime']","['United Kingdom', 'United States of America']","['Український', 'English', 'Italiano']",2003-05-30,2003.0,5.0
9902,Wrong Turn,12600000.0,28650575.0,84.0,14.079718,6.0,652.0,en,"['Horror', 'Thriller']","['Germany', 'United States of America']",['English'],2003-05-30,2003.0,5.0
584,2 Fast 2 Furious,76000000.0,236350661.0,107.0,2.32462,6.2,2087.0,en,"['Action', 'Crime', 'Thriller']",['United States of America'],"['English', 'Español']",2003-06-05,2003.0,6.0
1088,Whale Rider,8000000.0,41400000.0,101.0,11.040186,7.1,114.0,en,"['Drama', 'Family']",['New Zealand'],"['English', '']",2003-01-30,2003.0,1.0
11890,Oscar,35000000.0,23562716.0,109.0,6.137796,6.2,128.0,en,"['Action', 'Comedy', 'Thriller', 'Family']",['United States of America'],"['English', 'Italiano']",1991-04-26,1991.0,4.0
290,Barton Fink,9000000.0,6153939.0,116.0,8.387026,7.4,450.0,en,"['Comedy', 'Drama']","['United Kingdom', 'United States of America']",['English'],1991-08-01,1991.0,8.0
2071,Shattered,22000000.0,11511031.0,98.0,6.851939,6.1,32.0,en,"['Mystery', 'Thriller']",['United States of America'],['English'],1991-10-11,1991.0,10.0
10152,Dumb and Dumberer: When Harry Met Lloyd,19000000.0,39267515.0,85.0,9.280038,4.1,211.0,en,['Comedy'],['United States of America'],['English'],2003-06-13,2003.0,6.0
31246,From Justin to Kelly,12000000.0,4922166.0,90.0,1.695369,3.0,23.0,en,"['Comedy', 'Romance']",['United States of America'],['English'],2003-06-20,2003.0,6.0
11375,Hollywood Homicide,75000000.0,51142659.0,116.0,11.080439,5.0,172.0,en,"['Action', 'Adventure', 'Comedy', 'Thriller']",['United States of America'],['English'],2003-06-09,2003.0,6.0
17813,Alex & Emma,30000000.0,15368897.0,96.0,5.236854,5.0,71.0,en,"['Comedy', 'Romance']",['United States of America'],"['English', 'Français']",2003-06-16,2003.0,6.0
170,28 Days Later,5000000.0,82719885.0,113.0,17.656951,7.1,1816.0,en,"['Horror', 'Thriller', 'Science Fiction']",['United Kingdom'],"['Español', 'English']",2002-10-31,2002.0,10.0
9471,Charlie's Angels: Full Throttle,120000000.0,259175788.0,106.0,7.821116,5.2,930.0,en,"['Action', 'Adventure', 'Comedy']",['United States of America'],"['English', '普通话', 'Español']",2003-06-27,2003.0,6.0
47676,"Bodies, Rest & Motion",2500000.0,764083.0,95.0,2.296734,4.3,8.0,en,"['Drama', 'Romance']",['United States of America'],['English'],1993-01-10,1993.0,1.0
43039,Never on Sunday,151000.0,8000000.0,91.0,1.879162,6.0,14.0,el,"['Drama', 'Comedy', 'Romance']","['Greece', 'United States of America']","['English', 'ελληνικά', 'Pусский']",1960-05-24,1960.0,5.0
33454,Scaramouche,3005000.0,6746000.0,115.0,3.803547,6.9,13.0,en,"['Action', 'Adventure', 'Drama']",['United States of America'],['English'],1952-05-08,1952.0,5.0
1927,Hulk,137000000.0,245360480.0,138.0,15.422638,5.3,1571.0,en,"['Drama', 'Action', 'Science Fiction']",['United States of America'],"['English', 'Español']",2003-06-19,2003.0,6.0
10327,"Legally Blonde 2: Red, White & Blonde",45000000.0,124914842.0,95.0,7.288046,5.2,386.0,en,['Comedy'],['United States of America'],['English'],2003-07-02,2003.0,7.0
14411,Sinbad: Legend of the Seven Seas,60000000.0,26288320.0,86.0,8.388773,6.6,386.0,en,"['Family', 'Animation', 'Adventure']",['United States of America'],"['广州话 / 廣州話', 'English', 'Italiano']",2003-07-02,2003.0,7.0
296,Terminator 3: Rise of the Machines,200000000.0,435000000.0,109.0,20.818907,5.9,2177.0,en,"['Action', 'Thriller', 'Science Fiction']","['Germany', 'United Kingdom', 'United States of America']",['English'],2003-07-02,2003.0,7.0
302,Swimming Pool,7800000.0,22441323.0,102.0,14.481103,6.5,154.0,en,"['Thriller', 'Crime']","['France', 'United Kingdom']","['English', 'Français']",2003-05-18,2003.0,5.0
22,Pirates of the Caribbean: The Curse of the Black Pearl,140000000.0,655011224.0,143.0,47.326665,7.5,7191.0,en,"['Adventure', 'Fantasy', 'Action']",['United States of America'],['English'],2003-07-09,2003.0,7.0
8698,The League of Extraordinary Gentlemen,78000000.0,179265204.0,110.0,10.488765,5.7,1181.0,en,"['Fantasy', 'Action', 'Thriller', 'Science Fiction']","['Czech Republic', 'Germany', 'United Kingdom', 'United States of America']","['English', 'Deutsch', 'Italiano']",2003-07-11,2003.0,7.0
8961,Bad Boys II,130000000.0,273339556.0,147.0,8.191436,6.3,1588.0,en,"['Adventure', 'Action', 'Comedy', 'Thriller', 'Crime']",['United States of America'],"['English', 'Español']",2003-07-18,2003.0,7.0
9486,Johnny English,40000000.0,160583018.0,88.0,8.739991,6.0,875.0,en,"['Adventure', 'Action', 'Comedy']","['France', 'United Kingdom']","['日本語', 'English', 'Français']",2003-04-06,2003.0,4.0
24558,Loose Cannons,1500000.0,5585154.0,94.0,1.961208,4.9,20.0,en,"['Action', 'Comedy', 'Crime', 'Mystery', 'Thriller']",['United States of America'],['English'],1990-02-09,1990.0,2.0
1996,Lara Croft Tomb Raider: The Cradle of Life,95000000.0,156505388.0,117.0,13.076349,5.5,1443.0,en,"['Action', 'Adventure', 'Fantasy', 'Thriller']","['United States of America', 'Germany', 'Japan', 'United Kingdom']","['English', '普通话']",2003-07-21,2003.0,7.0
4464,Seabiscuit,87000000.0,148336445.0,141.0,7.851669,6.8,219.0,en,"['Drama', 'History']",['United States of America'],['English'],2003-07-22,2003.0,7.0
12279,Spy Kids 3-D: Game Over,38000000.0,197011982.0,84.0,8.025145,4.7,525.0,en,"['Action', 'Adventure', 'Comedy', 'Family', 'Science Fiction']",['United States of America'],['English'],2003-07-25,2003.0,7.0
54580,Mondays in the Sun,4000000.0,146402.0,113.0,2.061389,7.0,37.0,es,['Drama'],"['Spain', 'France', 'Italy']","['Español', 'Deutsch']",2002-09-27,2002.0,9.0
430,"One, Two, Three",3000000.0,4000000.0,115.0,3.044499,7.6,66.0,en,"['Comedy', 'Family']",['United States of America'],"['English', 'Deutsch', 'Pусский']",1961-12-15,1961.0,12.0
5185,The Private Life of Sherlock Holmes,10000000.0,1500000.0,125.0,4.127728,6.9,61.0,en,"['Adventure', 'Comedy', 'Crime', 'Mystery', 'Romance', 'Thriller']",['United Kingdom'],"['Deutsch', 'Français', 'Pусский', 'English']",1970-10-29,1970.0,10.0
8273,American Wedding,55000000.0,231449203.0,103.0,14.397139,6.0,1158.0,en,"['Comedy', 'Romance']",['United States of America'],['English'],2003-08-01,2003.0,8.0
8046,Gigli,54000000.0,7266209.0,121.0,11.415316,3.5,105.0,en,['Drama'],['United States of America'],['English'],2003-08-01,2003.0,8.0
10330,Freaky Friday,26000000.0,110230332.0,97.0,7.867999,6.0,919.0,en,['Comedy'],['United States of America'],"['普通话', 'English']",2003-08-03,2003.0,8.0
9257,S.W.A.T.,80000000.0,116643346.0,117.0,13.334952,5.8,780.0,en,"['Action', 'Thriller', 'Crime']",['United States of America'],"['English', 'Español', 'Français']",2003-08-08,2003.0,8.0
6466,Freddy vs. Jason,30000000.0,114908830.0,97.0,14.015739,5.8,608.0,en,['Horror'],"['Canada', 'Italy', 'United States of America']",['English'],2003-08-15,2003.0,8.0
2055,Open Range,22000000.0,68296293.0,139.0,16.532577,7.0,268.0,en,['Western'],['United States of America'],['English'],2003-08-29,2003.0,8.0
14926,Uptown Girls,20000000.0,37095657.0,92.0,5.555088,6.1,193.0,en,['Comedy'],['United States of America'],['English'],2003-08-15,2003.0,8.0
10923,Agent Cody Banks,28000000.0,58795814.0,102.0,10.445141,5.0,289.0,en,['Action'],"['Canada', 'United States of America']",['English'],2003-03-14,2003.0,3.0
18573,House of Wax,658000.0,23800000.0,90.0,9.072006,7.0,75.0,en,"['Crime', 'Horror', 'Mystery']",['United States of America'],['English'],1953-04-10,1953.0,4.0
41759,Man's Best Friend,6000000.0,12974636.0,97.0,4.719295,5.5,26.0,en,"['Horror', 'Science Fiction', 'Thriller']",['United States of America'],"['English', 'Deutsch']",1993-11-19,1993.0,11.0
19053,Valley Girl,350000.0,17343596.0,99.0,8.438808,6.2,61.0,en,"['Comedy', 'Romance']",['United States of America'],['English'],1983-04-08,1983.0,4.0
11206,Wait Until Dark,4000000.0,11000000.0,108.0,6.216637,7.5,112.0,en,"['Horror', 'Crime', 'Thriller']",['United States of America'],['English'],1967-10-26,1967.0,10.0
13154,Showdown in Little Tokyo,8000000.0,2275557.0,79.0,11.521011,5.7,99.0,en,"['Action', 'Thriller']",['United States of America'],"['日本語', 'English']",1991-08-23,1991.0,8.0
636,THX 1138,777000.0,2437000.0,86.0,8.152085,6.4,265.0,en,"['Drama', 'Mystery', 'Science Fiction']",['United States of America'],['English'],1971-03-11,1971.0,3.0
3055,Valley of the Dolls,5000000.0,50000000.0,123.0,2.474398,6.7,30.0,en,"['Music', 'Drama', 'Romance']",['United States of America'],['English'],1967-12-27,1967.0,12.0
26198,The Keep,6000000.0,3661757.0,96.0,3.554491,5.9,56.0,en,['Horror'],['United Kingdom'],['English'],1983-12-16,1983.0,12.0
35073,"The Beast from 20,000 Fathoms",210000.0,5000000.0,80.0,3.424057,6.7,41.0,en,"['Adventure', 'Horror', 'Science Fiction']",['United States of America'],"['English', 'Français']",1953-06-13,1953.0,6.0
9362,Tremors,11000000.0,48572000.0,96.0,15.750026,6.6,882.0,en,"['Action', 'Horror']",['United States of America'],['English'],1990-01-19,1990.0,1.0
12268,The Pink Panther Strikes Again,6000000.0,33833201.0,103.0,5.58692,6.8,119.0,en,"['Comedy', 'Mystery']","['United Kingdom', 'United States of America']","['English', 'Français']",1976-12-15,1976.0,12.0
10999,Commando,10000000.0,57500000.0,90.0,10.193652,6.4,753.0,en,"['Action', 'Adventure', 'Thriller']",['United States of America'],['English'],1985-10-03,1985.0,10.0
32316,Marci X,20000000.0,1675706.0,84.0,4.15656,3.3,12.0,en,['Comedy'],['United States of America'],['English'],2003-08-22,2003.0,8.0
11351,Jeepers Creepers 2,17000000.0,63102666.0,104.0,14.786032,5.5,304.0,en,"['Horror', 'Thriller']",['United States of America'],['English'],2003-08-08,2003.0,8.0
9616,The Order,35000000.0,11560806.0,102.0,5.370818,4.8,93.0,en,"['Drama', 'Fantasy', 'Horror', 'Mystery', 'Romance', 'Thriller']","['Germany', 'United States of America']",['English'],2003-09-05,2003.0,9.0
1415,Party Monster,5000000.0,742898.0,98.0,3.007842,5.9,60.0,en,"['Comedy', 'Drama', 'Crime']","['Netherlands', 'United States of America']",['English'],2003-09-05,2003.0,9.0
11547,Cabin Fever,1500000.0,30553394.0,93.0,6.466688,5.5,332.0,en,['Horror'],['United States of America'],['English'],2003-08-15,2003.0,8.0
7270,Matchstick Men,62000000.0,65565672.0,116.0,5.539265,6.9,515.0,en,"['Comedy', 'Drama', 'Crime', 'Thriller']",['United States of America'],['English'],2003-09-01,2003.0,9.0
1428,Once Upon a Time in Mexico,29000000.0,98185582.0,102.0,8.843365,6.2,605.0,en,['Action'],['United States of America'],"['English', 'Español']",2003-09-11,2003.0,9.0
153,Lost in Translation,4000000.0,119723856.0,102.0,11.609441,7.3,1943.0,en,['Drama'],"['Japan', 'United States of America']","['日本語', 'English']",2003-08-31,2003.0,8.0
9584,Convoy,12000000.0,22765081.0,110.0,4.925738,6.1,78.0,en,"['Action', 'Comedy', 'Drama']","['United Kingdom', 'United States of America']",['English'],1978-06-27,1978.0,6.0
8408,Day of the Dead,3500000.0,34000000.0,96.0,8.801822,6.9,276.0,en,"['Horror', 'Science Fiction']","['United States of America', 'Japan']",['English'],1985-07-19,1985.0,7.0
14030,"Hello, Dolly!",24000000.0,33208099.0,146.0,8.407519,6.6,61.0,en,"['Comedy', 'Family', 'Music', 'Romance']",['United States of America'],['English'],1969-12-12,1969.0,12.0
2687,Memoirs of an Invisible Man,40000000.0,14358033.0,99.0,6.064099,5.7,127.0,en,"['Comedy', 'Fantasy', 'Science Fiction']","['France', 'United States of America']",['English'],1992-02-28,1992.0,2.0
16323,The Rose,9250000.0,29174648.0,125.0,2.132964,6.8,28.0,en,"['Drama', 'Music', 'Romance']",['United States of America'],['English'],1979-11-07,1979.0,11.0
19064,Once Bitten,3200000.0,10000000.0,94.0,6.174699,5.3,75.0,en,"['Horror', 'Comedy', 'Romance']",['United States of America'],['English'],1985-11-15,1985.0,11.0
22309,The Fighting Temptations,15000000.0,30238577.0,122.0,2.18689,5.3,38.0,en,"['Comedy', 'Music', 'Romance']",['United States of America'],['English'],2003-09-17,2003.0,9.0
277,Underworld,22000000.0,95708457.0,121.0,20.624333,6.6,2556.0,en,"['Fantasy', 'Action', 'Thriller']","['Germany', 'Hungary', 'United Kingdom', 'United States of America']",['English'],2003-09-19,2003.0,9.0
7288,Duplex,40000000.0,19322135.0,89.0,12.160363,5.9,500.0,en,"['Action', 'Comedy', 'Thriller']","['Germany', 'United States of America']",['English'],2003-09-26,2003.0,9.0
10159,The Rundown,85000000.0,80916492.0,104.0,8.304835,6.4,523.0,en,"['Adventure', 'Action', 'Comedy', 'Thriller']",['United States of America'],"['Português', 'English']",2003-09-26,2003.0,9.0
10934,Under the Tuscan Sun,18000000.0,58878723.0,113.0,8.508008,6.4,178.0,en,['Romance'],"['Italy', 'United States of America']","['English', 'Français', 'Deutsch', 'Italiano', 'Polski', 'Español']",2003-04-30,2003.0,4.0
321,Mambo Italiano,4361898.0,3031801.0,92.0,2.873356,5.6,28.0,en,"['Comedy', 'Romance']",['Canada'],"['English', 'Français', 'Italiano']",2003-06-06,2003.0,6.0
9662,The Triplets of Belleville,8000000.0,1477676.0,80.0,8.35586,7.3,233.0,fr,"['Adventure', 'Animation', 'Comedy', 'Drama']","['France', 'Belgium', 'Canada', 'United Kingdom']","['Français', 'Português']",2003-06-11,2003.0,6.0
837,Videodrome,5952000.0,2120439.0,87.0,7.945039,7.1,464.0,en,"['Horror', 'Mystery', 'Science Fiction']",['Canada'],['English'],1983-02-04,1983.0,2.0
19666,Lagaan: Once Upon a Time in India,5200000.0,8100000.0,224.0,4.97451,7.2,125.0,hi,"['Adventure', 'Drama', 'Music', 'Romance']",['India'],"['English', 'हिन्दी', 'اردو']",2001-06-15,2001.0,6.0
821,Judgment at Nuremberg,3000000.0,10000000.0,186.0,9.697105,7.6,161.0,en,"['Drama', 'History']","['Germany', 'United States of America']",['English'],1961-12-01,1961.0,12.0
37672,"Same Time, Next Year",118.0,19.0,119.0,2.103581,6.5,18.0,en,"['Comedy', 'Drama', 'Romance']",['United States of America'],['English'],1978-04-23,1978.0,4.0
891,All the President's Men,8500000.0,70600000.0,138.0,12.421754,7.6,424.0,en,"['Drama', 'History', 'Mystery', 'Thriller']",['United States of America'],"['Español', 'English']",1976-04-04,1976.0,4.0
10881,Avalon,8000000.0,8826094.0,107.0,5.019679,6.8,93.0,pl,"['Action', 'Science Fiction']","['Japan', 'Poland']",['Polski'],2001-01-20,2001.0,1.0
10438,Beethoven's 2nd,15000000.0,118243066.0,89.0,5.886769,5.0,175.0,en,"['Family', 'Comedy']",['United States of America'],['English'],1993-12-14,1993.0,12.0
650,Boyz n the Hood,6500000.0,57504069.0,112.0,6.866506,7.4,377.0,en,"['Crime', 'Drama']",['United States of America'],['English'],1991-07-12,1991.0,7.0
10337,Bugsy,30000000.0,49114016.0,134.0,5.516316,6.0,83.0,en,"['Drama', 'Crime']",['United States of America'],['English'],1991-12-10,1991.0,12.0
37753,Consenting Adults,18000000.0,21591728.0,99.0,2.967012,5.6,27.0,en,"['Crime', 'Drama', 'Mystery']",['United States of America'],"['English', 'Italiano']",1992-10-16,1992.0,10.0
11046,Where Eagles Dare,7700000.0,21000000.0,155.0,12.088407,7.4,233.0,en,"['Adventure', 'Drama', 'Action', 'History', 'War']","['United Kingdom', 'United States of America']","['Deutsch', 'English']",1968-12-04,1968.0,12.0
7442,Sleeping with the Enemy,19000000.0,174999005.0,99.0,8.560694,6.1,228.0,en,"['Drama', 'Crime', 'Thriller']",['United States of America'],"['English', 'Français']",1991-02-08,1991.0,2.0
14425,PCU,9000000.0,4350774.0,79.0,8.888278,6.0,42.0,en,['Comedy'],['United States of America'],['English'],1994-04-29,1994.0,4.0
6723,The Rookie,10000000.0,21633874.0,120.0,8.110591,5.6,134.0,en,"['Action', 'Crime', 'Drama', 'Thriller']",['United States of America'],['English'],1990-12-06,1990.0,12.0
16969,City Heat,25000000.0,38348988.0,93.0,12.881025,5.1,49.0,en,"['Action', 'Comedy', 'Crime']",['United States of America'],['English'],1984-12-05,1984.0,12.0
11338,Into the Night,11400000.0,6700000.0,115.0,5.709878,6.4,59.0,en,"['Comedy', 'Drama', 'Thriller']",['United States of America'],['English'],1985-02-15,1985.0,2.0
41780,A Rage in Harlem,8000000.0,10400000.0,115.0,2.404818,5.8,17.0,en,"['Crime', 'Comedy']","['United Kingdom', 'United States of America']",['English'],1991-05-03,1991.0,5.0
33258,More American Graffiti,2500000.0,15014674.0,110.0,3.084426,4.8,23.0,en,"['Comedy', 'Drama', 'War']",['United States of America'],['English'],1979-08-03,1979.0,8.0
47898,The Gun in Betty Lou's Handbag,13000000.0,3721911.0,89.0,1.386549,4.1,7.0,en,"['Comedy', 'Thriller', 'Mystery']",['United States of America'],['English'],1992-08-21,1992.0,8.0
25269,Article 99,18000000.0,6375979.0,100.0,2.471038,5.5,12.0,en,"['Comedy', 'Drama']",['United States of America'],['English'],1992-03-13,1992.0,3.0
78146,Tough Guys Don't Dance,5000000.0,858250.0,110.0,0.957019,4.8,6.0,en,"['Drama', 'Comedy', 'Crime', 'Mystery', 'Thriller']",['United States of America'],['English'],1987-09-18,1987.0,9.0
88641,There Goes My Baby,10500000.0,123509.0,99.0,0.377787,8.5,2.0,en,"['Drama', 'Comedy']",['United States of America'],['English'],1994-09-02,1994.0,9.0
30315,Kingdom of the Spiders,500000.0,17000000.0,97.0,2.884359,5.6,31.0,en,"['Horror', 'Science Fiction']",['United States of America'],['English'],1977-08-24,1977.0,8.0
18900,In Cold Blood,3500000.0,13007551.0,134.0,8.592792,7.4,83.0,en,"['Crime', 'Drama']",['United States of America'],['English'],1967-12-14,1967.0,12.0
21219,Mobsters,23000000.0,20246790.0,104.0,12.511561,5.7,34.0,en,"['Drama', 'Action', 'Thriller', 'Crime']",['United States of America'],"['English', 'Français', 'Deutsch', 'Español']",1991-07-26,1991.0,7.0
2116,Out of Time,50000000.0,55495563.0,105.0,10.738888,6.1,305.0,en,"['Thriller', 'Crime', 'Drama']",['United States of America'],['English'],2003-10-03,2003.0,10.0
1584,School of Rock,35000000.0,131282949.0,108.0,17.95142,6.8,1454.0,en,"['Comedy', 'Music']","['Germany', 'United States of America']",['English'],2003-10-03,2003.0,10.0
2056,The Station Agent,500000.0,8679814.0,88.0,5.85469,7.4,213.0,en,"['Drama', 'Comedy']",['United States of America'],['English'],2003-01-26,2003.0,1.0
4997,Wonderland,5000000.0,2466444.0,104.0,8.062123,6.2,73.0,en,"['Crime', 'Drama', 'Mystery', 'Thriller']","['Canada', 'United States of America']",['English'],2003-10-23,2003.0,10.0
322,Mystic River,25000000.0,156822020.0,138.0,12.602438,7.6,1473.0,en,"['Thriller', 'Crime', 'Drama', 'Mystery']",['United States of America'],['English'],2003-10-07,2003.0,10.0
11059,House of the Dead,7000000.0,13818181.0,90.0,5.701278,2.8,106.0,en,"['Horror', 'Action', 'Thriller']","['Canada', 'Germany', 'United States of America']",['English'],2003-04-11,2003.0,4.0
11775,Intolerable Cruelty,60000000.0,119940815.0,100.0,13.469862,5.8,400.0,en,"['Crime', 'Comedy', 'Romance']",['United States of America'],"['Français', 'English']",2003-09-02,2003.0,9.0
24,Kill Bill: Vol. 1,30000000.0,180949000.0,111.0,25.261865,7.7,5091.0,en,"['Action', 'Crime']",['United States of America'],"['English', '日本語', 'Français']",2003-10-10,2003.0,10.0
11329,Runaway Jury,60000000.0,80154140.0,127.0,8.810961,6.9,354.0,en,"['Drama', 'Thriller']",['United States of America'],"['English', 'Français', 'Italiano']",2003-10-09,2003.0,10.0
9373,The Texas Chainsaw Massacre,9500000.0,107071655.0,98.0,7.810068,6.1,670.0,en,['Horror'],['United States of America'],['English'],2003-10-17,2003.0,10.0
28200,Sylvia,7000000.0,10000000.0,109.0,11.37237,5.6,34.0,en,"['Drama', 'Romance']",['United Kingdom'],['English'],2003-10-17,2003.0,10.0
10629,Veronica Guerin,17000000.0,1569918.0,98.0,9.548519,6.8,61.0,en,"['Drama', 'Crime', 'Thriller']","['Ireland', 'United Kingdom', 'United States of America']",['English'],2003-07-11,2003.0,7.0
10944,In the Cut,12000000.0,23.0,119.0,5.799628,4.7,93.0,en,"['Mystery', 'Thriller']","['Australia', 'United States of America']",['English'],2003-09-09,2003.0,9.0
13920,Radio,32000000.0,52277485.0,109.0,5.81647,6.8,146.0,en,['Drama'],['United States of America'],['English'],2003-10-24,2003.0,10.0
4256,Scary Movie 3,48000000.0,220673217.0,84.0,11.142209,5.8,948.0,en,['Comedy'],['United States of America'],['English'],2003-10-24,2003.0,10.0
1807,Elephant,3000000.0,10012022.0,81.0,6.447312,7.0,410.0,en,"['Drama', 'Crime']",['United States of America'],['English'],2003-05-18,2003.0,5.0
13537,Shattered Glass,6000000.0,2944752.0,94.0,6.0872,6.6,114.0,en,"['Drama', 'History']","['Canada', 'United States of America']","['English', 'Français', 'Magyar']",2003-11-14,2003.0,11.0
605,The Matrix Revolutions,150000000.0,424988211.0,129.0,15.368205,6.4,3155.0,en,"['Adventure', 'Action', 'Thriller', 'Science Fiction']","['United States of America', 'Australia']","['English', 'Français']",2003-11-05,2003.0,11.0
10719,Elf,32000000.0,173398518.0,97.0,8.754132,6.4,1007.0,en,"['Comedy', 'Family', 'Fantasy']","['United States of America', 'Germany']",['English'],2003-10-09,2003.0,10.0
508,Love Actually,40000000.0,244931766.0,135.0,10.586815,7.0,1917.0,en,"['Comedy', 'Romance', 'Drama']","['United Kingdom', 'United States of America']","['English', 'Français', 'Português']",2003-09-07,2003.0,9.0
10715,Looney Tunes: Back in Action,80000000.0,68514844.0,90.0,13.666488,5.6,302.0,en,"['Animation', 'Comedy', 'Family']","['Germany', 'United States of America']",['English'],2003-11-14,2003.0,11.0
8619,Master and Commander: The Far Side of the World,150000000.0,212011111.0,138.0,8.693298,6.9,808.0,en,['Adventure'],['United States of America'],"['Français', 'Português', 'English']",2003-11-14,2003.0,11.0
21525,Tupac: Resurrection,300000.0,7808524.0,112.0,2.409278,8.0,26.0,en,"['Music', 'Documentary']",['United States of America'],['English'],2003-01-23,2003.0,1.0
4970,Gothika,40000000.0,141591324.0,98.0,10.939066,5.8,643.0,en,"['Horror', 'Thriller']",['United States of America'],['English'],2003-11-21,2003.0,11.0
470,21 Grams,20000000.0,60427839.0,124.0,6.372278,7.2,943.0,en,"['Drama', 'Crime', 'Thriller']",['United States of America'],['English'],2003-09-06,2003.0,9.0
11042,The Barbarian Invasions,8000000.0,3432342.0,99.0,4.125182,6.7,80.0,fr,"['Comedy', 'Crime', 'Drama']","['Canada', 'France']","['English', 'Français']",2003-05-21,2003.0,5.0
10147,Bad Santa,23000000.0,76488889.0,91.0,10.930143,6.4,666.0,en,"['Drama', 'Comedy', 'Crime']","['Germany', 'United States of America']",['English'],2003-11-26,2003.0,11.0
10756,The Haunted Mansion,90000000.0,182290266.0,87.0,11.605735,5.1,481.0,en,"['Thriller', 'Fantasy', 'Comedy', 'Family', 'Mystery']",['United States of America'],['English'],2003-11-25,2003.0,11.0
9562,Timeline,80000000.0,43935763.0,116.0,6.982762,5.4,324.0,en,"['Action', 'Adventure', 'Science Fiction']",['United States of America'],"['English', 'Français']",2003-11-26,2003.0,11.0
9556,Darkman,16000000.0,48878502.0,96.0,8.899418,6.2,304.0,en,"['Action', 'Science Fiction', 'Crime']",['United States of America'],['English'],1990-08-24,1990.0,8.0
10952,New Jack City,8500000.0,47624253.0,97.0,12.979446,6.3,134.0,en,"['Thriller', 'Crime', 'Drama']",['United States of America'],['English'],1991-03-08,1991.0,3.0
860,WarGames,12000000.0,79567667.0,114.0,8.321647,7.0,517.0,en,"['Thriller', 'Science Fiction']",['United States of America'],['English'],1983-06-03,1983.0,6.0
31510,Ben-Hur: A Tale of the Christ,3900000.0,9000000.0,143.0,2.301098,7.3,20.0,en,"['Adventure', 'Drama']",['United States of America'],['English'],1925-12-30,1925.0,12.0
5143,Hannah and Her Sisters,6400000.0,40084041.0,107.0,9.57874,7.6,224.0,en,"['Comedy', 'Drama']",['United States of America'],['English'],1986-02-07,1986.0,2.0
8010,Highlander II: The Quickening,30000000.0,15556340.0,91.0,8.032638,4.5,213.0,en,"['Action', 'Fantasy', 'Science Fiction']","['Argentina', 'France', 'United Kingdom']",['English'],1991-01-30,1991.0,1.0
9292,Hudson Hawk,65000000.0,17218080.0,100.0,9.782014,5.4,275.0,en,"['Action', 'Adventure', 'Comedy']",['United States of America'],"['English', 'Italiano']",1991-05-23,1991.0,5.0
11850,Invasion of the Body Snatchers,3500000.0,24046533.0,115.0,5.219641,7.1,231.0,en,"['Horror', 'Mystery', 'Science Fiction', 'Thriller']",['United States of America'],"['Český', 'English']",1978-12-19,1978.0,12.0
951,Kindergarten Cop,15000000.0,201957688.0,111.0,3.67003,5.8,643.0,en,['Comedy'],['United States of America'],"['English', 'Español']",1990-12-21,1990.0,12.0
9319,The Last Boy Scout,29000000.0,59509925.0,105.0,10.550259,6.5,502.0,en,"['Action', 'Thriller']",['United States of America'],['English'],1991-12-11,1991.0,12.0
1643,Last Tango in Paris,1250000.0,36144000.0,129.0,12.74564,7.1,240.0,fr,"['Drama', 'Romance']","['France', 'Italy']","['English', 'Français']",1972-10-14,1972.0,10.0
2612,Mr. Destiny,20000000.0,15379253.0,110.0,4.414928,6.1,60.0,en,"['Fantasy', 'Comedy', 'Science Fiction', 'Romance']",['United States of America'],"['English', 'Magyar']",1990-10-12,1990.0,10.0
1825,Over the Top,25000000.0,16057580.0,93.0,8.431956,5.7,331.0,en,"['Action', 'Drama']",['United States of America'],['English'],1987-02-13,1987.0,2.0
10538,Passenger 57,15000000.0,44065653.0,84.0,18.451321,5.6,264.0,en,"['Action', 'Adventure', 'Thriller']",['United States of America'],['English'],1992-11-05,1992.0,11.0
11092,Presumed Innocent,22000000.0,221303188.0,127.0,7.025657,6.6,155.0,en,"['Drama', 'Thriller', 'Crime', 'Mystery']",['United States of America'],['English'],1990-07-26,1990.0,7.0
18410,Project X,18000000.0,18532286.0,108.0,10.000775,6.2,77.0,en,['Drama'],['United States of America'],['English'],1987-04-17,1987.0,4.0
19065,Pure Luck,17010000.0,24941969.0,96.0,2.07443,5.5,32.0,en,"['Comedy', 'Crime', 'Mystery']",['United States of America'],['English'],1991-08-09,1991.0,8.0
3176,Battle Royale,4500000.0,25000000.0,114.0,12.701098,7.3,992.0,ja,"['Drama', 'Thriller', 'Adventure']",['Japan'],['日本語'],2000-12-16,2000.0,12.0
9261,The Wedding Banquet,1000000.0,6933459.0,109.0,2.709403,6.8,42.0,zh,"['Comedy', 'Drama', 'Romance']","['Taiwan', 'United States of America']","['English', '普通话']",1993-08-04,1993.0,8.0
20763,Radio Flyer,35000000.0,4651977.0,114.0,5.618237,6.6,54.0,en,['Drama'],['United States of America'],['English'],1992-02-21,1992.0,2.0
10021,The Secret of My Success,12000000.0,110996879.0,111.0,5.409557,6.2,151.0,en,['Comedy'],['United States of America'],['English'],1987-04-10,1987.0,4.0
14746,Streets of Fire,14500000.0,8089290.0,93.0,6.958758,6.6,105.0,en,"['Action', 'Thriller', 'Music']",['United States of America'],['English'],1984-06-01,1984.0,6.0
1626,Vivre Sa Vie,64000.0,24517.0,85.0,11.30591,7.6,105.0,fr,['Drama'],['France'],['Français'],1962-09-20,1962.0,9.0
483,Wild at Heart,9500000.0,14560247.0,124.0,8.528622,7.0,341.0,en,"['Comedy', 'Crime', 'Thriller']",['United States of America'],['English'],1990-05-01,1990.0,5.0
11018,Year of the Dragon,24000000.0,18707466.0,134.0,7.505786,6.5,70.0,en,"['Action', 'Crime', 'Drama', 'Thriller']",['United States of America'],['English'],1985-08-16,1985.0,8.0
43875,Mary of Scotland,864000.0,1276000.0,123.0,4.466335,6.6,8.0,en,"['Drama', 'History']",['United States of America'],['English'],1936-08-28,1936.0,8.0
20325,Swing Time,886000.0,2600000.0,103.0,6.507597,7.1,47.0,en,"['Comedy', 'Music', 'Romance']",['United States of America'],['English'],1936-08-27,1936.0,8.0
898,Birdman of Alcatraz,2650000.0,3100000.0,147.0,4.471515,7.0,71.0,en,['Drama'],['United States of America'],['English'],1962-07-03,1962.0,7.0
618,The Birth of a Nation,100000.0,11000000.0,193.0,5.113205,6.4,109.0,en,"['Drama', 'History', 'War']",['United States of America'],['No Language'],1915-02-08,1915.0,2.0
3089,Red River,3000000.0,9012000.0,133.0,6.09018,7.3,85.0,en,['Western'],['United States of America'],"['English', 'Deutsch', 'Italiano', 'Español']",1948-08-26,1948.0,8.0
995,Stagecoach,531374.0,1103757.0,96.0,7.970462,7.6,216.0,en,"['Adventure', 'Western']",['United States of America'],['English'],1939-03-02,1939.0,3.0
916,Bullitt,5500000.0,42300873.0,113.0,7.01973,7.0,273.0,en,"['Action', 'Crime', 'Drama', 'Thriller']",['United States of America'],['English'],1968-10-17,1968.0,10.0
3062,42nd Street,439000.0,2281000.0,89.0,4.718154,6.1,38.0,en,"['Music', 'Comedy', 'Romance']",['United States of America'],['English'],1933-02-02,1933.0,2.0
34456,I'm No Angel,225000.0,2850000.0,87.0,1.533379,6.3,6.0,en,"['Comedy', 'Romance']",['United States of America'],['English'],1933-10-06,1933.0,10.0
15927,A Passage to India,8000000.0,27187653.0,163.0,11.842837,6.8,69.0,en,"['Drama', 'Adventure', 'History']","['United Kingdom', 'United States of America']","['English', 'हिन्दी']",1984-12-14,1984.0,12.0
79,Hero,31000000.0,177394432.0,99.0,9.861765,7.3,647.0,zh,"['Drama', 'Adventure', 'Action', 'History']",['China'],['普通话'],2002-12-19,2002.0,12.0
70881,Anna Karenina,1152000.0,1439000.0,95.0,1.810574,6.6,25.0,en,"['Drama', 'Romance']",['United States of America'],['English'],1935-08-30,1935.0,8.0
81,Nausicaä of the Valley of the Wind,1000000.0,3301446.0,117.0,11.267366,7.7,808.0,ja,"['Adventure', 'Animation', 'Fantasy']",['Japan'],['日本語'],1984-03-11,1984.0,3.0
10023,Dragnet,20000000.0,66673516.0,106.0,7.907938,5.7,139.0,en,"['Action', 'Comedy', 'Crime']",['United States of America'],['English'],1987-06-25,1987.0,6.0
11519,1941,35000000.0,31755742.0,113.0,7.812379,5.6,145.0,en,"['Action', 'Comedy']",['United States of America'],"['English', 'Deutsch', '日本語']",1979-12-13,1979.0,12.0
11811,Leprechaun,900000.0,8556940.0,92.0,9.096254,5.1,120.0,en,"['Comedy', 'Horror', 'Thriller']",['United States of America'],"['English', 'Italiano']",1993-01-08,1993.0,1.0
48129,Run,16000000.0,4409328.0,91.0,5.857368,5.5,13.0,en,"['Action', 'Thriller', 'Drama']",['United States of America'],['English'],1991-02-01,1991.0,2.0
10028,Honey,18000000.0,62646763.0,94.0,11.863954,6.0,313.0,en,"['Romance', 'Music', 'Family']",['United States of America'],['English'],2003-11-24,2003.0,11.0
616,The Last Samurai,140000000.0,456758981.0,154.0,19.582325,7.3,1946.0,en,"['Drama', 'Action', 'War', 'History']","['Japan', 'United States of America', 'New Zealand']","['English', '日本語']",2003-12-05,2003.0,12.0
587,Big Fish,70000000.0,122919055.0,125.0,14.739983,7.6,2064.0,en,"['Adventure', 'Fantasy', 'Drama']",['United States of America'],['English'],2003-12-25,2003.0,12.0
6964,Something's Gotta Give,80000000.0,266728738.0,128.0,8.524847,6.3,422.0,en,"['Drama', 'Comedy', 'Romance']",['United States of America'],"['Français', 'English']",2003-12-12,2003.0,12.0
1792,Stuck on You,55000000.0,33828318.0,118.0,6.96675,5.1,194.0,en,['Comedy'],['United States of America'],['English'],2003-12-10,2003.0,12.0
122,The Lord of the Rings: The Return of the King,94000000.0,1118888979.0,201.0,29.324358,8.1,8226.0,en,"['Adventure', 'Fantasy', 'Action']","['New Zealand', 'United States of America']",['English'],2003-12-01,2003.0,12.0
8696,Calendar Girls,10000000.0,96542059.0,108.0,5.109575,6.6,94.0,en,['Comedy'],['United Kingdom'],['English'],2003-09-02,2003.0,9.0
11093,House of Sand and Fog,16500000.0,16942795.0,126.0,9.245145,7.0,202.0,en,['Drama'],['United States of America'],"['English', 'فارسی']",2003-12-19,2003.0,12.0
504,Monster,8000000.0,60378584.0,110.0,7.189024,7.0,500.0,en,"['Crime', 'Drama']",['United States of America'],['English'],2003-11-16,2003.0,11.0
11007,Cheaper by the Dozen,40000000.0,190212113.0,98.0,7.364297,6.0,725.0,en,['Comedy'],['United States of America'],['English'],2003-12-24,2003.0,12.0
2289,Cold Mountain,79000000.0,173013509.0,154.0,9.645543,6.7,545.0,en,['Drama'],"['United States of America', 'United Kingdom', 'Romania', 'Italy']",['English'],2003-12-24,2003.0,12.0
9620,Paycheck,60000000.0,96269812.0,119.0,12.571789,5.9,594.0,en,"['Action', 'Adventure', 'Mystery', 'Science Fiction', 'Thriller']","['Canada', 'United States of America']",['English'],2003-12-25,2003.0,12.0
10601,Peter Pan,100000000.0,121975011.0,113.0,8.98628,6.9,671.0,en,"['Adventure', 'Fantasy', 'Family']","['United Kingdom', 'United States of America']",['English'],2003-12-25,2003.0,12.0
52036,The Company,15000000.0,2281585.0,112.0,7.803563,5.7,21.0,en,['Drama'],[],['English'],2003-09-10,2003.0,9.0
14844,Chasing Liberty,23000000.0,12.0,111.0,5.950792,6.1,154.0,en,"['Comedy', 'Romance']","['United Kingdom', 'United States of America']","['English', 'Français', 'עִבְרִית', 'Italiano', 'Español', 'Deutsch']",2004-01-09,2004.0,1.0
5966,Along Came Polly,42000000.0,171963386.0,90.0,15.725542,5.8,795.0,en,"['Comedy', 'Romance']",['United States of America'],['English'],2004-01-16,2004.0,1.0
10718,Torque,40000000.0,46546197.0,84.0,5.574983,4.7,121.0,en,['Action'],"['Australia', 'United States of America']",['English'],2004-01-16,2004.0,1.0
11034,The Great Gatsby,6500000.0,26533200.0,144.0,5.702638,6.2,144.0,en,"['Drama', 'Romance']",['United States of America'],['English'],1974-03-27,1974.0,3.0
31395,"Car 54, Where Are You?",10700000.0,1238080.0,89.0,1.060709,3.0,5.0,en,"['Action', 'Comedy']",['United States of America'],['English'],1994-01-28,1994.0,1.0
15797,Only the Strong,6000000.0,3283371.0,99.0,7.96433,6.8,30.0,en,['Action'],['United States of America'],['English'],1993-08-27,1993.0,8.0
9548,The Adventures of Ford Fairlane,49000000.0,20423389.0,104.0,3.834949,6.2,72.0,en,"['Action', 'Comedy', 'Thriller', 'Crime', 'Mystery']",['United States of America'],['English'],1990-07-11,1990.0,7.0
17258,The Pick-up Artist,15000000.0,13290368.0,81.0,3.799983,5.4,35.0,en,"['Romance', 'Comedy', 'Crime', 'Drama']",['United States of America'],['English'],1987-09-18,1987.0,9.0
14239,Cool World,30000000.0,14110589.0,102.0,11.781895,4.9,135.0,en,"['Animation', 'Comedy', 'Fantasy']",['United States of America'],"['English', 'Português']",1992-07-10,1992.0,7.0
55448,Money for Nothing,11000000.0,1044824.0,100.0,4.08938,5.1,21.0,en,"['Drama', 'Action', 'Comedy', 'Thriller', 'Crime']",['United States of America'],['English'],1993-09-10,1993.0,9.0
1954,The Butterfly Effect,13000000.0,96060858.0,113.0,12.994939,7.3,2119.0,en,"['Science Fiction', 'Thriller']","['Canada', 'United States of America']",['English'],2004-01-22,2004.0,1.0
13476,Win a Date with Tad Hamilton!,17000000.0,16980098.0,95.0,5.924226,5.5,163.0,en,"['Comedy', 'Romance']",['United States of America'],['English'],2004-01-23,2004.0,1.0
12634,The Big Bounce,50000000.0,6808550.0,88.0,6.496271,5.0,77.0,en,"['Comedy', 'Crime']",['United States of America'],['English'],2004-01-30,2004.0,1.0
15708,Latter Days,850000.0,819939.0,107.0,3.334942,6.8,57.0,en,"['Drama', 'Comedy', 'Romance']",['United States of America'],['English'],2003-07-10,2003.0,7.0
21301,Barbershop 2:  Back in Business,18000000.0,65070412.0,106.0,8.353739,5.7,77.0,en,"['Comedy', 'Drama']",['United States of America'],['English'],2004-01-20,2004.0,1.0
20483,Catch That Kid,18000000.0,16702864.0,92.0,5.226389,5.0,78.0,en,"['Family', 'Action', 'Adventure']",['United States of America'],['English'],2004-02-06,2004.0,2.0
14292,Miracle,28000000.0,64445708.0,135.0,8.248999,7.0,162.0,en,"['Drama', 'History']",['United States of America'],['English'],2004-02-06,2004.0,2.0
1278,The Dreamers,15000000.0,15121165.0,115.0,6.685981,7.2,680.0,en,"['Drama', 'Romance']","['France', 'Italy', 'United Kingdom']","['English', 'Français']",2003-09-01,2003.0,9.0
29473,Let's Do It Again,70000.0,11800000.0,110.0,1.411831,7.7,10.0,en,"['Comedy', 'Action', 'Crime']",['United States of America'],['English'],1975-10-11,1975.0,10.0
11023,Thirteen,2000000.0,4601043.0,100.0,14.379879,6.6,355.0,en,"['Crime', 'Drama']",['United States of America'],"['English', 'Português', 'Español']",2003-08-20,2003.0,8.0
35227,Foolish Wives,1100000.0,400200.0,117.0,0.838095,6.4,10.0,en,['Drama'],['United States of America'],['No Language'],1922-01-11,1922.0,1.0
11221,Best Defense,18000000.0,19265302.0,94.0,1.975174,3.6,25.0,en,"['Action', 'Comedy']",['United States of America'],['English'],1984-07-20,1984.0,7.0
1824,50 First Dates,75000000.0,196482882.0,99.0,11.134888,6.6,2161.0,en,"['Comedy', 'Romance']",['United States of America'],['English'],2004-02-13,2004.0,2.0
16784,Welcome to Mooseport,30000000.0,14000000.0,110.0,3.832792,4.8,54.0,en,['Comedy'],"['Germany', 'United States of America']",['English'],2004-02-24,2004.0,2.0
11951,Vanishing Point,1300000.0,72266306.0,99.0,5.184013,7.1,110.0,en,"['Action', 'Thriller', 'Drama']",['United States of America'],['English'],1971-01-15,1971.0,1.0
28963,The Thief of Bagdad,1135654.0,1213880.0,149.0,3.878515,7.4,37.0,en,"['Action', 'Adventure', 'Drama', 'Family', 'Fantasy']",['United States of America'],['No Language'],1924-03-18,1924.0,3.0
9838,King Solomon's Mines,12500000.0,238227.0,100.0,6.138795,5.0,101.0,en,"['Action', 'Adventure', 'Comedy']",['United States of America'],['English'],1985-03-20,1985.0,3.0
2099,Raw Deal,8500000.0,16209459.0,106.0,9.292099,5.5,159.0,en,"['Action', 'Crime', 'Thriller']",['United States of America'],['English'],1986-06-06,1986.0,6.0
8842,Against the Ropes,39000000.0,6614280.0,106.0,1.381022,4.5,32.0,en,"['Romance', 'Drama']","['Germany', 'United States of America']",['English'],2004-02-20,2004.0,2.0
11132,Confessions of a Teenage Drama Queen,15000000.0,29331068.0,89.0,7.423275,5.1,228.0,en,['Comedy'],"['Germany', 'United States of America']",['English'],2004-02-17,2004.0,2.0
9352,EuroTrip,25000000.0,20796847.0,93.0,6.275468,6.5,673.0,en,['Comedy'],['United States of America'],"['English', 'Français', 'Italiano', '日本語', 'Deutsch']",2004-02-20,2004.0,2.0
615,The Passion of the Christ,30000000.0,611899420.0,127.0,13.194168,6.9,888.0,en,['Drama'],['United States of America'],"['עִבְרִית', 'Latin']",2004-02-25,2004.0,2.0
11217,Club Dread,8500000.0,5001655.0,104.0,6.57613,5.1,107.0,en,"['Comedy', 'Horror']",['United States of America'],['English'],2004-02-27,2004.0,2.0
10677,Dirty Dancing: Havana Nights,25000000.0,27685016.0,86.0,4.475359,6.0,154.0,en,"['Drama', 'Romance']",['United States of America'],"['English', 'Español']",2004-02-27,2004.0,2.0
13572,Twisted,50000000.0,25195000.0,97.0,5.376246,5.3,127.0,en,"['Action', 'Adventure', 'Crime', 'Drama', 'Thriller']","['Germany', 'United States of America']","['Italiano', 'Español', 'English']",2004-02-27,2004.0,2.0
338,"Good bye, Lenin!",4800000.0,79384880.0,121.0,10.605595,7.4,602.0,de,"['Comedy', 'Drama', 'Romance']",['Germany'],['Deutsch'],2003-02-09,2003.0,2.0
2023,Hidalgo,100000000.0,108103450.0,136.0,8.140709,6.5,321.0,en,"['Western', 'Adventure']","['United States of America', 'Morocco']",['English'],2004-03-05,2004.0,3.0
9384,Starsky & Hutch,60000000.0,170268750.0,101.0,10.776138,5.6,661.0,en,"['Comedy', 'Crime']",['United States of America'],"['English', '한국어/조선말']",2004-03-05,2004.0,3.0
17047,Agent Cody Banks 2: Destination London,26000000.0,28818995.0,100.0,12.59201,5.2,145.0,en,['Comedy'],['United States of America'],['English'],2004-06-24,2004.0,6.0
10591,The Girl Next Door,25000000.0,30411183.0,108.0,13.083718,6.3,844.0,en,['Comedy'],['United States of America'],['English'],2004-04-09,2004.0,4.0
1586,Secret Window,40000000.0,92913171.0,96.0,9.524283,6.4,1007.0,en,"['Thriller', 'Mystery']",['United States of America'],['English'],2004-03-12,2004.0,3.0
11169,Spartan,19250000.0,8112712.0,102.0,7.364519,6.3,104.0,en,"['Mystery', 'Action', 'Drama', 'Thriller', 'Crime']","['Germany', 'United States of America']","['English', 'Pусский', 'svenska']",2004-03-12,2004.0,3.0
2778,Clifford,19000000.0,7411659.0,89.0,2.459293,5.3,17.0,en,"['Comedy', 'Family']",['United States of America'],['English'],1994-04-01,1994.0,4.0
47168,The Wind in the Willows,12.0,1.0,84.0,1.410322,4.9,16.0,en,"['Fantasy', 'Drama', 'Comedy', 'Family', 'Adventure']",['United Kingdom'],"['English', 'Français', 'Magyar']",1996-10-16,1996.0,10.0
924,Dawn of the Dead,28000000.0,102356381.0,101.0,13.157873,6.8,1039.0,en,"['Fantasy', 'Horror', 'Action']",['United States of America'],"['English', 'Italiano']",2004-03-19,2004.0,3.0
38,Eternal Sunshine of the Spotless Mind,20000000.0,72258126.0,108.0,12.906327,7.9,3758.0,en,"['Science Fiction', 'Drama', 'Romance']",['United States of America'],['English'],2004-03-19,2004.0,3.0
11081,Taking Lives,45000000.0,65470529.0,103.0,7.85646,6.0,356.0,en,"['Action', 'Crime', 'Mystery', 'Thriller']",['United States of America'],['English'],2004-03-19,2004.0,3.0
16941,Intermission,5000000.0,4856298.0,105.0,3.715985,6.4,51.0,en,"['Romance', 'Action', 'Comedy', 'Crime', 'Mystery', 'Drama']","['Ireland', 'United Kingdom']",['English'],2003-08-29,2003.0,8.0
9541,Jersey Girl,35000000.0,36098382.0,102.0,5.706507,5.8,333.0,en,"['Comedy', 'Romance']",['United States of America'],['English'],2004-03-25,2004.0,3.0
20304,Never Die Alone,3000000.0,5923000.0,88.0,6.212433,5.7,34.0,en,"['Action', 'Adventure', 'Crime', 'Drama', 'Thriller']",['United States of America'],['English'],2004-03-26,2004.0,3.0
553,Dogville,10000000.0,16680836.0,178.0,9.808595,7.6,619.0,da,"['Crime', 'Drama', 'Thriller']","['Denmark', 'Finland', 'France', 'Germany', 'Italy', 'Netherlands', 'Norway', 'Sweden', 'United Kingdom']",['English'],2003-05-19,2003.0,5.0
1487,Hellboy,66000000.0,99318987.0,122.0,13.206854,6.5,2278.0,en,"['Fantasy', 'Action', 'Science Fiction']",['United States of America'],"['Pусский', 'English']",2004-04-02,2004.0,4.0
13700,Home on the Range,110000000.0,103951461.0,76.0,8.555544,5.7,405.0,en,"['Animation', 'Family']",['United States of America'],"['普通话', 'English']",2004-04-02,2004.0,4.0
11358,Walking Tall,56000000.0,57223890.0,86.0,10.577565,6.0,387.0,en,"['Adventure', 'Drama', 'Action', 'Thriller']",['United States of America'],['English'],2004-04-02,2004.0,4.0
19084,Johnson Family Vacation,12000000.0,31179516.0,97.0,3.223039,4.8,31.0,en,"['Comedy', 'Family']",['United States of America'],['English'],2004-04-07,2004.0,4.0
10733,The Alamo,145000000.0,25819961.0,137.0,12.240901,5.8,108.0,en,"['Western', 'History', 'War']",['United States of America'],"['English', 'Español']",2004-04-07,2004.0,4.0
14442,Ella Enchanted,31000000.0,27388767.0,96.0,11.316988,5.9,454.0,en,"['Family', 'Fantasy', 'Comedy']","['Ireland', 'United Kingdom']",['English'],2004-04-09,2004.0,4.0
2122,The Whole Ten Yards,40000000.0,26155781.0,98.0,7.15606,5.5,282.0,en,"['Comedy', 'Thriller', 'Crime']",['United States of America'],"['English', 'עִבְרִית', 'Magyar']",2004-04-07,2004.0,4.0
6844,The Ten Commandments,13000000.0,122700000.0,220.0,11.14704,7.5,358.0,en,"['Drama', 'History']",['United States of America'],['English'],1956-10-05,1956.0,10.0
923,Dawn of the Dead,650000.0,55000000.0,127.0,19.24201,7.4,597.0,en,['Horror'],"['Italy', 'Japan', 'United States of America']",['English'],1978-09-02,1978.0,9.0
10338,Those Magnificent Men in Their Flying Machines or How I Flew from London to Paris in 25 hours 11 minutes,5600000.0,29950000.0,138.0,5.191425,6.4,40.0,en,"['Action', 'Adventure', 'Comedy']",['United Kingdom'],"['English', 'Français', 'Deutsch', 'Italiano', '日本語']",1965-06-03,1965.0,6.0
10843,After Hours,4500000.0,10609321.0,97.0,6.583161,7.4,251.0,en,"['Comedy', 'Thriller', 'Drama']",['United States of America'],['English'],1985-09-13,1985.0,9.0
15673,Connie and Carla,20000000.0,11341016.0,98.0,9.502332,6.4,24.0,en,"['Music', 'Comedy', 'Crime']",['United States of America'],['English'],2004-04-16,2004.0,4.0
393,Kill Bill: Vol. 2,30000000.0,152159461.0,136.0,21.533072,7.7,4061.0,en,"['Action', 'Crime', 'Thriller']",['United States of America'],"['English', '普通话', 'Español', '广州话 / 廣州話']",2004-04-16,2004.0,4.0
7220,The Punisher,33000000.0,54700105.0,124.0,18.250919,6.1,786.0,en,"['Action', 'Crime', 'Drama']","['Germany', 'United States of America']",['English'],2004-04-15,2004.0,4.0
237,Young Adam,6400000.0,2500000.0,93.0,5.235419,5.9,46.0,en,"['Drama', 'Thriller', 'Crime', 'Romance']","['France', 'United Kingdom']",['English'],2003-09-26,2003.0,9.0
10096,13 Going on 30,37000000.0,96455697.0,98.0,12.632595,6.3,1260.0,en,"['Comedy', 'Fantasy', 'Romance']",['United States of America'],"['English', 'Français', 'Português']",2004-04-13,2004.0,4.0
9509,Man on Fire,70000000.0,130293714.0,146.0,9.635691,7.3,1583.0,en,"['Action', 'Drama', 'Thriller', 'Crime']","['United Kingdom', 'United States of America']","['English', 'Español']",2004-04-23,2004.0,4.0
11058,Godsend,25000000.0,30114487.0,102.0,11.271148,4.7,114.0,en,"['Drama', 'Horror', 'Science Fiction', 'Thriller']","['Canada', 'United States of America']",['English'],2004-04-30,2004.0,4.0
11141,Laws of Attraction,28000000.0,30016165.0,90.0,5.739139,5.6,104.0,en,"['Action', 'Comedy', 'Romance', 'Thriller']","['Germany', 'Ireland', 'United Kingdom']",['English'],2004-04-04,2004.0,4.0
10625,Mean Girls,17000000.0,129042871.0,97.0,11.454835,6.9,2401.0,en,['Comedy'],['United States of America'],"['Kiswahili', 'English', 'Deutsch', 'Tiếng Việt']",2004-04-30,2004.0,4.0
54807,Mickey,6000000.0,293793.0,90.0,0.33262,6.5,1.0,en,"['Drama', 'Family']",['United States of America'],['English'],2004-05-02,2004.0,5.0
7131,Van Helsing,160000000.0,300257475.0,132.0,12.643312,6.0,1674.0,en,"['Horror', 'Adventure', 'Action']","['Czech Republic', 'United States of America']","['English', 'Latin']",2004-05-05,2004.0,5.0
26899,The Mudge Boy,800000.0,62852.0,94.0,7.137026,7.3,24.0,en,['Drama'],['United States of America'],['English'],2003-01-17,2003.0,1.0
652,Troy,175000000.0,497409852.0,163.0,15.387275,6.9,2841.0,en,"['Adventure', 'Drama', 'War']","['United States of America', 'Malta', 'United Kingdom']",['English'],2004-05-13,2004.0,5.0
10375,D-Tox,55000000.0,6416302.0,96.0,13.374415,5.4,126.0,en,"['Action', 'Thriller']",['United States of America'],['English'],2002-01-04,2002.0,1.0
11864,Enemy Mine,40000000.0,12303411.0,108.0,9.802889,6.7,253.0,en,"['Drama', 'Science Fiction']",['United States of America'],['English'],1985-12-12,1985.0,12.0
9461,Enter the Dragon,850000.0,90000000.0,99.0,10.687757,7.3,489.0,en,"['Action', 'Crime', 'Thriller']","['Hong Kong', 'United States of America']","['广州话 / 廣州話', 'English']",1973-08-17,1973.0,8.0
667,You Only Live Twice,9500000.0,111584787.0,117.0,10.359669,6.5,541.0,en,"['Action', 'Thriller', 'Adventure']",['United Kingdom'],"['English', '日本語', 'Pусский']",1967-06-12,1967.0,6.0
700,Octopussy,27500000.0,187500000.0,131.0,10.619302,6.2,534.0,en,"['Adventure', 'Action', 'Thriller']","['United Kingdom', 'United States of America']","['Deutsch', 'English', 'Pусский', 'Español']",1983-06-05,1983.0,6.0
36670,Never Say Never Again,36000000.0,160000000.0,134.0,10.231985,5.8,348.0,en,"['Adventure', 'Action', 'Thriller']","['Germany', 'United Kingdom', 'United States of America']","['English', 'Français', 'العربية', 'Español']",1983-10-07,1983.0,10.0
294,Desert Hearts,350000.0,2400000.0,96.0,1.553107,6.7,21.0,en,"['Drama', 'Romance']",['United States of America'],['English'],1985-10-01,1985.0,10.0
11507,Body Double,10000000.0,8801940.0,114.0,9.836894,6.4,138.0,en,"['Crime', 'Mystery', 'Horror', 'Thriller']",['United States of America'],['English'],1984-10-25,1984.0,10.0
1162,The Miracle Worker,500000.0,2500000.0,106.0,4.368765,7.5,65.0,en,['Drama'],['United States of America'],['English'],1962-05-22,1962.0,5.0
13937,Raising Cain,12000000.0,37170057.0,91.0,8.816951,5.9,66.0,en,"['Drama', 'Horror', 'Thriller', 'Crime']",['United States of America'],['English'],1992-08-07,1992.0,8.0
26670,Noises Off...,12000000.0,2280148.0,101.0,4.179487,7.0,38.0,en,['Comedy'],['United States of America'],['English'],1992-03-20,1992.0,3.0
988,The China Syndrome,5900000.0,51718367.0,122.0,4.621214,7.0,99.0,en,"['Thriller', 'Drama']",['United States of America'],['English'],1979-03-16,1979.0,3.0
25508,Cat People,134000.0,4000000.0,73.0,5.110716,6.9,96.0,en,"['Thriller', 'Drama', 'Horror']",['United States of America'],"['Český', 'English', 'Srpski']",1942-12-05,1942.0,12.0
42205,Good Guys Wear Black,1000000.0,18300000.0,95.0,2.261946,5.7,19.0,en,"['Action', 'Thriller']",['United States of America'],['English'],1978-06-01,1978.0,6.0
9624,On Deadly Ground,50000000.0,49000000.0,102.0,6.678661,4.6,109.0,en,"['Action', 'Thriller']",['United States of America'],"['Český', 'English']",1994-02-18,1994.0,2.0
44807,Forever Fever,1070000.0,570000.0,95.0,0.170074,5.1,4.0,en,"['Comedy', 'Music', 'Romance', 'Foreign']",['Singapore'],['English'],1998-05-28,1998.0,5.0
9872,Explorers,25000000.0,9873044.0,109.0,4.935932,6.2,120.0,en,"['Adventure', 'Family', 'Fantasy', 'Romance', 'Science Fiction']",['United States of America'],"['English', 'Deutsch']",1985-07-12,1985.0,7.0
11474,The Warriors,4000000.0,22490039.0,93.0,11.457298,7.4,451.0,en,"['Action', 'Adventure', 'Crime', 'Drama', 'Thriller']",['United States of America'],['English'],1979-02-08,1979.0,2.0
33157,Waterloo,25000000.0,3052000.0,128.0,3.240624,7.1,33.0,en,"['History', 'Action', 'Drama']","['Italy', 'Russia']","['English', 'Pусский']",1970-10-26,1970.0,10.0
9459,Woodstock,600000.0,34505110.0,225.0,3.624542,7.1,67.0,en,"['History', 'Documentary', 'Music']",['United States of America'],['English'],1970-03-26,1970.0,3.0
11577,Pat Garrett & Billy the Kid,4638783.0,11000000.0,106.0,5.781236,7.2,67.0,en,['Western'],['United States of America'],['English'],1973-05-23,1973.0,5.0
23330,The Ballad of Cable Hogue,3716946.0,5000000.0,121.0,2.537955,6.9,48.0,en,"['Action', 'Comedy', 'Western']",['United States of America'],['English'],1970-05-13,1970.0,5.0
25598,The Indian Runner,7000000.0,191125.0,127.0,7.218957,6.2,23.0,en,['Drama'],"['Japan', 'United States of America']",['English'],1991-05-19,1991.0,5.0
14703,The Night of the Iguana,3000000.0,12000000.0,125.0,2.560454,6.9,36.0,en,"['Drama', 'Romance']",['United States of America'],"['English', 'Español']",1964-08-06,1964.0,8.0
20481,Nightbreed,11000000.0,8862354.0,102.0,6.372135,6.4,106.0,en,"['Action', 'Drama', 'Fantasy', 'Horror']",['United States of America'],['English'],1990-02-16,1990.0,2.0
7090,Ken Park,1300000.0,447741.0,97.0,12.630419,5.7,136.0,en,['Drama'],"['France', 'Netherlands', 'United States of America']",['English'],2002-08-31,2002.0,8.0
5902,A Bridge Too Far,22000000.0,50750000.0,175.0,7.719173,7.0,210.0,en,"['Drama', 'History', 'War']","['United Kingdom', 'United States of America']","['English', 'Nederlands', 'Polski', 'Deutsch', 'Latin']",1977-06-15,1977.0,6.0
12762,Broadway Danny Rose,8000000.0,10600497.0,84.0,5.892277,7.2,104.0,en,['Comedy'],['United States of America'],['English'],1984-01-27,1984.0,1.0
14510,From Beyond,4500000.0,1261000.0,86.0,7.522655,6.5,105.0,en,"['Horror', 'Science Fiction', 'Fantasy']",['United States of America'],['English'],1986-06-05,1986.0,6.0
10690,Space Truckers,25000000.0,1614266.0,95.0,3.596317,5.6,38.0,en,"['Comedy', 'Science Fiction', 'Thriller', 'Adventure']","['Ireland', 'United Kingdom', 'United States of America']",['English'],1996-03-01,1996.0,3.0
40028,Not of This Earth,210000.0,107352.0,81.0,1.569865,4.5,14.0,en,"['Horror', 'Science Fiction']",['United States of America'],['English'],1988-05-20,1988.0,5.0
13282,Death Race 2000,300000.0,8000000.0,80.0,6.064898,6.0,125.0,en,"['Action', 'Comedy', 'Science Fiction']",['United States of America'],['English'],1975-04-27,1975.0,4.0
5916,The Getaway,3352254.0,58831997.0,118.0,10.037593,7.0,120.0,en,"['Action', 'Crime', 'Thriller']",['United States of America'],['English'],1972-12-13,1972.0,12.0
203,Mean Streets,500000.0,3000000.0,110.0,8.212399,7.2,359.0,en,"['Drama', 'Crime']",['United States of America'],"['English', 'Italiano']",1973-10-02,1973.0,10.0
26268,Harper,3500000.0,12000000.0,121.0,8.55931,6.3,37.0,en,"['Action', 'Drama', 'Thriller', 'Crime', 'Mystery']",['United States of America'],['English'],1966-02-23,1966.0,2.0
25853,Dahmer,250000.0,144008.0,101.0,3.66229,5.2,56.0,en,"['Drama', 'Horror']",['United States of America'],"['English', 'Français']",2002-06-21,2002.0,6.0
68430,Paradise,34000000.0,18634643.0,111.0,7.176726,5.6,13.0,en,"['Drama', 'Family', 'Romance']",['United States of America'],['English'],1991-09-18,1991.0,9.0
14554,Bad Day at Black Rock,1271000.0,3788000.0,81.0,7.441117,7.0,88.0,en,"['Crime', 'Drama', 'Western']",['United States of America'],['English'],1955-01-07,1955.0,1.0
29146,Charly,950000.0,814666.0,103.0,2.526159,6.6,28.0,en,"['Drama', 'Romance', 'Science Fiction']",['United States of America'],['English'],1968-09-23,1968.0,9.0
5722,Beyond the Valley of the Dolls,2090000.0,40000000.0,109.0,3.129943,6.6,53.0,en,"['Comedy', 'Drama', 'Thriller']",['United States of America'],['English'],1970-07-17,1970.0,7.0
51515,At Play in the Fields of the Lord,36000000.0,1345903.0,189.0,2.151436,5.8,11.0,en,"['Drama', 'Romance']","['Brazil', 'United States of America']",['English'],1991-12-06,1991.0,12.0
19185,Night of the Living Dead,4200000.0,5835247.0,88.0,10.644165,6.7,198.0,en,['Horror'],['United States of America'],['English'],1990-10-18,1990.0,10.0
31526,Queen Christina,1114000.0,2610000.0,99.0,2.886254,6.8,24.0,en,"['Drama', 'History', 'Romance']",['United States of America'],"['English', 'Español']",1933-12-26,1933.0,12.0
13763,Purple Rain,7200000.0,68392977.0,111.0,9.190328,6.6,91.0,en,"['Drama', 'Music', 'Romance']",['United States of America'],['English'],1984-07-27,1984.0,7.0
15573,The Cowboys,6000000.0,7500000.0,131.0,3.189566,7.0,60.0,en,"['Action', 'Adventure', 'Drama', 'Western']",['United States of America'],['English'],1972-01-13,1972.0,1.0
10178,The Caine Mutiny,2000000.0,21750000.0,124.0,8.999948,7.2,78.0,en,"['Drama', 'War']",['United States of America'],['English'],1954-06-24,1954.0,6.0
10734,Escape from Alcatraz,8000000.0,43000000.0,111.0,11.837667,7.3,581.0,en,"['Crime', 'Drama']",['United States of America'],['English'],1979-06-22,1979.0,6.0
809,Shrek 2,150000000.0,919838758.0,93.0,16.22986,6.7,3082.0,en,"['Adventure', 'Animation', 'Comedy', 'Family', 'Fantasy']",['United States of America'],['English'],2004-05-19,2004.0,5.0
435,The Day After Tomorrow,125000000.0,544272402.0,124.0,15.049695,6.2,2462.0,en,"['Action', 'Adventure', 'Science Fiction', 'Thriller']",['United States of America'],"['English', '日本語', 'Français', 'العربية', 'Español']",2004-05-26,2004.0,5.0
4599,Raising Helen,50000000.0,49718611.0,119.0,12.448933,5.9,195.0,en,"['Drama', 'Comedy', 'Romance']",['United States of America'],['English'],2004-05-27,2004.0,5.0
12657,Soul Plane,16000000.0,14822346.0,86.0,8.604389,4.7,109.0,en,"['Romance', 'Comedy']",['United States of America'],"['Español', 'English']",2004-05-28,2004.0,5.0
59210,The Mother,2500000.0,1062253.0,112.0,3.551063,6.3,18.0,en,"['Drama', 'Romance']",[],['English'],2003-01-01,2003.0,1.0
673,Harry Potter and the Prisoner of Azkaban,130000000.0,789804554.0,141.0,28.460276,7.7,6037.0,en,"['Adventure', 'Fantasy', 'Family']","['United Kingdom', 'United States of America']",['English'],2004-05-31,2004.0,5.0
16617,Mindhunters,27000000.0,21148829.0,106.0,7.600017,6.3,339.0,en,"['Mystery', 'Thriller', 'Crime']","['Finland', 'Netherlands', 'United Kingdom', 'United States of America']",['English'],2004-05-07,2004.0,5.0
2789,The Chronicles of Riddick,105000000.0,115772733.0,119.0,5.060352,6.3,1593.0,en,"['Action', 'Science Fiction']",['United States of America'],['English'],2004-06-11,2004.0,6.0
8920,Garfield,50000000.0,200804534.0,80.0,10.003679,5.2,851.0,en,"['Animation', 'Comedy', 'Family']",['United States of America'],['English'],2004-06-10,2004.0,6.0
9890,The Stepford Wives,90000000.0,102000000.0,93.0,10.81552,5.4,339.0,en,"['Action', 'Comedy', 'Science Fiction']",['United States of America'],['English'],2004-06-10,2004.0,6.0
8193,Napoleon Dynamite,400000.0,46118097.0,95.0,10.287419,6.7,567.0,en,['Comedy'],['United States of America'],['English'],2004-06-11,2004.0,6.0
47821,City of Joy,27000000.0,14683921.0,132.0,1.408176,6.3,30.0,en,['Drama'],"['France', 'United Kingdom']",['English'],1992-04-15,1992.0,4.0
26142,The Doctor,12000000.0,38120905.0,122.0,8.337242,6.6,24.0,en,['Drama'],['United States of America'],['English'],1991-07-24,1991.0,7.0
27017,For Me and My Gal,802000.0,4371000.0,104.0,6.165341,6.2,12.0,en,"['Drama', 'Music', 'Romance']",['United States of America'],"['English', 'Français']",1942-10-21,1942.0,10.0
52959,Star!,14320000.0,14000000.0,176.0,0.585397,6.0,7.0,en,"['Drama', 'Music', 'Romance']",['United States of America'],['English'],1968-07-18,1968.0,7.0
42345,The Molly Maguires,11000000.0,2200000.0,124.0,2.27258,5.9,16.0,en,"['Drama', 'History']",['United States of America'],['English'],1970-01-27,1970.0,1.0
76516,Meet the Applegates,5000000.0,485772.0,90.0,0.399156,5.0,6.0,en,"['Comedy', 'Science Fiction']",[],['English'],1991-02-01,1991.0,2.0
18712,Sands of Iwo Jima,1000000.0,7800000.0,100.0,2.828371,6.2,33.0,en,"['Action', 'Drama', 'History', 'War']",['United States of America'],['English'],1949-12-14,1949.0,12.0
9372,Super Size Me,65000.0,28575078.0,100.0,5.266103,6.6,520.0,en,"['Documentary', 'Comedy', 'Drama']",['United States of America'],['English'],2004-01-17,2004.0,1.0
44695,The Born Losers,360000.0,36000000.0,113.0,1.345165,5.3,13.0,en,"['Action', 'Drama']",['United States of America'],['English'],1967-08-18,1967.0,8.0
9542,The Hitcher,6000000.0,5844868.0,97.0,5.648114,6.9,192.0,en,"['Action', 'Horror', 'Thriller']",['United States of America'],['English'],1986-02-21,1986.0,2.0
17820,Show Boat,2300000.0,11000000.0,107.0,2.01799,6.9,18.0,en,"['Music', 'Romance']",['United States of America'],['English'],1951-07-13,1951.0,7.0
10204,Around the World in 80 Days,110000000.0,72178895.0,120.0,7.825072,5.7,687.0,en,"['Action', 'Adventure', 'Comedy']","['Germany', 'Ireland', 'United Kingdom', 'United States of America']","['Deutsch', 'English', 'Français', 'हिन्दी', 'Türkçe', '广州话 / 廣州話']",2004-06-16,2004.0,6.0
9472,DodgeBall: A True Underdog Story,20000000.0,167722310.0,92.0,11.967379,6.2,1009.0,en,['Comedy'],"['Germany', 'United States of America']","['English', 'Deutsch']",2004-06-18,2004.0,6.0
594,The Terminal,60000000.0,219417255.0,128.0,14.092373,7.1,1974.0,en,"['Comedy', 'Drama']",['United States of America'],"['български език', 'English', 'Français', 'Pусский', 'Español']",2004-06-17,2004.0,6.0
12153,White Chicks,37000000.0,113086475.0,109.0,7.723341,6.3,704.0,en,['Comedy'],['United States of America'],['English'],2004-06-23,2004.0,6.0
11036,The Notebook,29000000.0,115603229.0,123.0,15.239013,7.7,3163.0,en,"['Romance', 'Drama']",['United States of America'],['English'],2004-06-25,2004.0,6.0
1997,Two Brothers,74500000.0,62172050.0,109.0,5.300303,6.9,185.0,en,"['Adventure', 'Drama', 'Family']","['France', 'United Kingdom']","['English', 'Français', 'ภาษาไทย']",2004-04-07,2004.0,4.0
26520,Bob & Carol & Ted & Alice,2000000.0,30000000.0,101.0,1.81433,6.2,20.0,en,"['Comedy', 'Drama']",['United States of America'],['English'],1969-09-17,1969.0,9.0
10448,Rapa Nui,20000000.0,305070.0,107.0,7.180346,6.2,33.0,en,['Adventure'],['United States of America'],['English'],1994-09-09,1994.0,9.0
16136,Juice,5000000.0,20146880.0,96.0,5.547398,7.0,103.0,en,"['Action', 'Crime', 'Drama', 'Thriller']",['United States of America'],['English'],1992-01-17,1992.0,1.0
2334,Taxi 3,14500000.0,65497208.0,82.0,5.892859,5.5,367.0,fr,"['Action', 'Comedy']",['France'],['Français'],2003-01-29,2003.0,1.0
10780,Overboard,1880006.0,26713187.0,106.0,5.549621,6.7,240.0,en,"['Comedy', 'Romance']",['United States of America'],"['English', 'Français']",1987-12-16,1987.0,12.0
1777,Fahrenheit 9/11,6000000.0,119114517.0,122.0,6.83946,6.9,403.0,en,[],['United States of America'],"['العربية', 'English']",2004-06-25,2004.0,6.0
54022,Search and Destroy,4000000.0,389503.0,90.0,0.737602,6.1,4.0,en,"['Action', 'Comedy', 'Drama', 'Thriller']",['United States of America'],['Italiano'],1995-01-01,1995.0,1.0
22094,Hard Times,2700000.0,5000000.0,93.0,3.427039,6.7,56.0,en,['Drama'],['United States of America'],['English'],1975-09-04,1975.0,9.0
11884,The Last Starfighter,15000000.0,28733290.0,101.0,5.984133,6.5,225.0,en,"['Adventure', 'Science Fiction', 'Action']",['United States of America'],['English'],1984-07-13,1984.0,7.0
558,Spider-Man 2,200000000.0,783766341.0,127.0,10.834506,6.7,4432.0,en,"['Action', 'Adventure', 'Fantasy']",['United States of America'],"['English', 'Pусский', '普通话']",2004-06-25,2004.0,6.0
80,Before Sunset,2700000.0,15992615.0,80.0,7.048957,7.6,734.0,en,"['Drama', 'Romance']",['United States of America'],"['English', 'Français']",2004-02-10,2004.0,2.0
9477,King Arthur,120000000.0,203567857.0,126.0,8.862107,6.1,827.0,en,"['Adventure', 'War', 'History']","['Ireland', 'United Kingdom', 'United States of America']","['English', '', 'Gaeilge', 'Latin', 'Cymraeg']",2004-07-07,2004.0,7.0
8699,Anchorman: The Legend of Ron Burgundy,26000000.0,90574188.0,94.0,10.33012,6.7,1523.0,en,['Comedy'],['United States of America'],['English'],2004-07-09,2004.0,7.0
11247,A Cinderella Story,19000000.0,70067909.0,95.0,8.385361,6.1,737.0,en,['Comedy'],"['Canada', 'United States of America']","['Český', 'English', 'Deutsch']",2004-07-10,2004.0,7.0
2048,"I, Robot",120000000.0,347234916.0,115.0,14.43075,6.7,3889.0,en,"['Action', 'Science Fiction']","['United States of America', 'Germany']",['English'],2004-07-15,2004.0,7.0
11897,How the West Was Won,15000000.0,50000000.0,162.0,7.281721,6.6,83.0,en,"['History', 'Western', 'Adventure']",['United States of America'],"['English', 'Español']",1962-11-01,1962.0,11.0
2502,The Bourne Supremacy,75000000.0,288500217.0,108.0,20.40426,7.2,2873.0,en,"['Action', 'Drama', 'Thriller']","['Germany', 'United States of America']","['English', 'Pусский', 'Deutsch', 'Italiano']",2004-07-23,2004.0,7.0
314,Catwoman,100000000.0,82102379.0,104.0,13.340272,4.2,833.0,en,"['Action', 'Crime']",['United States of America'],"['Español', 'English']",2004-07-22,2004.0,7.0
18923,A Home at the End of the World,6500000.0,1548955.0,96.0,4.136105,6.8,45.0,en,"['Romance', 'Drama']",['United States of America'],['English'],2004-07-23,2004.0,7.0
5228,Stay Hungry,5000000.0,24854765.0,102.0,2.44274,5.8,15.0,en,"['Comedy', 'Drama']",['United States of America'],['English'],1976-04-23,1976.0,4.0
39209,Shalako,1455000.0,2620000.0,113.0,6.229674,5.4,12.0,en,['Western'],"['United States of America', 'Germany']","['Deutsch', 'English', 'Español']",1968-11-06,1968.0,11.0
19051,The New Adventures of Pippi Longstocking,5000000.0,3569939.0,100.0,3.078111,5.8,18.0,en,"['Fantasy', 'Adventure', 'Family']","['Sweden', 'United States of America']",['English'],1988-07-06,1988.0,7.0
53287,The Super,22000000.0,11000863.0,84.0,4.196125,5.5,21.0,en,['Comedy'],"['Japan', 'United States of America']","['English', 'Español']",1991-10-04,1991.0,10.0
31522,A Woman Is a Woman,160000.0,100655.0,84.0,4.431293,7.5,63.0,fr,"['Comedy', 'Drama', 'Romance']","['France', 'Italy']",['Français'],1961-09-06,1961.0,9.0
14462,The Manchurian Candidate,80000000.0,96105964.0,129.0,10.796939,6.2,401.0,en,"['Drama', 'Thriller', 'Mystery']",['United States of America'],['English'],2004-07-30,2004.0,7.0
14623,Thunderbirds,57000000.0,28283637.0,95.0,14.363421,4.2,92.0,en,"['Action', 'Adventure', 'Comedy', 'Family', 'Fantasy', 'Science Fiction']","['United Kingdom', 'France']",['English'],2004-07-23,2004.0,7.0
6947,The Village,60000000.0,256697520.0,108.0,8.172707,6.2,1101.0,en,"['Drama', 'Mystery', 'Thriller']",['United States of America'],['English'],2004-07-30,2004.0,7.0
401,Garden State,2500000.0,26781723.0,102.0,11.630809,7.1,631.0,en,"['Comedy', 'Drama', 'Romance']",['United States of America'],['English'],2004-07-28,2004.0,7.0
1538,Collateral,65000000.0,217764291.0,120.0,13.455112,7.0,1476.0,en,"['Drama', 'Crime', 'Thriller']",['United States of America'],"['Español', 'English']",2004-08-04,2004.0,8.0
14846,Little Black Book,35000000.0,22034832.0,111.0,5.093704,5.2,114.0,en,"['Comedy', 'Romance', 'Drama']",['United States of America'],['English'],2004-08-06,2004.0,8.0
11282,Harold & Kumar Go to White Castle,9000000.0,23936908.0,88.0,8.344105,6.6,709.0,en,"['Comedy', 'Adventure']",['United States of America'],"['English', 'हिन्दी']",2004-05-30,2004.0,5.0
11130,The Princess Diaries 2: Royal Engagement,40000000.0,95149435.0,113.0,8.248895,6.0,726.0,en,"['Comedy', 'Drama', 'Family', 'Romance']",['United States of America'],['English'],2004-08-06,2004.0,8.0
395,AVP: Alien vs. Predator,70000000.0,171183863.0,101.0,12.636205,5.6,1241.0,en,"['Adventure', 'Science Fiction', 'Action']","['Canada', 'Czech Republic', 'Germany', 'United Kingdom', 'United States of America']","['Italiano', 'English']",2004-08-12,2004.0,8.0
11052,Yu-Gi-Oh! The Movie,20000000.0,29170410.0,90.0,5.946085,5.4,71.0,en,"['Adventure', 'Fantasy', 'Animation', 'Action', 'Comedy', 'Thriller', 'Science Fiction', 'Family']","['Japan', 'United States of America']",['English'],2004-08-13,2004.0,8.0
23601,We Don't Live Here Anymore,3000000.0,2037545.0,101.0,2.127661,5.8,29.0,en,"['Drama', 'Romance']","['United States of America', 'Canada']",['English'],2004-01-20,2004.0,1.0
10762,Without a Paddle,19000000.0,69631118.0,95.0,6.046516,5.3,217.0,en,"['Action', 'Adventure', 'Comedy', 'Thriller']",['United States of America'],['English'],2004-08-20,2004.0,8.0
11026,Exorcist: The Beginning,80000000.0,78000586.0,114.0,13.02369,4.7,189.0,en,"['Horror', 'Mystery', 'Thriller']",['United States of America'],['English'],2004-08-20,2004.0,8.0
11237,Anacondas: The Hunt for the Blood Orchid,20000000.0,70992898.0,97.0,10.749404,4.9,200.0,en,"['Adventure', 'Action', 'Horror', 'Science Fiction', 'Thriller']",['United States of America'],"['English', 'Pусский']",2004-08-26,2004.0,8.0
8080,Suspect Zero,27000000.0,13000000.0,99.0,7.550891,5.5,99.0,en,"['Crime', 'Thriller']","['Germany', 'United Kingdom', 'United States of America']",['English'],2004-08-27,2004.0,8.0
11632,Vanity Fair,23000000.0,16123851.0,141.0,6.614456,5.5,75.0,en,"['Drama', 'Romance']","['United Kingdom', 'United States of America']","['English', 'Français', 'Deutsch']",2004-09-01,2004.0,9.0
18475,The Cookout,16000000.0,12.0,97.0,1.758079,4.6,10.0,en,"['Comedy', 'Drama']",['United States of America'],['English'],2004-09-03,2004.0,9.0
15644,Paparazzi,20000000.0,16605763.0,84.0,12.553403,5.8,52.0,en,"['Action', 'Drama', 'Thriller']",['United States of America'],"['English', 'Español']",2004-09-03,2004.0,9.0
11208,Wicker Park,30000000.0,13001257.0,114.0,5.605652,6.7,159.0,en,"['Drama', 'Mystery', 'Romance', 'Thriller']",['United States of America'],['English'],2004-09-03,2004.0,9.0
24924,Night of the Demons,1200000.0,3109904.0,90.0,6.942907,6.1,71.0,en,['Horror'],['United States of America'],"['English', 'Italiano']",1988-10-14,1988.0,10.0
9759,Cellular,25000000.0,56422687.0,94.0,5.918816,6.1,548.0,en,"['Action', 'Adventure', 'Crime', 'Thriller']","['Germany', 'United States of America']",['English'],2004-09-06,2004.0,9.0
1577,Resident Evil: Apocalypse,45000000.0,129394835.0,94.0,7.850797,6.1,1286.0,en,"['Horror', 'Action', 'Science Fiction']","['United Kingdom', 'United States of America', 'Germany', 'France', 'Canada']",['English'],2004-09-10,2004.0,9.0
16232,Mr. 3000,30000000.0,21800302.0,104.0,4.902869,5.0,66.0,en,"['Comedy', 'Drama']",['United States of America'],['English'],2004-06-15,2004.0,6.0
5137,Sky Captain and the World of Tomorrow,70000000.0,57958696.0,107.0,9.64113,5.7,445.0,en,"['Mystery', 'Action', 'Thriller', 'Science Fiction', 'Adventure']","['United Kingdom', 'United States of America']","['', 'Deutsch', 'English']",2004-09-17,2004.0,9.0
11823,Wimbledon,31000000.0,41512007.0,98.0,14.224013,6.0,303.0,en,"['Comedy', 'Romance']","['France', 'United Kingdom']",['English'],2004-09-13,2004.0,9.0
10145,The Forgotten,42000000.0,117575636.0,91.0,6.40146,5.5,359.0,en,"['Crime', 'Drama', 'Horror', 'Mystery', 'Science Fiction', 'Thriller']",['United States of America'],['English'],2004-09-24,2004.0,9.0
13702,A Dirty Shame,15000000.0,1914166.0,89.0,7.665431,5.4,65.0,en,['Comedy'],['United States of America'],['English'],2004-09-12,2004.0,9.0
747,Shaun of the Dead,4000000.0,30039392.0,99.0,14.902948,7.5,2479.0,en,"['Horror', 'Comedy']","['United Kingdom', 'United States of America', 'France']",['English'],2004-04-09,2004.0,4.0
43839,Alexander's Ragtime Band,2000000.0,4000000.0,106.0,0.632261,4.8,6.0,en,"['Drama', 'Music', 'Romance']",['United States of America'],['English'],1938-05-24,1938.0,5.0
12707,Orca: The Killer Whale,6000000.0,14717854.0,92.0,5.253453,5.5,69.0,en,"['Drama', 'Adventure', 'Horror']",['United States of America'],['English'],1977-07-22,1977.0,7.0
1492,1492: Conquest of Paradise,47000000.0,7191399.0,154.0,11.618792,6.1,180.0,en,"['Action', 'Adventure', 'Drama', 'History']","['France', 'Costa Rica', 'Spain', 'United Kingdom', 'United States of America']",['English'],1992-10-09,1992.0,10.0
10555,Shark Tale,75000000.0,367275019.0,90.0,17.999273,5.8,1612.0,en,"['Animation', 'Action', 'Comedy', 'Family']",['United States of America'],['English'],2004-09-20,2004.0,9.0
11128,Ladder 49,60000000.0,74541707.0,115.0,7.650411,6.2,213.0,en,"['Drama', 'Action', 'Thriller']",['United States of America'],['English'],2004-10-01,2004.0,10.0
14024,Raise Your Voice,15000000.0,14867514.0,103.0,4.387004,6.0,221.0,en,"['Music', 'Drama', 'Romance']",['United States of America'],"['English', 'Français']",2004-08-10,2004.0,8.0
11045,Taxi,25000000.0,36609966.0,97.0,7.745017,4.8,245.0,en,"['Thriller', 'Action', 'Comedy', 'Crime']","['France', 'United States of America']","['English', 'Português', 'Español']",2004-10-06,2004.0,10.0
14337,Primer,7000.0,424760.0,77.0,7.15307,6.9,671.0,en,"['Science Fiction', 'Drama', 'Thriller']",['United States of America'],['English'],2004-10-08,2004.0,10.0
4380,Shall We Dance?,50000000.0,170128460.0,107.0,9.082538,5.9,308.0,en,"['Drama', 'Romance', 'Comedy']",['United States of America'],['English'],2004-10-15,2004.0,10.0
3989,Team America: World Police,32000000.0,50907422.0,98.0,11.428941,6.6,667.0,en,"['Music', 'Adventure', 'Animation', 'Action', 'Comedy']","['Germany', 'United States of America']","['العربية', 'English', 'Français', '한국어/조선말']",2004-10-10,2004.0,10.0
21241,Cannonball,780000.0,1500000.0,93.0,2.096666,5.7,20.0,en,['Action'],"['United States of America', 'Hong Kong']","['Deutsch', 'English']",1976-07-06,1976.0,7.0
13416,Friday Night Lights,30000000.0,61255921.0,118.0,13.041943,7.0,154.0,en,['Drama'],['United States of America'],"['English', 'Deutsch']",2004-10-08,2004.0,10.0
1435,Tarnation,218.0,1162014.0,91.0,1.620207,7.5,22.0,en,"['Documentary', 'Drama']",['United States of America'],['English'],2003-10-19,2003.0,10.0
15566,Surviving Christmas,45000000.0,14793624.0,91.0,8.698971,5.1,107.0,en,"['Comedy', 'Romance']",['United States of America'],['English'],2004-09-21,2004.0,9.0
1970,The Grudge,10000000.0,183474602.0,92.0,9.740827,5.8,889.0,en,"['Horror', 'Mystery', 'Thriller']","['Japan', 'United States of America']","['English', '日本語']",2004-10-22,2004.0,10.0
8849,Alfie,60000000.0,13395939.0,103.0,10.411608,5.5,255.0,en,['Comedy'],"['United Kingdom', 'United States of America']",['English'],2004-10-22,2004.0,10.0
9675,Sideways,16000000.0,109502303.0,126.0,12.646518,6.9,484.0,en,"['Comedy', 'Drama', 'Romance']",['United States of America'],"['', 'English']",2004-10-22,2004.0,10.0
4553,The Machinist,5000000.0,8203235.0,101.0,10.737565,7.3,1280.0,en,"['Thriller', 'Drama']","['United States of America', 'Spain']",['English'],2004-02-09,2004.0,2.0
176,Saw,1200000.0,103911669.0,103.0,23.508433,7.2,2255.0,en,"['Horror', 'Mystery', 'Crime']",['United States of America'],['English'],2004-10-01,2004.0,10.0
1677,Ray,40000000.0,124731534.0,152.0,10.603762,7.2,481.0,en,"['Drama', 'Music']",['United States of America'],['English'],2004-10-29,2004.0,10.0
9806,The Incredibles,92000000.0,631442092.0,115.0,22.220214,7.4,5290.0,en,"['Action', 'Adventure', 'Animation', 'Family']",['United States of America'],"['Français', 'English']",2004-11-05,2004.0,11.0
5255,The Polar Express,165000000.0,305875730.0,100.0,14.27536,6.4,1524.0,en,"['Adventure', 'Animation', 'Family', 'Fantasy']",['United States of America'],['English'],2004-11-10,2004.0,11.0
11249,Seed of Chucky,12000000.0,24829644.0,87.0,15.216315,4.9,302.0,en,"['Drama', 'Horror', 'Comedy']","['Romania', 'United States of America']",['English'],2004-11-11,2004.0,11.0
10589,After the Sunset,60000000.0,61347797.0,97.0,11.945666,6.0,227.0,en,"['Action', 'Comedy', 'Crime', 'Drama']",['United States of America'],['English'],2004-11-12,2004.0,11.0
9801,Bridget Jones: The Edge of Reason,50000000.0,40203020.0,108.0,7.78817,6.1,775.0,en,"['Comedy', 'Romance']","['France', 'Germany', 'Ireland', 'United Kingdom', 'United States of America']","['Deutsch', 'ภาษาไทย', 'English']",2004-11-10,2004.0,11.0
866,Finding Neverland,25000000.0,116766556.0,106.0,15.529604,7.2,1269.0,en,['Drama'],"['United Kingdom', 'United States of America']",['English'],2004-10-17,2004.0,10.0
4251,Veer-Zaara,7000000.0,29385320.0,192.0,3.319516,7.5,67.0,hi,"['Drama', 'Romance']",['India'],['हिन्दी'],2004-11-12,2004.0,11.0
2059,National Treasure,100000000.0,347451894.0,131.0,18.932203,6.4,1974.0,en,"['Adventure', 'Action', 'Thriller', 'Mystery']",['United States of America'],"['Latin', 'English', 'Español']",2004-11-19,2004.0,11.0
140,Bad Education,5000000.0,40266982.0,106.0,7.66414,7.1,223.0,es,"['Crime', 'Drama', 'Romance', 'Thriller']",['Spain'],['Español'],2004-03-19,2004.0,3.0
11836,The SpongeBob SquarePants Movie,30000000.0,140161792.0,87.0,11.213712,6.7,593.0,en,"['Animation', 'Comedy', 'Family']",['United States of America'],['English'],2004-11-14,2004.0,11.0
1966,Alexander,155000000.0,167298192.0,175.0,13.498641,5.6,957.0,en,"['War', 'History', 'Action', 'Adventure', 'Drama', 'Romance']","['France', 'Germany', 'Italy', 'Netherlands', 'United Kingdom', 'United States of America']",['English'],2004-11-21,2004.0,11.0
2288,Closer,27000000.0,115505027.0,104.0,10.860952,6.7,845.0,en,"['Drama', 'Romance']",['United States of America'],['English'],2004-12-01,2004.0,12.0
163,Ocean's Twelve,110000000.0,362744280.0,125.0,11.869347,6.4,2169.0,en,"['Thriller', 'Crime']",['United States of America'],"['Français', 'Italiano', 'Nederlands', '普通话', 'English']",2004-12-09,2004.0,12.0
36648,Blade: Trinity,65000000.0,128905366.0,123.0,18.860681,5.7,1276.0,en,"['Science Fiction', 'Action', 'Horror', 'Thriller', 'Adventure', 'Fantasy']",['United States of America'],"['Esperanto', 'English']",2004-12-08,2004.0,12.0
15788,The Bellboy,900000.0,10000000.0,72.0,2.738268,6.1,22.0,en,['Comedy'],['United States of America'],['English'],1960-07-20,1960.0,7.0
18973,Cinderfella,3000000.0,7100000.0,91.0,2.395067,6.7,25.0,en,"['Comedy', 'Romance']",['United States of America'],"['English', 'Español']",1960-12-18,1960.0,12.0
43670,Stateside,16000000.0,174318.0,97.0,1.054438,5.6,12.0,en,"['Drama', 'Music', 'Romance']","['Germany', 'United States of America']","['English', 'Pусский']",2004-05-23,2004.0,5.0
15613,Fire in the Sky,19885552.0,19724334.0,109.0,6.118228,6.5,128.0,en,"['Drama', 'Horror', 'Thriller', 'Mystery']",['United States of America'],['English'],1993-03-12,1993.0,3.0
70368,The Cheat,17311.0,137365.0,59.0,0.680407,4.8,11.0,en,['Drama'],['United States of America'],[],1915-12-13,1915.0,12.0
3060,The Big Parade,245000.0,22000000.0,151.0,2.084627,7.0,22.0,en,"['Drama', 'Romance', 'War']",['United States of America'],[],1925-11-05,1925.0,11.0
43595,She Done Him Wrong,200000.0,2200000.0,66.0,1.840758,5.2,28.0,en,['Comedy'],['United States of America'],['English'],1933-02-09,1933.0,2.0
43896,The Informer,243000.0,950000.0,91.0,2.000496,6.5,23.0,en,['Drama'],['United States of America'],['English'],1935-05-09,1935.0,5.0
55604,Boom Town,2000000.0,9172000.0,119.0,1.52854,6.5,8.0,en,"['Adventure', 'Drama', 'Romance']",['United States of America'],['English'],1940-08-30,1940.0,8.0
43306,A Guy Named Joe,2627000.0,5363000.0,120.0,0.662665,6.0,8.0,en,"['Drama', 'Romance', 'War']",['United States of America'],['English'],1944-03-01,1944.0,3.0
29244,3 Godfathers,1243000.0,2841000.0,106.0,3.803268,6.1,39.0,en,"['Action', 'Drama', 'Western']",['United States of America'],"['Español', 'English']",1948-12-01,1948.0,12.0
37347,Fort Apache,2500000.0,3000000.0,125.0,5.499979,6.8,68.0,en,['Western'],['United States of America'],"['English', 'Español']",1948-03-26,1948.0,3.0
35032,The Pirate,3700000.0,2956000.0,102.0,1.830178,6.6,17.0,en,"['Music', 'Romance']",['United States of America'],['English'],1948-06-11,1948.0,6.0
25209,Annie Get Your Gun,3768785.0,8000000.0,107.0,2.090588,7.3,22.0,en,"['Action', 'Comedy', 'Music', 'Romance', 'Western']",['United States of America'],['English'],1950-05-17,1950.0,5.0
27029,The Nun's Story,3500000.0,12800000.0,149.0,3.473993,7.4,46.0,en,['Drama'],['United States of America'],['English'],1959-06-18,1959.0,6.0
31287,Eegah,15000.0,3274.0,90.0,1.274228,2.8,18.0,en,['Horror'],['United States of America'],['English'],1962-06-08,1962.0,6.0
11085,Mutiny on the Bounty,19000000.0,13680000.0,178.0,5.857488,6.5,68.0,en,"['Adventure', 'Drama', 'History']",['United States of America'],"['English', 'Magyar']",1962-11-08,1962.0,11.0
17295,The Battle of Algiers,800000.0,921548.0,121.0,11.322173,7.8,167.0,it,"['Drama', 'War', 'History']","['Italy', 'Algeria']","['العربية', 'English', 'Français', 'Italiano']",1966-09-08,1966.0,9.0
17102,Dracula: Prince of Darkness,280379.0,364937.0,90.0,8.913793,6.1,54.0,en,['Horror'],['United Kingdom'],['English'],1966-01-09,1966.0,1.0
29715,Major Dundee,3800000.0,14873.0,123.0,3.055936,6.2,41.0,en,"['War', 'Western']",['United States of America'],"['English', 'Français', 'Español']",1965-04-07,1965.0,4.0
3482,The Train,5800000.0,6800000.0,133.0,4.412564,7.2,74.0,en,"['Action', 'Drama', 'Thriller', 'War']","['France', 'United States of America']","['Deutsch', 'English']",1964-09-21,1964.0,9.0
4191,The Bride Wore Black,747000.0,44566.0,107.0,2.775402,7.3,41.0,fr,"['Mystery', 'Drama', 'Romance', 'Thriller', 'Crime']","['France', 'Italy']",['Français'],1968-03-22,1968.0,3.0
26039,Point Blank,2500000.0,3200000.0,92.0,5.352165,7.1,97.0,en,"['Action', 'Crime', 'Drama', 'Thriller']",['United States of America'],['English'],1967-08-30,1967.0,8.0
2998,Zabriskie Point,7000000.0,1000000.0,113.0,6.258456,7.1,78.0,en,"['Drama', 'Romance']",['United States of America'],['English'],1970-02-09,1970.0,2.0
5822,Sweet Sweetback's Baadasssss Song,150000.0,15200000.0,97.0,1.435148,4.7,19.0,en,"['Action', 'Drama', 'Romance']",['United States of America'],['English'],1971-04-23,1971.0,4.0
1835,"Farewell, My Lovely",2500000.0,2000000.0,95.0,3.875842,6.8,26.0,en,"['Crime', 'Mystery', 'Thriller']",['United States of America'],['English'],1975-08-08,1975.0,8.0
11558,Silver Streak,6500000.0,51079064.0,114.0,8.254209,6.8,101.0,en,"['Comedy', 'Crime', 'Romance', 'Thriller']",['United States of America'],['English'],1976-12-03,1976.0,12.0
12535,High Anxiety,3400000.0,31063038.0,94.0,5.101153,6.5,86.0,en,"['Comedy', 'Music']",['United States of America'],"['English', 'Magyar']",1977-12-25,1977.0,12.0
38985,Sorcerer,22000000.0,12000000.0,121.0,13.966833,7.5,104.0,en,"['Action', 'Thriller', 'Adventure']",['United States of America'],"['English', 'Français', 'Deutsch', 'Español']",1977-06-24,1977.0,6.0
19827,The In-Laws,9000000.0,38200000.0,103.0,3.336115,6.7,26.0,en,"['Action', 'Adventure', 'Comedy']",['United States of America'],['English'],1979-06-15,1979.0,6.0
47542,Peter-No-Tail,48740.0,955401.0,81.0,0.545722,5.7,7.0,sv,"['Romance', 'Family', 'Animation', 'Drama']",['Sweden'],"['Dansk', 'svenska']",1981-12-25,1981.0,12.0
6341,Blue Thunder,22000000.0,42313354.0,109.0,10.456371,5.9,117.0,en,"['Science Fiction', 'Action', 'Thriller', 'Crime', 'Drama']",['United States of America'],['English'],1983-02-05,1983.0,2.0
232,Rumble Fish,10000000.0,2494480.0,94.0,8.20519,6.8,141.0,en,"['Action', 'Adventure', 'Crime', 'Drama', 'Romance']",['United States of America'],['English'],1983-10-20,1983.0,10.0
15301,Twilight Zone: The Movie,10000000.0,29450919.0,101.0,5.836054,6.2,164.0,en,"['Drama', 'Fantasy', 'Horror', 'Science Fiction', 'Thriller']",['United States of America'],"['English', 'Français', 'Deutsch', 'Tiếng Việt']",1983-06-24,1983.0,6.0
47359,Racing with the Moon,9000000.0,6045657.0,108.0,10.941991,5.8,15.0,en,"['Drama', 'Romance']",['United States of America'],['English'],1984-03-23,1984.0,3.0
54407,Bliss,3400000.0,660537.0,112.0,0.40319,5.2,5.0,en,"['Comedy', 'Drama', 'Romance']",['Australia'],['English'],1985-10-04,1985.0,10.0
27064,Mishima: A Life in Four Chapters,5000000.0,502758.0,121.0,8.591834,7.7,37.0,en,['Drama'],"['Japan', 'United States of America']","['English', '日本語']",1985-05-15,1985.0,5.0
26555,Club Paradise,15000000.0,12308521.0,96.0,4.079853,4.3,20.0,en,"['Comedy', 'Drama', 'Romance']",['United States of America'],['English'],1986-07-11,1986.0,7.0
36677,Solarbabies,25000000.0,1579260.0,94.0,1.278665,5.1,12.0,en,['Science Fiction'],['United States of America'],['English'],1986-11-26,1986.0,11.0
8852,Prince of Darkness,3000000.0,14182492.0,101.0,8.587231,6.6,192.0,en,['Horror'],['United States of America'],"['Latin', 'English']",1987-10-23,1987.0,10.0
48309,Prison,1300000.0,354704.0,102.0,11.582419,6.7,27.0,en,"['Crime', 'Drama', 'Horror', 'Thriller']",['United States of America'],['English'],1988-03-04,1988.0,3.0
16859,Kiki's Delivery Service,6900000.0,18172849.0,103.0,12.220581,7.6,768.0,ja,"['Animation', 'Adventure', 'Drama', 'Fantasy']",['Japan'],['日本語'],1989-07-29,1989.0,7.0
9768,Cry-Baby,11000000.0,8266343.0,85.0,8.290384,6.4,289.0,en,"['Comedy', 'Music']",['United States of America'],['English'],1990-04-05,1990.0,4.0
27274,Frankenhooker,2500000.0,205068.0,85.0,5.097791,5.7,65.0,en,"['Comedy', 'Horror', 'Science Fiction']",['United States of America'],"['English', 'svenska']",1990-06-01,1990.0,6.0
9569,Hard to Kill,10000000.0,47410000.0,96.0,7.176601,5.6,141.0,en,"['Action', 'Thriller']",['United States of America'],['English'],1990-02-09,1990.0,2.0
22189,Havana,40000000.0,9243140.0,144.0,10.10753,5.5,20.0,en,"['Drama', 'Romance']",['United States of America'],"['English', 'Español']",1990-12-11,1990.0,12.0
9399,Lionheart,6000000.0,24078196.0,105.0,4.619068,5.9,179.0,en,"['Action', 'Thriller']",['United States of America'],['English'],1990-06-07,1990.0,6.0
58648,Closet Land,4000000.0,259012.0,94.0,1.456755,6.6,11.0,en,['Drama'],['United States of America'],['English'],1991-03-06,1991.0,3.0
25330,Dutch,17000000.0,4603929.0,107.0,8.237799,6.4,66.0,en,['Comedy'],['United States of America'],['English'],1991-07-19,1991.0,7.0
34376,Mannequin Two: On the Move,13000000.0,3752426.0,95.0,2.62835,4.6,28.0,en,"['Fantasy', 'Comedy', 'Science Fiction', 'Romance']",['United States of America'],['English'],1991-01-07,1991.0,1.0
14362,Out for Justice,14000000.0,39673161.0,91.0,6.892056,5.9,113.0,en,"['Action', 'Thriller', 'Crime']",['United States of America'],"['English', 'Italiano', 'Español']",1991-04-12,1991.0,4.0
19143,Diggstown,17000000.0,4836637.0,98.0,3.622179,6.5,31.0,en,"['Action', 'Comedy', 'Drama']",['United States of America'],['English'],1992-08-14,1992.0,8.0
12088,Fortress,8000000.0,6739141.0,95.0,5.970749,5.7,171.0,en,"['Action', 'Thriller', 'Science Fiction']","['Australia', 'United States of America']",['English'],1992-09-30,1992.0,9.0
48706,Josh and S.A.M.,18000000.0,1528163.0,96.0,0.768367,5.0,4.0,en,"['Adventure', 'Action', 'Comedy']",['United States of America'],['English'],1993-11-24,1993.0,11.0
35610,Philadelphia Experiment II,5000000.0,2970.0,97.0,1.155075,5.0,15.0,en,['Science Fiction'],['United States of America'],"['Deutsch', 'English']",1993-11-12,1993.0,11.0
5470,Beowulf,20000000.0,1531251.0,95.0,7.745765,4.4,52.0,en,"['Action', 'Science Fiction', 'Thriller', 'Adventure', 'Horror', 'Fantasy']","['United States of America', 'France']","['English', 'Pусский']",1999-04-01,1999.0,4.0
41227,A Place Called Chiapas,891000.0,229000.0,89.0,0.179246,6.9,5.0,en,['Documentary'],['Canada'],"['English', 'Español']",1998-02-20,1998.0,2.0
21210,Dil Se..,5200000.0,13000000.0,163.0,1.891138,6.7,29.0,hi,"['Drama', 'Romance']",['India'],"['हिन्दी', '', 'தமிழ்']",1998-08-22,1998.0,8.0
11854,Kuch Kuch Hota Hai,1530000.0,15306000.0,185.0,6.441119,7.5,93.0,hi,"['Drama', 'Romance']",['India'],['हिन्दी'],1998-10-16,1998.0,10.0
844,2046,12000000.0,19271312.0,129.0,7.157169,6.9,208.0,zh,"['Fantasy', 'Drama', 'Science Fiction', 'Romance']","['Germany', 'Hong Kong', 'China', 'France', 'Italy']","['广州话 / 廣州話', '日本語', '普通话']",2004-05-20,2004.0,5.0
11847,The Accidental Spy,25697387.0,3849941.0,87.0,3.136813,5.9,120.0,cn,"['Action', 'Comedy', 'Thriller']",['Hong Kong'],"['한국어/조선말', 'English', 'Français', 'Türkçe', '普通话', '广州话 / 廣州話']",2001-01-18,2001.0,1.0
14752,Dil Chahta Hai,2079000.0,4099000.0,183.0,4.558793,7.1,71.0,en,"['Drama', 'Romance']",['India'],"['English', 'हिन्दी', 'اردو']",2001-07-24,2001.0,7.0
4689,Sympathy for Mr. Vengeance,4000000.0,1954937.0,121.0,6.314697,7.3,302.0,ko,"['Action', 'Drama', 'Thriller']",['South Korea'],['한국어/조선말'],2002-03-29,2002.0,3.0
10077,A Sound of Thunder,80000000.0,5989640.0,110.0,4.980191,4.8,111.0,en,"['Thriller', 'Science Fiction', 'Adventure', 'Action']","['Czech Republic', 'Germany', 'United Kingdom', 'United States of America']","['English', '普通话']",2005-05-15,2005.0,5.0
11774,Lemony Snicket's A Series of Unfortunate Events,140000000.0,209073645.0,108.0,12.817945,6.7,1521.0,en,"['Adventure', 'Comedy', 'Family']","['Germany', 'United States of America']",['English'],2004-12-16,2004.0,12.0
16635,In My Country,12000000.0,163536.0,103.0,1.14196,7.1,7.0,en,"['Romance', 'Drama']","['United Kingdom', 'Ireland', 'South Africa']","['Afrikaans', 'English']",2004-05-04,2004.0,5.0
12496,The Twilight Samurai,5000000.0,7338987.0,129.0,4.281103,7.5,95.0,ja,"['Action', 'Drama', 'Romance']",['Japan'],['日本語'],2002-11-02,2002.0,11.0
14527,Foolproof,8256269.0,460978.0,97.0,7.474007,6.3,49.0,en,['Action'],['Canada'],['English'],2003-10-03,2003.0,10.0
670,Oldboy,3000000.0,14980005.0,120.0,10.616859,8.0,2000.0,ko,"['Drama', 'Thriller', 'Mystery', 'Action']",['South Korea'],['한국어/조선말'],2003-01-01,2003.0,1.0
9667,The Jacket,29000000.0,21126225.0,103.0,12.092096,6.8,459.0,en,"['Drama', 'Mystery', 'Thriller', 'Fantasy']","['Germany', 'United States of America']",['English'],2005-03-04,2005.0,3.0
1913,The Sea Inside,12806000.0,38535221.0,125.0,14.69768,7.2,224.0,es,['Drama'],"['Spain', 'France', 'Italy']","['Galego', 'Español']",2004-09-03,2004.0,9.0
2539,Spanglish,80000000.0,55041367.0,130.0,11.202764,5.8,375.0,en,['Comedy'],['United States of America'],"['Español', 'English']",2004-12-17,2004.0,12.0
179,The Interpreter,80000000.0,162944923.0,128.0,12.047671,6.2,400.0,en,"['Crime', 'Thriller']","['France', 'Germany', 'United Kingdom', 'United States of America']","['English', 'Français', 'Português']",2005-04-08,2005.0,4.0
83,Open Water,130000.0,54667954.0,79.0,10.652818,5.3,320.0,en,"['Drama', 'Thriller']",['United States of America'],['English'],2004-08-06,2004.0,8.0
4836,Layer Cake,6500000.0,11850214.0,105.0,9.642214,7.0,565.0,en,"['Drama', 'Thriller', 'Crime']",['United Kingdom'],"['English', 'Română']",2004-09-30,2004.0,9.0
11866,Flight of the Phoenix,45000000.0,21009180.0,113.0,15.434731,5.7,282.0,en,"['Action', 'Adventure', 'Drama', 'Thriller']",['United States of America'],['English'],2004-12-17,2004.0,12.0
12281,Mean Creek,500000.0,603943.0,90.0,12.428269,6.9,110.0,en,"['Crime', 'Drama']",['United States of America'],['English'],2004-01-15,2004.0,1.0
10320,The Ring Two,50000000.0,161451538.0,110.0,16.15818,5.5,646.0,en,"['Drama', 'Horror', 'Thriller']",['United States of America'],['English'],2005-03-17,2005.0,3.0
30973,The Visual Bible: The Gospel of John,10000000.0,4069090.0,125.0,1.551648,8.2,12.0,en,"['Drama', 'History']","['Canada', 'United Kingdom']",['English'],2003-09-11,2003.0,9.0
62276,Bummer,700000.0,1600000.0,110.0,1.400186,6.0,18.0,ru,"['Action', 'Crime']",['Russia'],['Pусский'],2003-08-02,2003.0,8.0
20912,She Hate Me,8000000.0,365134.0,138.0,5.126696,5.1,29.0,en,"['Comedy', 'Drama']",['United States of America'],"['English', 'Deutsch', 'Español']",2004-07-30,2004.0,7.0
1392,Born into Brothels,350000.0,3515061.0,85.0,2.96237,6.7,61.0,en,['Documentary'],['United States of America'],"['বাংলা', 'English']",2004-12-08,2004.0,12.0
291,Riding Giants,2600000.0,3166000.0,105.0,2.203949,7.6,23.0,en,['Documentary'],"['France', 'United States of America']",['English'],2004-07-09,2004.0,7.0
3509,A Scanner Darkly,8700000.0,7659918.0,100.0,11.643026,6.8,540.0,en,"['Animation', 'Science Fiction', 'Thriller']",['United States of America'],['English'],2006-05-25,2006.0,5.0
11662,Casshern,6000000.0,1530216.0,141.0,4.664474,5.7,74.0,ja,"['Drama', 'Horror', 'Science Fiction']",['Japan'],"['Deutsch', '日本語']",2004-04-24,2004.0,4.0
70,Million Dollar Baby,30000000.0,216763646.0,132.0,14.471373,7.7,2519.0,en,['Drama'],['United States of America'],"['English', 'Gaeilge']",2004-12-15,2004.0,12.0
205,Hotel Rwanda,17500000.0,38000000.0,121.0,10.262332,7.5,805.0,en,"['Drama', 'History', 'War']","['Canada', 'United Kingdom', 'United States of America', 'Italy', 'South Africa']","['English', 'Français']",2004-09-11,2004.0,9.0
118,Charlie and the Chocolate Factory,150000000.0,474968763.0,115.0,22.038405,6.7,3759.0,en,"['Adventure', 'Comedy', 'Family', 'Fantasy']","['Australia', 'United Kingdom', 'United States of America']",['English'],2005-07-13,2005.0,7.0
421,The Life Aquatic with Steve Zissou,50000000.0,34808403.0,119.0,6.936677,7.1,781.0,en,"['Adventure', 'Comedy', 'Drama']",['United States of America'],"['English', 'Íslenska', 'Português', 'Français', '', 'Deutsch', 'Italiano']",2004-12-10,2004.0,12.0
2567,The Aviator,116000000.0,102000000.0,170.0,9.86738,7.0,1526.0,en,['Drama'],['United States of America'],['English'],2004-12-17,2004.0,12.0
9833,The Phantom of the Opera,70000000.0,154648887.0,143.0,7.682562,7.0,448.0,en,"['Music', 'Thriller', 'Drama', 'Romance']","['United Kingdom', 'United States of America']","['Italiano', 'English']",2004-12-08,2004.0,12.0
693,Meet the Fockers,80000000.0,516642939.0,115.0,11.876386,6.1,1412.0,en,"['Comedy', 'Romance']",['United States of America'],['English'],2004-12-22,2004.0,12.0
11804,White Noise,10000000.0,91196419.0,101.0,6.143324,5.6,267.0,en,"['Drama', 'Horror', 'Thriller']","['Canada', 'United Kingdom', 'United States of America']",['English'],2005-01-07,2005.0,1.0
21259,Testament,1500000.0,2044892.0,90.0,8.923953,6.3,29.0,en,"['Action', 'Drama', 'Science Fiction']",['United States of America'],['English'],1983-11-04,1983.0,11.0
22301,Hell's Angels,3950000.0,8000000.0,127.0,5.276546,6.1,19.0,en,"['Action', 'Drama', 'History']",['United States of America'],"['Français', 'English', 'Deutsch']",1930-11-15,1930.0,11.0
39472,Man Trouble,30.0,4.0,100.0,0.83333,4.7,11.0,en,"['Comedy', 'Romance']","['Italy', 'United States of America']",['English'],1992-07-17,1992.0,7.0
16442,Sergeant York,1400000.0,16361885.0,134.0,3.336494,7.1,47.0,en,"['Action', 'Drama', 'History', 'War']",['United States of America'],['English'],1941-07-02,1941.0,7.0
16220,Wizards,1200000.0,9000000.0,80.0,2.914738,6.4,42.0,en,"['Animation', 'Fantasy', 'Science Fiction']",['United States of America'],['English'],1977-02-09,1977.0,2.0
11633,Appleseed,10000000.0,1461989.0,101.0,8.278525,6.8,116.0,ja,"['Animation', 'Action', 'Science Fiction']",['Japan'],['日本語'],2004-04-17,2004.0,4.0
9947,Elektra,43000000.0,56681566.0,97.0,13.802674,4.9,590.0,en,"['Action', 'Fantasy']","['Canada', 'United States of America']","['English', '日本語']",2005-01-13,2005.0,1.0
6439,Racing Stripes,30000000.0,93772522.0,102.0,4.817052,5.1,127.0,en,['Comedy'],"['United States of America', 'South Africa']",['English'],2005-01-06,2005.0,1.0
7214,Coach Carter,30000000.0,76669806.0,136.0,11.093737,7.3,510.0,en,['Drama'],"['Germany', 'United States of America']",['English'],2005-01-14,2005.0,1.0
19610,A Star Is Born,6000000.0,161000000.0,139.0,2.447359,5.7,22.0,en,"['Drama', 'Music', 'Romance']",['United States of America'],['English'],1976-12-16,1976.0,12.0
27549,Beastmaster 2: Through the Portal of Time,6000000.0,869325.0,107.0,4.038283,4.6,17.0,en,"['Action', 'Adventure', 'Fantasy', 'Science Fiction']",['United States of America'],['English'],1991-06-08,1991.0,6.0
10694,The Chase,26000000.0,8009329.0,89.0,14.362544,5.6,89.0,en,"['Comedy', 'Thriller', 'Action', 'Crime']",['United States of America'],['English'],1994-03-04,1994.0,3.0
613,Downfall,18339750.0,92180910.0,156.0,7.69224,7.7,1059.0,de,"['Drama', 'History', 'War']","['Austria', 'Germany', 'Italy']","['Magyar', 'Deutsch', 'Pусский']",2004-09-08,2004.0,9.0
8978,Assault on Precinct 13,30000000.0,35294470.0,109.0,11.552956,6.0,318.0,en,['Thriller'],"['United States of America', 'France']","['English', 'Srpski', 'Español']",2005-01-19,2005.0,1.0
11637,Are We There Yet?,32000000.0,97918663.0,95.0,9.756822,5.2,227.0,en,"['Adventure', 'Comedy', 'Family', 'Romance']",['United States of America'],['English'],2005-01-20,2005.0,1.0
12142,Alone in the Dark,20000000.0,10442808.0,96.0,5.871243,3.1,174.0,en,"['Action', 'Fantasy', 'Horror', 'Thriller']","['Canada', 'Germany', 'United States of America']","['English', 'Português']",2005-01-28,2005.0,1.0
11096,Hide and Seek,25000000.0,122644820.0,101.0,6.102059,6.1,455.0,en,"['Horror', 'Mystery', 'Thriller']",['United States of America'],['English'],2005-01-27,2005.0,1.0
8968,Boogeyman,20000000.0,67192859.0,89.0,9.704289,4.6,194.0,en,"['Thriller', 'Horror', 'Drama', 'Mystery']",['United States of America'],"['English', 'Français', 'Polski']",2005-02-04,2005.0,2.0
6961,The Wedding Date,15000000.0,47175038.0,88.0,5.615303,6.2,238.0,en,"['Comedy', 'Romance']",['United States of America'],['English'],2005-02-04,2005.0,2.0
2436,Double Dragon,3500000.0,2341309.0,89.0,5.190767,3.9,65.0,en,"['Action', 'Adventure', 'Comedy', 'Science Fiction']",['United States of America'],"['English', 'Français']",1994-11-04,1994.0,11.0
4935,Howl's Moving Castle,24000000.0,234710455.0,119.0,16.136048,8.2,2049.0,ja,"['Fantasy', 'Animation', 'Adventure']",['Japan'],['日本語'],2004-11-19,2004.0,11.0
193704,Assisted Living,500.0,41.0,78.0,0.261278,7.5,1.0,en,"['Comedy', 'Drama']",['United States of America'],['English'],2005-02-02,2005.0,2.0
8488,Hitch,70000000.0,368100420.0,118.0,13.35076,6.3,1721.0,en,"['Comedy', 'Drama', 'Romance']",['United States of America'],['English'],2005-02-10,2005.0,2.0
12228,Inside Deep Throat,2000000.0,653621.0,92.0,3.21768,6.8,31.0,en,"['History', 'Documentary']",['United States of America'],['English'],2005-02-11,2005.0,2.0
561,Constantine,100000000.0,230884728.0,121.0,9.615691,6.6,1837.0,en,"['Drama', 'Fantasy', 'Horror']","['Germany', 'United States of America']","['English', 'Português', '']",2005-02-08,2005.0,2.0
17880,Because of Winn-Dixie,14000000.0,32645546.0,106.0,6.067722,6.1,63.0,en,"['Comedy', 'Drama', 'Family']",['United States of America'],['English'],2005-02-18,2005.0,2.0
3040,Night Watch,4200000.0,32000000.0,114.0,8.803869,6.3,212.0,ru,"['Fantasy', 'Action', 'Thriller']",['Russia'],"['Deutsch', 'Pусский']",2004-06-27,2004.0,6.0
29993,Samson and Delilah,3000000.0,11500000.0,128.0,2.528638,6.1,32.0,en,"['Drama', 'Romance']",['United States of America'],['English'],1949-12-21,1949.0,12.0
9470,Kung Fu Hustle,20000000.0,100914445.0,99.0,8.636632,7.2,841.0,cn,"['Action', 'Comedy', 'Crime', 'Fantasy']","['China', 'Hong Kong']",['广州话 / 廣州話'],2004-02-10,2004.0,2.0
10012,Cursed,35000000.0,19294901.0,97.0,8.949722,5.1,168.0,en,"['Horror', 'Comedy']","['Germany', 'United States of America']",['English'],2005-02-25,2005.0,2.0
10022,The Pacifier,56000000.0,113006880.0,95.0,7.81645,5.8,865.0,en,"['Action', 'Comedy', 'Drama', 'Family', 'Thriller']","['Canada', 'United States of America']","['English', '한국어/조선말']",2005-03-04,2005.0,3.0
4551,Be Cool,53000000.0,95226116.0,118.0,13.314233,5.4,296.0,en,"['Comedy', 'Crime']",['United States of America'],"['English', 'Pусский']",2005-03-04,2005.0,3.0
2026,Hostage,52000000.0,77944725.0,113.0,9.686638,6.2,519.0,en,"['Mystery', 'Drama', 'Thriller', 'Crime']","['Germany', 'United States of America']",['English'],2005-03-10,2005.0,3.0
9928,Robots,75000000.0,260696994.0,91.0,12.949715,6.0,1383.0,en,"['Animation', 'Comedy', 'Family', 'Science Fiction']",['United States of America'],"['English', 'Italiano']",2005-03-10,2005.0,3.0
76264,Bopha!,12000000.0,212483.0,120.0,0.074126,0.0,0.0,en,['Drama'],['United States of America'],['English'],1993-09-16,1993.0,9.0
33539,Once Upon a Forest,13000000.0,6582052.0,71.0,3.14419,6.2,24.0,en,"['Animation', 'Family', 'Adventure']","['United Kingdom', 'United States of America']",['English'],1993-06-18,1993.0,6.0
22377,The Green Berets,7000000.0,11000000.0,142.0,9.391981,5.8,34.0,en,"['War', 'Drama']",['United States of America'],"['Dansk', 'English', 'Tiếng Việt', 'Deutsch']",1968-07-04,1968.0,7.0
13374,Ice Princess,25000000.0,27645491.0,98.0,9.313354,5.9,189.0,en,"['Drama', 'Comedy', 'Family']","['United States of America', 'Canada']",['English'],2005-03-17,2005.0,3.0
11638,Guess Who,35000000.0,68915888.0,105.0,6.71898,5.5,230.0,en,"['Comedy', 'Romance']",['United States of America'],"['Français', 'English', 'Polski', 'Português']",2005-03-25,2005.0,3.0
44634,Woman Thou Art Loosed,3000000.0,6804016.0,94.0,0.129004,5.0,3.0,en,['Drama'],['United States of America'],['English'],2004-09-30,2004.0,9.0
28448,Walker,5800000.0,257043.0,94.0,1.799311,6.4,16.0,en,"['Drama', 'History', 'Western']","['Spain', 'Mexico', 'United States of America']",['English'],1987-12-04,1987.0,12.0
17113,The Ballad of Jack and Rose,1500000.0,712294.0,111.0,4.173231,6.5,43.0,en,['Drama'],['United States of America'],['English'],2005-03-25,2005.0,3.0
187,Sin City,40000000.0,158733820.0,124.0,15.010525,7.2,2755.0,en,"['Action', 'Thriller', 'Crime']",['United States of America'],['English'],2005-04-01,2005.0,4.0
14177,Beauty Shop,25000000.0,36351350.0,105.0,6.795949,5.4,118.0,en,"['Comedy', 'Romance']",['United States of America'],['English'],2005-06-02,2005.0,6.0
7364,Sahara,130000000.0,119269486.0,124.0,8.946243,5.7,440.0,en,"['Action', 'Adventure', 'Comedy', 'Drama', 'Mystery']","['Germany', 'Spain', 'United Kingdom', 'United States of America']","['English', 'Français', 'العربية']",2005-04-06,2005.0,4.0
11431,Fever Pitch,30000000.0,50451307.0,103.0,6.734065,5.9,186.0,en,"['Comedy', 'Drama', 'Romance']","['Germany', 'United States of America']","['English', 'Polski', 'Português']",2005-04-06,2005.0,4.0
16551,Rhinestone,28000000.0,21435321.0,111.0,5.415639,4.9,33.0,en,['Comedy'],['United States of America'],['English'],1984-06-22,1984.0,6.0
14689,Hawaii,15000000.0,34562222.0,189.0,3.210693,5.8,13.0,en,"['Drama', 'Adventure', 'Romance']",['United States of America'],['English'],1966-10-10,1966.0,10.0
84084,Wilson,2995000.0,2000000.0,154.0,0.773081,5.5,2.0,en,"['Romance', 'Drama', 'History', 'Music']",['United States of America'],['English'],1944-08-01,1944.0,8.0
7453,The Hitchhiker's Guide to the Galaxy,50000000.0,104478416.0,109.0,13.257255,6.6,1340.0,en,"['Adventure', 'Comedy', 'Family', 'Science Fiction']",['United States of America'],['English'],2005-01-15,2005.0,1.0
10065,The Amityville Horror,19000000.0,108047131.0,90.0,13.088552,6.0,606.0,en,"['Horror', 'Thriller', 'Drama']",['United States of America'],['English'],2005-04-15,2005.0,4.0
9393,Before the Fall,4500000.0,3764219.0,117.0,5.69684,7.3,74.0,de,['Drama'],['Germany'],['Deutsch'],2004-07-04,2004.0,7.0
16972,The Frisco Kid,9200000.0,9346177.0,114.0,7.085212,6.0,38.0,en,"['Western', 'Comedy']",['United States of America'],"['English', '']",1979-07-06,1979.0,7.0
8976,A Lot Like Love,30000000.0,42886719.0,107.0,10.596719,6.5,329.0,en,['Comedy'],['United States of America'],['English'],2005-04-22,2005.0,4.0
11679,xXx: State of the Union,60000000.0,71073932.0,101.0,19.144611,4.7,565.0,en,"['Action', 'Adventure', 'Crime', 'Drama', 'Mystery', 'Thriller']",['United States of America'],['English'],2005-04-27,2005.0,4.0
1495,Kingdom of Heaven,130000000.0,211643158.0,144.0,16.296471,6.6,1187.0,en,"['Drama', 'Action', 'Adventure', 'History', 'War']","['Germany', 'Morocco', 'Spain', 'United Kingdom', 'United States of America']","['العربية', 'English', 'Italiano', 'Latin']",2005-05-03,2005.0,5.0
10066,House of Wax,40000000.0,68766121.0,113.0,7.163099,5.5,696.0,en,['Horror'],['United States of America'],"['English', 'Pусский']",2005-04-30,2005.0,4.0
1640,Crash,6500000.0,98410061.0,112.0,9.785147,7.2,1172.0,en,['Drama'],"['Germany', 'United States of America']","['English', 'فارسی', 'Español', '普通话', '한국어/조선말']",2004-01-13,2004.0,1.0
43881,San Francisco,1300000.0,5273000.0,115.0,0.770164,7.0,13.0,en,"['Music', 'Drama', 'Romance']",['United States of America'],['English'],1936-06-26,1936.0,6.0
10027,Unleashed,45000000.0,50871113.0,103.0,7.90583,6.6,531.0,en,"['Action', 'Crime']","['France', 'United Kingdom', 'United States of America']","['English', 'Deutsch', 'Español']",2005-02-02,2005.0,2.0
1895,Star Wars: Episode III - Revenge of the Sith,113000000.0,850000000.0,140.0,13.165421,7.1,4200.0,en,"['Science Fiction', 'Adventure', 'Action']",['United States of America'],['English'],2005-05-17,2005.0,5.0
9981,Kicking & Screaming,45000000.0,56070433.0,95.0,9.875573,5.6,179.0,en,"['Romance', 'Comedy', 'Family']",['United States of America'],"['English', 'Italiano']",2005-05-13,2005.0,5.0
4379,Monster-in-Law,43000000.0,154749918.0,101.0,6.328385,5.6,413.0,en,"['Romance', 'Comedy']","['United States of America', 'Germany']","['Český', 'English', 'Português']",2005-05-13,2005.0,5.0
27,9 Songs,1000000.0,1574623.0,66.0,18.847707,5.1,103.0,en,"['Drama', 'Music', 'Romance']",['United Kingdom'],['English'],2004-07-16,2004.0,7.0
953,Madagascar,75000000.0,532680671.0,86.0,16.136217,6.6,3322.0,en,"['Family', 'Animation']",['United States of America'],"['English', 'Français', 'Português', 'Español', 'ภาษาไทย']",2005-05-25,2005.0,5.0
13064,Airborne,2600000.0,2850263.0,91.0,11.600224,6.1,20.0,en,"['Action', 'Adventure', 'Comedy']",['United States of America'],['English'],1993-09-17,1993.0,9.0
12700,Dominion: Prequel to the Exorcist,30000000.0,251495.0,117.0,7.892677,4.8,77.0,en,"['Horror', 'Thriller']",['United States of America'],['English'],2005-05-20,2005.0,5.0
9291,The Longest Yard,82000000.0,190320568.0,113.0,7.349843,6.2,804.0,en,"['Comedy', 'Drama']",['United States of America'],['English'],2005-05-19,2005.0,5.0
34309,Most Wanted,25000000.0,11838218.0,99.0,10.323838,5.8,27.0,en,"['Action', 'Thriller']",['United States of America'],['English'],1997-10-10,1997.0,10.0
921,Cinderella Man,88000000.0,108539911.0,144.0,6.363884,7.3,630.0,en,"['Romance', 'Drama', 'History']",['United States of America'],['English'],2005-06-02,2005.0,6.0
9779,The Sisterhood of the Traveling Pants,25000000.0,39053061.0,119.0,9.263965,6.3,396.0,en,"['Drama', 'Comedy']",['United States of America'],"['English', 'ελληνικά', 'Español']",2005-06-01,2005.0,6.0
9787,Lords of Dogtown,25000000.0,13411957.0,107.0,4.350049,7.0,215.0,en,['Drama'],"['Germany', 'United States of America']","['English', 'Español']",2005-06-03,2005.0,6.0
787,Mr. & Mrs. Smith,110000000.0,478207520.0,120.0,15.724373,6.5,3048.0,en,"['Action', 'Comedy', 'Drama', 'Thriller']",['United States of America'],"['English', 'Español']",2005-06-07,2005.0,6.0
14199,The Adventures of Sharkboy and Lavagirl,50000000.0,69425966.0,92.0,6.477862,4.4,278.0,en,"['Adventure', 'Family', 'Science Fiction']",['United States of America'],['English'],2005-06-10,2005.0,6.0
12109,It's All Gone Pete Tong,2000000.0,120620.0,90.0,2.812182,7.1,53.0,en,"['Drama', 'Comedy', 'Music']","['Canada', 'United Kingdom']",['English'],2004-09-12,2004.0,9.0
11620,Quo Vadis,8250000.0,30000000.0,171.0,11.840985,7.0,64.0,en,"['Drama', 'History', 'Romance']",['United States of America'],['English'],1951-11-08,1951.0,11.0
272,Batman Begins,150000000.0,374218673.0,140.0,28.505341,7.5,7511.0,en,"['Action', 'Crime', 'Drama']","['United Kingdom', 'United States of America']","['English', 'اردو', '普通话']",2005-06-10,2005.0,6.0
11451,Herbie Fully Loaded,50000000.0,66002004.0,101.0,9.35239,5.1,559.0,en,"['Comedy', 'Family', 'Adventure', 'Fantasy', 'Romance']",['United States of America'],['English'],2005-06-22,2005.0,6.0
11683,Land of the Dead,15000000.0,46770602.0,93.0,9.478117,6.0,395.0,en,['Horror'],"['Canada', 'France', 'United States of America']","['English', 'Français', 'Italiano', 'Polski', 'Español']",2005-06-24,2005.0,6.0
9722,Bewitched,85000000.0,131426169.0,102.0,9.276085,4.8,463.0,en,"['Comedy', 'Fantasy', 'Romance']",['United States of America'],"['English', 'Español']",2005-06-21,2005.0,6.0
28000,Somebody Up There Likes Me,1920000.0,3360000.0,113.0,2.747776,6.8,30.0,en,['Drama'],['United States of America'],['English'],1956-07-03,1956.0,7.0
38731,An Unmarried Woman,2515000.0,24000000.0,124.0,1.148295,6.1,17.0,en,"['Drama', 'Romance', 'Comedy']",['United States of America'],['English'],1978-05-26,1978.0,5.0
74,War of the Worlds,132000000.0,591739379.0,116.0,19.929377,6.2,2397.0,en,"['Adventure', 'Thriller', 'Science Fiction']",['United States of America'],['English'],2005-06-28,2005.0,6.0
1667,March of the Penguins,8000000.0,127392239.0,80.0,9.435123,6.9,371.0,fr,"['Documentary', 'Family']",['France'],"['Français', 'English']",2005-01-26,2005.0,1.0
7233,Rebound,45000000.0,16809014.0,103.0,4.373457,5.2,96.0,en,"['Comedy', 'Family']",['United States of America'],['English'],2005-07-01,2005.0,7.0
9009,Dark Water,30000000.0,25473093.0,105.0,6.53565,5.3,275.0,en,"['Drama', 'Horror', 'Thriller']",['United States of America'],['English'],2005-06-27,2005.0,6.0
9738,Fantastic Four,100000000.0,330579719.0,106.0,19.382082,5.5,3040.0,en,"['Action', 'Adventure', 'Fantasy', 'Science Fiction']","['Germany', 'United States of America']",['English'],2005-06-29,2005.0,6.0
14278,Murderball,300000.0,1750211.0,88.0,1.687901,6.9,23.0,en,['Documentary'],['United States of America'],['English'],2005-07-22,2005.0,7.0
9522,Wedding Crashers,40000000.0,285176741.0,119.0,11.100597,6.4,1406.0,en,"['Comedy', 'Romance']",['United States of America'],['English'],2005-07-14,2005.0,7.0
1826,Russian Dolls,13000000.0,23727301.0,129.0,6.361343,6.8,156.0,fr,"['Comedy', 'Drama', 'Romance']","['France', 'United Kingdom']",['Français'],2005-06-15,2005.0,6.0
10476,Hustle & Flow,8000000.0,23563727.0,116.0,7.422267,6.9,101.0,en,['Drama'],['United States of America'],['English'],2005-07-22,2005.0,7.0
11309,Hardware,1500000.0,5728953.0,93.0,6.026159,5.6,88.0,en,"['Horror', 'Science Fiction', 'Thriller']","['United Kingdom', 'United States of America']",['English'],1990-09-14,1990.0,9.0
1635,The Island,126000000.0,162949164.0,136.0,11.443647,6.5,1813.0,en,"['Action', 'Thriller', 'Science Fiction', 'Adventure']",['United States of America'],['English'],2005-07-20,2005.0,7.0
13341,Bad News Bears,30000000.0,34252847.0,113.0,4.469459,5.7,73.0,en,"['Comedy', 'Family']",['United States of America'],"['Español', 'English']",2005-07-22,2005.0,7.0
11459,Sky High,35000000.0,86369815.0,100.0,8.061423,5.8,568.0,en,"['Adventure', 'Comedy', 'Family']",['United States of America'],['English'],2005-07-29,2005.0,7.0
10048,Stealth,135000000.0,76932943.0,121.0,13.89018,4.9,341.0,en,['Action'],['United States of America'],"['English', 'Deutsch', '한국어/조선말', 'Pусский', 'Español']",2005-07-28,2005.0,7.0
11648,Must Love Dogs,30000000.0,58405313.0,98.0,9.378926,5.8,142.0,en,"['Romance', 'Comedy']",['United States of America'],"['English', '']",2005-07-21,2005.0,7.0
16320,Serenity,39000000.0,38869464.0,119.0,11.919995,7.4,1287.0,en,"['Science Fiction', 'Action', 'Adventure', 'Thriller']",['United States of America'],"['English', '普通话']",2005-08-25,2005.0,8.0
308,Broken Flowers,10000000.0,45742101.0,105.0,6.589304,6.8,359.0,en,"['Comedy', 'Drama', 'Mystery', 'Romance']","['France', 'United States of America']",['English'],2005-05-17,2005.0,5.0
26579,The Heart is Deceitful Above All Things,74050.0,176153.0,98.0,2.789574,5.7,38.0,en,['Drama'],"['United States of America', 'United Kingdom', 'France', 'Japan']",['English'],2004-09-15,2004.0,9.0
18882,Man-Thing,7500000.0,143000.0,97.0,6.11959,4.0,38.0,en,"['Action', 'Horror', 'Science Fiction']","['Australia', 'United States of America']",['English'],2005-04-21,2005.0,4.0
6519,The Dukes of Hazzard,50000000.0,110803676.0,104.0,9.039467,5.1,321.0,en,"['Action', 'Adventure', 'Comedy']",['United States of America'],['English'],2005-08-05,2005.0,8.0
11453,Deuce Bigalow: European Gigolo,22000000.0,22400154.0,83.0,5.341117,4.6,232.0,en,['Comedy'],['United States of America'],"['Nederlands', 'English', 'Polski', 'Português']",2005-08-06,2005.0,8.0
9913,The Skeleton Key,43000000.0,91974818.0,104.0,10.947957,6.4,588.0,en,"['Drama', 'Horror', 'Mystery', 'Thriller']","['Germany', 'United States of America']",['English'],2005-07-29,2005.0,7.0
8292,Four Brothers,45000000.0,92374674.0,109.0,6.84109,6.7,617.0,en,"['Action', 'Crime']",['United States of America'],"['Español', 'English']",2005-08-11,2005.0,8.0
13922,The Great Raid,80000000.0,10166502.0,132.0,14.987902,6.8,91.0,en,"['Action', 'History', 'War']",['United States of America'],"['English', '日本語']",2005-08-12,2005.0,8.0
6957,The 40 Year Old Virgin,26000000.0,109449237.0,116.0,11.519662,6.2,2020.0,en,"['Comedy', 'Romance']",['United States of America'],"['English', 'Español']",2005-08-11,2005.0,8.0
11460,Red Eye,26000000.0,57891803.0,85.0,6.336927,6.2,471.0,en,"['Horror', 'Thriller']",['United States of America'],"['English', 'Pусский']",2005-08-04,2005.0,8.0
19404,Dilwale Dulhania Le Jayenge,13200000.0,100000000.0,190.0,34.457024,9.1,661.0,hi,"['Comedy', 'Drama', 'Romance']",['India'],['हिन्दी'],1995-10-20,1995.0,10.0
14175,Valiant,35000000.0,19478106.0,76.0,11.836827,5.2,239.0,en,"['Animation', 'Family', 'Adventure']",['United Kingdom'],['English'],2005-03-25,2005.0,3.0
4442,The Brothers Grimm,88000000.0,105316267.0,118.0,15.66148,5.6,847.0,en,"['Adventure', 'Fantasy', 'Action', 'Comedy', 'Thriller']","['Czech Republic', 'United Kingdom', 'United States of America']","['English', 'Français', 'Deutsch', 'Italiano']",2005-08-26,2005.0,8.0
9042,The Cave,30000000.0,15007991.0,97.0,8.077253,5.2,204.0,en,"['Action', 'Adventure', 'Horror', 'Thriller']","['Germany', 'United States of America']","['Český', 'English']",2005-08-25,2005.0,8.0
17926,Undiscovered,9000000.0,1046166.0,97.0,1.494688,4.5,13.0,en,"['Comedy', 'Romance']",['United States of America'],['English'],2005-08-26,2005.0,8.0
1985,The Constant Gardener,25000000.0,82466670.0,129.0,11.556484,6.9,428.0,en,"['Drama', 'Mystery', 'Thriller']","['China', 'Germany', 'United Kingdom', 'United States of America']","['Deutsch', 'English', 'Italiano', 'Kiswahili']",2005-08-31,2005.0,8.0
9335,Transporter 2,32000000.0,85167639.0,87.0,11.359659,6.2,1076.0,en,"['Action', 'Thriller', 'Crime']",['France'],"['English', 'Français', 'Italiano']",2005-08-02,2005.0,8.0
9007,Just Like Heaven,58000000.0,102854431.0,95.0,8.351773,6.5,595.0,en,"['Comedy', 'Fantasy', 'Romance']",['United States of America'],"['English', '普通话', 'Español']",2005-09-16,2005.0,9.0
9777,Proof,20000000.0,7535331.0,100.0,7.983902,6.2,182.0,en,"['Drama', 'Mystery']",['United States of America'],['English'],2005-09-05,2005.0,9.0
1830,Lord of War,42000000.0,24127895.0,122.0,8.745216,7.0,1356.0,en,"['Crime', 'Drama', 'Thriller']","['France', 'United States of America', 'Germany']","['العربية', 'Deutsch', 'English', 'Français', 'Pусский', 'Español', 'Український', 'Türkçe']",2005-09-16,2005.0,9.0
10092,Cry_Wolf,1000000.0,10047674.0,90.0,9.454335,5.6,127.0,en,"['Horror', 'Thriller']",['United States of America'],"['English', 'Deutsch', 'Português']",2005-09-16,2005.0,9.0
340,Everything is Illuminated,7000000.0,2697930.0,106.0,7.738924,7.4,251.0,en,"['Comedy', 'Drama']",['United States of America'],"['English', 'Pусский', 'Український']",2005-09-16,2005.0,9.0
8814,Doom,60000000.0,55987321.0,105.0,11.953553,5.0,619.0,en,"['Adventure', 'Action', 'Horror']","['Czech Republic', 'Germany', 'United Kingdom', 'United States of America']","['日本語', 'English']",2005-10-20,2005.0,10.0
9923,Domino,50000000.0,22944502.0,127.0,6.394143,6.0,450.0,en,"['Action', 'Crime']","['France', 'United Kingdom', 'United States of America']","['English', 'Polski']",2005-09-22,2005.0,9.0
7553,Waiting...,3000000.0,18637690.0,94.0,5.054419,6.2,241.0,en,['Comedy'],['United States of America'],"['English', 'Pусский']",2005-10-07,2005.0,10.0
8202,Æon Flux,62000000.0,52304001.0,93.0,12.201912,5.4,717.0,en,"['Action', 'Science Fiction']",['United States of America'],['English'],2005-11-30,2005.0,11.0
1947,An Unfinished Life,30000000.0,18618284.0,108.0,7.761954,6.7,165.0,en,['Drama'],"['United States of America', 'Germany']","['English', 'Français']",2005-09-09,2005.0,9.0
8643,The Exorcism of Emily Rose,19000000.0,144216468.0,122.0,10.966015,6.3,675.0,en,"['Crime', 'Drama', 'Horror', 'Thriller']",['United States of America'],['English'],2005-09-09,2005.0,9.0
9315,Flightplan,55000000.0,223387299.0,98.0,12.419851,6.1,796.0,en,"['Thriller', 'Drama', 'Mystery']",['United States of America'],"['العربية', 'Deutsch', 'English', 'Français', 'Italiano', '日本語']",2005-09-22,2005.0,9.0
3933,Corpse Bride,40000000.0,117195061.0,77.0,12.920032,7.2,1957.0,en,"['Romance', 'Fantasy', 'Animation', 'Music']",['United States of America'],['English'],2005-09-09,2005.0,9.0
59,A History of Violence,32000000.0,60740827.0,96.0,11.119707,6.9,850.0,en,"['Drama', 'Thriller', 'Crime']","['United States of America', 'Canada', 'Germany']",['English'],2005-09-23,2005.0,9.0
257,Oliver Twist,50000000.0,42093706.0,130.0,12.369935,6.7,283.0,en,"['Crime', 'Drama', 'Family']","['Czech Republic', 'France', 'Italy', 'United Kingdom']",['English'],2005-09-23,2005.0,9.0
15487,The Greatest Game Ever Played,25000000.0,15431177.0,120.0,6.969342,6.9,112.0,en,"['Drama', 'Family']",['United States of America'],['English'],2005-09-30,2005.0,9.0
398,Capote,7000000.0,49084830.0,114.0,6.01272,6.9,394.0,en,"['Crime', 'Drama']","['Canada', 'United States of America']",['English'],2005-09-30,2005.0,9.0
11968,Into the Blue,50000000.0,44434439.0,110.0,10.022102,5.8,466.0,en,"['Action', 'Thriller', 'Adventure', 'Crime']",['United States of America'],['English'],2005-09-30,2005.0,9.0
14517,Mirrormask,4000000.0,866999.0,101.0,5.354783,6.6,107.0,en,['Fantasy'],"['United Kingdom', 'United States of America']",['English'],2005-01-25,2005.0,1.0
533,The Curse of the Were-Rabbit,30000000.0,192452832.0,85.0,11.766244,6.8,660.0,en,"['Adventure', 'Animation', 'Comedy', 'Family']","['United Kingdom', 'United States of America']",['English'],2005-09-04,2005.0,9.0
5236,Kiss Kiss Bang Bang,15000000.0,15785148.0,103.0,11.76054,7.2,900.0,en,"['Action', 'Comedy', 'Crime', 'Mystery']",['United States of America'],['English'],2005-09-05,2005.0,9.0
9763,Goal!: The Dream Begins,30000000.0,27610873.0,118.0,9.783762,6.6,244.0,en,['Drama'],"['United Kingdom', 'United States of America']","['English', 'Español']",2005-06-06,2005.0,6.0
10017,The Wraith,2700000.0,3500000.0,93.0,7.657918,5.9,109.0,en,"['Romance', 'Science Fiction', 'Horror', 'Action', 'Crime']","['United States of America', 'Canada']",['English'],1986-11-21,1986.0,11.0
27759,55 Days at Peking,17000000.0,10000000.0,154.0,2.972529,6.5,38.0,en,"['Action', 'Drama', 'History']",['United States of America'],['English'],1963-05-06,1963.0,5.0
10707,The Squid and the Whale,1500000.0,11098131.0,81.0,10.952762,6.9,229.0,en,"['Comedy', 'Drama']",['United States of America'],"['English', 'Français']",2005-10-05,2005.0,10.0
9910,Two for the Money,35000000.0,30526509.0,122.0,9.003792,5.9,156.0,en,"['Comedy', 'Crime', 'Drama', 'Thriller']",['United States of America'],['English'],2005-10-07,2005.0,10.0
142,Brokeback Mountain,14000000.0,178043761.0,134.0,11.787044,7.5,1531.0,en,"['Drama', 'Romance']","['Canada', 'United States of America']",['English'],2005-09-02,2005.0,9.0
9621,Elizabethtown,57000000.0,52034889.0,123.0,11.82081,6.1,335.0,en,"['Comedy', 'Drama', 'Romance']",['United States of America'],['English'],2005-10-06,2005.0,10.0
9701,North Country,35000000.0,25224242.0,126.0,8.781298,6.9,127.0,en,['Drama'],['United States of America'],['English'],2005-02-12,2005.0,2.0
3291,"Good Night, and Good Luck.",7000000.0,54600000.0,93.0,7.523098,6.8,274.0,en,"['Drama', 'History']","['France', 'Japan', 'United Kingdom', 'United States of America']",['English'],2005-09-16,2005.0,9.0
16608,The Proposition,2000000.0,5048693.0,104.0,9.387212,7.1,221.0,en,"['Action', 'Adventure', 'Crime', 'Drama', 'Thriller', 'Western']","['Australia', 'United Kingdom']",['English'],2005-10-06,2005.0,10.0
791,The Fog,18000000.0,46201432.0,100.0,9.929809,3.8,191.0,en,"['Horror', 'Thriller']",['Canada'],"['English', 'Magyar', 'Italiano']",2005-10-14,2005.0,10.0
2610,Shopgirl,10284523.0,11588205.0,104.0,4.349046,5.7,80.0,en,"['Comedy', 'Drama', 'Romance']",['United States of America'],"['English', 'Polski']",2005-10-21,2005.0,10.0
8066,Stay,50000000.0,8342132.0,99.0,6.572049,6.5,346.0,en,"['Mystery', 'Thriller', 'Drama']",['United States of America'],['English'],2005-09-24,2005.0,9.0
1656,The Legend of Zorro,75000000.0,142400065.0,129.0,8.940007,5.9,909.0,en,"['Action', 'Adventure']","['Mexico', 'United States of America']","['English', 'Italiano', 'Español']",2005-10-24,2005.0,10.0
6963,The Weather Man,20000000.0,12482775.0,101.0,8.345866,6.0,292.0,en,"['Comedy', 'Drama']","['Germany', 'United States of America']","['Český', 'English']",2005-10-20,2005.0,10.0
215,Saw II,4000000.0,152925093.0,92.0,15.399863,6.3,1288.0,en,['Horror'],['United States of America'],['English'],2005-10-28,2005.0,10.0
10799,Empire of the Wolves,24000000.0,11875866.0,128.0,9.255441,5.5,57.0,fr,['Action'],['France'],['Français'],2005-04-20,2005.0,4.0
1951,Manderlay,14200000.0,674918.0,139.0,4.568999,6.9,81.0,da,['Drama'],"['Denmark', 'France', 'Germany', 'Italy', 'Netherlands', 'Sweden', 'United Kingdom']",['English'],2005-05-16,2005.0,5.0
25763,Damnation Alley,17000000.0,8720000.0,91.0,2.217704,5.0,27.0,en,"['Action', 'Adventure', 'Science Fiction']",['United States of America'],"['Español', 'English']",1977-09-10,1977.0,9.0
25,Jarhead,72000000.0,96889998.0,125.0,9.997032,6.6,776.0,en,"['Drama', 'War']","['Germany', 'United States of America']","['English', 'Español', 'العربية', 'Latin']",2005-11-04,2005.0,11.0
9982,Chicken Little,150000000.0,314432665.0,81.0,18.584609,5.6,974.0,en,"['Animation', 'Family', 'Comedy']",['United States of America'],['English'],2005-11-04,2005.0,11.0
11661,Joyeux Noël,22000000.0,17709155.0,116.0,7.846226,7.2,216.0,fr,"['Romance', 'Drama', 'History', 'War', 'Music']","['Belgium', 'France', 'Germany', 'Japan', 'Norway', 'Romania', 'United Kingdom', 'United States of America']","['English', 'Français', 'Deutsch', 'Latin']",2005-11-09,2005.0,11.0
10060,Get Rich or Die Tryin',40000000.0,46442528.0,117.0,9.820229,6.3,188.0,en,['Drama'],['United States of America'],['English'],2005-11-09,2005.0,11.0
231,Syriana,50000000.0,94000000.0,128.0,5.768575,6.3,455.0,en,"['Drama', 'Thriller']",['United States of America'],"['العربية', 'English', 'فارسی', 'اردو', 'Français', '普通话']",2005-11-23,2005.0,11.0
8999,Derailed,22000000.0,57479076.0,108.0,10.600475,6.1,322.0,en,"['Drama', 'Thriller']","['United Kingdom', 'United States of America']","['English', 'Français']",2005-11-11,2005.0,11.0
4348,Pride & Prejudice,28000000.0,121147947.0,135.0,14.439083,7.8,1406.0,en,"['Drama', 'Romance']","['France', 'United Kingdom', 'United States of America']",['English'],2005-09-16,2005.0,9.0
9885,Wolf Creek,1000000.0,27762648.0,99.0,7.483385,6.1,288.0,en,"['Horror', 'Thriller']",['Australia'],"['svenska', 'English']",2005-01-01,2005.0,1.0
674,Harry Potter and the Goblet of Fire,150000000.0,895921036.0,157.0,24.903058,7.5,5758.0,en,"['Adventure', 'Fantasy', 'Family']","['United Kingdom', 'United States of America']","['English', 'Français']",2005-11-05,2005.0,11.0
69,Walk the Line,28000000.0,186438883.0,136.0,11.476443,7.3,732.0,en,"['Drama', 'Music', 'Romance']","['Germany', 'United States of America']","['English', 'Pусский']",2005-09-13,2005.0,9.0
1833,Rent,40000000.0,31670620.0,135.0,9.530278,6.7,159.0,en,"['Drama', 'Romance']",['United States of America'],['English'],2005-11-23,2005.0,11.0
6795,Zathura: A Space Adventure,65000000.0,64321501.0,101.0,10.695639,6.1,808.0,en,"['Family', 'Fantasy', 'Science Fiction', 'Adventure']",['United States of America'],['English'],2005-11-06,2005.0,11.0
24618,Bee Season,14000000.0,6856989.0,104.0,2.308846,5.2,26.0,en,"['Drama', 'Family']",['United States of America'],['English'],2005-09-03,2005.0,9.0
13499,"Yours, Mine & Ours",45000000.0,72028752.0,90.0,10.238422,5.7,233.0,en,"['Comedy', 'Family', 'Romance']",['United States of America'],['English'],2005-11-23,2005.0,11.0
116,Match Point,15000000.0,85306374.0,124.0,9.020372,7.2,1134.0,en,"['Drama', 'Thriller', 'Crime', 'Romance']","['Ireland', 'Luxembourg', 'Russia', 'United Kingdom', 'United States of America']",['English'],2005-10-26,2005.0,10.0
411,"The Chronicles of Narnia: The Lion, the Witch and the Wardrobe",180000000.0,748806957.0,143.0,18.13542,6.7,2709.0,en,"['Adventure', 'Family', 'Fantasy']","['United Kingdom', 'United States of America']","['English', 'Deutsch']",2005-12-07,2005.0,12.0
254,King Kong,207000000.0,550000000.0,187.0,19.761164,6.6,2403.0,en,"['Adventure', 'Drama', 'Action']","['New Zealand', 'United States of America', 'Germany']",['English'],2005-12-14,2005.0,12.0
1904,Memoirs of a Geisha,85000000.0,162242962.0,145.0,7.680762,7.3,670.0,en,"['Drama', 'History', 'Romance']",['United States of America'],"['English', '日本語']",2005-12-06,2005.0,12.0
19058,Down,15000000.0,163169.0,111.0,1.158196,4.1,18.0,en,"['Action', 'Horror', 'Mystery', 'Thriller']","['Netherlands', 'United States of America']",['English'],2001-05-11,2001.0,5.0
9515,The Matador,10000000.0,17297244.0,96.0,3.867472,6.2,137.0,en,"['Action', 'Comedy', 'Crime', 'Drama', 'Thriller']","['Germany', 'United States of America']","['English', 'Polski']",2005-05-12,2005.0,5.0
23478,Mozart and the Whale,12000000.0,84967.0,92.0,8.334487,6.5,41.0,en,"['Comedy', 'Drama', 'Romance']",['United States of America'],['English'],2005-09-10,2005.0,9.0
8053,The Three Burials of Melquiades Estrada,15000000.0,12036149.0,121.0,9.117934,7.0,180.0,en,"['Adventure', 'Crime', 'Drama', 'Mystery', 'Western']","['United States of America', 'France']","['English', 'Español']",2005-11-17,2005.0,11.0
612,Munich,70000000.0,130358911.0,164.0,9.668761,7.0,706.0,en,"['Drama', 'Action', 'History', 'Thriller']","['Canada', 'United States of America', 'France']","['العربية', 'Deutsch', 'ελληνικά', 'English', 'Français', 'עִבְרִית', 'Italiano', 'Pусский']",2005-12-22,2005.0,12.0
9899,The Producers,45000000.0,38058335.0,134.0,5.037224,6.1,153.0,en,"['Comedy', 'Music']",['United States of America'],['English'],2005-12-25,2005.0,12.0
546,Transamerica,1000000.0,13350369.0,103.0,7.398205,6.9,149.0,en,['Drama'],['United States of America'],['English'],2005-12-23,2005.0,12.0
2800,Rumor Has It...,70000000.0,88933562.0,97.0,6.158212,5.3,309.0,en,['Comedy'],['United States of America'],"['English', 'Español']",2005-12-23,2005.0,12.0
9641,Cheaper by the Dozen 2,60000000.0,129181830.0,94.0,7.101422,5.8,542.0,en,['Comedy'],['United States of America'],['English'],2005-12-21,2005.0,12.0
7552,Fun with Dick and Jane,100000000.0,202026112.0,90.0,13.473381,5.9,639.0,en,['Comedy'],['United States of America'],['English'],2005-12-21,2005.0,12.0
9687,Keeping Mum,169000.0,18564702.0,103.0,5.742659,6.5,165.0,en,['Comedy'],['United Kingdom'],['English'],2005-12-02,2005.0,12.0
11400,The New World,30000000.0,30536013.0,135.0,7.694502,6.4,336.0,en,"['Drama', 'History', 'Romance']",['United States of America'],['English'],2005-12-25,2005.0,12.0
10045,District B13,12000000.0,9584131.0,84.0,7.594102,6.5,572.0,fr,"['Action', 'Thriller', 'Science Fiction']",['France'],['Français'],2004-11-09,2004.0,11.0
168705,BloodRayne,25000000.0,2405420.0,95.0,6.514132,3.6,120.0,en,"['Action', 'Adventure', 'Fantasy', 'Horror']",['United States of America'],"['English', 'Português']",2005-10-22,2005.0,10.0
1690,Hostel,4800000.0,80578934.0,94.0,12.093928,5.7,913.0,en,['Horror'],['United States of America'],['English'],2005-01-06,2005.0,1.0
9044,Tristan & Isolde,31000000.0,28000000.0,125.0,15.672195,6.4,240.0,en,['Drama'],"['Czech Republic', 'Germany', 'United Kingdom']",['English'],2006-04-07,2006.0,4.0
17379,Last Holiday,45000000.0,38399961.0,112.0,5.53836,6.4,123.0,en,"['Adventure', 'Comedy', 'Drama']",['United States of America'],"['English', 'Français']",2006-01-13,2006.0,1.0
10982,Hoodwinked!,15000000.0,51053787.0,80.0,6.398984,6.0,491.0,en,"['Animation', 'Comedy', 'Family']",['United States of America'],['English'],2005-12-16,2005.0,12.0
834,Underworld: Evolution,50000000.0,111340801.0,106.0,12.496805,6.4,1548.0,en,"['Fantasy', 'Action', 'Science Fiction', 'Thriller']",['United States of America'],"['English', 'Français', 'Magyar']",2006-01-12,2006.0,1.0
14226,Riding Alone for Thousands of Miles,7500000.0,3752325.0,107.0,1.883227,7.3,21.0,zh,['Drama'],"['China', 'Hong Kong', 'Japan']","['日本語', '普通话']",2005-12-22,2005.0,12.0
12701,Revolution,28000000.0,358574.0,126.0,2.806002,5.3,22.0,en,"['Adventure', 'Drama', 'History', 'War']","['Norway', 'United Kingdom']",['English'],1985-12-25,1985.0,12.0
1969,Bandidas,35000000.0,10496317.0,93.0,19.294832,5.8,319.0,es,"['Action', 'Comedy', 'Western', 'Crime']","['United States of America', 'France', 'Mexico']","['English', 'Español']",2006-01-18,2006.0,1.0
13275,Annapolis,26000000.0,17496992.0,108.0,5.450751,6.0,94.0,en,['Drama'],['United States of America'],['English'],2006-01-27,2006.0,1.0
11565,Big Momma's House 2,40000000.0,138259062.0,99.0,7.622875,5.4,376.0,en,"['Comedy', 'Crime']",['United States of America'],['English'],2006-01-26,2006.0,1.0
11283,Nanny McPhee,25000000.0,122489822.0,97.0,9.806554,6.4,742.0,en,"['Fantasy', 'Comedy', 'Family']","['France', 'United Kingdom', 'United States of America']",['English'],2005-10-21,2005.0,10.0
9286,Final Destination 3,25000000.0,117719158.0,93.0,11.872997,5.8,1000.0,en,"['Horror', 'Mystery']","['Canada', 'Germany', 'United States of America']",['English'],2006-02-10,2006.0,2.0
292,Dave Chappelle's Block Party,3000000.0,11718595.0,100.0,2.092791,6.5,29.0,en,"['Comedy', 'Documentary', 'Music']",['United States of America'],"['English', 'Deutsch']",2005-09-12,2005.0,9.0
33061,Troll,1100000.0,5450815.0,82.0,10.254424,4.9,60.0,en,"['Fantasy', 'Horror']","['Italy', 'United States of America']",['English'],1986-01-17,1986.0,1.0
9975,Curious George,50000000.0,69834815.0,86.0,12.602502,6.1,109.0,en,"['Adventure', 'Animation', 'Comedy', 'Family']",['United States of America'],['English'],2006-02-10,2006.0,2.0
9754,Firewall,45000000.0,82800000.0,105.0,6.500892,5.6,270.0,en,['Thriller'],"['United States of America', 'Australia']",['English'],2006-02-10,2006.0,2.0
10053,When a Stranger Calls,15000000.0,66966987.0,87.0,5.149058,5.4,273.0,en,"['Horror', 'Thriller']",['United States of America'],['English'],2006-02-03,2006.0,2.0
10263,Tamara,4750000.0,206871.0,98.0,3.743679,5.1,64.0,en,"['Fantasy', 'Horror', 'Thriller']",['United States of America'],['English'],2005-05-12,2005.0,5.0
9959,Freedomland,37665000.0,14655628.0,113.0,5.388535,5.2,71.0,en,"['Drama', 'Thriller', 'Crime', 'Mystery']",['United States of America'],"['English', 'Italiano']",2006-02-17,2006.0,2.0
14256,Winter Passing,3500000.0,113783.0,98.0,4.456904,6.7,28.0,en,"['Comedy', 'Drama']",['United States of America'],['English'],2006-02-07,2006.0,2.0
9036,Eight Below,40000000.0,120455994.0,120.0,13.876881,6.7,553.0,en,"['Adventure', 'Drama', 'Family']",['United States of America'],['English'],2006-02-17,2006.0,2.0
10073,Date Movie,20000000.0,48548426.0,83.0,5.682129,3.6,225.0,en,['Comedy'],"['Switzerland', 'United States of America']",['English'],2006-02-17,2006.0,2.0
7304,Running Scared,17000000.0,9500000.0,122.0,7.435544,7.0,332.0,en,"['Action', 'Crime', 'Drama', 'Thriller']","['Germany', 'United States of America']","['English', 'Pусский']",2006-01-06,2006.0,1.0
16781,Madea's Family Reunion,6000000.0,57231524.0,110.0,4.304175,6.0,77.0,en,"['Drama', 'Comedy', 'Romance']",['United States of America'],"['English', 'Español']",2006-02-24,2006.0,2.0
9920,Ultraviolet,30000000.0,31070211.0,87.0,11.096655,4.8,468.0,en,"['Science Fiction', 'Action', 'Thriller']",['United States of America'],"['English', 'Tiếng Việt']",2006-03-03,2006.0,3.0
10025,Just My Luck,28000000.0,38159905.0,103.0,6.053567,5.8,512.0,en,"['Comedy', 'Drama', 'Family', 'Fantasy', 'Romance']",['United States of America'],['English'],2006-05-12,2006.0,5.0
9682,Pulse,38000000.0,29907685.0,90.0,10.307277,5.0,154.0,en,"['Horror', 'Thriller']",['United States of America'],"['English', 'Polski']",2006-08-11,2006.0,8.0
2207,16 Blocks,55000000.0,65664721.0,105.0,11.887779,6.2,675.0,en,"['Action', 'Adventure', 'Crime', 'Thriller']","['United States of America', 'Germany']",['English'],2006-03-01,2006.0,3.0
6877,Failure to Launch,50000000.0,128406887.0,97.0,9.438013,5.5,407.0,en,['Comedy'],['United States of America'],['English'],2006-03-10,2006.0,3.0
950,Ice Age: The Meltdown,80000000.0,660940780.0,91.0,16.646029,6.5,3034.0,en,"['Animation', 'Family', 'Comedy', 'Adventure']",['United States of America'],['English'],2006-03-23,2006.0,3.0
752,V for Vendetta,54000000.0,132511035.0,132.0,20.214422,7.7,4562.0,en,"['Action', 'Thriller', 'Fantasy']","['Germany', 'United Kingdom', 'United States of America']",['English'],2006-03-15,2006.0,3.0
9655,She's the Man,20000000.0,33889159.0,105.0,6.916201,6.4,691.0,en,"['Comedy', 'Drama', 'Family', 'Romance']",['United States of America'],['English'],2006-03-17,2006.0,3.0
9388,Thank You for Smoking,6500000.0,24793509.0,92.0,9.369527,7.1,670.0,en,"['Comedy', 'Drama']",['United States of America'],['English'],2005-09-05,2005.0,9.0
9950,Find Me Guilty,13000000.0,2636637.0,125.0,15.295949,6.5,139.0,en,['Drama'],"['Germany', 'United States of America']",['English'],2006-03-16,2006.0,3.0
388,Inside Man,45000000.0,184376254.0,129.0,13.393548,7.3,1671.0,en,"['Crime', 'Drama', 'Thriller']",['United States of America'],"['English', 'shqip']",2006-03-23,2006.0,3.0
868,Tsotsi,3000000.0,9879971.0,94.0,6.081201,6.9,96.0,af,"['Crime', 'Drama']",['South Africa'],"['Afrikaans', '', 'isiZulu']",2005-08-18,2005.0,8.0
14191,Aquamarine,12000000.0,23006849.0,104.0,11.29062,5.8,372.0,en,"['Fantasy', 'Romance', 'Family', 'Comedy']","['Australia', 'United States of America']",['English'],2006-03-03,2006.0,3.0
18009,Leprechaun 2,2000000.0,2260622.0,85.0,3.3924,4.8,51.0,en,"['Comedy', 'Horror']",['United States of America'],['English'],1994-04-07,1994.0,4.0
1379,Lights in the Dusk,1380000.0,1615018.0,78.0,2.329388,6.6,27.0,fi,"['Crime', 'Drama']",['Finland'],"['suomi', 'Pусский']",2006-02-03,2006.0,2.0
9792,The Hills Have Eyes,15000000.0,69623713.0,107.0,18.960549,6.1,726.0,en,"['Horror', 'Thriller']","['France', 'United States of America']",['English'],2006-03-10,2006.0,3.0
10067,The Shaggy Dog,50000000.0,61112916.0,98.0,4.878907,4.5,138.0,en,"['Comedy', 'Family']",['United States of America'],['English'],2006-03-09,2006.0,3.0
46828,Son of the Pink Panther,25000000.0,2438031.0,93.0,3.372523,3.8,44.0,en,['Comedy'],"['United States of America', 'Italy']","['English', 'Italiano']",1993-01-01,1993.0,1.0
582,The Lives of Others,2000000.0,70000000.0,137.0,9.02255,7.9,977.0,de,"['Drama', 'Thriller']",['Germany'],['Deutsch'],2006-03-15,2006.0,3.0
12763,Take the Lead,30000000.0,34742066.0,108.0,5.364459,6.6,171.0,en,['Music'],['United States of America'],['English'],2006-03-17,2006.0,3.0
186,Lucky Number Slevin,27000000.0,56308881.0,110.0,11.15092,7.4,1356.0,en,"['Drama', 'Thriller', 'Crime', 'Mystery']","['Germany', 'United States of America']",['English'],2006-02-24,2006.0,2.0
219,Volver,12899867.0,85582407.0,121.0,6.302926,7.3,419.0,es,"['Comedy', 'Drama', 'Romance']",['Spain'],['Español'],2006-03-16,2006.0,3.0
13751,Akeelah and the Bee,8000000.0,18948425.0,112.0,5.052049,6.7,85.0,en,['Drama'],['United States of America'],['English'],2006-04-28,2006.0,4.0
10069,Stay Alive,9000000.0,27105095.0,100.0,4.854551,5.3,157.0,en,"['Horror', 'Thriller']",['United States of America'],['English'],2006-03-24,2006.0,3.0
3093,Basic Instinct 2,70000000.0,38629478.0,114.0,15.321902,4.6,183.0,en,"['Crime', 'Mystery', 'Thriller']","['Germany', 'United Kingdom', 'United States of America']","['English', 'Deutsch']",2006-03-29,2006.0,3.0
9270,Brick,475000.0,3919254.0,110.0,9.00314,6.8,366.0,en,"['Drama', 'Mystery']",['United States of America'],['English'],2005-01-30,2005.0,1.0
13960,ATL,20000000.0,21170563.0,105.0,2.582818,6.0,33.0,en,['Drama'],['United States of America'],['English'],2006-03-31,2006.0,3.0
9389,Renaissance,18000000.0,1831348.0,105.0,9.746725,6.7,78.0,fr,"['Action', 'Animation', 'Science Fiction']","['France', 'United Kingdom', 'Luxembourg']","['English', 'Français']",2006-03-16,2006.0,3.0
8998,Friends with Money,6500000.0,13368437.0,88.0,8.869162,5.1,132.0,en,"['Comedy', 'Drama', 'Romance']",['United States of America'],['English'],2006-09-07,2006.0,9.0
4257,Scary Movie 4,45000000.0,178262620.0,83.0,13.096692,5.3,779.0,en,['Comedy'],['United States of America'],['English'],2006-04-13,2006.0,4.0
2652,Hard Candy,950000.0,7022209.0,103.0,9.62025,6.8,726.0,en,"['Drama', 'Thriller']",['United States of America'],['English'],2005-01-14,2005.0,1.0
39045,Pinocchio and the Emperor of the Night,8000000.0,3261638.0,83.0,0.743274,5.3,4.0,en,"['Animation', 'Adventure', 'Family']",[],['English'],1987-08-06,1987.0,8.0
5820,The Sentinel,60000000.0,77920346.0,108.0,12.915358,5.8,230.0,en,"['Action', 'Thriller', 'Crime']",['United States of America'],['English'],2006-04-19,2006.0,4.0
9904,The Wild,80000000.0,37384046.0,94.0,7.904333,5.1,246.0,en,"['Family', 'Animation']","['Canada', 'United States of America']",['English'],2006-03-06,2006.0,3.0
588,Silent Hill,50000000.0,97607453.0,125.0,7.938457,6.3,1093.0,en,"['Horror', 'Mystery']","['Canada', 'France', 'Japan', 'United States of America']",['English'],2006-04-21,2006.0,4.0
17247,Battle in Heaven,1601792.0,253527.0,96.0,2.329513,5.6,24.0,es,['Drama'],"['Mexico', 'Belgium', 'Netherlands', 'Germany', 'France']",['Español'],2005-05-15,2005.0,5.0
9310,American Dreamz,17000000.0,7314027.0,107.0,4.936369,4.9,97.0,en,"['Comedy', 'Drama', 'Family']",['United States of America'],"['English', 'Español']",2006-03-04,2006.0,3.0
35545,Mata Hari,558000.0,2227000.0,89.0,1.41344,6.1,9.0,en,"['Drama', 'Action', 'Thriller', 'Romance']",['United States of America'],['English'],1931-12-26,1931.0,12.0
8982,The Protector,6000000.0,27165581.0,108.0,9.005167,6.8,171.0,th,"['Action', 'Crime', 'Drama', 'Thriller']","['Thailand', 'Australia']","['English', '普通话', 'ภาษาไทย', 'Tiếng Việt']",2005-08-11,2005.0,8.0
956,Mission: Impossible III,150000000.0,397850012.0,126.0,15.687983,6.5,2062.0,en,"['Adventure', 'Action', 'Thriller']","['China', 'Germany', 'United States of America']","['Deutsch', 'English', 'Italiano', '普通话', 'Český', '广州话 / 廣州話']",2006-05-03,2006.0,5.0
9530,RV,50000000.0,87528173.0,99.0,11.511424,5.6,503.0,en,['Comedy'],"['Germany', 'United Kingdom', 'United States of America']",['English'],2006-04-28,2006.0,4.0
9829,United 93,15000000.0,76286096.0,111.0,10.527141,6.9,377.0,en,"['Drama', 'History', 'Crime', 'Thriller', 'Action']","['France', 'United Kingdom', 'United States of America']","['English', 'العربية', 'Deutsch']",2006-04-28,2006.0,4.0
7870,Down in the Valley,8000000.0,852872.0,112.0,11.448612,6.0,64.0,en,"['Drama', 'Romance']",['United States of America'],"['English', 'Italiano']",2005-05-13,2005.0,5.0
7518,Over the Hedge,80000000.0,343397247.0,83.0,9.382953,6.3,1116.0,en,"['Comedy', 'Animation', 'Family']",['United States of America'],['English'],2006-04-22,2006.0,4.0
503,Poseidon,160000000.0,181674817.0,99.0,6.581669,5.5,594.0,en,"['Adventure', 'Action', 'Drama', 'Thriller']",['United States of America'],"['English', 'Español']",2006-05-12,2006.0,5.0
591,The Da Vinci Code,125000000.0,767820459.0,149.0,18.566706,6.5,2773.0,en,"['Thriller', 'Mystery']","['United States of America', 'Malta', 'France', 'United Kingdom']","['English', 'Français', 'Latin', 'Español']",2006-05-17,2006.0,5.0
36668,X-Men: The Last Stand,210000000.0,459359555.0,104.0,0.867943,6.3,3581.0,en,"['Adventure', 'Action', 'Science Fiction', 'Thriller']","['Canada', 'United Kingdom', 'United States of America']",['English'],2006-05-24,2006.0,5.0
9767,The Break-Up,52000000.0,204999686.0,106.0,6.327193,5.6,851.0,en,"['Romance', 'Comedy']",['United States of America'],['English'],2006-06-01,2006.0,6.0
18164,Twelve and Holding,400000.0,95687.0,90.0,1.829593,7.0,20.0,en,['Drama'],['United States of America'],['English'],2005-09-11,2005.0,9.0
920,Cars,120000000.0,461983149.0,117.0,18.907948,6.6,3991.0,en,"['Animation', 'Adventure', 'Comedy', 'Family']",['United States of America'],"['English', 'Italiano', '日本語', '']",2006-06-08,2006.0,6.0
9700,The Lost City,9600000.0,4386236.0,144.0,2.637004,5.9,25.0,en,"['Drama', 'Romance']",['United States of America'],['English'],2005-09-03,2005.0,9.0
14167,Standing Still,1700000.0,12762.0,90.0,2.095106,5.7,12.0,en,"['Comedy', 'Drama', 'Romance']",['United States of America'],['English'],2005-01-02,2005.0,1.0
806,The Omen,25000000.0,119188334.0,110.0,5.670679,5.3,287.0,en,"['Drama', 'Horror', 'Thriller']",['United States of America'],['English'],2006-06-06,2006.0,6.0
9353,Nacho Libre,32000000.0,80197993.0,92.0,12.042646,5.6,368.0,en,"['Comedy', 'Family']",['United States of America'],"['Español', 'English']",2006-06-16,2006.0,6.0
2044,The Lake House,40000000.0,114830111.0,99.0,12.589019,6.5,689.0,en,"['Romance', 'Drama', 'Mystery']",['United States of America'],['English'],2006-06-16,2006.0,6.0
9339,Click,82500000.0,237681299.0,107.0,9.796552,6.0,2167.0,en,"['Comedy', 'Drama', 'Fantasy', 'Romance']",['United States of America'],"['English', 'Português', '日本語']",2006-06-22,2006.0,6.0
350,The Devil Wears Prada,35000000.0,326551094.0,109.0,13.102384,7.0,3198.0,en,"['Comedy', 'Drama', 'Romance']",['United States of America'],"['English', 'Français']",2006-06-30,2006.0,6.0
58,Pirates of the Caribbean: Dead Man's Chest,200000000.0,1065659812.0,151.0,29.455314,7.0,5380.0,en,"['Adventure', 'Fantasy', 'Action']",['United States of America'],"['English', 'Türkçe', 'ελληνικά', '普通话']",2006-06-20,2006.0,6.0
1819,"You, Me and Dupree",54000000.0,130431368.0,108.0,8.570085,5.4,421.0,en,"['Comedy', 'Romance']",['United States of America'],['English'],2006-07-14,2006.0,7.0
2295,Clerks II,5000000.0,26888376.0,97.0,8.466725,6.9,407.0,en,['Comedy'],['United States of America'],['English'],2006-05-25,2006.0,5.0
9697,Lady in the Water,75000000.0,42285169.0,110.0,8.704554,5.3,415.0,en,"['Drama', 'Thriller', 'Fantasy', 'Mystery']",['United States of America'],['English'],2006-07-21,2006.0,7.0
1887,Marie Antoinette,40000000.0,60474340.0,123.0,8.852557,6.5,662.0,en,"['Drama', 'History']","['France', 'United States of America', 'Japan']","['English', 'Français', 'Latin']",2006-05-24,2006.0,5.0
13508,Who Killed the Electric Car?,1000000.0,1678874.0,92.0,8.570312,7.2,59.0,en,['Documentary'],['United States of America'],"['English', 'Français', 'Magyar']",2006-08-04,2006.0,8.0
1781,An Inconvenient Truth,1000000.0,46243000.0,100.0,6.684925,6.7,257.0,en,['Documentary'],['United States of America'],['English'],2006-01-24,2006.0,1.0
9615,The Fast and the Furious: Tokyo Drift,85000000.0,158468292.0,104.0,2.238808,6.1,1749.0,en,"['Action', 'Crime', 'Drama', 'Thriller']","['Japan', 'United States of America']","['English', '日本語']",2006-06-03,2006.0,6.0
1452,Superman Returns,270000000.0,391081192.0,154.0,13.284712,5.4,1429.0,en,"['Adventure', 'Fantasy', 'Action', 'Science Fiction']",['United States of America'],"['English', 'Français', 'Deutsch']",2006-06-28,2006.0,6.0
773,Little Miss Sunshine,8000000.0,100523181.0,102.0,5.320117,7.5,1728.0,en,"['Comedy', 'Drama']",['United States of America'],['English'],2006-07-26,2006.0,7.0
36576,Curse of the Pink Panther,11000000.0,4491986.0,109.0,8.046375,3.6,42.0,en,"['Crime', 'Comedy']","['United Kingdom', 'United States of America']",['English'],1983-08-12,1983.0,8.0
1164,Babel,25000000.0,135330182.0,143.0,12.60853,6.9,1083.0,en,['Drama'],"['France', 'Japan', 'Mexico', 'United States of America']","['العربية', 'English', 'Español', 'Français', '日本語', 'Pусский']",2006-09-08,2006.0,9.0
31915,Prophecy,12000000.0,54000000.0,102.0,3.579175,5.4,25.0,en,"['Horror', 'Science Fiction']",['United States of America'],['English'],1979-01-01,1979.0,1.0
9072,Little Man,64000000.0,101595121.0,98.0,7.067602,5.3,269.0,en,"['Comedy', 'Crime']",['United States of America'],['English'],2006-08-31,2006.0,8.0
9297,Monster House,75000000.0,140175006.0,91.0,15.402378,6.3,912.0,en,"['Animation', 'Comedy', 'Family', 'Fantasy']",['United States of America'],['English'],2006-07-21,2006.0,7.0
326,Snakes on a Plane,33000000.0,62022014.0,105.0,7.418574,5.1,504.0,en,"['Action', 'Crime', 'Horror', 'Thriller']",['United States of America'],"['English', 'ภาษาไทย']",2006-08-06,2006.0,8.0
512,Scoop,4000000.0,31584901.0,96.0,8.16339,6.4,435.0,en,"['Comedy', 'Mystery']",['United Kingdom'],['English'],2006-07-27,2006.0,7.0
9718,Talladega Nights: The Ballad of Ricky Bobby,72500000.0,162966177.0,116.0,6.936688,6.2,497.0,en,['Comedy'],['United States of America'],['English'],2006-08-04,2006.0,8.0
1593,Night at the Museum,110000000.0,574480841.0,108.0,16.661966,6.4,2949.0,en,"['Action', 'Adventure', 'Comedy', 'Family', 'Fantasy']","['United States of America', 'United Kingdom']","['English', 'Italiano', 'עִבְרִית']",2006-10-20,2006.0,10.0
1852,World Trade Center,63000000.0,162945894.0,128.0,13.332102,5.9,461.0,en,"['Drama', 'History', 'Thriller']",['United States of America'],['English'],2006-08-09,2006.0,8.0
1262,Stranger Than Fiction,30000000.0,53653224.0,113.0,10.798092,7.1,743.0,en,"['Comedy', 'Drama', 'Fantasy', 'Romance']",['United States of America'],['English'],2006-09-09,2006.0,9.0
43610,The Valley of Decision,2160000.0,9132000.0,119.0,0.230534,5.8,4.0,en,['Drama'],['United States of America'],['English'],1945-06-01,1945.0,6.0
82,Miami Vice,135000000.0,163794509.0,134.0,11.72545,5.7,494.0,en,"['Action', 'Adventure', 'Crime', 'Thriller']","['Uruguay', 'United States of America', 'Germany', 'Paraguay']","['English', 'Español']",2006-07-27,2006.0,7.0
1402,The Pursuit of Happyness,55000000.0,307077295.0,117.0,20.981716,7.7,2607.0,en,['Drama'],['United States of America'],"['English', '广州话 / 廣州話']",2006-12-14,2006.0,12.0
9293,John Tucker Must Die,18000000.0,41009669.0,87.0,7.810301,5.9,375.0,en,['Comedy'],"['Canada', 'United States of America']",['English'],2006-07-27,2006.0,7.0
9906,The Ant Bully,50000000.0,55181129.0,88.0,7.000272,5.5,375.0,en,"['Fantasy', 'Adventure', 'Animation', 'Comedy', 'Family']",['United States of America'],['English'],2006-07-27,2006.0,7.0
47880,Mrs Palfrey at The Claremont,750000.0,1720953.0,108.0,2.6982,6.8,10.0,en,"['Comedy', 'Drama']",['United Kingdom'],['English'],2005-11-25,2005.0,11.0
1948,Crank,12000000.0,42931041.0,88.0,12.627593,6.6,1172.0,en,"['Action', 'Thriller', 'Crime']",['United States of America'],"['English', 'Español', '한국어/조선말']",2006-08-31,2006.0,8.0
77221,Black Gold,40000000.0,5446000.0,130.0,6.652197,5.9,77.0,en,"['Adventure', 'Drama']","['France', 'Italy', 'Qatar', 'Tunisia']",['English'],2011-12-21,2011.0,12.0
5289,Chaos,20000000.0,10289.0,106.0,9.51795,6.1,278.0,en,"['Drama', 'Action', 'Crime']","['Canada', 'United Kingdom', 'United States of America']",['English'],2005-01-17,2005.0,1.0
9907,Barnyard,51000000.0,72779000.0,90.0,6.984949,5.3,230.0,en,"['Animation', 'Comedy', 'Family']","['Germany', 'United States of America']",['English'],2006-08-04,2006.0,8.0
9762,Step Up,12000000.0,114194847.0,104.0,14.21769,6.7,1092.0,en,"['Music', 'Drama', 'Romance', 'Crime']",['United States of America'],['English'],2006-08-11,2006.0,8.0
14113,Zoom,35000000.0,12506188.0,83.0,11.967444,4.9,140.0,en,"['Family', 'Fantasy', 'Comedy']",['United States of America'],['English'],2006-08-11,2006.0,8.0
15049,Bon Cop Bad Cop,8000000.0,12671300.0,116.0,5.397604,6.5,43.0,fr,"['Action', 'Comedy', 'Crime']",['Canada'],"['English', 'Français']",2006-07-06,2006.0,7.0
7859,Half Nelson,700000.0,4911725.0,107.0,12.155115,6.5,243.0,en,['Drama'],['United States of America'],['English'],2006-08-11,2006.0,8.0
11559,Tideland,12000000.0,566611.0,120.0,6.796465,6.3,147.0,en,"['Fantasy', 'Drama', 'Thriller', 'Science Fiction']","['Canada', 'United Kingdom']",['English'],2005-09-09,2005.0,9.0
59964,Cabin in the Sky,662141.0,1606624.0,98.0,1.233446,7.1,8.0,en,"['Fantasy', 'Music']",['United States of America'],['English'],1943-04-09,1943.0,4.0
9788,Accepted,23000000.0,38505009.0,93.0,7.06088,6.2,412.0,en,['Comedy'],['United States of America'],['English'],2006-08-18,2006.0,8.0
1491,The Illusionist,40000000.0,86915017.0,110.0,11.494009,7.1,1657.0,en,"['Fantasy', 'Drama', 'Thriller', 'Romance']","['Czech Republic', 'United States of America']",['English'],2006-08-18,2006.0,8.0
1165,The Queen,15000000.0,123384128.0,103.0,7.904371,6.8,344.0,en,['Drama'],"['France', 'Italy', 'United Kingdom', 'United States of America']","['Deutsch', 'English', 'Français']",2006-09-15,2006.0,9.0
9988,Beerfest,17500000.0,19179969.0,110.0,7.481125,5.8,173.0,en,['Comedy'],['United States of America'],"['English', 'Deutsch']",2006-08-25,2006.0,8.0
9708,The Wicker Man,40000000.0,38755073.0,102.0,9.423256,4.0,355.0,en,"['Mystery', 'Thriller', 'Horror']","['United States of America', 'Germany', 'Canada']",['English'],2006-09-01,2006.0,9.0
14351,Crossover,5800000.0,7000000.0,95.0,0.906143,4.2,10.0,en,"['Action', 'Adventure', 'Drama']",['United States of America'],['English'],2006-09-01,2006.0,9.0
9813,The Quiet,900000.0,381420.0,96.0,4.997751,6.1,73.0,en,"['Drama', 'Thriller']",['United States of America'],['English'],2005-09-12,2005.0,9.0
1116,The Wind That Shakes the Barley,6500000.0,22889018.0,124.0,6.752524,7.1,155.0,en,"['Drama', 'History', 'War']","['Ireland', 'United Kingdom', 'Germany', 'Italy', 'Spain', 'France', 'Belgium', 'Switzerland']","['English', 'Gaeilge', 'Latin']",2006-06-23,2006.0,6.0
9954,The Covenant,20000000.0,37597471.0,97.0,12.72212,5.2,295.0,en,"['Action', 'Adventure', 'Fantasy', 'Horror', 'Science Fiction', 'Thriller']",['United States of America'],['English'],2006-09-08,2006.0,9.0
13075,Sherrybaby,2000000.0,622806.0,96.0,3.319349,6.3,43.0,en,['Drama'],['United States of America'],['English'],2006-09-08,2006.0,9.0
7512,Idiocracy,30000000.0,495303.0,84.0,12.130803,6.3,681.0,en,"['Adventure', 'Comedy', 'Science Fiction']",['United States of America'],['English'],2006-09-01,2006.0,9.0
1381,The Fountain,35000000.0,15304890.0,96.0,11.577121,6.8,852.0,en,"['Drama', 'Adventure', 'Science Fiction', 'Romance']",['United States of America'],['English'],2006-09-06,2006.0,9.0
300,The Science of Sleep,6000000.0,9524340.0,105.0,10.603991,6.8,253.0,fr,"['Comedy', 'Drama', 'Fantasy']","['France', 'Italy']","['English', 'Français', 'Español']",2006-02-11,2006.0,2.0
16411,Initial D,1549000.0,7096000.0,107.0,4.331811,6.3,46.0,cn,"['Action', 'Crime', 'Thriller', 'Drama']","['Hong Kong', 'China']","['English', '广州话 / 廣州話']",2005-05-12,2005.0,5.0
9676,The Black Dahlia,50000000.0,49111202.0,121.0,6.506572,5.7,292.0,en,['Drama'],"['France', 'Germany', 'United States of America']",['English'],2006-09-15,2006.0,9.0
9766,Gridiron Gang,30000000.0,41480851.0,125.0,5.025475,6.6,210.0,en,"['Action', 'Adventure', 'Crime', 'Drama']",['United States of America'],['English'],2006-09-15,2006.0,9.0
5721,Vixen!,76000.0,6000000.0,70.0,1.310245,5.5,16.0,en,"['Comedy', 'Drama', 'Romance']",['United States of America'],['English'],1968-10-15,1968.0,10.0
1579,Apocalypto,40000000.0,120175290.0,139.0,7.735233,7.3,1252.0,en,"['Action', 'Adventure', 'Drama', 'Thriller']",['United States of America'],['English'],2006-12-07,2006.0,12.0
9664,Flyboys,60000000.0,17800000.0,140.0,5.460942,6.3,274.0,en,"['Action', 'Adventure', 'Drama', 'History', 'Romance', 'War']","['United Kingdom', 'United States of America']","['English', 'Français']",2006-09-22,2006.0,9.0
12094,Jackass Number Two,11000000.0,72778712.0,95.0,7.915368,6.4,306.0,en,"['Action', 'Comedy', 'Documentary']",['United States of America'],['English'],2006-09-22,2006.0,9.0
1717,All the King's Men,55000000.0,9450897.0,125.0,7.991168,5.7,95.0,en,"['Drama', 'Thriller']",['United States of America'],['English'],2006-09-10,2006.0,9.0
15624,Conversations with Other Women,450000.0,973525.0,84.0,2.333661,6.2,38.0,en,"['Drama', 'Romance']","['United Kingdom', 'United States of America']",['English'],2006-06-07,2006.0,6.0
496,Borat: Cultural Learnings of America for Make Benefit Glorious Nation of Kazakhstan,18000000.0,261572744.0,82.0,8.278336,6.5,1617.0,en,['Comedy'],['United States of America'],"['English', 'עִבְרִית', 'қазақ']",2006-11-01,2006.0,11.0
1417,Pan's Labyrinth,19000000.0,83258226.0,118.0,26.817754,7.6,3122.0,es,"['Fantasy', 'Drama', 'War']","['Spain', 'United States of America', 'Mexico']",['Español'],2006-05-27,2006.0,5.0
4643,The Guardian,70000000.0,55011732.0,139.0,10.031817,6.8,394.0,en,"['Action', 'Adventure', 'Drama']",['United States of America'],['English'],2006-09-28,2006.0,9.0
7484,Open Season,85000000.0,197309027.0,83.0,11.744242,6.1,676.0,en,"['Adventure', 'Animation', 'Family']",['United States of America'],['English'],2006-09-29,2006.0,9.0
9842,School for Scoundrels,20000000.0,17807569.0,100.0,10.725567,5.6,112.0,en,"['Comedy', 'Drama', 'Romance']",['United States of America'],['English'],2006-09-29,2006.0,9.0
1422,The Departed,90000000.0,289847354.0,151.0,18.515448,7.9,4455.0,en,"['Drama', 'Thriller', 'Crime']","['Hong Kong', 'United States of America']","['English', '广州话 / 廣州話']",2006-10-05,2006.0,10.0
9794,Employee of the Month,12000000.0,38368909.0,103.0,8.596352,5.4,156.0,en,"['Comedy', 'Romance']",['United States of America'],"['English', 'Magyar']",2006-10-06,2006.0,10.0
9978,Stormbreaker,40000000.0,23937870.0,93.0,8.778999,5.1,219.0,en,"['Adventure', 'Action', 'Family']","['Germany', 'United Kingdom', 'United States of America']",['English'],2006-07-21,2006.0,7.0
7510,Running with Scissors,12000000.0,6754898.0,116.0,4.926507,5.8,80.0,en,"['Drama', 'Comedy']",['United States of America'],['English'],2006-10-27,2006.0,10.0
1975,The Grudge 2,20000000.0,39143839.0,102.0,6.768804,5.3,288.0,en,"['Horror', 'Thriller']",['United States of America'],"['English', '日本語', 'Pусский']",2006-10-13,2006.0,10.0
9895,Man of the Year,20000000.0,41237648.0,115.0,7.018483,5.8,129.0,en,"['Comedy', 'Drama', 'Romance', 'Thriller']",['United States of America'],['English'],2006-10-09,2006.0,10.0
8975,The Marine,20000000.0,22165608.0,92.0,6.679168,5.0,165.0,en,"['Action', 'Adventure', 'Drama', 'Thriller']",['United States of America'],"['العربية', 'English']",2006-10-13,2006.0,10.0
9672,Infamous,13000000.0,1151330.0,110.0,5.169999,6.4,60.0,en,['Drama'],['United States of America'],"['English', 'Deutsch']",2006-11-16,2006.0,11.0
15005,One Night with the King,20000000.0,13391174.0,123.0,3.660528,6.1,12.0,en,['Drama'],['United States of America'],['English'],2006-10-13,2006.0,10.0
1440,Little Children,26000000.0,14821658.0,136.0,7.311148,6.9,243.0,en,"['Romance', 'Drama']",['United States of America'],['English'],2006-10-06,2006.0,10.0
28932,F.I.S.T.,11.0,11.0,145.0,3.566996,6.5,30.0,en,"['Drama', 'Action']",['United States of America'],['English'],1978-04-26,1978.0,4.0
18925,Facing the Giants,100000.0,10178331.0,111.0,7.485908,6.6,64.0,en,['Drama'],['United States of America'],['English'],2006-09-29,2006.0,9.0
1523,The Last King of Scotland,6000000.0,48027970.0,121.0,9.424157,7.4,568.0,en,['Drama'],"['United Kingdom', 'Germany', 'United States of America']","['English', 'Français', 'Deutsch', 'Kiswahili']",2006-09-01,2006.0,9.0
1378,Shortbus,2000000.0,5179037.0,101.0,11.547748,6.3,141.0,en,"['Romance', 'Drama', 'Comedy']",['United States of America'],['English'],2006-05-20,2006.0,5.0
9693,Children of Men,76000000.0,69959751.0,109.0,14.114606,7.4,2120.0,en,"['Drama', 'Action', 'Thriller', 'Science Fiction']","['United Kingdom', 'United States of America']",['English'],2006-09-22,2006.0,9.0
1124,The Prestige,40000000.0,109676311.0,130.0,16.94556,8.0,4510.0,en,"['Drama', 'Mystery', 'Thriller']",['United States of America'],['English'],2006-10-19,2006.0,10.0
3683,Flags of Our Fathers,90000000.0,65900249.0,132.0,9.224494,6.7,532.0,en,"['War', 'Drama', 'History']",['United States of America'],['English'],2006-10-18,2006.0,10.0
14012,Flicka,15000000.0,21000000.0,95.0,3.94159,6.1,52.0,en,['Drama'],"['United Kingdom', 'United States of America']",['English'],2006-10-20,2006.0,10.0
14097,9th Company,9500000.0,24000000.0,139.0,9.586723,6.8,65.0,ru,"['Drama', 'History', 'War', 'Action']","['Russia', 'Ukraine', 'Finland']",['Pусский'],2005-09-19,2005.0,9.0
214,Saw III,10000000.0,163876815.0,108.0,14.938035,6.1,1104.0,en,"['Horror', 'Thriller', 'Crime']",['United States of America'],['English'],2006-10-27,2006.0,10.0
21173,Death of a President,2000000.0,167000.0,97.0,4.028906,5.7,18.0,en,"['Documentary', 'Drama', 'Science Fiction']",[],['English'],2006-10-27,2006.0,10.0
43884,The Charge of the Light Brigade,1200000.0,2736000.0,115.0,5.39865,6.8,18.0,en,"['Action', 'Adventure', 'Drama', 'War']",['United States of America'],['English'],1936-10-20,1936.0,10.0
11619,Flushed Away,149000000.0,64459316.0,85.0,9.922577,6.0,909.0,en,"['Adventure', 'Animation', 'Comedy', 'Family']","['United Kingdom', 'United States of America']",['English'],2006-10-22,2006.0,10.0
1427,Perfume: The Story of a Murderer,50000000.0,132180323.0,147.0,10.297304,7.1,1198.0,en,"['Crime', 'Fantasy', 'Drama']","['Spain', 'Germany', 'France']",['English'],2006-09-13,2006.0,9.0
13767,The Santa Clause 3: The Escape Clause,12000000.0,84500122.0,98.0,6.829528,5.0,241.0,en,"['Comedy', 'Family', 'Adventure']",['United States of America'],['English'],2006-11-01,2006.0,11.0
9726,A Good Year,35000000.0,42064105.0,118.0,7.82187,6.5,360.0,en,"['Comedy', 'Drama', 'Romance']",['United States of America'],"['English', 'Français', 'Pусский']",2006-09-09,2006.0,9.0
10093,The Return,15000000.0,11992014.0,85.0,9.338989,5.1,61.0,en,"['Drama', 'Horror', 'Thriller']",['United States of America'],['English'],2006-11-10,2006.0,11.0
14799,For Your Consideration,12000000.0,5542025.0,86.0,12.142183,5.9,44.0,en,"['Comedy', 'Drama']",['United States of America'],['English'],2006-11-22,2006.0,11.0
36557,Casino Royale,150000000.0,599045960.0,144.0,23.065078,7.3,3930.0,en,"['Adventure', 'Action', 'Thriller']","['Italy', 'United Kingdom', 'United States of America', 'Czech Republic', 'Germany']","['English', 'Français']",2006-11-14,2006.0,11.0
9836,Happy Feet,100000000.0,384335608.0,108.0,15.088318,5.9,1457.0,en,"['Animation', 'Comedy']",['Australia'],['English'],2006-11-16,2006.0,11.0
9809,Let's Go to Prison,4000000.0,4630045.0,84.0,3.856827,5.5,70.0,en,"['Comedy', 'Crime']",['United States of America'],"['English', 'Polski', 'Português', 'Español']",2006-11-17,2006.0,11.0
7551,Déjà Vu,75000000.0,180557550.0,126.0,14.922904,6.6,1519.0,en,"['Action', 'Thriller', 'Science Fiction']",['United States of America'],['English'],2006-11-22,2006.0,11.0
1581,The Holiday,85000000.0,194168700.0,136.0,14.043416,6.7,1259.0,en,"['Comedy', 'Romance']","['United Kingdom', 'United States of America']",['English'],2006-12-08,2006.0,12.0
313,Snow Cake,12000000.0,1381665.0,112.0,11.556057,7.3,51.0,en,"['Romance', 'Drama']","['Canada', 'United Kingdom']","['English', 'Pусский']",2006-02-09,2006.0,2.0
7873,Harsh Times,2000000.0,5967038.0,120.0,7.659357,6.3,198.0,en,"['Crime', 'Drama', 'Thriller', 'Action']",['United States of America'],"['English', 'Español', '한국어/조선말']",2005-09-11,2005.0,9.0
2179,Tenacious D in The Pick of Destiny,22000000.0,13405595.0,93.0,7.98193,6.5,419.0,en,"['Comedy', 'Music']",['United States of America'],['English'],2006-11-22,2006.0,11.0
1372,Blood Diamond,100000000.0,170877916.0,143.0,12.477872,7.4,2344.0,en,"['Drama', 'Thriller', 'Action']","['Germany', 'United States of America']","['Afrikaans', 'English']",2006-12-07,2006.0,12.0
9986,Charlotte's Web,85000000.0,144000000.0,97.0,10.254314,5.8,300.0,en,"['Comedy', 'Family', 'Fantasy']","['Germany', 'United States of America']",['English'],2006-12-15,2006.0,12.0
2486,Eragon,100000000.0,249288105.0,104.0,9.851133,4.9,990.0,en,"['Fantasy', 'Action', 'Adventure', 'Family']","['United Kingdom', 'United States of America', 'Hungary']",['English'],2006-12-14,2006.0,12.0
1246,Rocky Balboa,24000000.0,155721132.0,102.0,11.697604,6.5,858.0,en,['Drama'],['United States of America'],"['English', 'Español']",2006-12-20,2006.0,12.0
18615,Fur: An Imaginary Portrait of Diane Arbus,16800000.0,2281089.0,122.0,5.108321,5.8,73.0,en,"['Drama', 'Mystery', 'Romance']",['United States of America'],['English'],2006-08-30,2006.0,8.0
12795,Another Gay Movie,500000.0,745327.0,92.0,5.978211,5.2,48.0,en,"['Comedy', 'Romance']",['United States of America'],"['English', 'Pусский']",2006-04-28,2006.0,4.0
11170,We Are Marshall,65000000.0,43545364.0,124.0,5.401746,6.7,189.0,en,['Drama'],['United States of America'],['English'],2006-12-12,2006.0,12.0
1247,The Good Shepherd,85000000.0,59908565.0,167.0,11.057536,6.3,342.0,en,"['Drama', 'Thriller', 'History']",['United States of America'],"['English', 'Pусский', 'Español', 'Deutsch', '']",2006-12-11,2006.0,12.0
1125,Dreamgirls,70000000.0,154937680.0,134.0,7.739633,6.6,292.0,en,['Drama'],['United States of America'],['English'],2006-12-25,2006.0,12.0
1646,Freedom Writers,21000000.0,41170784.0,123.0,13.585233,7.6,368.0,en,"['Crime', 'Drama']","['Germany', 'United States of America']","['English', 'Español']",2007-01-05,2007.0,1.0
8618,The History Boys,4000000.0,13401952.0,109.0,3.403583,6.6,66.0,en,"['Comedy', 'Drama']",['United Kingdom'],['English'],2006-10-02,2006.0,10.0
1259,Notes on a Scandal,15000000.0,49469904.0,92.0,8.593087,6.9,239.0,en,"['Drama', 'Romance']",['United Kingdom'],"['English', 'Français']",2006-12-25,2006.0,12.0
9053,DOA: Dead or Alive,21000000.0,480314.0,87.0,5.756379,5.0,207.0,en,"['Adventure', 'Action', 'Thriller']","['Germany', 'United Kingdom', 'United States of America']",['English'],2006-09-07,2006.0,9.0
182,The Good German,32000000.0,5914908.0,108.0,5.290831,5.9,87.0,en,"['War', 'Crime', 'Drama', 'Mystery', 'Romance', 'Thriller']",['United States of America'],"['English', 'Deutsch', '普通话', 'Pусский']",2006-12-08,2006.0,12.0
1251,Letters from Iwo Jima,19000000.0,68673228.0,141.0,11.649588,7.2,553.0,en,"['Action', 'Adventure', 'Drama', 'War']","['Japan', 'United States of America']","['English', '日本語']",2006-12-19,2006.0,12.0
9656,Black Christmas,9000000.0,21510851.0,84.0,7.888302,4.8,119.0,en,"['Horror', 'Thriller']","['Canada', 'United States of America']","['English', 'Italiano']",2006-12-25,2006.0,12.0
5393,Happily N'Ever After,47000000.0,38085778.0,75.0,13.139893,4.6,108.0,en,"['Animation', 'Comedy', 'Family', 'Fantasy', 'Science Fiction']","['Germany', 'United States of America']",['English'],2006-09-14,2006.0,9.0
14396,Code Name: The Cleaner,20000000.0,10337477.0,84.0,11.107148,4.7,78.0,en,"['Action', 'Comedy', 'Crime']",['United States of America'],['English'],2007-01-05,2007.0,1.0
1931,Stomp the Yard,13000000.0,75511123.0,114.0,5.607508,6.1,90.0,en,"['Drama', 'Music']",['United States of America'],['English'],2007-05-16,2007.0,5.0
13967,Miss Potter,30000000.0,35078241.0,92.0,8.599342,6.3,143.0,en,"['Drama', 'Family', 'Romance']","['United Kingdom', 'United States of America']",['English'],2006-12-03,2006.0,12.0
9992,Arthur and the Invisibles,86000000.0,107944236.0,94.0,11.621534,6.0,663.0,en,"['Adventure', 'Fantasy', 'Animation', 'Family']",['France'],['English'],2006-12-13,2006.0,12.0
8398,The Hitcher,10000000.0,25399945.0,84.0,7.160967,5.6,253.0,en,"['Action', 'Horror', 'Crime']",['United States of America'],['English'],2007-01-19,2007.0,1.0
1265,Bridge to Terabithia,60000000.0,137587063.0,96.0,8.460206,7.0,1146.0,en,"['Adventure', 'Drama', 'Family']",['United States of America'],['English'],2007-02-16,2007.0,2.0
27432,Killer of Sheep,100000.0,362222.0,83.0,2.777856,6.5,27.0,en,['Drama'],['United States of America'],['English'],1978-11-14,1978.0,11.0
10758,Waitress,2000000.0,22179430.0,108.0,11.276024,6.6,132.0,en,['Comedy'],['United States of America'],['English'],2007-05-25,2007.0,5.0
13668,Catch and Release,25000000.0,16158487.0,111.0,5.953413,5.8,109.0,en,"['Comedy', 'Drama', 'Romance']",['United States of America'],['English'],2006-10-20,2006.0,10.0
7516,Smokin' Aces,17000000.0,57103895.0,109.0,7.906434,6.4,541.0,en,"['Action', 'Comedy', 'Crime', 'Thriller']","['France', 'United Kingdom', 'United States of America']",['English'],2006-12-09,2006.0,12.0
9760,Epic Movie,20000000.0,86865564.0,86.0,5.549609,3.2,334.0,en,"['Action', 'Adventure', 'Comedy']",['United States of America'],['English'],2007-01-25,2007.0,1.0
9966,The Messengers,16000000.0,1109660.0,90.0,9.629399,5.6,216.0,en,"['Mystery', 'Thriller', 'Horror']",['United States of America'],['English'],2007-02-02,2007.0,2.0
1248,Hannibal Rising,50000000.0,82169884.0,121.0,2.159558,6.0,666.0,en,"['Crime', 'Drama', 'Thriller']","['United Kingdom', 'Czech Republic', 'France', 'Italy']","['English', 'Deutsch', 'Pусский']",2007-02-06,2007.0,2.0
9757,Norbit,60000000.0,95673607.0,101.0,7.667874,5.0,434.0,en,['Comedy'],['United States of America'],['English'],2007-02-08,2007.0,2.0
2062,Ratatouille,150000000.0,623722818.0,111.0,20.50803,7.5,4510.0,en,"['Animation', 'Comedy', 'Family', 'Fantasy']",['United States of America'],['English'],2007-06-22,2007.0,6.0
2266,"Paris, je t'aime",13000000.0,4857367.0,120.0,6.980486,6.7,213.0,fr,"['Drama', 'Romance']",['France'],"['Español', 'Français', 'English', '普通话', 'العربية']",2006-05-16,2006.0,5.0
5172,The Astronaut Farmer,13000000.0,11130889.0,104.0,6.862146,6.2,124.0,en,"['Adventure', 'Comedy', 'Drama', 'Science Fiction']",['United States of America'],['English'],2006-10-15,2006.0,10.0
37725,It's a Boy Girl Thing,15500000.0,7385434.0,95.0,8.960677,6.3,279.0,en,"['Comedy', 'Fantasy', 'Romance']","['Canada', 'United States of America', 'United Kingdom']",['English'],2006-12-26,2006.0,12.0
40973,Myra Breckinridge,5000000.0,3000000.0,94.0,0.619657,4.8,9.0,en,"['Comedy', 'Drama']",['United States of America'],['English'],1970-06-24,1970.0,6.0
2016,Days of Glory,14500000.0,22963701.0,128.0,10.021547,6.7,96.0,fr,"['Drama', 'History', 'War']","['Algeria', 'France', 'Morocco', 'Belgium']","['العربية', 'Français']",2006-05-25,2006.0,5.0
9828,Unknown,3700000.0,3338228.0,98.0,13.505066,6.4,116.0,en,"['Crime', 'Drama', 'Mystery', 'Thriller']",['United States of America'],['English'],2006-11-03,2006.0,11.0
9958,Trailer Park Boys: The Movie,5000000.0,3833507.0,95.0,3.172765,6.8,53.0,en,['Comedy'],['Canada'],['English'],2006-10-06,2006.0,10.0
1250,Ghost Rider,110000000.0,228738393.0,114.0,11.902354,5.2,1754.0,en,"['Thriller', 'Action', 'Fantasy', 'Horror']","['United States of America', 'Australia']",['English'],2007-02-16,2007.0,2.0
16555,Daddy's Little Girls,10000000.0,31609243.0,100.0,6.063809,6.6,19.0,en,"['Comedy', 'Drama', 'Romance']",['United States of America'],['English'],2007-02-14,2007.0,2.0
11172,Music and Lyrics,40000000.0,145896422.0,96.0,7.196688,6.2,569.0,en,"['Comedy', 'Music', 'Romance']",['United States of America'],['English'],2007-02-09,2007.0,2.0
3594,The Number 23,30000000.0,77566815.0,101.0,8.140941,6.3,1045.0,en,"['Thriller', 'Drama', 'Mystery']","['Germany', 'United States of America']",['English'],2007-02-23,2007.0,2.0
10090,Reno 911!: Miami,10000000.0,20342161.0,84.0,4.468247,5.6,72.0,en,"['Action', 'Adventure', 'Comedy', 'Crime']",['United States of America'],"['English', 'Español']",2007-02-23,2007.0,2.0
7874,Black Snake Moan,15000000.0,10903846.0,116.0,7.050403,6.6,247.0,en,['Drama'],['United States of America'],"['Český', 'English']",2006-12-08,2006.0,12.0
13185,Kidulthood,994000.0,165000.0,89.0,5.230003,6.2,61.0,en,['Drama'],['United Kingdom'],['English'],2006-03-03,2006.0,3.0
4638,Hot Fuzz,12000000.0,80573774.0,121.0,13.535195,7.4,2252.0,en,"['Crime', 'Action', 'Comedy']",['United Kingdom'],['English'],2007-02-14,2007.0,2.0
1738,Next,70000000.0,76066841.0,96.0,9.41746,5.9,880.0,en,"['Action', 'Science Fiction', 'Thriller']",['United States of America'],"['English', 'Français', 'Deutsch']",2007-04-24,2007.0,4.0
14375,Romanzo criminale,818418.0,4851244.0,152.0,4.387586,7.3,112.0,en,['Drama'],['Italy'],"['Français', 'Italiano', 'English']",2005-09-30,2005.0,9.0
31659,Wise Guys,13000000.0,8475466.0,100.0,1.884204,6.1,26.0,en,"['Comedy', 'Crime']",['United States of America'],['English'],1986-04-17,1986.0,4.0
1949,Zodiac,65000000.0,84785914.0,157.0,19.083823,7.3,2080.0,en,"['Crime', 'Drama', 'Mystery', 'Thriller']",['United States of America'],['English'],2007-03-02,2007.0,3.0
41393,Zyzzyx Road,2000000.0,30.0,90.0,0.717595,4.0,4.0,en,['Thriller'],['United States of America'],['English'],2006-02-25,2006.0,2.0
1271,300,65000000.0,422610419.0,117.0,18.108408,7.0,5092.0,en,"['Action', 'Adventure', 'War']",['United States of America'],['English'],2006-12-09,2006.0,12.0
14055,Starter for 10,8.0,21.0,92.0,5.140016,6.7,131.0,en,"['Drama', 'Comedy', 'Romance']","['United Kingdom', 'United States of America']","['English', 'Türkçe']",2006-09-13,2006.0,9.0
1255,The Host,11000000.0,88489643.0,119.0,9.386916,6.7,546.0,ko,"['Horror', 'Drama', 'Science Fiction']",['South Korea'],['한국어/조선말'],2006-07-27,2006.0,7.0
2977,Becoming Jane,16500000.0,37311672.0,120.0,7.829737,6.9,325.0,en,"['Drama', 'Romance']","['United Kingdom', 'United States of America']","['English', 'Türkçe']",2007-03-02,2007.0,3.0
16727,The Namesake,12000000.0,20138836.0,122.0,4.273271,6.8,50.0,en,['Drama'],"['India', 'United States of America']","['বাংলা', 'Český', 'English', 'Français', 'हिन्दी']",2006-09-02,2006.0,9.0
14434,I Think I Love My Wife,11000000.0,13196245.0,90.0,3.966066,5.0,56.0,en,"['Comedy', 'Romance']","['India', 'United States of America']",['English'],2007-03-16,2007.0,3.0
9963,Premonition,20000000.0,84146832.0,96.0,10.163764,5.8,391.0,en,"['Thriller', 'Drama', 'Mystery']",['United States of America'],['English'],2007-02-08,2007.0,2.0
14001,Dead Silence,20000000.0,22217407.0,89.0,10.763622,6.2,533.0,en,['Horror'],['United States of America'],['English'],2007-03-16,2007.0,3.0
2355,Reign Over Me,20000000.0,22222308.0,124.0,10.027137,7.1,340.0,en,['Drama'],['United States of America'],['English'],2007-03-23,2007.0,3.0
7485,Shooter,61000000.0,95696996.0,124.0,14.246918,6.9,1495.0,en,"['Action', 'Drama', 'Mystery', 'Thriller', 'Crime']",['United States of America'],['English'],2007-03-22,2007.0,3.0
1273,TMNT,34000000.0,95608995.0,90.0,11.358363,6.0,349.0,en,"['Adventure', 'Animation', 'Comedy', 'Family']",['United States of America'],['English'],2007-03-23,2007.0,3.0
9075,Black Book,21000000.0,26193068.0,145.0,7.440511,7.2,288.0,nl,"['Drama', 'Thriller', 'War']","['Netherlands', 'Germany', 'United Kingdom']","['Nederlands', 'Deutsch', 'English', 'עִבְרִית']",2006-09-01,2006.0,9.0
8270,The Lookout,16000000.0,5367030.0,99.0,12.153493,6.6,209.0,en,"['Crime', 'Drama', 'Thriller']",['United States of America'],['English'],2007-03-09,2007.0,3.0
1683,The Reaping,40000000.0,62771059.0,99.0,9.825841,5.4,209.0,en,"['Thriller', 'Horror']",['United States of America'],"['Español', 'English']",2007-04-05,2007.0,4.0
1267,Meet the Robinsons,150000000.0,169332978.0,95.0,10.529576,6.7,787.0,en,"['Animation', 'Comedy', 'Family']",['United States of America'],['English'],2007-03-23,2007.0,3.0
13249,Seraphim Falls,18000000.0,1196307.0,115.0,5.034585,6.4,147.0,en,"['Western', 'Drama']",['United States of America'],['English'],2006-09-13,2006.0,9.0
1272,Sunshine,50000000.0,32017803.0,107.0,12.715571,7.0,1210.0,en,"['Science Fiction', 'Thriller']","['United Kingdom', 'United States of America']",['English'],2007-04-05,2007.0,4.0
9903,The Hoax,25000000.0,11772461.0,116.0,4.78586,6.4,60.0,en,"['Comedy', 'Drama']",['United States of America'],['English'],2006-10-14,2006.0,10.0
11515,Goya's Ghosts,50000000.0,9448082.0,114.0,5.91265,6.6,100.0,en,['Drama'],"['Spain', 'United States of America']",['English'],2006-11-08,2006.0,11.0
7183,Perfect Stranger,60795000.0,73090611.0,109.0,9.925255,5.4,242.0,en,"['Crime', 'Drama', 'Mystery', 'Thriller']",['United States of America'],"['Český', 'English']",2007-04-12,2007.0,4.0
8271,Disturbia,20000000.0,117760134.0,105.0,18.006896,6.6,1038.0,en,"['Thriller', 'Drama', 'Mystery']",['United States of America'],"['English', 'Español']",2007-04-12,2007.0,4.0
1534,Pathfinder,45000000.0,30822861.0,99.0,11.101549,5.4,173.0,en,['Adventure'],['United States of America'],"['English', 'Íslenska', 'Pусский']",2007-01-11,2007.0,1.0
18777,Slow Burn,15500000.0,1237615.0,93.0,6.300001,5.5,16.0,en,"['Mystery', 'Crime', 'Drama', 'Thriller']",['United States of America'],['English'],2005-09-12,2005.0,9.0
1441,The Contract,25000000.0,5549200.0,96.0,5.615957,5.5,152.0,en,"['Drama', 'Action', 'Thriller', 'Crime']","['Bulgaria', 'United States of America']",['English'],2006-04-05,2006.0,4.0
10294,Vacancy,19000000.0,35300645.0,80.0,7.712309,6.0,406.0,en,"['Horror', 'Thriller']",['United States of America'],['English'],2007-04-20,2007.0,4.0
13067,In the Land of Women,10000000.0,17500000.0,97.0,9.351276,5.8,163.0,en,"['Romance', 'Comedy', 'Drama']",['United States of America'],['English'],2007-04-16,2007.0,4.0
1268,Mr. Bean's Holiday,25000000.0,229736344.0,90.0,10.19853,6.1,682.0,en,"['Family', 'Comedy']","['United Kingdom', 'United States of America', 'France', 'Germany']","['English', 'Français', 'Pусский']",2007-03-22,2007.0,3.0
9785,The Invisible,30000000.0,26810113.0,102.0,6.097503,6.0,148.0,en,"['Crime', 'Drama', 'Fantasy', 'Mystery', 'Thriller']","['Canada', 'United States of America']",['English'],2007-04-27,2007.0,4.0
559,Spider-Man 3,258000000.0,890871626.0,139.0,27.614265,5.9,3687.0,en,"['Fantasy', 'Action', 'Adventure']",['United States of America'],"['English', 'Français']",2007-05-01,2007.0,5.0
37933,Tales from Earthsea,22000000.0,68000000.0,115.0,9.409701,6.5,278.0,ja,"['Adventure', 'Fantasy', 'Animation', 'Science Fiction']",['Japan'],['日本語'],2006-07-29,2006.0,7.0
49081,The Rocket: The Legend of Rocket Richard,8000000.0,2019009.0,124.0,0.860734,6.1,17.0,fr,['Drama'],['Canada'],"['English', 'Français']",2005-10-25,2005.0,10.0
2269,Day Watch,4200000.0,38862717.0,132.0,7.42908,6.2,170.0,ru,"['Fantasy', 'Horror']",['Russia'],['Pусский'],2006-01-01,2006.0,1.0
11798,This Is England,2380000.0,8176544.0,101.0,2.514638,7.4,370.0,en,"['Drama', 'Crime']",['United Kingdom'],['English'],2006-09-12,2006.0,9.0
4964,Knocked Up,30000000.0,219076518.0,129.0,9.058516,6.2,1255.0,en,"['Comedy', 'Romance', 'Drama']",['United States of America'],['English'],2007-06-01,2007.0,6.0
2976,Hairspray,50000000.0,90450008.0,117.0,7.768045,6.5,738.0,en,"['Family', 'Comedy', 'Music', 'Romance']","['United Kingdom', 'United States of America']",['English'],2007-07-13,2007.0,7.0
1562,28 Weeks Later,15000000.0,64238440.0,100.0,12.884191,6.5,1225.0,en,"['Horror', 'Thriller', 'Science Fiction']","['Spain', 'United Kingdom']",['English'],2007-04-26,2007.0,4.0
810,Shrek the Third,160000000.0,798958165.0,93.0,14.072479,6.0,2355.0,en,"['Fantasy', 'Adventure', 'Animation', 'Comedy', 'Family']",['United States of America'],['English'],2007-05-17,2007.0,5.0
5723,Once,160000.0,20710513.0,85.0,10.357064,7.4,457.0,en,"['Drama', 'Music', 'Romance']",['Ireland'],['English'],2007-03-23,2007.0,3.0
285,Pirates of the Caribbean: At World's End,300000000.0,961000000.0,169.0,31.363664,6.9,4627.0,en,"['Adventure', 'Fantasy', 'Action']",['United States of America'],['English'],2007-05-19,2007.0,5.0
12526,Bug,4000000.0,8059140.0,102.0,5.911303,6.0,167.0,en,"['Horror', 'Thriller']",['United States of America'],['English'],2006-05-19,2006.0,5.0
3432,Mr. Brooks,20000000.0,41637263.0,120.0,7.423812,6.8,543.0,en,"['Drama', 'Crime', 'Mystery', 'Thriller']",['United States of America'],['English'],2007-06-01,2007.0,6.0
15568,Gracie,9000000.0,2955039.0,97.0,2.961621,6.0,17.0,en,['Drama'],['United States of America'],['English'],2007-06-01,2007.0,6.0
3489,88 Minutes,30000000.0,16930884.0,108.0,8.552967,5.7,323.0,en,"['Crime', 'Mystery', 'Thriller']",['United States of America'],['English'],2007-02-14,2007.0,2.0
298,Ocean's Thirteen,85000000.0,311312624.0,122.0,12.16276,6.5,2040.0,en,"['Crime', 'Thriller']",['United States of America'],"['Español', 'English', 'Français']",2007-06-07,2007.0,6.0
14064,Ten Canoes,2000000.0,300000.0,90.0,1.372493,6.7,21.0,en,"['Adventure', 'Comedy', 'Drama']",['Australia'],['English'],2006-06-29,2006.0,6.0
18206,Alone With Her,1000000.0,10018.0,78.0,2.392367,6.2,20.0,en,"['Crime', 'Drama', 'Romance', 'Thriller']",['United States of America'],"['English', 'Español']",2006-04-28,2006.0,4.0
1691,Hostel: Part II,10200000.0,35619521.0,93.0,8.916747,5.6,464.0,en,['Horror'],['United States of America'],"['English', 'Polski']",2007-06-08,2007.0,6.0
9408,Surf's Up,85000000.0,149044513.0,85.0,11.526339,5.9,616.0,en,"['Animation', 'Comedy', 'Family']",['United States of America'],['English'],2007-06-08,2007.0,6.0
1979,Fantastic 4: Rise of the Silver Surfer,130000000.0,289047763.0,92.0,12.924254,5.4,2648.0,en,"['Adventure', 'Fantasy', 'Action', 'Thriller']","['Germany', 'United Kingdom', 'United States of America']","['English', '日本語', 'العربية', '普通话']",2007-06-13,2007.0,6.0
10288,Fido,8000000.0,426224.0,91.0,5.284805,6.6,137.0,en,"['Romance', 'Comedy', 'Drama', 'Horror']",['Canada'],['English'],2006-09-07,2006.0,9.0
1991,Death Proof,25000000.0,25037897.0,113.0,13.412137,6.7,1359.0,en,"['Action', 'Thriller']",['United States of America'],['English'],2007-05-21,2007.0,5.0
43353,Robot Monster,16000.0,1000000.0,66.0,0.892476,3.5,17.0,en,['Science Fiction'],['United States of America'],['English'],1953-06-25,1953.0,6.0
9952,Rescue Dawn,10000000.0,7177143.0,126.0,9.604564,6.9,339.0,en,"['Adventure', 'Drama', 'War']",['United States of America'],['English'],2006-09-09,2006.0,9.0
17320,The TV Set,2000000.0,265198.0,87.0,4.681832,6.0,19.0,en,['Comedy'],['United States of America'],"['English', 'Italiano']",2006-04-28,2006.0,4.0
54934,Swoon,250000.0,340147.0,82.0,0.003013,5.9,8.0,en,['Drama'],[],['English'],1992-09-11,1992.0,9.0
2359,Sicko,9000000.0,24538513.0,123.0,6.766086,7.3,241.0,en,['Documentary'],['United States of America'],"['English', 'Français', 'Pусский', 'Español']",2007-05-18,2007.0,5.0
442,Popular Music,2224000.0,28000000.0,100.0,0.988777,6.0,17.0,sv,"['Comedy', 'Drama']","['Finland', 'Sweden']","['suomi', 'svenska']",2004-09-24,2004.0,9.0
1988,A Mighty Heart,16000000.0,18928871.0,100.0,16.770196,6.7,97.0,en,"['Drama', 'Thriller']","['France', 'United Kingdom', 'Pakistan', 'United States of America']","['English', 'Français', 'اردو']",2007-01-01,2007.0,1.0
3021,1408,25000000.0,94679598.0,104.0,9.196884,6.5,1372.0,en,"['Horror', 'Thriller']",['United States of America'],['English'],2007-07-12,2007.0,7.0
2196,Death at a Funeral,9000000.0,46.0,90.0,8.832907,6.9,508.0,en,"['Comedy', 'Drama']",['United Kingdom'],['English'],2007-02-09,2007.0,2.0
1571,Live Free or Die Hard,110000000.0,383531464.0,128.0,14.886039,6.4,2122.0,en,"['Action', 'Thriller']","['United Kingdom', 'United States of America']","['English', 'Italiano', 'Français']",2007-06-20,2007.0,6.0
2959,License to Wed,35000000.0,69307224.0,91.0,7.102076,5.3,258.0,en,['Comedy'],"['Australia', 'United States of America']",['English'],2007-07-04,2007.0,7.0
2698,Evan Almighty,175000000.0,173000000.0,96.0,9.156877,5.3,1194.0,en,"['Fantasy', 'Comedy', 'Family']",['United States of America'],['English'],2007-06-09,2007.0,6.0
1858,Transformers,150000000.0,709709780.0,144.0,5.587707,6.6,4113.0,en,"['Adventure', 'Science Fiction', 'Action']",['United States of America'],"['Español', 'English']",2007-06-27,2007.0,6.0
14125,Captivity,17000000.0,2626800.0,96.0,8.687797,4.4,134.0,en,"['Crime', 'Horror', 'Thriller']","['Russia', 'United States of America']",['English'],2007-03-09,2007.0,3.0
675,Harry Potter and the Order of the Phoenix,150000000.0,938212738.0,138.0,21.3643,7.4,5633.0,en,"['Adventure', 'Fantasy', 'Family', 'Mystery']","['United Kingdom', 'United States of America']",['English'],2007-06-28,2007.0,6.0
3563,I Now Pronounce You Chuck & Larry,85000000.0,186072214.0,115.0,6.645799,5.8,640.0,en,"['Comedy', 'Romance']",['United States of America'],['English'],2007-07-12,2007.0,7.0
2270,Stardust,70000000.0,135560026.0,127.0,14.784525,7.2,1215.0,en,"['Adventure', 'Fantasy', 'Romance', 'Family']","['Iceland', 'United Kingdom', 'United States of America']",['English'],2007-08-09,2007.0,8.0
35,The Simpsons Movie,75000000.0,527068851.0,87.0,14.302911,6.9,2335.0,en,"['Animation', 'Comedy', 'Family']",['United States of America'],['English'],2007-07-25,2007.0,7.0
5857,I Know Who Killed Me,12000000.0,9620399.0,105.0,4.961439,4.0,81.0,en,"['Crime', 'Horror', 'Mystery', 'Thriller']",['United States of America'],"['English', 'Polski', 'Español']",2007-07-27,2007.0,7.0
3638,No Reservations,28000000.0,92601050.0,104.0,9.672317,6.1,336.0,en,['Comedy'],"['Australia', 'United States of America']",['English'],2007-07-25,2007.0,7.0
2503,The Bourne Ultimatum,70000000.0,442824138.0,115.0,18.173269,7.3,2938.0,en,"['Action', 'Drama', 'Mystery', 'Thriller']","['Germany', 'United States of America']","['English', 'Français', 'العربية', 'Pусский', 'Español']",2007-08-03,2007.0,8.0
8141,You Kill Me,4000000.0,2426851.0,90.0,4.725299,6.2,82.0,en,"['Comedy', 'Crime', 'Thriller', 'Romance']",['United States of America'],['English'],2007-02-09,2007.0,2.0
8363,Superbad,20000000.0,121463226.0,113.0,16.205105,7.0,2152.0,en,['Comedy'],['United States of America'],['English'],2007-08-17,2007.0,8.0
5174,Rush Hour 3,140000000.0,258022233.0,91.0,9.718111,6.1,801.0,en,"['Action', 'Comedy', 'Crime', 'Thriller']",['United States of America'],"['Latin', 'English', 'Français', '日本語', '普通话']",2007-08-08,2007.0,8.0
9703,The Last Legion,67000000.0,25303038.0,102.0,8.920545,5.0,210.0,en,"['Action', 'Adventure', 'Fantasy', 'War']","['United Kingdom', 'Italy', 'France', 'Tunisia']",['English'],2007-04-19,2007.0,4.0
10760,Sydney White,16500000.0,13620075.0,108.0,6.463883,6.0,242.0,en,['Comedy'],['United States of America'],['English'],2007-09-21,2007.0,9.0
4349,The Kingdom,70000000.0,86658558.0,110.0,13.842333,6.5,517.0,en,"['Thriller', 'Action', 'Drama']","['Germany', 'United States of America']","['العربية', 'English']",2007-08-22,2007.0,8.0
14144,Daddy Day Camp,6000000.0,18197398.0,89.0,5.414213,4.4,94.0,en,"['Comedy', 'Family']",['United States of America'],['English'],2007-08-08,2007.0,8.0
4858,The Invasion,80000000.0,15071514.0,99.0,5.228837,5.7,366.0,en,"['Science Fiction', 'Thriller']","['United States of America', 'Australia']","['Pусский', 'English']",2007-08-17,2007.0,8.0
10431,War,25000000.0,40452643.0,103.0,12.077833,6.0,422.0,en,"['Action', 'Thriller', 'Crime']","['United States of America', 'Canada']","['广州话 / 廣州話', 'English', '日本語', '普通话']",2007-08-24,2007.0,8.0
12435,The Nanny Diaries,20000000.0,47738099.0,106.0,6.764056,6.1,335.0,en,"['Comedy', 'Drama', 'Romance']",['United States of America'],['English'],2007-08-24,2007.0,8.0
2082,Halloween,15000000.0,80253908.0,109.0,11.607678,5.9,510.0,en,['Horror'],['United States of America'],['English'],2007-08-31,2007.0,8.0
11835,Death Sentence,20000000.0,16974459.0,105.0,6.612175,6.4,303.0,en,"['Action', 'Crime', 'Drama', 'Thriller']",['United States of America'],['English'],2007-08-31,2007.0,8.0
13501,The Good Night,15000000.0,20380.0,93.0,8.031164,5.7,41.0,en,"['Comedy', 'Drama', 'Romance', 'Fantasy', 'Music']","['Germany', 'United Kingdom', 'United States of America']","['English', 'Italiano']",2007-01-25,2007.0,1.0
5176,3:10 to Yuma,55000000.0,70016220.0,122.0,18.079094,6.9,1210.0,en,['Western'],['United States of America'],['English'],2007-09-06,2007.0,9.0
4141,Shoot 'Em Up,39000000.0,26820641.0,86.0,7.259086,6.3,589.0,en,"['Action', 'Thriller', 'Comedy', 'Crime']",['United States of America'],"['English', 'Italiano']",2007-07-26,2007.0,7.0
4347,Atonement,30000000.0,129266061.0,123.0,8.913338,7.4,1075.0,en,"['Drama', 'Romance']","['United Kingdom', 'France', 'United States of America']","['English', 'Français']",2007-08-29,2007.0,8.0
2009,"4 Months, 3 Weeks and 2 Days",852510.0,1185783.0,113.0,9.990406,7.4,158.0,ro,['Drama'],"['Belgium', 'Romania']",['Română'],2007-08-24,2007.0,8.0
12901,No End in Sight,2000000.0,1431623.0,102.0,1.987795,7.3,23.0,en,['Documentary'],[],['English'],2007-07-27,2007.0,7.0
4413,The Brave One,70000000.0,69766619.0,122.0,11.8027,6.4,258.0,en,"['Crime', 'Drama', 'Thriller']",['United States of America'],['English'],2007-09-14,2007.0,9.0
6973,In the Valley of Elah,23000000.0,29541790.0,124.0,9.604552,6.6,265.0,en,"['History', 'Drama', 'Thriller', 'Crime', 'Mystery']",['United States of America'],['English'],2007-08-31,2007.0,8.0
7913,Rang De Basanti,2200000.0,11502151.0,157.0,4.102052,7.2,98.0,hi,['Drama'],['India'],['हिन्दी'],2006-01-26,2006.0,1.0
15019,I Could Never Be Your Woman,24000000.0,9576495.0,97.0,11.414893,5.7,94.0,en,"['Comedy', 'Drama', 'Romance']",['United States of America'],['English'],2007-05-11,2007.0,5.0
4629,December Boys,4000000.0,46474.0,105.0,4.661689,6.2,79.0,en,"['Drama', 'Romance']","['Australia', 'United Kingdom', 'United States of America']",['English'],2007-09-20,2007.0,9.0
2252,Eastern Promises,51500000.0,55112356.0,100.0,9.897909,7.2,867.0,en,"['Thriller', 'Crime', 'Mystery']","['United Kingdom', 'United States of America', 'Canada']","['English', 'Pусский', 'Türkçe', 'Український', 'اردو']",2007-09-14,2007.0,9.0
13072,Brooklyn Rules,8000000.0,458232.0,99.0,2.942202,5.8,19.0,en,"['Drama', 'Action', 'Thriller']",['United States of America'],['English'],2007-04-30,2007.0,4.0
10425,The Death and Life of Bobby Z,22000000.0,413454.0,97.0,10.77166,5.8,104.0,en,"['Drama', 'Action', 'Thriller', 'Crime']","['Germany', 'United States of America']",['English'],2007-07-23,2007.0,7.0
7737,Resident Evil: Extinction,45000000.0,148412065.0,94.0,3.009134,6.1,1308.0,en,"['Horror', 'Action', 'Science Fiction']","['Australia', 'France', 'Germany', 'United Kingdom', 'United States of America']",['English'],2007-09-20,2007.0,9.0
10030,Good Luck Chuck,25000000.0,59192128.0,101.0,7.456047,5.6,454.0,en,['Comedy'],"['Canada', 'United States of America']",['English'],2007-09-21,2007.0,9.0
5915,Into the Wild,15000000.0,56255142.0,148.0,15.423538,7.8,3139.0,en,"['Adventure', 'Drama']",['United States of America'],"['Dansk', 'English']",2007-09-11,2007.0,9.0
13680,The Game Plan,22000000.0,147880543.0,110.0,9.627676,6.0,434.0,en,"['Comedy', 'Family']",['United States of America'],['English'],2007-09-28,2007.0,9.0
9038,The Heartbreak Kid,60000000.0,127766650.0,116.0,9.149612,5.7,414.0,en,['Comedy'],['United States of America'],"['English', 'Español']",2007-10-05,2007.0,10.0
7211,Dan in Real Life,25000000.0,68377859.0,98.0,8.936547,6.5,363.0,en,"['Comedy', 'Romance', 'Drama']",['United States of America'],['English'],2007-10-26,2007.0,10.0
4538,The Darjeeling Limited,16000000.0,24377151.0,91.0,6.493474,7.1,876.0,en,"['Adventure', 'Drama', 'Comedy']",['United States of America'],"['English', 'हिन्दी', 'Deutsch', '']",2007-09-29,2007.0,9.0
2001,We Own the Night,21000000.0,54926886.0,117.0,7.572144,6.5,327.0,en,"['Drama', 'Crime', 'Thriller']",['United States of America'],"['English', 'Pусский']",2007-05-25,2007.0,5.0
4517,Elizabeth: The Golden Age,55000000.0,74237563.0,114.0,7.608243,6.6,310.0,en,"['Drama', 'History', 'Romance']",['United Kingdom'],"['svenska', 'English', 'Español']",2007-09-09,2007.0,9.0
4566,Michael Clayton,25000000.0,92991835.0,119.0,7.857078,6.6,508.0,en,"['Drama', 'Mystery', 'Crime']",['United States of America'],['English'],2007-09-28,2007.0,9.0
6615,Lars and the Real Girl,12000000.0,11293663.0,106.0,8.025118,7.1,517.0,en,"['Comedy', 'Romance', 'Drama']",['United States of America'],"['English', 'Español']",2007-10-12,2007.0,10.0
4513,30 Days of Night,30000000.0,75505973.0,113.0,8.764548,6.2,784.0,en,"['Horror', 'Thriller']","['New Zealand', 'United States of America']",['English'],2007-10-17,2007.0,10.0
5125,Rendition,27500000.0,24748670.0,120.0,13.482558,6.2,207.0,en,"['Drama', 'Thriller']",['United States of America'],"['العربية', 'English']",2007-09-07,2007.0,9.0
3877,Things We Lost in the Fire,16000000.0,2849142.0,113.0,11.446274,6.7,90.0,en,['Drama'],['United States of America'],['English'],2007-09-26,2007.0,9.0
4771,Gone Baby Gone,19000000.0,34619699.0,113.0,6.148516,7.2,1034.0,en,"['Crime', 'Drama', 'Mystery']",['United States of America'],['English'],2007-10-19,2007.0,10.0
4512,The Assassination of Jesse James by the Coward Robert Ford,30000000.0,14711793.0,160.0,10.111313,7.0,792.0,en,"['Action', 'Drama', 'Western']","['Canada', 'United Kingdom', 'United States of America']",['English'],2007-09-02,2007.0,9.0
13197,10th & Wolf,8000000.0,143451.0,107.0,3.034823,6.3,26.0,en,"['Action', 'Crime', 'Drama', 'Mystery', 'Thriller']",['United States of America'],['English'],2006-02-19,2006.0,2.0
2014,The Edge of Heaven,3800000.0,17804565.0,122.0,10.083019,6.6,68.0,de,['Drama'],"['Germany', 'Turkey']","['English', 'Deutsch', 'Türkçe']",2007-09-27,2007.0,9.0
17202,Why Did I Get Married?,15000000.0,55184721.0,113.0,2.016044,6.1,33.0,en,"['Comedy', 'Drama']",['United States of America'],['English'],2007-10-12,2007.0,10.0
663,Saw IV,10000000.0,139352633.0,93.0,12.233863,5.9,938.0,en,"['Horror', 'Thriller', 'Crime']",['United States of America'],['English'],2007-10-25,2007.0,10.0
4982,American Gangster,100000000.0,266465037.0,157.0,9.644542,7.4,1527.0,en,"['Drama', 'Crime']","['United Kingdom', 'United States of America']",['English'],2007-11-02,2007.0,11.0
5559,Bee Movie,150000000.0,287594577.0,91.0,8.774374,5.7,1208.0,en,"['Family', 'Animation', 'Adventure', 'Comedy']",['United States of America'],['English'],2007-10-28,2007.0,10.0
7972,Before the Devil Knows You're Dead,18000000.0,25005257.0,117.0,9.309967,6.9,359.0,en,"['Crime', 'Drama', 'Thriller']",['United States of America'],['English'],2007-09-26,2007.0,9.0
2013,The Diving Bell and the Butterfly,14000000.0,19777647.0,112.0,11.090265,7.5,290.0,fr,['Drama'],"['France', 'United States of America']",['Français'],2007-05-22,2007.0,5.0
6977,No Country for Old Men,25000000.0,171600000.0,122.0,15.565484,7.7,3083.0,en,"['Crime', 'Drama', 'Thriller']",['United States of America'],"['English', 'Español']",2007-11-08,2007.0,11.0
10520,Itty Bitty Titty Committee,1000000.0,18479.0,87.0,1.833892,6.0,12.0,en,['Comedy'],['United States of America'],['English'],2007-02-09,2007.0,2.0
5123,August Rush,25000000.0,66122026.0,114.0,8.874048,7.2,821.0,en,"['Family', 'Drama', 'Music']",['United States of America'],['English'],2007-11-21,2007.0,11.0
43987,No Mercy for the Rude,3.0,4.0,113.0,1.486349,6.8,18.0,ko,"['Action', 'Comedy']",['South Korea'],['한국어/조선말'],2006-08-24,2006.0,8.0
4515,Lions for Lambs,35000000.0,63215872.0,92.0,5.80986,6.0,223.0,en,"['Action', 'Adventure', 'Drama', 'History']",['United States of America'],['English'],2007-10-22,2007.0,10.0
5375,Fred Claus,100000000.0,97838349.0,116.0,5.502098,5.5,211.0,en,"['Action', 'Comedy', 'Drama']",['United States of America'],['English'],2007-11-03,2007.0,11.0
2310,Beowulf,70000000.0,195735876.0,115.0,9.951195,5.5,855.0,en,"['Adventure', 'Action', 'Animation']",['United States of America'],['English'],2007-11-05,2007.0,11.0
6639,Love in the Time of Cholera,45000000.0,4607608.0,139.0,5.20735,6.5,84.0,en,"['Drama', 'Romance']",['United States of America'],['English'],2007-10-04,2007.0,10.0
4723,Southland Tales,17000000.0,374743.0,144.0,6.242588,5.2,154.0,en,"['Comedy', 'Science Fiction', 'Thriller']","['France', 'Germany', 'United States of America']",['English'],2006-05-15,2006.0,5.0
20714,12,4000000.0,7537453.0,159.0,6.975759,6.6,54.0,ru,"['Crime', 'Drama']",['Russia'],"['', 'Český', 'Pусский']",2007-06-06,2007.0,6.0
5876,The Mist,18000000.0,57096190.0,126.0,8.435642,6.7,1438.0,en,"['Science Fiction', 'Horror', 'Thriller']",['United States of America'],['English'],2007-11-21,2007.0,11.0
4523,Enchanted,85000000.0,340487652.0,107.0,11.447798,6.6,1512.0,en,"['Comedy', 'Family', 'Fantasy', 'Romance']",['United States of America'],['English'],2007-11-20,2007.0,11.0
1620,Hitman,24000000.0,99965753.0,89.0,13.765241,5.9,982.0,en,"['Action', 'Crime', 'Drama', 'Thriller']","['France', 'United States of America']","['English', 'Pусский', 'Srpski']",2007-11-21,2007.0,11.0
13474,P2,8000000.0,7766240.0,98.0,9.276709,5.7,162.0,en,"['Horror', 'Thriller']",['United States of America'],['English'],2007-11-09,2007.0,11.0
8079,Om Shanti Om,9100000.0,37707444.0,170.0,4.384156,7.2,85.0,hi,"['Comedy', 'Drama', 'Romance']",['India'],['हिन्दी'],2007-11-07,2007.0,11.0
13483,Awake,86000000.0,14373825.0,84.0,7.076062,6.3,403.0,en,"['Thriller', 'Crime', 'Mystery']",['United States of America'],"['日本語', 'English']",2007-11-28,2007.0,11.0
2268,The Golden Compass,180000000.0,372234864.0,113.0,11.481379,5.8,1347.0,en,"['Adventure', 'Fantasy']","['United Kingdom', 'United States of America']","['Íslenska', 'English', 'Pусский', 'Français']",2007-12-04,2007.0,12.0
6479,I Am Legend,150000000.0,585349010.0,101.0,11.379355,6.9,4977.0,en,"['Drama', 'Horror', 'Action', 'Thriller', 'Science Fiction']",['United States of America'],['English'],2007-12-14,2007.0,12.0
6477,Alvin and the Chipmunks,60000000.0,361366633.0,92.0,11.805233,5.5,1212.0,en,"['Comedy', 'Music', 'Family', 'Fantasy', 'Animation']",['United States of America'],"['English', 'Español', 'Français', '日本語']",2007-12-13,2007.0,12.0
3902,I'm Not There.,20000000.0,4001121.0,135.0,9.351557,6.6,202.0,en,"['Drama', 'Music']",['United States of America'],['English'],2007-10-01,2007.0,10.0
7326,Juno,7500000.0,231411584.0,96.0,11.791591,7.0,2313.0,en,"['Comedy', 'Drama', 'Romance']",['United States of America'],['English'],2007-12-05,2007.0,12.0
1989,My Blueberry Nights,10000000.0,21786738.0,111.0,11.119593,6.1,197.0,en,"['Drama', 'Romance']","['China', 'France', 'Hong Kong']",['English'],2007-05-16,2007.0,5.0
11600,Redacted,5000000.0,782102.0,90.0,3.494388,6.2,37.0,en,"['Drama', 'War']",['United States of America'],"['English', 'Español']",2007-01-01,2007.0,1.0
46902,The Treatment,900000.0,82701.0,86.0,2.78291,6.0,4.0,en,"['Comedy', 'Drama', 'Romance']",[],"['English', 'Polski']",2006-04-08,2006.0,4.0
25784,Journey from the Fall,1300000.0,639000.0,135.0,0.044561,5.0,1.0,vi,['Drama'],[],"['English', 'Tiếng Việt']",2006-02-22,2006.0,2.0
7350,The Bucket List,45000000.0,175372502.0,97.0,9.070643,7.0,1138.0,en,"['Drama', 'Comedy']",['United States of America'],['English'],2007-12-25,2007.0,12.0
7979,The Kite Runner,20000000.0,73276047.0,128.0,5.970067,7.3,405.0,en,['Drama'],"['China', 'United States of America']","['English', 'Português', 'پښتو', 'Pусский', 'اردو']",2007-10-14,2007.0,10.0
13885,Sweeney Todd: The Demon Barber of Fleet Street,50000000.0,152000000.0,116.0,10.038401,7.0,1745.0,en,"['Drama', 'Horror', 'Music']","['United Kingdom', 'United States of America']",['English'],2007-12-20,2007.0,12.0
6637,National Treasure: Book of Secrets,130000000.0,457363168.0,124.0,12.854373,6.1,1782.0,en,"['Action', 'Adventure', 'Mystery', 'Thriller']",['United States of America'],"['Latin', 'English', 'Français']",2007-12-13,2007.0,12.0
7345,There Will Be Blood,25000000.0,77208711.0,158.0,8.200627,7.9,1581.0,en,['Drama'],['United States of America'],['English'],2007-12-28,2007.0,12.0
6538,Charlie Wilson's War,75000000.0,119000410.0,102.0,9.979162,6.5,342.0,en,"['Comedy', 'Drama', 'History']",['United States of America'],"['العربية', 'English', 'Pусский', 'اردو', 'עִבְרִית']",2007-12-19,2007.0,12.0
440,Aliens vs Predator: Requiem,40000000.0,41797066.0,94.0,10.793324,4.9,758.0,en,"['Fantasy', 'Action', 'Science Fiction', 'Thriller', 'Horror']",['United States of America'],['English'],2007-12-25,2007.0,12.0
6575,Walk Hard: The Dewey Cox Story,35000000.0,18317151.0,96.0,7.219935,6.6,214.0,en,"['Comedy', 'Music']",['United States of America'],['English'],2007-12-21,2007.0,12.0
14047,The Great Debaters,15000000.0,30226144.0,126.0,8.735448,6.9,153.0,en,['Drama'],['United States of America'],['English'],2007-12-27,2007.0,12.0
54318,The Water Horse,40000000.0,103071443.0,112.0,5.083211,6.3,293.0,en,"['Fantasy', 'Adventure', 'Family']","['United States of America', 'United Kingdom', 'Australia']",['English'],2007-12-25,2007.0,12.0
6023,P.S. I Love You,30000000.0,156835339.0,126.0,10.304881,7.0,1011.0,en,"['Drama', 'Romance']",['United States of America'],['English'],2007-11-15,2007.0,11.0
6557,27 Dresses,30000000.0,160259319.0,111.0,10.342202,6.1,1013.0,en,"['Comedy', 'Romance']",['United States of America'],['English'],2008-01-10,2008.0,1.0
7508,Taare Zameen Par,2600000.0,28430000.0,165.0,6.093304,7.7,194.0,hi,['Drama'],['India'],['हिन्दी'],2007-12-21,2007.0,12.0
10253,Dragon Wars: D-War,70000000.0,53587404.0,90.0,6.280906,4.0,104.0,ko,"['Fantasy', 'Drama', 'Horror', 'Action', 'Thriller', 'Science Fiction']",['South Korea'],"['English', '한국어/조선말']",2007-02-08,2007.0,2.0
8329,[REC],1500000.0,30448000.0,78.0,8.504511,7.1,954.0,es,"['Horror', 'Mystery']",['Spain'],"['日本語', 'Español']",2007-04-10,2007.0,4.0
13195,Flawless,20000000.0,6819587.0,108.0,6.496913,6.6,142.0,en,"['Crime', 'Drama', 'Thriller']","['United Kingdom', 'Luxembourg']",['English'],2007-09-01,2007.0,9.0
7191,Cloverfield,25000000.0,170764026.0,85.0,12.868098,6.4,2297.0,en,"['Action', 'Thriller', 'Science Fiction']",['United States of America'],"['Pусский', 'English']",2008-01-15,2008.0,1.0
8090,Untraceable,35000000.0,32483410.0,101.0,7.85217,5.9,241.0,en,['Drama'],['United States of America'],['English'],2008-01-22,2008.0,1.0
7555,Rambo,50000000.0,113244290.0,92.0,9.91556,6.4,1009.0,en,"['Action', 'Thriller']","['Germany', 'United States of America']","['English', '', 'ภาษาไทย']",2008-01-24,2008.0,1.0
7278,Meet the Spartans,30000000.0,84646831.0,84.0,6.416753,3.8,370.0,en,['Comedy'],['United States of America'],['English'],2008-01-24,2008.0,1.0
9030,The Eye,12000000.0,56309766.0,98.0,8.233662,5.5,284.0,en,"['Drama', 'Horror', 'Thriller']",['United States of America'],"['Español', 'English']",2008-02-01,2008.0,2.0
13059,The Signal,50000.0,249905.0,103.0,11.329733,5.9,85.0,en,"['Action', 'Thriller', 'Horror', 'Science Fiction']",['United States of America'],['English'],2007-02-22,2007.0,2.0
11253,Hellboy II: The Golden Army,85000000.0,160388063.0,120.0,11.928661,6.5,1555.0,en,"['Adventure', 'Fantasy', 'Science Fiction']","['Germany', 'United States of America']",['English'],2008-07-11,2008.0,7.0
8321,In Bruges,15000000.0,34533783.0,107.0,9.895652,7.4,1414.0,en,"['Comedy', 'Drama', 'Crime']","['United Kingdom', 'United States of America']",['English'],2008-02-08,2008.0,2.0
62652,Bamako,2000000.0,111000.0,115.0,0.367324,6.4,9.0,bm,['Drama'],"['Mali', 'France']","['Bamanankan', 'Français']",2006-06-21,2006.0,6.0
19384,Dark Angel,7000000.0,9229401.0,91.0,7.958502,5.5,75.0,en,"['Action', 'Thriller', 'Science Fiction', 'Crime', 'Horror']",['United States of America'],['English'],1990-01-26,1990.0,1.0
13490,Welcome Home Roscoe Jenkins,35000000.0,43650785.0,114.0,4.386145,5.7,58.0,en,"['Comedy', 'Drama']",['United States of America'],['English'],2008-02-08,2008.0,2.0
8676,Fool's Gold,70000000.0,111231041.0,112.0,9.4548,5.4,454.0,en,"['Romance', 'Comedy', 'Adventure']",['United States of America'],['English'],2008-02-07,2008.0,2.0
37003,U2 3D,15000000.0,22730842.0,85.0,0.900864,6.7,10.0,en,"['Music', 'Documentary']",['United States of America'],['English'],2007-05-19,2007.0,5.0
8247,Jumper,85000000.0,222231186.0,88.0,11.03897,5.9,1855.0,en,"['Adventure', 'Fantasy', 'Science Fiction']","['Canada', 'United States of America']",['Français'],2008-02-10,2008.0,2.0
7461,Vantage Point,40000000.0,151161491.0,90.0,7.001645,6.3,731.0,en,"['Drama', 'Action', 'Thriller', 'Crime']",['United States of America'],"['Español', 'English']",2008-02-01,2008.0,2.0
8204,The Spiderwick Chronicles,90000000.0,162839667.0,95.0,11.133784,6.3,593.0,en,"['Adventure', 'Family', 'Fantasy']",['United States of America'],['English'],2008-02-14,2008.0,2.0
8328,Step Up 2: The Streets,23000000.0,150816700.0,98.0,7.667579,6.5,658.0,en,"['Music', 'Drama', 'Romance']",['United States of America'],"['Pусский', 'English']",2008-02-14,2008.0,2.0
14073,Jodhaa Akbar,8376800.0,13000000.0,213.0,12.237488,7.6,74.0,hi,"['Action', 'Adventure', 'Drama', 'History', 'Romance']",['India'],"['हिन्दी', 'தமிழ்']",2008-02-15,2008.0,2.0
7942,"Run, Fatboy, Run",10000000.0,33000000.0,100.0,11.840495,6.2,241.0,en,"['Comedy', 'Romance']",['United Kingdom'],['English'],2007-09-06,2007.0,9.0
13362,Taxi to the Dark Side,1000000.0,274661.0,106.0,6.415898,6.6,53.0,en,['Documentary'],['United Kingdom'],['English'],2007-04-30,2007.0,4.0
7840,"10,000 BC",105000000.0,266000000.0,109.0,13.99377,5.1,934.0,en,"['Adventure', 'Action', 'Drama', 'Fantasy']","['United States of America', 'South Africa']",['English'],2008-02-22,2008.0,2.0
8848,The Bank Job,20000000.0,64822796.0,112.0,8.732701,6.6,708.0,en,"['Thriller', 'Crime', 'Drama']","['Australia', 'United Kingdom', 'United States of America']",['English'],2008-02-28,2008.0,2.0
13460,Doomsday,30000000.0,22211426.0,108.0,13.436536,5.8,374.0,en,"['Action', 'Thriller', 'Science Fiction']","['Germany', 'United Kingdom', 'United States of America', 'South Africa']",['English'],2008-03-14,2008.0,3.0
12222,Horton Hears a Who!,85000000.0,297138014.0,88.0,8.326699,6.3,927.0,en,"['Animation', 'Comedy', 'Family', 'Adventure', 'Fantasy']",['United States of America'],['English'],2008-03-03,2008.0,3.0
8461,Funny Games,15000000.0,7938872.0,112.0,6.841586,6.3,562.0,en,"['Horror', 'Thriller', 'Crime']","['Austria', 'France', 'Germany', 'Italy', 'United Kingdom', 'United States of America']",['English'],2007-10-20,2007.0,10.0
12246,Mongol: The Rise of Genghis Khan,18000000.0,26527510.0,120.0,6.375447,6.5,165.0,ru,['History'],"['Russia', 'Germany', 'Kazakhstan']","['普通话', '']",2007-09-20,2007.0,9.0
12177,The Love Guru,62000000.0,41819064.0,87.0,6.258666,4.3,243.0,en,"['Comedy', 'Romance']","['United States of America', 'United Kingdom', 'Germany']",['English'],2008-06-20,2008.0,6.0
13025,Diary of the Dead,2000000.0,5364858.0,95.0,12.001324,5.4,194.0,en,"['Horror', 'Action', 'Science Fiction']",['United States of America'],['English'],2007-09-08,2007.0,9.0
2239,Hallam Foe,8000000.0,60641.0,95.0,8.762536,6.8,51.0,en,"['Drama', 'Comedy', 'Thriller']",['United Kingdom'],['English'],2007-02-16,2007.0,2.0
14011,Justice League: The New Frontier,3500000.0,5231128.0,75.0,7.031719,6.6,115.0,en,"['Action', 'Adventure', 'Animation', 'Science Fiction']",['United States of America'],['English'],2008-02-26,2008.0,2.0
8944,What Just Happened,25000000.0,6673422.0,104.0,10.510245,5.2,128.0,en,"['Comedy', 'Drama']",['United States of America'],"['Français', 'English', 'עִבְרִית']",2008-10-17,2008.0,10.0
28260,Return of the Living Dead 3,2000000.0,54207.0,97.0,9.796755,5.9,88.0,en,"['Comedy', 'Science Fiction', 'Romance', 'Horror']",['United States of America'],"['Český', 'English', 'Italiano']",1993-10-01,1993.0,10.0
155,The Dark Knight,185000000.0,1004558444.0,152.0,123.167259,8.3,12269.0,en,"['Drama', 'Action', 'Crime', 'Thriller']","['United Kingdom', 'United States of America']","['English', '普通话']",2008-07-16,2008.0,7.0
46883,Quiet City,2500.0,15425.0,78.0,0.404753,6.6,7.0,en,"['Drama', 'Romance']",['United States of America'],['English'],2007-03-12,2007.0,3.0
8456,Never Back Down,20000000.0,41627431.0,115.0,14.753931,6.5,511.0,en,"['Drama', 'Action']",['United States of America'],['English'],2008-03-04,2008.0,3.0
13495,Alatriste,24000000.0,23321954.0,145.0,5.035414,5.6,62.0,es,['Action'],['Spain'],['Español'],2006-09-01,2006.0,9.0
27323,Joysticks,300000.0,3952448.0,88.0,2.290725,5.2,14.0,en,['Comedy'],['United States of America'],['English'],1983-03-04,1983.0,3.0
8065,21,35000000.0,69823199.0,123.0,8.33756,6.5,1406.0,en,"['Drama', 'Crime']",['United States of America'],['English'],2008-03-27,2008.0,3.0
12890,Smart People,7000000.0,10569964.0,95.0,3.756539,5.8,74.0,en,"['Comedy', 'Drama', 'Romance']",['United States of America'],['English'],2008-04-11,2008.0,4.0
4942,Leatherheads,58000000.0,41299492.0,114.0,9.37102,5.7,131.0,en,"['Comedy', 'Romance', 'Drama']","['Germany', 'United States of America']","['English', 'Deutsch']",2008-03-24,2008.0,3.0
14044,Assembly,16000000.0,34786960.0,124.0,7.404835,7.1,35.0,en,"['Action', 'History']","['China', 'Hong Kong']","['English', '普通话', 'Pусский']",2007-10-09,2007.0,10.0
11483,Pirates,40000000.0,1641825.0,124.0,3.916952,6.2,47.0,en,"['Adventure', 'Comedy']","['France', 'Tunisia']","['English', 'Français', 'Español']",1986-05-08,1986.0,5.0
8988,Stop-Loss,25000000.0,11207130.0,113.0,5.430566,6.1,84.0,en,"['Drama', 'War']",['United States of America'],['English'],2008-03-28,2008.0,3.0
7351,Julia,6000000.0,1300000.0,138.0,2.002032,7.2,23.0,en,['Drama'],['France'],"['English', 'Español']",2008-02-09,2008.0,2.0
10488,Nim's Island,37000000.0,100076342.0,96.0,7.558125,5.6,341.0,en,"['Adventure', 'Comedy', 'Family', 'Fantasy']",['United States of America'],['English'],2008-04-03,2008.0,4.0
9870,Forgetting Sarah Marshall,30000000.0,105173115.0,111.0,15.106676,6.4,1194.0,en,"['Comedy', 'Romance', 'Drama']",['United States of America'],"['English', '日本語', 'Deutsch']",2008-04-17,2008.0,4.0
11918,Superhero Movie,35000000.0,25871834.0,85.0,7.876483,4.9,394.0,en,"['Action', 'Comedy', 'Science Fiction']",['United States of America'],['English'],2008-03-27,2008.0,3.0
1266,Street Kings,20000000.0,65569869.0,109.0,13.246795,6.3,369.0,en,"['Action', 'Crime', 'Drama', 'Thriller']",['United States of America'],"['English', 'Türkçe']",2008-04-10,2008.0,4.0
13335,Harold & Kumar Escape from Guantanamo Bay,12000000.0,43493123.0,107.0,13.065315,6.2,508.0,en,"['Comedy', 'Adventure']",['United States of America'],['English'],2008-04-25,2008.0,4.0
7459,Speed Racer,120000000.0,93945766.0,135.0,7.134168,5.7,359.0,en,"['Action', 'Family', 'Science Fiction']","['Australia', 'Germany', 'United States of America']",['English'],2008-05-09,2008.0,5.0
1729,The Forbidden Kingdom,55000000.0,127906624.0,104.0,6.997601,6.3,476.0,en,"['Action', 'Adventure', 'Fantasy']","['China', 'United States of America']","['English', '普通话']",2008-04-18,2008.0,4.0
14324,Virgin Territory,38000000.0,5410749.0,93.0,6.100498,4.3,75.0,en,"['Adventure', 'Action', 'Comedy', 'Romance']","['Luxembourg', 'Italy', 'France', 'United Kingdom']","['English', 'Pусский']",2007-12-17,2007.0,12.0
13258,Son of Rambow,4000000.0,6870249.0,96.0,7.391932,6.7,146.0,en,['Comedy'],"['Germany', 'France', 'United Kingdom']","['English', 'Français']",2007-01-22,2007.0,1.0
13018,Deception,25000000.0,17741298.0,107.0,7.720729,5.7,200.0,en,['Thriller'],['United States of America'],['English'],2008-04-24,2008.0,4.0
8780,Baby Mama,30000000.0,63833449.0,99.0,10.901355,5.8,205.0,en,['Comedy'],['United States of America'],['English'],2008-04-23,2008.0,4.0
13359,Expelled: No Intelligence Allowed,3500000.0,7700000.0,90.0,1.787297,4.1,33.0,en,['Documentary'],['United States of America'],['English'],2008-04-18,2008.0,4.0
1726,Iron Man,140000000.0,585174222.0,126.0,22.073099,7.4,8951.0,en,"['Action', 'Science Fiction', 'Adventure']",['United States of America'],"['English', 'فارسی', 'اردو', 'العربية']",2008-04-30,2008.0,4.0
10761,Made of Honor,40000000.0,84601681.0,101.0,6.417385,6.0,410.0,en,"['Comedy', 'Romance']","['United Kingdom', 'United States of America']","['English', 'Français', 'Pусский']",2008-05-02,2008.0,5.0
43664,"The Bread, My Sweet",600000.0,1023156.0,105.0,0.958152,5.0,6.0,en,"['Drama', 'Romance']",['United States of America'],"['English', 'Italiano']",2001-04-21,2001.0,4.0
8681,Taken,25000000.0,226830568.0,93.0,16.367481,7.2,4444.0,en,"['Action', 'Thriller']","['France', 'United Kingdom', 'United States of America']","['English', 'Français', 'العربية', 'shqip']",2008-02-18,2008.0,2.0
13001,Stargate: The Ark of Truth,7000000.0,8900000.0,97.0,9.218164,6.9,143.0,en,"['Adventure', 'Science Fiction']","['Canada', 'United States of America']",['English'],2008-03-11,2008.0,3.0
13243,Meet Bill,5000000.0,346592.0,97.0,6.226054,5.9,89.0,en,"['Comedy', 'Drama', 'Romance']",['United States of America'],['English'],2007-09-07,2007.0,9.0
9029,What Happens in Vegas,35000000.0,170000000.0,99.0,10.054226,5.8,949.0,da,"['Comedy', 'Romance']",['United States of America'],"['English', '']",2008-05-07,2008.0,5.0
2454,The Chronicles of Narnia: Prince Caspian,225000000.0,419651413.0,150.0,12.490891,6.3,1668.0,en,"['Adventure', 'Family', 'Fantasy']","['Czech Republic', 'Poland', 'Slovenia', 'United States of America']",['English'],2008-05-15,2008.0,5.0
13191,"War, Inc.",5000000.0,1296184.0,106.0,4.800426,5.6,86.0,en,"['Action', 'Adventure', 'Comedy', 'Thriller']",['Bulgaria'],['English'],2008-04-28,2008.0,4.0
217,Indiana Jones and the Kingdom of the Crystal Skull,185000000.0,786636033.0,122.0,12.577266,5.7,2558.0,en,"['Adventure', 'Action']",['United States of America'],"['English', 'Deutsch', 'Pусский']",2008-05-21,2008.0,5.0
4564,Sex and the City,65000000.0,415252786.0,145.0,9.170332,6.0,525.0,en,"['Comedy', 'Drama', 'Romance']",['United States of America'],['English'],2008-05-12,2008.0,5.0
10665,The Strangers,9000000.0,82391145.0,86.0,8.845536,6.0,509.0,en,"['Thriller', 'Horror', 'Mystery']",['United States of America'],['English'],2008-05-29,2008.0,5.0
9502,Kung Fu Panda,130000000.0,631744560.0,90.0,16.897541,6.9,3231.0,en,"['Adventure', 'Animation', 'Family', 'Comedy']",['United States of America'],['English'],2008-06-04,2008.0,6.0
10661,You Don't Mess with the Zohan,90000000.0,201596308.0,113.0,13.116461,5.5,1068.0,en,"['Comedy', 'Action']",['United States of America'],"['English', 'עִבְרִית']",2008-06-05,2008.0,6.0
9789,My Brother Is an Only Child,5000000.0,6463286.0,108.0,4.391819,6.7,61.0,it,['Comedy'],"['France', 'Italy']",['Italiano'],2007-04-20,2007.0,4.0
15691,Doctor Who,5000000.0,42000000.0,89.0,5.147819,6.0,64.0,en,"['TV Movie', 'Adventure', 'Drama', 'Science Fiction']","['Canada', 'United Kingdom', 'United States of America']",['English'],1996-03-31,1996.0,3.0
8645,The Happening,60000000.0,163403799.0,91.0,6.22229,4.9,968.0,en,"['Thriller', 'Science Fiction']","['United States of America', 'India', 'France']","['English', 'Français']",2008-06-11,2008.0,6.0
1724,The Incredible Hulk,150000000.0,163712074.0,114.0,19.125537,6.1,3086.0,en,"['Science Fiction', 'Action', 'Adventure']",['United States of America'],"['Português', 'Español', 'English']",2008-06-12,2008.0,6.0
13405,The Children of Huang Shi,40000000.0,7400000.0,125.0,14.622493,6.5,53.0,zh,"['Drama', 'War']","['Australia', 'China', 'Germany']","['日本語', '普通话', 'English']",2008-07-03,2008.0,7.0
10681,WALL·E,180000000.0,521311860.0,98.0,16.088366,7.8,6439.0,en,"['Animation', 'Family']",['United States of America'],['English'],2008-06-22,2008.0,6.0
8909,Wanted,75000000.0,258270008.0,110.0,12.457896,6.4,2583.0,en,"['Action', 'Thriller', 'Crime']","['Germany', 'United States of America']",['English'],2008-06-19,2008.0,6.0
8960,Hancock,150000000.0,624029371.0,92.0,11.017324,6.2,3050.0,en,"['Fantasy', 'Action']",['United States of America'],"['English', '日本語']",2008-07-01,2008.0,7.0
15728,Boy Culture,500000.0,220151.0,88.0,2.317528,6.0,30.0,en,"['Drama', 'Romance']",['United States of America'],['English'],2007-01-31,2007.0,1.0
11665,Get Smart,80000000.0,230685453.0,110.0,11.35779,6.0,1072.0,en,"['Action', 'Comedy', 'Thriller']","['Canada', 'Russia', 'United States of America']","['English', 'Pусский']",2008-06-19,2008.0,6.0
27506,West of Zanzibar,259000.0,921000.0,65.0,0.722511,6.2,5.0,en,"['Drama', 'Mystery']",['United States of America'],['English'],1928-11-24,1928.0,11.0
27505,The Unholy Three,103000.0,704000.0,86.0,1.345287,5.8,11.0,en,"['Crime', 'Drama', 'Romance']",['United States of America'],[],1925-09-16,1925.0,9.0
13990,The Wackness,6000000.0,2899975.0,99.0,5.598338,6.2,95.0,en,['Drama'],['United States of America'],['English'],2008-07-03,2008.0,7.0
11631,Mamma Mia!,52000000.0,609841637.0,108.0,10.534437,6.4,1435.0,en,"['Comedy', 'Romance']","['Germany', 'United Kingdom', 'United States of America']","['English', 'ελληνικά']",2008-07-03,2008.0,7.0
8265,Welcome to the Sticks,11000000.0,53191886.0,106.0,7.250134,6.7,638.0,fr,['Comedy'],['France'],['Français'],2008-01-09,2008.0,1.0
13614,Katyn,5200000.0,14723313.0,118.0,4.230046,6.7,50.0,pl,"['Drama', 'History', 'War']",['Poland'],"['Український', 'Deutsch', 'Polski', 'Pусский']",2007-09-21,2007.0,9.0
88751,Journey to the Center of the Earth,45000000.0,101702060.0,93.0,10.419974,5.8,1353.0,en,"['Action', 'Science Fiction', 'Adventure', 'Comedy', 'Family']",['United States of America'],"['English', 'Íslenska', 'Italiano']",2008-07-10,2008.0,7.0
11260,Meet Dave,60000000.0,50650079.0,90.0,11.542926,5.1,381.0,en,"['Comedy', 'Science Fiction', 'Adventure', 'Family']",['United States of America'],['English'],2008-07-08,2008.0,7.0
13910,Death Defying Acts,20000000.0,8380329.0,97.0,4.522772,5.5,59.0,en,"['Drama', 'Romance']",['United Kingdom'],"['English', 'Français', 'Italiano']",2007-09-13,2007.0,9.0
16007,Death Note,20000000.0,27793200.0,126.0,9.570657,6.8,163.0,ja,"['Fantasy', 'Mystery', 'Thriller']",['Japan'],"['English', '日本語', 'Pусский']",2006-06-17,2006.0,6.0
6687,Transsiberian,15000000.0,5926410.0,111.0,12.497651,6.5,197.0,en,"['Thriller', 'Crime', 'Mystery']","['Germany', 'Spain', 'United Kingdom', 'Lithuania']","['English', 'Français', '普通话', 'Pусский', 'Español']",2008-01-18,2008.0,1.0
11802,Space Chimps,37000000.0,63800345.0,81.0,6.212702,5.1,102.0,en,"['Animation', 'Family']",['United States of America'],['English'],2008-07-17,2008.0,7.0
13183,Watchmen,130000000.0,185258983.0,163.0,16.551503,7.0,2892.0,en,"['Action', 'Mystery', 'Science Fiction']",['United States of America'],['English'],2009-03-05,2009.0,3.0
12133,Step Brothers,65000000.0,128107642.0,98.0,8.579638,6.5,1084.0,en,['Comedy'],['United States of America'],"['English', 'Español']",2008-07-25,2008.0,7.0
12568,Brideshead Revisited,20000000.0,13204291.0,133.0,11.069679,6.2,55.0,en,"['Drama', 'Romance']","['Italy', 'Morocco', 'United Kingdom']","['العربية', 'English', 'Français', 'Italiano', 'Latin']",2008-07-25,2008.0,7.0
8836,The X Files: I Want to Believe,30000000.0,68369434.0,104.0,9.863584,5.5,534.0,en,"['Drama', 'Mystery', 'Science Fiction', 'Thriller']","['Canada', 'United States of America']",['English'],2008-07-24,2008.0,7.0
16725,The Tracey Fragments,700000.0,31576.0,77.0,2.819298,5.9,36.0,en,['Drama'],['Canada'],['English'],2007-02-08,2007.0,2.0
1735,The Mummy: Tomb of the Dragon Emperor,145000000.0,401128639.0,112.0,14.250227,5.2,1418.0,en,"['Adventure', 'Action', 'Fantasy']","['Germany', 'United States of America']","['English', '普通话', '']",2008-07-01,2008.0,7.0
10187,Swing Vote,21000000.0,17600000.0,120.0,5.204249,5.8,66.0,en,"['Drama', 'Comedy']",['United States of America'],['English'],2008-08-01,2008.0,8.0
10185,The Midnight Meat Train,15000000.0,3533227.0,98.0,13.389735,6.0,294.0,en,"['Mystery', 'Drama', 'Crime', 'Thriller', 'Horror']",['United States of America'],"['English', 'Français']",2008-08-07,2008.0,8.0
13996,Bottle Shock,5000000.0,4040588.0,110.0,3.334353,6.6,60.0,en,"['Comedy', 'Drama']",['United States of America'],"['Français', 'English', 'Deutsch']",2008-08-06,2008.0,8.0
5038,Vicky Cristina Barcelona,15000000.0,96408652.0,96.0,9.648539,6.7,1050.0,en,"['Drama', 'Romance']","['United States of America', 'Spain']","['Español', 'English']",2008-08-15,2008.0,8.0
10189,Pineapple Express,27000000.0,101624843.0,111.0,8.461369,6.6,1169.0,en,"['Action', 'Comedy']",['United States of America'],['English'],2008-08-06,2008.0,8.0
12289,Red Cliff,80341000.0,127814609.0,150.0,11.867516,7.1,207.0,zh,"['Adventure', 'Drama', 'Action']",['China'],"['普通话', 'ภาษาไทย']",2008-07-10,2008.0,7.0
10188,The Sisterhood of the Traveling Pants 2,27000000.0,44352417.0,117.0,4.631978,6.1,244.0,en,"['Adventure', 'Comedy', 'Drama', 'Family']",['United States of America'],['English'],2008-08-06,2008.0,8.0
11671,Elegy,13000000.0,14894347.0,112.0,6.829658,6.4,73.0,en,"['Drama', 'Romance']",['United States of America'],"['English', 'Español']",2008-08-08,2008.0,8.0
7446,Tropic Thunder,92000000.0,188072649.0,107.0,8.980941,6.5,1707.0,en,"['Action', 'Comedy']","['United States of America', 'United Kingdom', 'Germany']","['English', '普通话']",2008-08-09,2008.0,8.0
12180,Star Wars: The Clone Wars,8500000.0,68282844.0,98.0,8.524857,5.8,434.0,en,"['Thriller', 'Animation', 'Action', 'Science Fiction', 'Adventure', 'Fantasy']","['Singapore', 'United States of America']",['English'],2008-08-05,2008.0,8.0
13256,Mutant Chronicles,8000000.0,2033165.0,111.0,6.603748,5.1,142.0,en,"['Action', 'Adventure', 'Horror', 'Science Fiction']","['United States of America', 'United Kingdom']",['English'],2008-08-07,2008.0,8.0
8885,Waltz with Bashir,2000000.0,11125849.0,90.0,7.636625,7.8,294.0,he,"['Drama', 'Animation', 'War']","['Israel', 'France', 'Germany']","['עִבְרִית', 'العربية', 'Deutsch', 'English']",2008-06-25,2008.0,6.0
13310,Let the Right One In,4000000.0,10785801.0,115.0,7.274237,7.5,997.0,sv,"['Horror', 'Drama']",['Sweden'],['svenska'],2008-01-26,2008.0,1.0
10483,Death Race,45000000.0,73762516.0,105.0,13.53003,6.0,1205.0,en,"['Action', 'Thriller', 'Science Fiction']","['United Kingdom', 'United States of America', 'Germany']",['English'],2008-08-22,2008.0,8.0
12620,The House Bunny,25000000.0,70442940.0,97.0,9.920106,5.6,548.0,en,"['Romance', 'Comedy']",['United States of America'],['English'],2008-08-22,2008.0,8.0
10186,The Rocker,15000000.0,8762890.0,102.0,9.469873,5.6,159.0,en,"['Comedy', 'Music']",['United States of America'],"['English', 'Français']",2008-08-20,2008.0,8.0
13515,Mirrors,35000000.0,72436439.0,110.0,8.612618,6.0,494.0,en,"['Horror', 'Mystery', 'Thriller']","['Romania', 'United States of America']",['English'],2008-08-15,2008.0,8.0
13637,Sukiyaki Western Django,3800000.0,2725258.0,121.0,9.239882,6.3,79.0,ja,"['Adventure', 'Action', 'Comedy', 'Western', 'Thriller']",['Japan'],['日本語'],2007-09-15,2007.0,9.0
4944,Burn After Reading,37000000.0,163720069.0,96.0,13.206799,6.5,1251.0,en,"['Comedy', 'Drama']","['United States of America', 'United Kingdom', 'France']",['English'],2008-09-05,2008.0,9.0
13805,Disaster Movie,25000000.0,14109284.0,87.0,11.634132,3.1,250.0,en,"['Action', 'Comedy']",['United States of America'],['English'],2008-08-29,2008.0,8.0
9381,Babylon A.D.,70000000.0,72108608.0,101.0,9.273808,5.4,687.0,en,"['Action', 'Adventure', 'Science Fiction', 'Thriller']","['France', 'United Kingdom']","['English', 'Pусский']",2008-08-20,2008.0,8.0
13291,Traitor,22000000.0,23530831.0,114.0,7.859606,6.6,210.0,en,"['Drama', 'Action', 'Thriller', 'Crime']",['United States of America'],"['العربية', 'English']",2008-08-23,2008.0,8.0
13991,College,7000000.0,6230276.0,94.0,10.36168,4.8,48.0,en,['Comedy'],['United States of America'],['English'],2008-08-28,2008.0,8.0
13972,The Women,16000000.0,50007546.0,114.0,6.62363,4.6,96.0,en,"['Comedy', 'Drama', 'Romance']",['United States of America'],['English'],2008-09-12,2008.0,9.0
15206,The Mother of Tears,3500000.0,54947.0,102.0,34.145916,4.1,135.0,it,['Horror'],"['Italy', 'United States of America']",['English'],2007-09-06,2007.0,9.0
8285,The Spirit,60000000.0,39031337.0,103.0,5.762005,4.7,323.0,en,"['Action', 'Comedy', 'Thriller', 'Crime', 'Science Fiction']",['United States of America'],"['English', 'Français', 'Pусский']",2008-12-25,2008.0,12.0
13184,Bangkok Dangerous,45000000.0,42487390.0,99.0,6.576009,5.0,336.0,en,"['Action', 'Crime', 'Thriller']",['United States of America'],"['ภาษาไทย', 'English']",2008-08-21,2008.0,8.0
13484,The Foot Fist Way,79000.0,245000.0,85.0,2.066141,6.0,35.0,en,['Comedy'],['United States of America'],['English'],2006-06-24,2006.0,6.0
13389,Righteous Kill,60000000.0,73174566.0,101.0,7.094624,5.9,382.0,en,"['Action', 'Crime', 'Drama', 'Thriller']",['United States of America'],"['English', 'Pусский', 'Español']",2008-09-11,2008.0,9.0
13279,Lakeview Terrace,20000000.0,27640028.0,110.0,13.857624,5.9,294.0,en,"['Drama', 'Crime', 'Thriller']",['United States of America'],['English'],2008-09-19,2008.0,9.0
38140,To Rob a Thief,4002313.0,6.0,98.0,1.02071,6.0,4.0,en,"['Action', 'Adventure', 'Comedy', 'Foreign']",[],['Español'],2007-08-31,2007.0,8.0
12690,Appaloosa,20000000.0,20211394.0,115.0,12.392754,6.3,305.0,en,"['Drama', 'Western', 'Crime']",['United States of America'],"['English', 'Español']",2008-09-12,2008.0,9.0
12412,Miracle at St. Anna,45000000.0,9323833.0,160.0,11.221186,6.3,90.0,en,"['Drama', 'War']","['Italy', 'United States of America']","['Deutsch', 'Italiano', 'English']",2008-09-15,2008.0,9.0
13027,Eagle Eye,80000000.0,178066569.0,118.0,14.324875,6.3,1038.0,en,"['Mystery', 'Thriller', 'Action']","['United States of America', 'Germany']",['English'],2008-09-25,2008.0,9.0
13092,How to Lose Friends & Alienate People,27000000.0,17286299.0,110.0,11.981531,6.2,247.0,en,"['Comedy', 'Romance', 'Drama']",['United Kingdom'],['English'],2008-10-02,2008.0,10.0
12182,Nick and Norah's Infinite Playlist,9000000.0,32973937.0,89.0,12.992176,6.4,387.0,en,"['Comedy', 'Music', 'Romance']",['United States of America'],['English'],2008-10-03,2008.0,10.0
3097,"The Tulse Luper Suitcases, Part 1: The Moab Story",10000000.0,25800.0,127.0,0.524432,7.8,5.0,en,"['War', 'Drama', 'History', 'Adventure', 'Romance', 'Thriller']","['United Kingdom', 'Netherlands']","['Español', 'English', 'Deutsch', 'Nederlands', 'Français']",2003-05-24,2003.0,5.0
12113,Body of Lies,70000000.0,113280098.0,128.0,12.886125,6.5,919.0,en,"['Action', 'Drama', 'Thriller']","['United States of America', 'United Kingdom']","['العربية', 'English']",2008-10-10,2008.0,10.0
13600,City of Ember,55000000.0,17869048.0,90.0,8.061467,6.2,614.0,en,"['Adventure', 'Family', 'Fantasy']",['United States of America'],['English'],2008-10-07,2008.0,10.0
30266,"20,000 Leagues Under the Sea",200000.0,8000000.0,105.0,0.917777,6.0,7.0,en,"['Adventure', 'Drama', 'Action', 'Science Fiction']","['Bahamas', 'United States of America']",['English'],1916-12-24,1916.0,12.0
13051,Max Payne,35000000.0,85416905.0,100.0,10.08043,5.2,625.0,en,['Action'],"['United States of America', 'Canada']","['English', 'Pусский', 'Español']",2008-10-15,2008.0,10.0
10358,Zack and Miri Make a Porno,24000000.0,42105111.0,102.0,6.449332,6.1,734.0,en,['Comedy'],['United States of America'],['English'],2008-09-18,2008.0,9.0
10523,W.,25100000.0,29506464.0,131.0,8.937049,6.0,144.0,en,"['Drama', 'History']",['United States of America'],"['Español', 'English']",2008-10-17,2008.0,10.0
13596,My Best Friend's Girl,20000000.0,36620508.0,101.0,14.114136,5.4,223.0,en,"['Romance', 'Comedy']",['United States of America'],['English'],2008-09-19,2008.0,9.0
12837,The Secret Life of Bees,11000000.0,38105395.0,114.0,6.390463,7.4,159.0,en,['Adventure'],['United States of America'],['English'],2008-09-17,2008.0,9.0
13948,An American Carol,20000000.0,7000000.0,83.0,2.151159,4.1,20.0,en,"['Comedy', 'Fantasy']",['United States of America'],['English'],2008-10-03,2008.0,10.0
7735,The Wave,7500000.0,19000000.0,107.0,6.010332,7.5,870.0,de,"['Drama', 'Thriller']",['Germany'],['Deutsch'],2008-03-11,2008.0,3.0
13812,Quarantine,12000000.0,40855419.0,89.0,6.140116,5.6,343.0,en,"['Horror', 'Science Fiction', 'Thriller']",['United States of America'],['English'],2008-10-10,2008.0,10.0
13150,Pride and Glory,30000000.0,31148328.0,130.0,5.844016,6.3,243.0,en,"['Thriller', 'Crime', 'Drama']","['United States of America', 'Germany']",['English'],2008-09-09,2008.0,9.0
14325,The Express,40000000.0,9793496.0,130.0,4.929912,7.1,71.0,en,['Drama'],"['Germany', 'United States of America']",['English'],2008-10-10,2008.0,10.0
13809,RockNRolla,18000000.0,25739015.0,114.0,7.263988,6.9,851.0,en,"['Action', 'Crime', 'Thriller']",['United Kingdom'],"['English', 'Pусский']",2008-09-04,2008.0,9.0
10527,Madagascar: Escape 2 Africa,150000000.0,603900354.0,89.0,12.668733,6.2,1866.0,en,"['Family', 'Animation']",['United States of America'],"['English', 'Italiano', 'ภาษาไทย']",2008-10-30,2008.0,10.0
13506,Admiral,2000000.0,38135878.0,123.0,3.462653,6.8,41.0,ru,"['Drama', 'War', 'History']",['Russia'],"['Français', 'Pусский']",2008-06-06,2008.0,6.0
8338,Blindness,25000000.0,19844979.0,121.0,7.462378,6.4,393.0,en,"['Drama', 'Mystery', 'Science Fiction', 'Thriller']","['Brazil', 'Canada', 'Japan']","['日本語', 'English']",2008-05-14,2008.0,5.0
3580,Changeling,55000000.0,113020255.0,141.0,11.672394,7.3,1151.0,en,"['Crime', 'Drama', 'Mystery']",['United States of America'],['English'],2008-01-30,2008.0,1.0
20766,The Road,32000000.0,27635305.0,111.0,14.958098,6.8,1113.0,en,"['Adventure', 'Drama']",['United States of America'],['English'],2009-11-25,2009.0,11.0
12405,Slumdog Millionaire,15000000.0,377910544.0,120.0,11.258181,7.6,2918.0,en,"['Drama', 'Romance']","['India', 'United Kingdom', 'United States of America']","['Français', 'हिन्दी', 'English']",2008-05-12,2008.0,5.0
10764,Quantum of Solace,200000000.0,586090727.0,106.0,13.67812,6.1,3015.0,en,"['Adventure', 'Action', 'Thriller', 'Crime']","['United Kingdom', 'United States of America']","['English', 'Español', 'Italiano', 'Français', 'Deutsch']",2008-10-30,2008.0,10.0
15373,Role Models,28000000.0,92380927.0,99.0,7.646215,6.4,575.0,en,['Comedy'],['United States of America'],['English'],2008-02-03,2008.0,2.0
13672,JCVD,6000000.0,276891.0,96.0,6.670933,6.6,155.0,fr,"['Drama', 'Action', 'Comedy', 'Crime']","['Belgium', 'France', 'Luxembourg']","['English', 'Français']",2008-06-04,2008.0,6.0
11917,Saw V,10800000.0,113857533.0,92.0,10.165499,6.0,848.0,en,"['Horror', 'Thriller', 'Crime']",['United States of America'],['English'],2008-10-23,2008.0,10.0
13523,Sex Drive,19000000.0,18755936.0,109.0,9.106146,6.0,348.0,en,"['Comedy', 'Adventure', 'Romance']",['United States of America'],['English'],2008-10-16,2008.0,10.0
15749,While She Was Out,6000000.0,391410.0,108.0,9.002146,4.8,36.0,en,"['Action', 'Adventure', 'Drama', 'Horror', 'Thriller']","['Canada', 'Germany', 'United States of America']","['English', 'Polski', 'Pусский']",2008-10-27,2008.0,10.0
14405,Beverly Hills Chihuahua,20000000.0,149281606.0,91.0,9.569765,4.9,217.0,en,"['Adventure', 'Comedy', 'Family']",['United States of America'],['English'],2008-10-03,2008.0,10.0
6972,Australia,130000000.0,49554002.0,165.0,9.566135,6.3,712.0,en,['Drama'],"['Australia', 'United States of America', 'United Kingdom']","['English', '日本語']",2008-11-18,2008.0,11.0
13053,Bolt,150000000.0,309979994.0,98.0,15.580915,6.3,1798.0,en,"['Animation', 'Family', 'Adventure', 'Comedy']",['United States of America'],['English'],2008-11-21,2008.0,11.0
10139,Milk,20000000.0,54586584.0,128.0,10.680121,7.1,628.0,en,"['History', 'Drama']",['United States of America'],['English'],2008-11-26,2008.0,11.0
8966,Twilight,37000000.0,392616625.0,122.0,31.282029,5.8,3688.0,en,"['Adventure', 'Fantasy', 'Drama', 'Romance']",['United States of America'],['English'],2008-11-20,2008.0,11.0
13387,Transporter 3,30000000.0,108979549.0,104.0,9.296824,5.9,1110.0,en,"['Action', 'Adventure', 'Thriller', 'Crime']","['France', 'United Kingdom']","['English', 'Український', 'Français', 'Pусский', 'Magyar']",2008-11-26,2008.0,11.0
12193,Four Christmases,80000000.0,163733697.0,88.0,7.210383,5.3,337.0,en,"['Comedy', 'Romance', 'Drama']",['United States of America'],['English'],2008-11-26,2008.0,11.0
14574,The Boy in the Striped Pyjamas,12500000.0,20416563.0,94.0,8.912738,7.7,1492.0,en,"['War', 'Drama']","['United Kingdom', 'United States of America']",['English'],2008-05-07,2008.0,5.0
10900,Surveillance,3500000.0,1115493.0,97.0,6.804406,6.0,111.0,en,"['Horror', 'Thriller', 'Mystery']",['United States of America'],['English'],2008-02-08,2008.0,2.0
14438,Fireproof,500000.0,33456317.0,122.0,5.329195,7.0,100.0,en,['Drama'],['United States of America'],['English'],2008-09-26,2008.0,9.0
14248,Igor,25000000.0,30000000.0,87.0,9.369432,5.6,154.0,en,"['Animation', 'Comedy', 'Family', 'Fantasy']","['United States of America', 'France']",['English'],2008-09-19,2008.0,9.0
13056,Punisher: War Zone,20500000.0,10089373.0,102.0,8.333526,5.6,298.0,en,"['Action', 'Crime']","['Canada', 'Germany', 'United States of America']","['Pусский', 'English']",2008-12-05,2008.0,12.0
10200,The Day the Earth Stood Still,80000000.0,233093859.0,104.0,9.265322,5.2,1057.0,en,"['Drama', 'Science Fiction', 'Thriller']","['Canada', 'United States of America']","['普通话', 'English']",2008-12-10,2008.0,12.0
14359,Doubt,20000000.0,50907234.0,104.0,9.278263,7.0,445.0,en,"['Drama', 'Mystery']",['United States of America'],['English'],2008-11-27,2008.0,11.0
13223,Gran Torino,33000000.0,269958228.0,116.0,14.794228,7.8,3181.0,en,['Drama'],"['United States of America', 'Germany']",['English'],2008-12-09,2008.0,12.0
8055,The Reader,32000000.0,113019290.0,124.0,7.931732,7.2,835.0,en,"['Drama', 'Romance']","['Germany', 'United States of America']","['English', 'Deutsch', 'ελληνικά', 'Latin']",2008-12-10,2008.0,12.0
11321,Seven Pounds,55000000.0,168167691.0,123.0,21.708267,7.5,2092.0,en,['Drama'],['United States of America'],"['English', 'Español']",2008-12-18,2008.0,12.0
12163,The Wrestler,6000000.0,44703995.0,109.0,7.903956,7.3,1031.0,en,"['Drama', 'Romance']",['United States of America'],['English'],2008-09-07,2008.0,9.0
4922,The Curious Case of Benjamin Button,150000000.0,333932083.0,166.0,17.934821,7.3,3398.0,en,"['Fantasy', 'Drama', 'Thriller', 'Mystery', 'Romance']",['United States of America'],['English'],2008-11-24,2008.0,11.0
10201,Yes Man,70000000.0,225990978.0,104.0,9.756289,6.4,1869.0,en,['Comedy'],['United States of America'],"['Eesti', 'English', '한국어/조선말']",2008-12-09,2008.0,12.0
2253,Valkyrie,75000000.0,200276000.0,121.0,8.635464,6.7,1195.0,en,"['Drama', 'Thriller', 'History', 'War']","['Germany', 'United States of America']","['English', 'Deutsch']",2008-12-25,2008.0,12.0
10202,Bedtime Stories,80000000.0,212874442.0,99.0,10.739419,5.9,924.0,en,"['Fantasy', 'Comedy', 'Family', 'Romance']",['United States of America'],['English'],2008-12-24,2008.0,12.0
13973,Choke,3000000.0,3830137.0,92.0,7.589546,6.0,128.0,en,"['Comedy', 'Drama']",['United States of America'],['English'],2008-09-26,2008.0,9.0
4148,Revolutionary Road,35000000.0,75225693.0,119.0,12.265867,6.8,824.0,en,"['Drama', 'Romance']","['United Kingdom', 'United States of America']",['English'],2008-12-19,2008.0,12.0
13827,"Surfer, Dude",6000000.0,69497.0,85.0,2.023166,4.7,25.0,en,['Comedy'],['United States of America'],"['English', 'Polski']",2008-09-05,2008.0,9.0
15676,Nobel Son,4000000.0,333912.0,110.0,2.420823,6.4,29.0,en,"['Comedy', 'Crime', 'Drama', 'Thriller']",['United States of America'],['English'],2007-04-28,2007.0,4.0
13971,Wild Child,20000000.0,21972336.0,98.0,10.420849,6.4,421.0,en,['Comedy'],"['France', 'United Kingdom', 'United States of America']",['English'],2008-01-01,2008.0,1.0
13813,Defiance,32000000.0,51155219.0,137.0,13.990891,6.7,580.0,en,"['Action', 'Drama', 'History', 'War']",['United States of America'],"['Deutsch', 'Pусский', 'English']",2008-12-31,2008.0,12.0
14306,Marley & Me,60000000.0,244082376.0,115.0,9.729748,6.9,1392.0,en,"['Comedy', 'Family']",['United States of America'],['English'],2008-12-25,2008.0,12.0
12429,Ponyo,41677699.0,187479518.0,100.0,8.470945,7.5,953.0,ja,"['Animation', 'Family']",['Japan'],['日本語'],2008-07-19,2008.0,7.0
14756,Ip Man,11715578.0,21888598.0,108.0,6.004257,7.5,1309.0,cn,"['Drama', 'Action', 'History']",['Hong Kong'],"['普通话', '日本語', '广州话 / 廣州話']",2008-12-12,2008.0,12.0
13944,Passengers,25000000.0,2000000.0,93.0,6.274736,5.7,214.0,en,"['Drama', 'Mystery', 'Thriller', 'Romance']","['Canada', 'United States of America']",['English'],2008-09-26,2008.0,9.0
10199,The Tale of Despereaux,60000000.0,50877145.0,93.0,12.364579,5.8,260.0,en,"['Adventure', 'Animation', 'Family']","['United Kingdom', 'United States of America']",['English'],2008-12-19,2008.0,12.0
10521,Bride Wars,30000000.0,114663461.0,89.0,8.33501,5.9,884.0,en,['Comedy'],['United States of America'],['English'],2009-01-09,2009.0,1.0
14435,My Bloody Valentine,15000000.0,100734718.0,101.0,5.245883,5.3,303.0,en,"['Mystery', 'Horror']",['United States of America'],['English'],2009-01-16,2009.0,1.0
13177,Battle in Seattle,8000000.0,908847.0,99.0,4.518646,6.3,75.0,en,"['Action', 'Drama']",['United States of America'],['English'],2007-09-07,2007.0,9.0
14139,Timecrimes,2600000.0,553198.0,92.0,8.623982,7.0,313.0,es,"['Science Fiction', 'Thriller']",['Spain'],['Español'],2007-09-20,2007.0,9.0
12437,Underworld: Rise of the Lycans,35000000.0,91353501.0,92.0,11.654958,6.2,1447.0,en,"['Fantasy', 'Action', 'Adventure', 'Science Fiction', 'Thriller']",['United States of America'],['English'],2009-01-22,2009.0,1.0
2309,Inkheart,60000000.0,57490374.0,106.0,13.570926,6.0,610.0,en,"['Adventure', 'Family', 'Fantasy']","['Germany', 'United Kingdom', 'United States of America']",['English'],2008-12-11,2008.0,12.0
13825,The Lazarus Project,9750000.0,558000.0,99.0,11.387338,6.0,116.0,en,"['Drama', 'Thriller']","['United Kingdom', 'United States of America']",['English'],2008-10-21,2008.0,10.0
14560,Paul Blart: Mall Cop,26000000.0,183293131.0,91.0,13.003122,5.2,807.0,en,"['Action', 'Adventure', 'Comedy', 'Family']",['United States of America'],['English'],2009-01-15,2009.0,1.0
13788,The Unborn,16000000.0,76514050.0,87.0,7.108555,4.8,373.0,en,"['Horror', 'Thriller', 'Mystery']",['United States of America'],"['English', 'עִבְרִית']",2009-01-09,2009.0,1.0
10529,Outlander,50000000.0,7033683.0,115.0,14.611182,6.1,354.0,en,"['Fantasy', 'Action', 'Science Fiction']","['Germany', 'United States of America']",['English'],2008-04-24,2008.0,4.0
50318,Go Go Tales,4000000.0,907456.0,96.0,4.382184,5.4,14.0,en,"['Comedy', 'Drama']","['Italy', 'United States of America']",['English'],2007-05-23,2007.0,5.0
1977,The Grudge 3,5000000.0,38610009.0,90.0,10.510468,5.3,150.0,en,"['Mystery', 'Horror', 'Thriller']",['United States of America'],"['English', '日本語', 'Polski']",2009-05-12,2009.0,5.0
14836,Coraline,60000000.0,124596398.0,100.0,16.639915,7.3,1432.0,en,"['Animation', 'Family']",['United States of America'],['English'],2009-02-05,2009.0,2.0
13455,Push,38000000.0,45465299.0,111.0,11.596222,5.9,671.0,en,['Action'],"['United States of America', 'Canada']",['English'],2009-02-06,2009.0,2.0
4959,The International,50000000.0,60161391.0,118.0,6.583609,6.0,373.0,en,"['Drama', 'Thriller', 'Crime']","['Germany', 'United Kingdom', 'United States of America']","['English', 'Français', 'Deutsch', 'Italiano', 'Pусский']",2009-02-03,2009.0,2.0
10362,Two Lovers,12000000.0,3148182.0,110.0,8.032616,6.6,157.0,en,"['Drama', 'Romance']","['France', 'United States of America']",['English'],2008-11-19,2008.0,11.0
10184,He's Just Not That Into You,40000000.0,177259441.0,129.0,8.376094,6.2,988.0,en,"['Comedy', 'Romance', 'Drama']","['Netherlands', 'United States of America', 'Germany']",['English'],2009-02-06,2009.0,2.0
15189,Hotel for Dogs,35000000.0,73034460.0,100.0,6.317992,5.7,205.0,en,"['Comedy', 'Family']",['United States of America'],['English'],2009-01-16,2009.0,1.0
1961,My Name Is Bruce,1500000.0,173066.0,86.0,8.708789,5.9,107.0,en,"['Comedy', 'Horror']",['United States of America'],['English'],2007-10-01,2007.0,10.0
20829,Funny People,75000000.0,61458982.0,146.0,9.900376,5.6,398.0,en,"['Comedy', 'Drama']",['United States of America'],['English'],2009-07-31,2009.0,7.0
15268,Street Fighter: The Legend of Chun-Li,50000000.0,12764201.0,97.0,6.660188,3.9,113.0,en,"['Action', 'Adventure', 'Science Fiction', 'Thriller']","['Canada', 'India', 'Japan', 'United States of America']",['English'],2009-02-27,2009.0,2.0
19255,Away We Go,17000000.0,14899417.0,98.0,6.590093,6.7,189.0,en,"['Drama', 'Comedy', 'Romance']",['United States of America'],['English'],2009-06-05,2009.0,6.0
8832,Il Divo,7275000.0,11260366.0,110.0,7.728333,7.5,166.0,it,['Drama'],['Italy'],['Italiano'],2008-05-23,2008.0,5.0
8279,Paris,19000000.0,23550000.0,130.0,4.249948,6.5,79.0,fr,['Drama'],['France'],['Français'],2008-01-19,2008.0,1.0
13207,Friday the 13th,19000000.0,91379051.0,97.0,14.20229,5.7,566.0,en,['Horror'],['United States of America'],['English'],2009-02-11,2009.0,2.0
20421,Rock-A-Doodle,18000000.0,11657385.0,77.0,3.602031,5.3,46.0,en,"['Comedy', 'Family', 'Animation', 'Fantasy', 'Music']","['Ireland', 'United Kingdom', 'United States of America']",['English'],1991-08-02,1991.0,8.0
14301,Dr. Horrible's Sing-Along Blog,200000.0,3.0,42.0,8.927994,7.8,236.0,en,"['Adventure', 'Action', 'Comedy', 'Science Fiction', 'Music']",['United States of America'],['English'],2008-07-15,2008.0,7.0
16538,"I Love You, Man",41000000.0,91636986.0,105.0,12.929653,6.5,531.0,en,['Comedy'],['United States of America'],['English'],2009-03-20,2009.0,3.0
16558,Duplicity,78146652.0,60000000.0,125.0,9.097953,5.7,203.0,en,"['Romance', 'Comedy', 'Crime']","['Germany', 'United States of America']","['English', 'Deutsch', 'Pусский', 'Español']",2009-03-19,2009.0,3.0
13811,Knowing,50000000.0,155446362.0,121.0,9.806904,5.9,1528.0,en,"['Action', 'Adventure', 'Drama', 'Mystery', 'Science Fiction', 'Thriller']","['United Kingdom', 'United States of America', 'Australia']",['English'],2009-03-19,2009.0,3.0
16353,Ong Bak 2,8500000.0,8936663.0,98.0,8.553506,5.9,156.0,th,"['Adventure', 'Action', 'Thriller']",['Thailand'],"['Český', '普通话', 'Pусский', 'ภาษาไทย']",2008-12-04,2008.0,12.0
15472,The Girl with the Dragon Tattoo,13000000.0,104345682.0,152.0,9.858687,7.4,1020.0,sv,"['Drama', 'Thriller', 'Crime', 'Mystery']","['Denmark', 'Germany', 'Sweden']","['svenska', 'English']",2009-02-27,2009.0,2.0
13090,Sunshine Cleaning,5000000.0,16174377.0,102.0,9.098119,6.5,256.0,en,"['Comedy', 'Drama']",['United States of America'],"['English', 'Español']",2008-01-18,2008.0,1.0
15512,Monsters vs Aliens,175000000.0,381509870.0,94.0,14.243634,6.0,1464.0,en,"['Animation', 'Family', 'Adventure', 'Science Fiction']",['United States of America'],['English'],2009-03-19,2009.0,3.0
14637,Nothing But the Truth,11500000.0,186702.0,108.0,8.719145,6.9,134.0,en,"['Drama', 'Thriller']",['United States of America'],['English'],2008-12-19,2008.0,12.0
53863,Star of Midnight,280.0,831.0,90.0,0.110801,5.3,3.0,en,"['Romance', 'Comedy', 'Mystery']",['United States of America'],['English'],1935-04-19,1935.0,4.0
16614,Adventureland,9500000.0,17164377.0,107.0,6.77887,6.4,748.0,en,['Comedy'],['United States of America'],['English'],2009-04-03,2009.0,4.0
20048,Confessions of a Shopaholic,40000000.0,108332743.0,104.0,8.198789,6.1,787.0,en,"['Comedy', 'Romance']",['United States of America'],"['English', 'suomi']",2009-02-05,2009.0,2.0
13804,Fast & Furious,85000000.0,363164265.0,107.0,1.498902,6.5,2426.0,en,"['Action', 'Crime', 'Drama', 'Thriller']",['United States of America'],['English'],2009-04-02,2009.0,4.0
18947,The Boat That Rocked,50000000.0,36348784.0,116.0,8.395618,7.2,678.0,en,"['Drama', 'Comedy']","['Germany', 'United Kingdom', 'France']",['English'],2009-04-01,2009.0,4.0
16996,17 Again,20000000.0,136267476.0,102.0,11.362762,6.1,1388.0,en,['Comedy'],['United States of America'],['English'],2009-03-11,2009.0,3.0
16869,Inglourious Basterds,70000000.0,319131050.0,153.0,16.89564,7.9,6598.0,en,"['Drama', 'Action', 'Thriller', 'War']","['Germany', 'United States of America']","['Deutsch', 'English', 'Français', 'Italiano']",2009-08-18,2009.0,8.0
16995,State of Play,60000000.0,87784194.0,127.0,8.905732,6.7,489.0,en,['Action'],"['France', 'United Kingdom', 'United States of America']","['广州话 / 廣州話', 'English']",2009-04-17,2009.0,4.0
15092,Crank: High Voltage,20000000.0,34560577.0,96.0,10.044642,5.9,878.0,en,"['Action', 'Thriller', 'Crime']",['United States of America'],['English'],2009-04-16,2009.0,4.0
17431,Moon,5000000.0,9760104.0,97.0,13.336773,7.6,1831.0,en,"['Science Fiction', 'Drama']",['United Kingdom'],"['Español', 'English']",2009-06-12,2009.0,6.0
18320,The Young Victoria,35000000.0,27409889.0,105.0,8.437587,7.1,330.0,en,['Drama'],"['United Kingdom', 'United States of America']","['English', 'Deutsch']",2009-03-04,2009.0,3.0
17436,The Informers,18000000.0,382174.0,98.0,6.675032,4.4,60.0,en,['Drama'],"['Germany', 'United States of America']",['English'],2008-11-05,2008.0,11.0
2080,X-Men Origins: Wolverine,150000000.0,373062864.0,107.0,1.456541,6.2,4086.0,en,"['Adventure', 'Action', 'Thriller', 'Science Fiction']",['United States of America'],['English'],2009-04-28,2009.0,4.0
17680,The Girlfriend Experience,1700000.0,1007962.0,77.0,6.115299,5.2,83.0,en,"['Comedy', 'Drama']",['United States of America'],"['English', 'Français']",2009-01-20,2009.0,1.0
13475,Star Trek,150000000.0,385680446.0,127.0,15.362632,7.4,4574.0,en,"['Science Fiction', 'Action', 'Adventure']","['Germany', 'United States of America']",['English'],2009-05-06,2009.0,5.0
15384,Red Cliff Part II,80000000.0,121059225.0,136.0,7.309903,7.1,110.0,zh,"['War', 'Action', 'Drama', 'History', 'Thriller']",['China'],"['普通话', 'ภาษาไทย']",2009-01-07,2009.0,1.0
17532,S. Darko,4000000.0,4100000.0,103.0,7.959965,3.6,124.0,en,"['Thriller', 'Crime', 'Science Fiction', 'Mystery']",['United States of America'],['English'],2009-04-28,2009.0,4.0
10946,Earth,15000000.0,109000000.0,90.0,15.30326,7.5,136.0,en,['Documentary'],"['Germany', 'United Kingdom', 'United States of America']","['English', 'Português']",2007-04-22,2007.0,4.0
15577,Crossing Over,25000000.0,1037335.0,113.0,6.036408,6.2,95.0,en,"['Crime', 'Drama']",['United States of America'],['English'],2009-02-27,2009.0,2.0
13448,Angels & Demons,150000000.0,356613439.0,138.0,22.211558,6.5,2183.0,en,"['Thriller', 'Mystery']","['Italy', 'United States of America']","['English', 'Italiano', 'Latin', 'Français', 'Deutsch', '普通话']",2009-05-13,2009.0,5.0
534,Terminator Salvation,200000000.0,371353001.0,115.0,16.507496,5.9,2496.0,en,"['Action', 'Science Fiction', 'Thriller']","['Germany', 'Italy', 'United Kingdom', 'United States of America']","['English', 'Italiano']",2009-05-20,2009.0,5.0
18360,Night at the Museum: Battle of the Smithsonian,150000000.0,413106170.0,105.0,15.417181,5.9,2026.0,en,"['Adventure', 'Fantasy', 'Action', 'Comedy', 'Family']","['United States of America', 'Canada']",['English'],2009-05-20,2009.0,5.0
21755,The Brothers Bloom,20000000.0,5530764.0,114.0,7.973126,6.8,206.0,en,"['Adventure', 'Comedy', 'Drama', 'Romance']",['United States of America'],"['English', 'Français', 'Český', '日本語']",2008-09-09,2008.0,9.0
17332,The Soloist,60000000.0,31720158.0,109.0,11.328316,6.6,237.0,en,['Drama'],['United States of America'],['English'],2009-04-24,2009.0,4.0
18405,The Last House on the Left,15000000.0,32721635.0,110.0,13.634766,6.2,449.0,en,"['Crime', 'Thriller', 'Horror', 'Drama']",['United States of America'],['English'],2009-03-13,2009.0,3.0
16871,Drag Me to Hell,30000000.0,90810892.0,99.0,15.809588,6.2,995.0,en,"['Horror', 'Thriller']",['United States of America'],"['English', 'Español', 'Magyar', 'Český']",2009-03-15,2009.0,3.0
14160,Up,175000000.0,735099082.0,96.0,19.330884,7.8,7048.0,en,"['Animation', 'Comedy', 'Family', 'Adventure']",['United States of America'],['English'],2009-05-13,2009.0,5.0
17927,Fired Up!,20000000.0,18599102.0,90.0,6.312206,6.0,194.0,en,['Comedy'],['United States of America'],['English'],2009-02-20,2009.0,2.0
18785,The Hangover,35000000.0,459270619.0,100.0,23.947351,7.2,6324.0,en,['Comedy'],"['Germany', 'United States of America']",['English'],2009-06-05,2009.0,6.0
17609,Antichrist,11000000.0,791867.0,108.0,7.769607,6.4,687.0,da,"['Drama', 'Horror', 'Thriller']","['Denmark', 'France', 'Germany', 'Italy', 'Poland', 'Sweden']",['English'],2009-05-18,2009.0,5.0
16345,Billu,5750000.0,10000000.0,137.0,1.355305,6.5,27.0,hi,"['Comedy', 'Drama']",['India'],['हिन्दी'],2009-02-13,2009.0,2.0
13856,Special,1000000.0,7202.0,81.0,2.003309,6.6,32.0,en,"['Drama', 'Fantasy', 'Science Fiction']",['United States of America'],['English'],2006-01-30,2006.0,1.0
14536,New in Town,8000000.0,29010817.0,97.0,12.357072,5.2,99.0,en,['Comedy'],"['Canada', 'United States of America']","['English', 'Español']",2009-01-30,2009.0,1.0
14451,Dead Snow,800000.0,1984662.0,91.0,7.974726,6.1,313.0,no,"['Horror', 'Comedy']",['Norway'],['Norsk'],2009-01-09,2009.0,1.0
18162,Land of the Lost,100000000.0,68688831.0,102.0,7.642063,5.4,387.0,en,"['Adventure', 'Comedy', 'Science Fiction']",['United States of America'],['English'],2009-06-05,2009.0,6.0
18487,The Taking of Pelham 1 2 3,100000000.0,150166126.0,106.0,15.09911,6.2,971.0,en,"['Thriller', 'Drama', 'Crime']",['United States of America'],['English'],2009-06-11,2009.0,6.0
18240,The Proposal,40000000.0,317375031.0,108.0,8.058337,6.7,1858.0,en,"['Comedy', 'Romance', 'Drama']",['United States of America'],['English'],2009-06-01,2009.0,6.0
28110,Dillinger,1000000.0,2000000.0,107.0,8.005804,6.7,23.0,en,"['Action', 'Crime', 'Drama']",['United States of America'],"['Español', 'English']",1973-07-20,1973.0,7.0
17610,Year One,60000000.0,62357900.0,97.0,10.087637,4.6,538.0,en,"['Comedy', 'Adventure']",['United States of America'],['English'],2009-06-18,2009.0,6.0
12162,The Hurt Locker,15000000.0,42000000.0,131.0,9.403724,7.2,1881.0,en,"['Drama', 'Thriller', 'War']",['United States of America'],"['English', 'العربية', 'Türkçe']",2008-10-10,2008.0,10.0
8373,Transformers: Revenge of the Fallen,150000000.0,836297228.0,150.0,4.351756,6.0,3192.0,en,"['Science Fiction', 'Action', 'Adventure']",['United States of America'],"['English', 'Español']",2009-06-19,2009.0,6.0
19265,Whatever Works,15000000.0,35097815.0,92.0,8.930341,6.8,365.0,en,"['Comedy', 'Romance']","['France', 'United States of America']",['English'],2009-06-19,2009.0,6.0
11322,Public Enemies,80000000.0,214104620.0,140.0,10.364794,6.5,1371.0,en,"['History', 'Crime', 'Drama']",['United States of America'],['English'],2009-07-01,2009.0,7.0
8355,Ice Age: Dawn of the Dinosaurs,90000000.0,886686817.0,94.0,12.980624,6.5,2330.0,en,"['Animation', 'Comedy', 'Family', 'Adventure']",['United States of America'],['English'],2009-06-29,2009.0,6.0
24927,Night Of The Living Dead 3D,3000000.0,1449945.0,80.0,1.017103,4.0,12.0,en,['Horror'],['United States of America'],"['English', 'Pусский']",2007-05-06,2007.0,5.0
10024,My Sister's Keeper,30000000.0,95714875.0,109.0,6.793972,7.1,614.0,en,['Drama'],['United States of America'],"['Hrvatski', 'English']",2009-06-26,2009.0,6.0
15423,Hood of Horror,5000000.0,25900.0,84.0,2.06528,4.2,18.0,en,"['Action', 'Comedy', 'Drama', 'Horror']",['United States of America'],"['English', 'Polski']",2006-06-27,2006.0,6.0
69426,Kandukondain Kandukondain,500000.0,500000.0,157.0,0.660663,6.4,7.0,ta,"['Drama', 'Romance', 'Foreign']",['India'],"['English', 'தமிழ்', 'తెలుగు']",2000-05-05,2000.0,5.0
19913,(500) Days of Summer,7500000.0,60722734.0,95.0,16.376657,7.2,2993.0,en,"['Comedy', 'Drama', 'Romance']",['United States of America'],"['English', 'Français', 'svenska']",2009-07-17,2009.0,7.0
16911,The Inhabited Island,36500000.0,21834845.0,115.0,2.047794,5.4,24.0,ru,"['Action', 'Fantasy', 'Science Fiction', 'Thriller']",['Russia'],['Pусский'],2008-12-18,2008.0,12.0
767,Harry Potter and the Half-Blood Prince,250000000.0,933959197.0,153.0,19.083723,7.4,5435.0,en,"['Adventure', 'Fantasy', 'Family']","['United Kingdom', 'United States of America']",['English'],2009-07-07,2009.0,7.0
20174,The Fast and the Furious,66000.0,250000.0,73.0,1.114697,3.8,6.0,en,"['Action', 'Crime', 'Drama']",['United States of America'],['English'],1955-02-15,1955.0,2.0
8054,The Imaginarium of Doctor Parnassus,30000000.0,64352607.0,123.0,6.859934,6.3,885.0,en,"['Adventure', 'Fantasy', 'Mystery']","['Canada', 'France', 'United Kingdom']","['English', 'Pусский', 'Français']",2009-10-01,2009.0,10.0
22215,Cheri,23000000.0,9366227.0,86.0,4.164362,5.9,57.0,en,"['Drama', 'Comedy', 'Romance']","['Germany', 'United Kingdom', 'France']","['English', 'Français', 'Italiano', 'Latin']",2009-02-10,2009.0,2.0
21208,Orphan,20000000.0,41596251.0,123.0,8.730934,6.7,1296.0,en,"['Horror', 'Thriller', 'Mystery']","['Canada', 'France', 'Germany', 'United States of America']","['English', 'Eesti', 'Français']",2009-07-24,2009.0,7.0
20943,The Ugly Truth,38000000.0,205298907.0,96.0,8.450799,6.4,1005.0,en,"['Comedy', 'Romance']",['United States of America'],['English'],2009-07-24,2009.0,7.0
21407,The Collector,3400000.0,114000000.0,88.0,6.727804,6.3,365.0,en,"['Horror', 'Thriller']",['United States of America'],['English'],2009-07-09,2009.0,7.0
12403,A Perfect Getaway,14000000.0,22852638.0,98.0,11.017008,6.2,355.0,en,"['Thriller', 'Mystery', 'Adventure']",['United States of America'],['English'],2009-06-08,2009.0,6.0
20856,Aliens in the Attic,45000000.0,57881056.0,86.0,11.618472,5.3,254.0,en,"['Adventure', 'Comedy', 'Family', 'Fantasy', 'Science Fiction']","['Canada', 'United States of America']",['English'],2009-07-31,2009.0,7.0
17654,District 9,30000000.0,210819611.0,112.0,11.589835,7.3,3451.0,en,['Science Fiction'],"['United States of America', 'New Zealand', 'Canada', 'South Africa']","['Afrikaans', '', '', '', 'isiZulu', 'English']",2009-08-05,2009.0,8.0
24803,Julie & Julia,40000000.0,129540499.0,123.0,8.142089,6.6,579.0,en,"['Romance', 'Drama']",['United States of America'],"['English', 'Français']",2009-08-06,2009.0,8.0
17335,Obsessed,20000000.0,73830340.0,108.0,7.175154,5.1,138.0,en,"['Drama', 'Thriller']",['United States of America'],['English'],2009-04-24,2009.0,4.0
13836,Race to Witch Mountain,50000000.0,106303988.0,98.0,8.176147,5.4,520.0,en,"['Adventure', 'Family', 'Fantasy', 'Science Fiction', 'Thriller', 'Action']",['United States of America'],['English'],2009-03-12,2009.0,3.0
18126,Hannah Montana: The Movie,35000000.0,155545279.0,102.0,6.332878,6.0,465.0,en,"['Comedy', 'Drama', 'Family', 'Music', 'Romance']",['United States of America'],['English'],2009-04-10,2009.0,4.0
14869,G.I. Joe: The Rise of Cobra,175000000.0,302469017.0,118.0,11.787058,5.6,1988.0,en,"['Adventure', 'Action', 'Thriller', 'Science Fiction']","['Czech Republic', 'United States of America']","['English', 'Français', '']",2009-08-04,2009.0,8.0
17134,12 Rounds,20000000.0,17280326.0,108.0,13.591485,5.7,223.0,en,"['Action', 'Adventure', 'Drama', 'Thriller']",['United States of America'],"['Český', 'English']",2009-03-19,2009.0,3.0
50719,"Silent Night, Deadly Night II",250000.0,154323.0,88.0,1.225871,4.7,26.0,en,"['Comedy', 'Horror']",['United States of America'],['English'],1987-04-10,1987.0,4.0
24420,The Time Traveler's Wife,39000000.0,101229792.0,107.0,13.682598,6.7,815.0,en,"['Drama', 'Romance', 'Fantasy']",['United States of America'],['English'],2009-08-14,2009.0,8.0
23367,Bandslam,20000000.0,5210988.0,111.0,5.757056,5.4,129.0,en,"['Comedy', 'Drama', 'Family', 'Music']",['United States of America'],['English'],2009-08-06,2009.0,8.0
19840,"I Love You, Beth Cooper",18000000.0,15345201.0,102.0,9.434281,5.2,204.0,en,"['Comedy', 'Romance']","['Canada', 'United States of America']",['English'],2009-07-10,2009.0,7.0
25183,Paper Heart,1000000.0,1296971.0,88.0,7.648005,5.7,37.0,en,"['Comedy', 'Drama', 'Romance']",['United States of America'],['English'],2009-07-31,2009.0,7.0
19585,G-Force,150000000.0,292817841.0,88.0,9.163791,5.1,519.0,en,"['Fantasy', 'Action', 'Adventure', 'Family', 'Comedy']",['United States of America'],['English'],2009-07-21,2009.0,7.0
41682,Christopher Columbus: The Discovery,40000000.0,8251071.0,120.0,5.996407,4.3,13.0,fr,['Action'],"['Spain', 'United Kingdom', 'United States of America']",['English'],1992-08-21,1992.0,8.0
11928,Tetro,15000000.0,113221.0,127.0,2.90333,6.7,49.0,en,"['Drama', 'Mystery']","['Argentina', 'Spain', 'Italy', 'United States of America']","['English', 'Français', 'Español']",2009-06-11,2009.0,6.0
18533,Bronson,230000.0,2260712.0,92.0,9.521043,6.9,756.0,en,"['Drama', 'Action', 'Crime']",['United Kingdom'],['English'],2008-10-09,2008.0,10.0
18032,The Secret of Moonacre,12000000.0,7070330.0,103.0,12.01334,6.2,112.0,en,"['Adventure', 'Fantasy', 'Drama', 'Science Fiction', 'Romance', 'Family']","['France', 'United Kingdom', 'Hungary', 'Australia', 'United States of America', 'New Zealand']",['English'],2008-09-06,2008.0,9.0
25704,Post Grad,15000000.0,6405245.0,89.0,9.747452,5.0,102.0,en,['Comedy'],['United States of America'],['English'],2009-08-21,2009.0,8.0
23049,My Life in Ruins,17000000.0,20455276.0,95.0,7.19669,5.6,104.0,en,"['Comedy', 'Romance']","['Greece', 'United States of America']",['English'],2009-02-06,2009.0,2.0
24150,Halloween II,15000000.0,39421467.0,105.0,7.490807,5.1,273.0,en,['Horror'],['United States of America'],['English'],2009-08-28,2009.0,8.0
60216,Five Graves to Cairo,855000.0,1200000.0,96.0,1.121417,6.9,22.0,en,"['Thriller', 'War']",['United States of America'],"['English', 'Deutsch']",1943-05-03,1943.0,5.0
23451,Videocracy,700000.0,1179676.0,85.0,0.712844,6.4,9.0,en,"['Documentary', 'Foreign']","['Denmark', 'Finland', 'United Kingdom', 'Sweden']","['English', 'Italiano']",2009-09-04,2009.0,9.0
25376,The Secret in Their Eyes,2000000.0,33965843.0,129.0,11.251632,7.8,638.0,es,"['Crime', 'Drama', 'Mystery', 'Romance']","['Argentina', 'Spain']",['Español'],2009-08-13,2009.0,8.0
12244,9,30000000.0,48428063.0,79.0,18.502877,6.6,1291.0,en,"['Action', 'Adventure', 'Animation', 'Science Fiction', 'Thriller']",['United States of America'],['English'],2009-08-19,2009.0,8.0
19898,Pandorum,33000000.0,20645327.0,108.0,10.391425,6.5,783.0,en,"['Action', 'Horror', 'Mystery', 'Science Fiction', 'Thriller']","['Germany', 'United Kingdom']","['English', 'Tiếng Việt', 'Deutsch']",2009-09-08,2009.0,9.0
10313,The Men Who Stare at Goats,24000000.0,68729358.0,93.0,6.253084,5.9,755.0,en,"['Comedy', 'War']","['United Kingdom', 'United States of America']",['English'],2009-10-17,2009.0,10.0
19994,Jennifer's Body,16000000.0,31556061.0,100.0,13.483131,5.3,858.0,en,"['Comedy', 'Horror']",['United States of America'],"['Español', 'English']",2009-09-18,2009.0,9.0
11323,The Informant!,22000000.0,35424826.0,108.0,11.698089,6.0,305.0,en,"['Drama', 'Comedy', 'Crime']",['United States of America'],['English'],2009-09-18,2009.0,9.0
12569,Extract,8000000.0,10848783.0,92.0,11.23915,5.7,192.0,en,['Comedy'],['United States of America'],['English'],2009-09-03,2009.0,9.0
19912,The Final Destination,40000000.0,186167139.0,82.0,8.805723,5.4,851.0,en,"['Horror', 'Mystery']",['United States of America'],['English'],2009-08-26,2009.0,8.0
18501,Gamer,50000000.0,40828540.0,95.0,9.730681,5.6,778.0,en,"['Action', 'Thriller', 'Science Fiction']",['United States of America'],['English'],2009-09-03,2009.0,9.0
22794,Cloudy with a Chance of Meatballs,100000000.0,242988466.0,90.0,11.665693,6.5,1799.0,en,"['Animation', 'Comedy', 'Family']",['United States of America'],['English'],2009-09-17,2009.0,9.0
18724,Attack of the 50 Foot Woman,88000.0,480000.0,65.0,3.559789,4.8,30.0,en,"['Horror', 'Science Fiction']",['United States of America'],['English'],1958-05-19,1958.0,5.0
16873,Battle for Terra,4000000.0,6101046.0,85.0,6.737142,6.0,98.0,en,"['Action', 'Adventure', 'Animation', 'Science Fiction']",['United States of America'],['English'],2007-09-06,2007.0,9.0
25643,Love Happens,18000000.0,36133014.0,109.0,10.279603,5.6,188.0,en,"['Drama', 'Romance']","['Canada', 'United Kingdom', 'United States of America']",['English'],2009-09-18,2009.0,9.0
29963,Bright Star,8500000.0,4440055.0,119.0,14.337355,6.8,111.0,en,"['Drama', 'Romance']","['United Kingdom', 'France', 'Australia']","['Français', 'English']",2009-11-05,2009.0,11.0
23827,Paranormal Activity,15000.0,193355800.0,86.0,12.706424,5.9,1351.0,en,"['Horror', 'Mystery']",['United States of America'],['English'],2007-09-14,2007.0,9.0
20178,World's Greatest Dad,10000000.0,295750.0,99.0,5.431657,6.5,181.0,en,"['Comedy', 'Romance']",['United States of America'],['English'],2009-08-20,2009.0,8.0
22074,Capitalism: A Love Story,20000000.0,17436509.0,120.0,6.032166,7.0,168.0,en,['Documentary'],['United States of America'],"['English', 'Polski']",2009-09-06,2009.0,9.0
22717,Wanted,75.0,134.0,129.0,4.450762,5.2,32.0,en,"['Action', 'Comedy', 'Crime', 'Thriller']",['India'],['हिन्दी'],2009-09-18,2009.0,9.0
12573,A Serious Man,7000000.0,31430334.0,105.0,7.971424,6.6,492.0,en,"['Comedy', 'Drama']","['United States of America', 'United Kingdom', 'France']","['English', 'עִבְרִית', '']",2009-10-02,2009.0,10.0
28053,City Island,6000000.0,6670712.0,104.0,7.016044,6.9,114.0,en,"['Drama', 'Comedy']",['United States of America'],['English'],2009-03-06,2009.0,3.0
22798,Whip It,15000000.0,16633035.0,111.0,14.511442,6.7,366.0,en,['Drama'],['United States of America'],['English'],2009-09-13,2009.0,9.0
23082,The Invention of Lying,18500000.0,31912793.0,100.0,7.087161,6.0,523.0,en,"['Comedy', 'Romance', 'Fantasy']",['United States of America'],"['English', 'Português']",2009-09-13,2009.0,9.0
19959,Surrogates,80000000.0,122444772.0,89.0,16.211937,5.9,1219.0,en,"['Action', 'Science Fiction', 'Thriller']",['United States of America'],"['English', 'Français']",2009-09-24,2009.0,9.0
19908,Zombieland,23600000.0,102391382.0,88.0,11.063029,7.2,3655.0,en,"['Comedy', 'Horror']",['United States of America'],['English'],2009-10-07,2009.0,10.0
18176,Assassination of a High School President,11500000.0,69564.0,93.0,6.67905,6.1,96.0,en,"['Comedy', 'Crime', 'Mystery', 'Thriller']",['United States of America'],['English'],2008-01-17,2008.0,1.0
26688,Sorority Row,12500000.0,27206120.0,101.0,5.010852,5.3,179.0,en,"['Horror', 'Mystery', 'Thriller']",['United States of America'],['English'],2009-09-09,2009.0,9.0
22787,Whiteout,40000000.0,12206028.0,101.0,7.759722,5.3,225.0,en,"['Action', 'Crime', 'Mystery', 'Thriller']","['Canada', 'France', 'United States of America']","['English', 'Pусский']",2009-09-09,2009.0,9.0
24684,An Education,7500000.0,26096852.0,100.0,8.593196,6.9,423.0,en,"['Drama', 'Romance']","['United Kingdom', 'United States of America']",['English'],2009-10-29,2009.0,10.0
18710,Capone,970000.0,2000000.0,101.0,3.669545,6.0,16.0,en,"['Crime', 'Drama']",['United States of America'],"['Italiano', 'English']",1975-04-16,1975.0,4.0
19899,Couples Retreat,70000000.0,171844840.0,113.0,15.152577,5.3,601.0,en,"['Comedy', 'Romance']",['United States of America'],['English'],2009-09-19,2009.0,9.0
23706,All About Steve,15000000.0,40105542.0,99.0,9.288013,4.7,302.0,en,['Comedy'],['United States of America'],"['Español', 'English']",2009-09-04,2009.0,9.0
11807,Jab We Met,2300000.0,4600000.0,145.0,3.959411,7.2,55.0,hi,"['Drama', 'Comedy', 'Romance']",['India'],"['हिन्दी', 'Italiano']",2007-10-26,2007.0,10.0
16523,Where the Wild Things Are,100000000.0,100086793.0,101.0,12.36223,6.4,580.0,en,"['Family', 'Fantasy']",['United States of America'],['English'],2009-10-16,2009.0,10.0
25132,Shorts,40000000.0,28972508.0,89.0,4.021983,5.1,46.0,en,"['Comedy', 'Family']","['United Arab Emirates', 'United States of America']",['English'],2009-08-21,2009.0,8.0
12572,"New York, I Love You",14700000.0,8049666.0,103.0,13.825651,5.7,174.0,en,"['Comedy', 'Drama', 'Romance']",['United States of America'],"['广州话 / 廣州話', 'English', 'Français', '', '']",2008-09-06,2008.0,9.0
22803,Law Abiding Citizen,53000000.0,126690726.0,109.0,16.639047,7.2,1522.0,en,"['Drama', 'Crime', 'Thriller']",['United States of America'],['English'],2009-10-15,2009.0,10.0
8915,Amelia,40000000.0,19258519.0,111.0,5.308718,5.4,71.0,en,['Adventure'],['United States of America'],['English'],2009-10-22,2009.0,10.0
24238,Mary and Max,590235.0,1725381.0,92.0,8.888393,7.8,596.0,en,"['Animation', 'Comedy', 'Drama']",['Australia'],"['English', '']",2009-02-09,2009.0,2.0
22947,Up in the Air,25000000.0,163670000.0,109.0,8.338562,6.7,1246.0,en,"['Drama', 'Romance']",['United States of America'],['English'],2009-09-05,2009.0,9.0
22804,Saw VI,11000000.0,68233629.0,90.0,17.360894,6.0,755.0,en,"['Horror', 'Mystery']","['Australia', 'Canada', 'United Kingdom', 'United States of America']",['English'],2009-10-22,2009.0,10.0
24418,Cirque du Freak: The Vampire's Assistant,40000000.0,28169671.0,109.0,10.829432,5.5,354.0,en,"['Adventure', 'Fantasy', 'Action', 'Thriller']",['United States of America'],['English'],2009-10-23,2009.0,10.0
22821,The Boondock Saints II: All Saints Day,8000000.0,10629321.0,118.0,8.051448,5.8,264.0,en,"['Action', 'Thriller', 'Crime']",['United States of America'],"['English', 'Italiano', 'Español']",2009-11-24,2009.0,11.0
24804,Black Dynamite,2900000.0,296557.0,90.0,10.92143,7.3,204.0,en,"['Action', 'Comedy']",['United States of America'],"['English', 'Italiano']",2009-10-16,2009.0,10.0
29150,Big Fan,250000.0,232732.0,91.0,5.130276,6.1,45.0,en,"['Comedy', 'Drama']",['United States of America'],['English'],2009-01-18,2009.0,1.0
14968,Welcome to Dongmakgol,8.0,33579813.0,133.0,4.222195,7.7,49.0,ko,"['War', 'Comedy', 'Drama', 'History']",['South Korea'],"['English', '한국어/조선말']",2005-08-04,2005.0,8.0
16577,Astro Boy,65000000.0,44091067.0,94.0,13.293466,6.1,420.0,en,"['Animation', 'Action', 'Family', 'Science Fiction']","['Hong Kong', 'Japan', 'United States of America']",['English'],2009-10-15,2009.0,10.0
10315,Fantastic Mr. Fox,40000000.0,46471023.0,87.0,8.695893,7.5,1206.0,en,"['Adventure', 'Animation', 'Comedy', 'Family']",['United States of America'],['English'],2009-10-23,2009.0,10.0
36278,Top Dog,6000000.0,5093707.0,86.0,1.557791,4.3,26.0,en,"['Action', 'Adventure', 'Comedy', 'Family', 'Thriller']",['United States of America'],['English'],1995-04-28,1995.0,4.0
54648,The Pebble and the Penguin,28000000.0,3983912.0,74.0,2.304986,5.2,32.0,en,"['Animation', 'Adventure', 'Family']",[],['English'],1995-04-11,1995.0,4.0
17979,A Christmas Carol,200000000.0,325233863.0,96.0,12.869273,6.6,1137.0,en,"['Animation', 'Drama']",['United States of America'],['English'],2009-11-04,2009.0,11.0
24293,Goemon,9000000.0,16000000.0,128.0,5.074153,6.8,37.0,ja,"['Action', 'Drama', 'Fantasy']",['Japan'],['日本語'],2009-03-17,2009.0,3.0
14161,2012,200000000.0,769653595.0,158.0,16.698628,5.6,4994.0,en,"['Action', 'Adventure', 'Science Fiction']","['Canada', 'United States of America']","['English', 'Français', 'हिन्दी', 'Italiano', 'Latin', '普通话', 'Português', 'Pусский', '']",2009-10-10,2009.0,10.0
22825,The Box,30000000.0,33333531.0,115.0,10.424946,5.4,610.0,en,"['Thriller', 'Science Fiction']",['United States of America'],['English'],2009-09-17,2009.0,9.0
70805,Sunday,450.0,288.0,91.0,0.29962,6.3,3.0,fr,"['Drama', 'Romance']",['United States of America'],['English'],1997-08-27,1997.0,8.0
22824,The Fourth Kind,10000000.0,42333295.0,98.0,13.751992,5.8,451.0,en,"['Mystery', 'Science Fiction', 'Thriller']",['United States of America'],['English'],2009-11-06,2009.0,11.0
25793,Precious,10000000.0,47536959.0,110.0,8.293548,6.9,426.0,en,['Drama'],['United States of America'],"['English', 'Italiano']",2009-11-06,2009.0,11.0
11699,The Bad Lieutenant: Port of Call - New Orleans,25000000.0,10589102.0,122.0,8.405395,6.0,331.0,en,"['Drama', 'Crime']",['United States of America'],"['Español', 'English']",2009-09-11,2009.0,9.0
18239,The Twilight Saga: New Moon,50000000.0,709827462.0,130.0,30.121292,5.6,2518.0,en,"['Adventure', 'Fantasy', 'Drama', 'Romance']",['United States of America'],"['English', 'Italiano']",2009-03-15,2009.0,3.0
28089,The Messenger,6500000.0,1521261.0,113.0,5.499937,7.0,120.0,en,"['Drama', 'History']",['United States of America'],"['English', 'Español']",2009-11-13,2009.0,11.0
22832,Ninja Assassin,40000000.0,60462347.0,99.0,9.163897,6.2,384.0,en,"['Action', 'Crime', 'Thriller']","['Germany', 'United States of America']",['English'],2009-09-29,2009.0,9.0
32511,"Police, Adjective",1089360.0,48298.0,115.0,0.663231,6.1,14.0,ro,"['Drama', 'Foreign']",['Romania'],['Română'],2009-05-15,2009.0,5.0
33273,Cell 211,5700000.0,19300483.0,110.0,8.075698,7.3,288.0,es,"['Action', 'Thriller', 'Drama']","['France', 'Spain']","['English', 'Español', 'euskera']",2009-11-06,2009.0,11.0
7445,Brothers,26000000.0,43318349.0,104.0,9.108917,6.8,650.0,en,"['Drama', 'Thriller', 'War']",['United States of America'],"['English', 'Français']",2009-01-27,2009.0,1.0
20764,Sleep Dealer,2500000.0,107559.0,90.0,3.750365,6.0,41.0,en,"['Drama', 'Science Fiction', 'Thriller']","['Mexico', 'United States of America']","['English', 'Español']",2008-12-10,2008.0,12.0
22881,The Blind Side,29000000.0,309208309.0,129.0,12.753109,7.2,1626.0,en,['Drama'],['United States of America'],['English'],2009-11-20,2009.0,11.0
22949,Old Dogs,35000000.0,92219310.0,88.0,9.52295,5.2,215.0,en,"['Comedy', 'Family']",['United States of America'],"['English', 'Український']",2009-11-24,2009.0,11.0
16866,Planet 51,70000000.0,104945765.0,91.0,10.44244,5.6,573.0,en,"['Science Fiction', 'Animation', 'Family', 'Comedy', 'Adventure']","['Spain', 'United Kingdom', 'United States of America']","['English', 'Español']",2009-11-19,2009.0,11.0
12404,Me and Orson Welles,25000000.0,2336172.0,114.0,3.600917,6.6,50.0,en,"['Comedy', 'Drama', 'Romance']",['United States of America'],['English'],2009-11-25,2009.0,11.0
51284,Morphine,3600000.0,766075.0,110.0,0.652747,6.2,10.0,ru,"['History', 'Drama']",['Russia'],['Pусский'],2008-11-27,2008.0,11.0
7980,The Lovely Bones,65000000.0,93525586.0,136.0,12.738789,6.6,1101.0,en,"['Fantasy', 'Drama']","['United Kingdom', 'New Zealand', 'United States of America']",['English'],2009-12-26,2009.0,12.0
22954,Invictus,60000000.0,122233971.0,134.0,9.109838,7.0,1150.0,en,"['Drama', 'History']",['United States of America'],['English'],2009-12-10,2009.0,12.0
10198,The Princess and the Frog,105000000.0,267045765.0,97.0,16.616517,6.7,1293.0,en,"['Romance', 'Family', 'Animation', 'Music']",['United States of America'],"['Français', 'English']",2009-12-08,2009.0,12.0
4597,Armored,20000000.0,22942221.0,88.0,9.951662,5.5,211.0,en,"['Action', 'Crime', 'Drama', 'Thriller']",['United States of America'],"['English', 'Deutsch']",2009-12-04,2009.0,12.0
31909,Invaders from Mars,12000000.0,4884663.0,100.0,3.580884,5.5,59.0,en,"['Mystery', 'Science Fiction', 'Horror']",['United States of America'],['English'],1986-01-01,1986.0,1.0
24438,Did You Hear About the Morgans?,58000000.0,85280250.0,103.0,7.323405,5.1,281.0,en,['Comedy'],['United States of America'],"['English', 'Italiano', 'Pусский', 'Español', 'Український']",2009-12-17,2009.0,12.0
23947,Nasty Old People,15000.0,5300.0,84.0,0.993784,6.0,6.0,en,['Drama'],['Sweden'],['svenska'],2009-10-10,2009.0,10.0
19995,Avatar,237000000.0,2787965087.0,162.0,185.070892,7.2,12114.0,en,"['Action', 'Adventure', 'Fantasy', 'Science Fiction']","['United States of America', 'United Kingdom']","['English', 'Español']",2009-12-10,2009.0,12.0
10197,Nine,80000000.0,53825515.0,112.0,5.658857,5.1,169.0,en,"['Drama', 'Music', 'Romance']","['Italy', 'United States of America']","['English', 'Français', 'Italiano']",2009-12-03,2009.0,12.0
22897,It's Complicated,85000000.0,219103655.0,121.0,9.083133,6.2,370.0,en,"['Comedy', 'Romance']",['United States of America'],"['English', 'Français']",2009-12-23,2009.0,12.0
10528,Sherlock Holmes,90000000.0,524028679.0,128.0,15.68604,7.0,5883.0,en,"['Action', 'Adventure', 'Crime', 'Mystery']","['Germany', 'United Kingdom', 'United States of America']","['English', 'Français']",2009-12-23,2009.0,12.0
25196,Crazy Heart,7000000.0,39462438.0,112.0,9.347931,6.8,279.0,en,"['Drama', 'Music', 'Romance']",['United States of America'],"['English', 'Español']",2009-12-16,2009.0,12.0
23398,Alvin and the Chipmunks: The Squeakquel,75000000.0,443140005.0,88.0,9.909961,5.3,688.0,en,"['Comedy', 'Family', 'Animation', 'Fantasy', 'Music']",['United States of America'],"['English', 'Français']",2009-12-21,2009.0,12.0
15772,Guru,4700000.0,31000000.0,166.0,2.925476,6.7,24.0,hi,['Drama'],['India'],['हिन्दी'],2007-01-12,2007.0,1.0
25137,Beyond a Reasonable Doubt,25000000.0,4388563.0,105.0,5.1991,5.5,79.0,en,"['Crime', 'Drama', 'Mystery']",['United States of America'],['English'],2009-02-05,2009.0,2.0
40494,Trapeze,4000000.0,14400000.0,105.0,1.801071,6.4,23.0,en,['Drama'],['United States of America'],"['English', 'Italiano']",1956-05-30,1956.0,5.0
23963,Pontypool,1500000.0,32000.0,93.0,6.407207,6.6,187.0,en,"['Horror', 'Mystery', 'Science Fiction']",['Canada'],"['', 'English', 'Français']",2009-03-06,2009.0,3.0
148077,The Matriarch,1400000.0,435000.0,90.0,0.271386,5.3,3.0,en,"['Comedy', 'Drama']",['Finland'],"['suomi', 'English']",2007-09-14,2007.0,9.0
19901,Daybreakers,20000000.0,51416464.0,98.0,10.038613,6.0,646.0,en,"['Fantasy', 'Horror', 'Action', 'Thriller', 'Science Fiction']","['United States of America', 'Australia']",['English'],2009-01-06,2009.0,1.0
28178,Hachi: A Dog's Tale,16000000.0,47801389.0,93.0,8.621359,7.7,1769.0,en,"['Drama', 'Family']","['United Kingdom', 'United States of America']","['English', '日本語']",2009-06-13,2009.0,6.0
25195,Leap Year,19000000.0,29922472.0,100.0,7.432311,6.5,474.0,en,"['Romance', 'Comedy']","['Ireland', 'United States of America']",['English'],2010-01-08,2010.0,1.0
20504,The Book of Eli,80000000.0,157107755.0,118.0,14.39853,6.6,2207.0,en,"['Action', 'Thriller', 'Science Fiction']",['United States of America'],['English'],2010-01-14,2010.0,1.0
33613,The Girl Who Kicked the Hornet's Nest,4000000.0,43498108.0,147.0,8.405013,7.0,451.0,sv,"['Action', 'Thriller', 'Crime', 'Mystery']",['Sweden'],['svenska'],2009-11-27,2009.0,11.0
18476,Horsemen,20000000.0,1017401.0,90.0,7.455953,5.5,124.0,en,"['Crime', 'Drama', 'Horror', 'Mystery', 'Thriller']","['Canada', 'United States of America']",['English'],2009-02-06,2009.0,2.0
31175,Soul Kitchen,5000000.0,17872796.0,99.0,4.79386,7.0,117.0,de,"['Drama', 'Comedy']",['Germany'],"['Deutsch', 'ελληνικά']",2009-09-09,2009.0,9.0
40229,The House on Sorority Row,425000.0,10604986.0,91.0,1.918891,6.0,34.0,en,"['Horror', 'Mystery', 'Thriller']",['United States of America'],['English'],1983-01-21,1983.0,1.0
17606,The Other Man,15000000.0,1143856.0,90.0,4.674662,5.1,58.0,en,"['Drama', 'Thriller', 'Mystery', 'Romance']","['United Kingdom', 'Italy']",['English'],2008-12-25,2008.0,12.0
2395,Asterix at the Olympic Games,97250400.0,132900000.0,116.0,9.671944,5.0,486.0,fr,"['Fantasy', 'Adventure', 'Comedy', 'Family']","['Belgium', 'France', 'Germany', 'Italy', 'Spain']","['Français', 'Português']",2008-01-13,2008.0,1.0
20453,3 Idiots,9000000.0,70000000.0,170.0,7.675621,7.8,850.0,hi,"['Drama', 'Comedy', 'Romance']",['India'],"['English', 'हिन्दी']",2009-12-23,2009.0,12.0
22894,Legion,26000000.0,67918658.0,100.0,13.795875,5.2,643.0,en,['Horror'],['United States of America'],['English'],2010-01-21,2010.0,1.0
21033,Beautiful,1500000.0,56000.0,97.0,2.713961,4.6,17.0,en,"['Drama', 'Mystery', 'Thriller']",['Australia'],['English'],2009-04-27,2009.0,4.0
46336,Four Eyed Monsters,250000.0,245000.0,71.0,0.634211,6.0,10.0,en,"['Comedy', 'Drama', 'Fantasy', 'Romance']",['United States of America'],['English'],2005-01-21,2005.0,1.0
27569,Extraordinary Measures,31000000.0,15134293.0,105.0,6.523155,6.0,93.0,en,['Drama'],['United States of America'],['English'],2010-01-21,2010.0,1.0
8349,The Red Baron,18000000.0,40239.0,120.0,4.918419,6.4,80.0,de,"['Action', 'Adventure', 'Drama', 'History', 'War']","['Germany', 'United Kingdom']","['Deutsch', 'Français', 'English']",2008-03-29,2008.0,3.0
12201,Edge of Darkness,80000000.0,74901339.0,117.0,9.554067,6.2,496.0,en,"['Crime', 'Drama', 'Mystery', 'Thriller']","['United Kingdom', 'United States of America']",['English'],2010-01-29,2010.0,1.0
8952,I Love You Phillip Morris,13000000.0,10652035.0,98.0,5.773752,6.4,514.0,en,"['Comedy', 'Drama', 'Romance']",['United States of America'],['English'],2009-01-18,2009.0,1.0
24469,Fish Tank,3000000.0,2357852.0,123.0,6.070216,6.9,256.0,en,['Drama'],"['United Kingdom', 'Netherlands']",['English'],2009-05-14,2009.0,5.0
51022,The Wounds,10000.0,150000.0,103.0,0.732884,7.2,16.0,sr,"['War', 'Drama', 'Comedy', 'Crime']","['Serbia', 'Germany']",['Srpski'],1998-05-27,1998.0,5.0
32856,Valentine's Day,52000000.0,216485654.0,125.0,7.466721,5.7,1043.0,en,"['Comedy', 'Romance']",['United States of America'],['English'],2010-02-10,2010.0,2.0
11324,Shutter Island,80000000.0,294804195.0,138.0,15.813629,7.8,6559.0,en,"['Drama', 'Thriller', 'Mystery']",['United States of America'],"['English', 'Deutsch']",2010-02-18,2010.0,2.0
38448,Ondine,12000000.0,1644755.0,111.0,4.757269,6.5,84.0,en,"['Drama', 'Romance']","['Ireland', 'United States of America']","['English', 'Français', 'Română']",2009-09-14,2009.0,9.0
32657,Percy Jackson & the Olympians: The Lightning Thief,95000000.0,226497209.0,118.0,9.785895,6.0,2079.0,en,"['Adventure', 'Fantasy', 'Family']","['Canada', 'United States of America']",['English'],2010-02-01,2010.0,2.0
23742,Cop Out,30000000.0,55583804.0,107.0,14.313079,5.3,518.0,en,"['Action', 'Comedy', 'Crime']",['United States of America'],"['English', 'Español']",2010-02-26,2010.0,2.0
11439,The Ghost Writer,45000000.0,60222298.0,128.0,6.76482,6.7,681.0,en,"['Thriller', 'Mystery']","['Germany', 'United Kingdom', 'United States of America']",['English'],2010-02-12,2010.0,2.0
23172,The Spy Next Door,28000000.0,45236543.0,94.0,6.663422,5.5,351.0,en,"['Action', 'Comedy', 'Family']",['United States of America'],['English'],2010-01-15,2010.0,1.0
30128,I Hope They Serve Beer in Hell,7000000.0,1429299.0,106.0,3.208138,5.7,20.0,en,"['Comedy', 'Drama']",[],['English'],2009-09-25,2009.0,9.0
26428,Agora,70000000.0,39041505.0,127.0,8.029671,6.9,404.0,en,"['Adventure', 'Drama', 'History']",['Spain'],['English'],2009-05-17,2009.0,5.0
12273,Singh Is Kinng,14000000.0,25000000.0,135.0,1.369086,5.3,22.0,hi,"['Action', 'Comedy']",['India'],"['हिन्दी', 'ਪੰਜਾਬੀ']",2008-01-01,2008.0,1.0
15357,District 13: Ultimatum,15000000.0,8786375.0,101.0,9.133996,6.0,323.0,fr,"['Action', 'Thriller', 'Crime']",['France'],['Français'],2009-02-18,2009.0,2.0
29427,The Crazies,20000000.0,54956140.0,101.0,10.914556,6.2,649.0,en,"['Mystery', 'Horror', 'Action']",['United States of America'],['English'],2010-02-26,2010.0,2.0
22971,Dear John,25000000.0,114977104.0,115.0,8.371479,6.6,1302.0,en,"['Drama', 'Romance', 'War']",['United States of America'],['English'],2010-02-04,2010.0,2.0
23023,Tooth Fairy,48000000.0,112462508.0,101.0,6.74468,5.2,500.0,en,"['Comedy', 'Family', 'Fantasy']","['Canada', 'United States of America']",['English'],2010-01-14,2010.0,1.0
10664,[REC]²,5600000.0,18469680.0,85.0,8.853168,6.5,496.0,es,"['Thriller', 'Horror']",['Spain'],['Español'],2009-09-15,2009.0,9.0
26022,My Name Is Khan,12000000.0,42345360.0,145.0,11.264586,7.7,237.0,hi,"['Drama', 'Romance']","['India', 'United States of America']","['English', 'हिन्दी', 'اردو']",2010-02-12,2010.0,2.0
12155,Alice in Wonderland,200000000.0,1025491110.0,108.0,17.285093,6.4,4773.0,en,"['Family', 'Fantasy', 'Adventure']",['United States of America'],['English'],2010-03-03,2010.0,3.0
22972,Green Zone,100000000.0,94882889.0,115.0,11.174041,6.4,730.0,en,"['War', 'Action', 'Adventure', 'Drama', 'Thriller']","['Spain', 'United Kingdom', 'United States of America', 'France']","['English', 'العربية']",2010-03-11,2010.0,3.0
17277,The Fall of the Roman Empire,19000000.0,4750000.0,188.0,2.824367,6.0,34.0,en,"['War', 'Drama', 'History']",['United States of America'],['English'],1964-03-24,1964.0,3.0
26389,From Paris with Love,52000000.0,52826594.0,92.0,6.885593,6.2,684.0,en,"['Action', 'Crime', 'Thriller']","['United Kingdom', 'France']","['Deutsch', 'English', 'Français', '普通话']",2010-02-05,2010.0,2.0
26390,Brooklyn's Finest,17000000.0,29536299.0,133.0,12.50422,6.2,296.0,en,"['Crime', 'Drama', 'Thriller']",['United States of America'],['English'],2009-01-16,2009.0,1.0
34016,She's Out of My League,20000000.0,49779728.0,104.0,8.101247,5.9,544.0,en,"['Comedy', 'Romance']",['United States of America'],['English'],2010-03-11,2010.0,3.0
25941,Harry Brown,7300000.0,10329747.0,103.0,7.478206,6.7,351.0,en,"['Thriller', 'Crime', 'Drama', 'Action']",['United Kingdom'],['English'],2009-11-11,2009.0,11.0
23169,Remember Me,16000000.0,56032889.0,113.0,8.307719,6.9,980.0,en,"['Drama', 'Romance']",['United States of America'],['English'],2010-03-12,2010.0,3.0
34563,Our Family Wedding,14000000.0,21409028.0,103.0,8.204894,5.7,40.0,en,['Comedy'],['United States of America'],['English'],2010-03-12,2010.0,3.0
27573,The Bounty Hunter,40000000.0,136000000.0,110.0,6.715263,5.6,878.0,en,['Action'],['United States of America'],['English'],2010-03-16,2010.0,3.0
12834,Leaves of Grass,9000000.0,985117.0,104.0,9.954095,5.9,143.0,en,"['Comedy', 'Crime', 'Drama', 'Thriller']",['United States of America'],['English'],2009-09-13,2009.0,9.0
31723,Women in Trouble,3000000.0,18097.0,92.0,7.052376,5.2,30.0,en,"['Comedy', 'Drama']",['United States of America'],['English'],2009-11-13,2009.0,11.0
15483,The Card Player,2600000.0,1479042.0,103.0,3.501564,4.7,46.0,it,"['Horror', 'Mystery', 'Thriller']",['Italy'],"['English', 'Italiano']",2004-01-02,2004.0,1.0
24973,The Egyptian,5000000.0,15000000.0,139.0,10.374608,6.0,11.0,en,"['History', 'Drama']",['United States of America'],"['ελληνικά', 'English']",1954-08-25,1954.0,8.0
31867,Repo Men,32000000.0,18409891.0,111.0,7.502967,6.2,627.0,en,"['Action', 'Science Fiction', 'Thriller', 'Crime']","['Canada', 'United States of America']",['English'],2010-03-18,2010.0,3.0
28355,Case 39,27000000.0,29000000.0,109.0,9.644085,6.1,580.0,en,"['Horror', 'Mystery', 'Thriller']","['Canada', 'United States of America']",['English'],2009-08-13,2009.0,8.0
23048,Hot Tub Time Machine,36000000.0,64572262.0,101.0,11.967652,5.9,911.0,en,"['Science Fiction', 'Comedy', 'Adventure']",['United States of America'],"['Pусский', 'English']",2010-03-26,2010.0,3.0
28211,Chloe,15000000.0,8459458.0,96.0,10.445867,5.9,514.0,en,"['Drama', 'Thriller', 'Mystery']","['France', 'United States of America', 'Canada']",['English'],2009-03-25,2009.0,3.0
38687,Flesh and the Devil,373000.0,658000.0,112.0,0.765315,7.9,11.0,en,"['Drama', 'Romance']",['United States of America'],[],1926-12-25,1926.0,12.0
30018,Mother,5000000.0,17112713.0,128.0,5.030112,7.6,192.0,ko,"['Crime', 'Drama', 'Mystery', 'Thriller']",['South Korea'],['한국어/조선말'],2009-05-28,2009.0,5.0
10191,How to Train Your Dragon,165000000.0,494878759.0,98.0,14.416681,7.5,4319.0,en,"['Fantasy', 'Adventure', 'Animation', 'Family']",['United States of America'],['English'],2010-03-05,2010.0,3.0
28510,Universal Soldier: Regeneration,14000000.0,875386.0,97.0,8.226,5.2,114.0,en,"['Adventure', 'Action', 'Science Fiction', 'Thriller']",['United States of America'],"['български език', 'English']",2009-10-01,2009.0,10.0
27936,Micmacs,33000000.0,14000000.0,100.0,5.278672,6.8,150.0,fr,"['Action', 'Comedy', 'Crime']",['France'],['Français'],2009-10-28,2009.0,10.0
18823,Clash of the Titans,125000000.0,232713139.0,106.0,11.972347,5.6,2280.0,en,"['Adventure', 'Fantasy', 'Action']",['United States of America'],['English'],2010-04-01,2010.0,4.0
34769,Defendor,3500000.0,44462.0,101.0,5.600277,6.5,197.0,en,"['Drama', 'Action', 'Comedy', 'Crime']","['Canada', 'United Kingdom', 'United States of America']",['English'],2009-09-12,2009.0,9.0
23483,Kick-Ass,28000000.0,96188903.0,117.0,17.26045,7.1,4747.0,en,"['Action', 'Crime']","['United Kingdom', 'United States of America']",['English'],2010-03-22,2010.0,3.0
35056,Date Night,55000000.0,152263880.0,97.0,8.443736,5.9,1148.0,en,['Comedy'],['United States of America'],"['עִבְרִית', 'English']",2010-04-08,2010.0,4.0
36419,After.Life,4500000.0,3606395.0,104.0,9.063797,5.4,253.0,en,"['Drama', 'Horror', 'Mystery', 'Thriller']",['United States of America'],['English'],2010-04-09,2010.0,4.0
27586,The Runaways,10000000.0,2995811.0,106.0,19.42051,6.3,262.0,en,"['Drama', 'Music']",['United States of America'],['English'],2010-03-19,2010.0,3.0
26178,Razorback,5500000.0,801000.0,95.0,1.822979,5.6,33.0,en,['Horror'],['Australia'],['Italiano'],1984-04-19,1984.0,4.0
34803,Death at a Funeral,21000000.0,49050886.0,92.0,10.863441,5.5,248.0,en,['Comedy'],['United States of America'],['English'],2010-04-15,2010.0,4.0
37861,Valhalla Rising,5641880.0,30638.0,93.0,8.651468,5.9,323.0,fr,"['Adventure', 'Drama', 'Action', 'Fantasy']","['Denmark', 'United Kingdom']",['English'],2009-09-04,2009.0,9.0
33217,Diary of a Wimpy Kid,15000000.0,75700498.0,92.0,12.139919,5.9,369.0,en,"['Comedy', 'Family']","['United Kingdom', 'United States of America']",['English'],2010-03-19,2010.0,3.0
21345,City of Life and Death,12000000.0,10652498.0,132.0,7.216103,7.6,55.0,zh,"['Drama', 'History', 'War']","['China', 'Hong Kong']","['English', 'Deutsch', '日本語', '普通话']",2009-04-22,2009.0,4.0
34813,The Losers,25000000.0,23580000.0,97.0,12.798367,6.2,522.0,en,"['Action', 'Adventure', 'Crime', 'Mystery', 'Thriller']",['United States of America'],['English'],2010-04-23,2010.0,4.0
32985,Solomon Kane,45000000.0,7810000.0,104.0,9.667535,5.6,399.0,en,"['Adventure', 'Fantasy', 'Action', 'Science Fiction']","['France', 'Czech Republic', 'United Kingdom']","['العربية', 'English']",2009-09-16,2009.0,9.0
10138,Iron Man 2,200000000.0,623933331.0,124.0,19.083344,6.6,6969.0,en,"['Adventure', 'Action', 'Science Fiction']",['United States of America'],"['English', 'Pусский', 'Français']",2010-04-28,2010.0,4.0
38579,Marmaduke,50000000.0,83761844.0,87.0,12.285545,5.0,150.0,en,"['Family', 'Comedy']",['United States of America'],['English'],2010-06-04,2010.0,6.0
37931,MacGruber,10000000.0,6110000.0,90.0,11.107782,5.1,184.0,en,"['Action', 'Adventure', 'Comedy']",['United States of America'],"['English', 'Pусский']",2010-05-21,2010.0,5.0
27004,Ca$h,7000000.0,46488.0,108.0,9.107829,6.0,73.0,en,"['Crime', 'Thriller', 'Comedy']",['United States of America'],"['English', 'Français']",2010-01-01,2010.0,1.0
23437,A Nightmare on Elm Street,35000000.0,115664037.0,95.0,10.40191,5.5,771.0,en,"['Horror', 'Mystery', 'Thriller']",['United States of America'],['English'],2010-04-30,2010.0,4.0
37495,Four Lions,967686.0,4270000.0,101.0,11.934045,7.1,428.0,en,"['Comedy', 'Crime', 'Drama']",['United Kingdom'],"['العربية', 'English', 'اردو']",2010-05-07,2010.0,5.0
35169,Furry Vengeance,35000000.0,39340177.0,92.0,10.794556,4.6,150.0,en,['Comedy'],"['United Arab Emirates', 'United States of America']",['English'],2010-04-02,2010.0,4.0
38542,The Disappearance of Alice Creed,800000.0,867714.0,100.0,7.271526,6.4,169.0,en,"['Crime', 'Drama', 'Thriller']",['United Kingdom'],['English'],2009-09-12,2009.0,9.0
20662,Robin Hood,200000000.0,310669540.0,140.0,10.56812,6.2,1434.0,en,"['Action', 'Adventure']","['United Kingdom', 'United States of America']","['English', 'ภาษาไทย']",2010-05-12,2010.0,5.0
31261,Halo Legends,100000.0,1000000.0,120.0,1.731527,6.9,25.0,en,"['Action', 'Animation', 'Science Fiction']","['Japan', 'United States of America']",['English'],2010-02-16,2010.0,2.0
46705,Blue Valentine,3500000.0,16566240.0,112.0,11.107914,6.9,911.0,en,"['Drama', 'Romance']",['United States of America'],['English'],2010-12-27,2010.0,12.0
37821,Killers,75000000.0,98159963.0,100.0,6.540621,5.7,792.0,en,"['Action', 'Comedy', 'Thriller', 'Romance']",['United States of America'],['English'],2010-06-04,2010.0,6.0
26388,Buried,1987650.0,19152480.0,94.0,7.389437,6.6,853.0,en,"['Drama', 'Thriller', 'Mystery']","['Spain', 'United States of America', 'France']",['English'],2010-09-24,2010.0,9.0
9543,Prince of Persia: The Sands of Time,150000000.0,335154643.0,116.0,18.459955,6.2,2372.0,en,"['Adventure', 'Fantasy', 'Action', 'Romance']",['United States of America'],['English'],2010-05-19,2010.0,5.0
37786,Sex and the City 2,100000000.0,288347692.0,146.0,7.255991,5.5,434.0,en,"['Comedy', 'Drama', 'Romance']",['United States of America'],"['English', 'العربية']",2010-05-26,2010.0,5.0
32823,Get Him to the Greek,40000000.0,90029656.0,109.0,7.33335,5.9,626.0,en,['Comedy'],['United States of America'],['English'],2010-06-04,2010.0,6.0
34806,The Back-Up Plan,35000000.0,77477008.0,106.0,6.629999,5.7,468.0,en,"['Comedy', 'Romance']",['United States of America'],['English'],2010-04-23,2010.0,4.0
28871,How About You...,9000000.0,706000.0,100.0,1.139949,6.2,13.0,en,"['Comedy', 'Drama']",['Ireland'],['English'],2007-11-16,2007.0,11.0
20533,Jonah Hex,47000000.0,10539000.0,80.0,9.482806,4.5,427.0,en,"['Action', 'Western', 'Drama', 'Fantasy', 'Thriller']",['United States of America'],['English'],2010-06-18,2010.0,6.0
34544,The A-Team,110000000.0,177238796.0,117.0,16.747793,6.2,1737.0,en,"['Thriller', 'Action', 'Adventure', 'Comedy', 'Crime']",['United States of America'],"['Deutsch', 'English', 'Español', 'Français', 'Kiswahili']",2010-06-10,2010.0,6.0
10193,Toy Story 3,200000000.0,1066969703.0,103.0,16.96647,7.6,4710.0,en,"['Animation', 'Family', 'Comedy']",['United States of America'],"['English', 'Español']",2010-06-16,2010.0,6.0
39013,Winter's Bone,2000000.0,13831503.0,100.0,7.27941,6.8,575.0,en,['Drama'],['United States of America'],['English'],2010-06-11,2010.0,6.0
10192,Shrek Forever After,165000000.0,752600867.0,93.0,11.803808,6.0,2021.0,en,"['Comedy', 'Adventure', 'Fantasy', 'Animation', 'Family']",['United States of America'],['English'],2010-05-16,2010.0,5.0
24021,The Twilight Saga: Eclipse,68000000.0,698491347.0,124.0,34.047399,5.9,2382.0,en,"['Adventure', 'Fantasy', 'Drama', 'Romance']",['United States of America'],['English'],2010-06-23,2010.0,6.0
36691,Solitary Man,15000000.0,5024782.0,90.0,5.829644,5.8,85.0,en,"['Comedy', 'Drama', 'Romance']",['United States of America'],['English'],2009-09-07,2009.0,9.0
34647,Enter the Void,13000000.0,754249.0,161.0,8.378149,7.2,397.0,en,"['Fantasy', 'Drama']","['Canada', 'France', 'Germany', 'Italy']","['English', '日本語']",2009-05-05,2009.0,5.0
10196,The Last Airbender,150000000.0,318502923.0,103.0,9.544657,4.7,1180.0,en,"['Action', 'Adventure', 'Family', 'Fantasy']",['United States of America'],['English'],2010-06-30,2010.0,6.0
34851,Predators,40000000.0,126248813.0,107.0,9.034929,6.0,1231.0,en,"['Action', 'Science Fiction', 'Adventure', 'Thriller']",['United States of America'],"['English', 'Español', 'Pусский']",2010-07-03,2010.0,7.0
20352,Despicable Me,69000000.0,543513985.0,95.0,22.274502,7.1,6595.0,en,"['Animation', 'Family']",['United States of America'],['English'],2010-07-08,2010.0,7.0
27205,Inception,160000000.0,825532764.0,148.0,29.108149,8.1,14075.0,en,"['Action', 'Thriller', 'Science Fiction', 'Mystery', 'Adventure']","['United Kingdom', 'United States of America']",['English'],2010-07-14,2010.0,7.0
38365,Grown Ups,80000000.0,271430189.0,102.0,23.981251,6.0,1746.0,en,['Comedy'],['United States of America'],['English'],2010-06-24,2010.0,6.0
27022,The Sorcerer's Apprentice,150000000.0,215283742.0,109.0,12.533525,5.9,1526.0,en,"['Fantasy', 'Adventure', 'Action', 'Comedy', 'Drama']",['United States of America'],['English'],2010-07-13,2010.0,7.0
37834,Knight and Day,117000000.0,261930431.0,109.0,12.758942,5.9,1583.0,en,"['Action', 'Comedy']",['United States of America'],"['English', 'Deutsch', 'Español']",2010-06-15,2010.0,6.0
38575,The Karate Kid,40000000.0,357852395.0,140.0,11.690781,6.2,1675.0,en,"['Action', 'Adventure', 'Drama', 'Family']","['China', 'United States of America']","['普通话', 'English']",2010-06-10,2010.0,6.0
22556,The Yellow Handkerchief,15000000.0,317000.0,102.0,3.919317,6.4,53.0,en,"['Drama', 'Romance']",['United States of America'],['English'],2008-12-17,2008.0,12.0
39781,The Kids Are All Right,3500000.0,34705850.0,106.0,5.899155,6.5,512.0,en,"['Comedy', 'Drama']",['United States of America'],['English'],2010-07-09,2010.0,7.0
27576,Salt,110000000.0,293329073.0,100.0,8.704455,6.2,2125.0,en,"['Action', 'Mystery', 'Thriller']",['United States of America'],"['English', 'Pусский', '한국어/조선말']",2010-07-21,2010.0,7.0
31011,Mr. Nobody,47000000.0,3547209.0,156.0,11.817059,7.9,1616.0,en,"['Science Fiction', 'Drama', 'Romance', 'Fantasy']","['Belgium', 'Canada', 'France', 'Germany']",['English'],2009-09-11,2009.0,9.0
65212,The Silver Chalice,4500000.0,3200000.0,142.0,0.313032,4.1,5.0,en,"['Drama', 'Romance']",['United States of America'],['English'],1954-12-20,1954.0,12.0
38778,Dinner for Schmucks,69000000.0,86387857.0,114.0,11.623718,5.5,542.0,en,['Comedy'],['United States of America'],['English'],2010-07-30,2010.0,7.0
35019,Nanny McPhee and the Big Bang,35000000.0,93246388.0,109.0,8.983275,6.0,450.0,en,"['Comedy', 'Fantasy']","['United States of America', 'United Kingdom', 'France']",['English'],2010-03-26,2010.0,3.0
37472,Ip Man 2,12902809.0,36000000.0,109.0,1.9602,7.2,684.0,cn,"['Action', 'History', 'Drama']","['Hong Kong', 'China']","['普通话', '广州话 / 廣州話', 'English']",2010-04-21,2010.0,4.0
37950,Charlie St. Cloud,44000000.0,48190704.0,99.0,6.273131,6.8,589.0,en,['Drama'],['United States of America'],['English'],2010-05-01,2010.0,5.0
27581,The Other Guys,100000000.0,170432927.0,107.0,12.536621,6.1,1406.0,en,"['Action', 'Comedy', 'Crime']",['United States of America'],['English'],2010-08-06,2010.0,8.0
28426,Invisible Agent,322000.0,1040000.0,81.0,1.48335,5.7,6.0,en,"['Adventure', 'Comedy', 'Romance', 'Science Fiction', 'War']",['United States of America'],['English'],1942-07-31,1942.0,7.0
27578,The Expendables,80000000.0,274470394.0,103.0,14.75562,6.0,2977.0,en,"['Thriller', 'Adventure', 'Action']",['United States of America'],"['English', 'Español']",2010-08-03,2010.0,8.0
22538,Scott Pilgrim vs. the World,60000000.0,47664559.0,112.0,13.793301,7.2,2185.0,en,"['Action', 'Adventure', 'Comedy']","['United States of America', 'Canada']",['English'],2010-07-27,2010.0,7.0
44629,Animal Kingdom,5000000.0,1000000.0,113.0,9.649312,6.7,240.0,en,"['Drama', 'Thriller', 'Crime']",['Australia'],['English'],2010-06-03,2010.0,6.0
23759,Centurion,12000000.0,6814789.0,97.0,13.00941,6.0,394.0,en,"['Adventure', 'Action', 'Drama']","['France', 'United Kingdom']","['English', '']",2010-02-15,2010.0,2.0
39800,Life During Wartime,4500000.0,744816.0,97.0,3.311392,6.3,30.0,en,"['Comedy', 'Drama']",['United States of America'],['English'],2009-10-10,2009.0,10.0
43593,Piranha 3D,24000000.0,83188165.0,88.0,8.212132,5.3,599.0,en,"['Comedy', 'Horror']",['United States of America'],['English'],2010-08-20,2010.0,8.0
35552,The Extraordinary Adventures of Adèle Blanc-Sec,25000000.0,34100000.0,105.0,6.710598,5.9,325.0,fr,"['Fantasy', 'Adventure', 'Action', 'Mystery']",['France'],['Français'],2010-04-09,2010.0,4.0
41479,The Joneses,10000000.0,7022728.0,96.0,6.632194,6.1,212.0,en,"['Comedy', 'Drama']",['United States of America'],"['Český', 'English', 'Français']",2009-09-13,2009.0,9.0
191550,Gaby: A True Story,5000000.0,125400.0,110.0,0.889745,3.5,2.0,en,"['Drama', 'Romance']",[],['English'],1987-10-30,1987.0,10.0
42194,TEKKEN,30000000.0,967000.0,92.0,12.17886,5.2,185.0,en,"['Crime', 'Drama', 'Action', 'Thriller', 'Science Fiction']","['United States of America', 'Japan', 'China']","['日本語', '普通话', 'English']",2010-03-20,2010.0,3.0
20200,Narco,823258.0,823258.0,105.0,4.584117,6.1,43.0,en,['Comedy'],['France'],['Français'],2004-12-01,2004.0,12.0
38358,The Last Exorcism,1800000.0,67738090.0,87.0,6.397109,5.6,330.0,en,"['Horror', 'Drama', 'Thriller']","['United States of America', 'France']",['English'],2010-08-27,2010.0,8.0
27579,The American,20000000.0,65464324.0,104.0,7.275649,5.8,488.0,en,"['Crime', 'Drama', 'Thriller']","['United Kingdom', 'United States of America']","['English', 'Italiano']",2010-08-31,2010.0,8.0
41210,The Switch,19000000.0,49830607.0,101.0,5.695408,5.9,599.0,en,"['Comedy', 'Romance', 'Drama']",['United States of America'],['English'],2010-05-11,2010.0,5.0
50641,The End of Poverty?,1000000.0,57.0,106.0,0.075176,0.0,0.0,en,['Documentary'],[],['English'],2008-05-19,2008.0,5.0
23631,Machete,20000000.0,31327899.0,105.0,7.120403,6.3,1171.0,en,"['Action', 'Comedy', 'Thriller']",['United States of America'],"['English', 'Español']",2010-09-01,2010.0,9.0
41233,Step Up 3D,30000000.0,159291809.0,107.0,9.111782,6.6,595.0,en,"['Drama', 'Romance']",['United States of America'],['English'],2010-08-04,2010.0,8.0
38073,Going the Distance,32000000.0,42045846.0,102.0,6.876053,6.0,271.0,en,"['Comedy', 'Drama', 'Romance']",['United States of America'],['English'],2010-09-01,2010.0,9.0
40264,Vampires Suck,20000000.0,80547866.0,82.0,8.129407,4.2,326.0,en,"['Horror', 'Comedy']",['United States of America'],"['English', 'Español']",2010-08-18,2010.0,8.0
35791,Resident Evil: Afterlife,60000000.0,300228084.0,97.0,0.452934,5.8,1382.0,en,"['Action', 'Adventure', 'Horror', 'Science Fiction']","['Germany', 'United States of America', 'France', 'Canada']","['English', 'Español', '日本語']",2010-09-09,2010.0,9.0
37799,The Social Network,40000000.0,224920315.0,120.0,16.972995,7.1,3492.0,en,['Drama'],['United States of America'],['English'],2010-09-30,2010.0,9.0
23168,The Town,37000000.0,154026136.0,125.0,13.081203,7.0,1516.0,en,"['Crime', 'Drama', 'Thriller']",['United States of America'],['English'],2010-09-15,2010.0,9.0
37735,Easy A,8000000.0,74952305.0,92.0,15.138144,6.7,2282.0,en,['Comedy'],['United States of America'],['English'],2010-09-10,2010.0,9.0
38167,Eat Pray Love,60000000.0,204594016.0,133.0,15.904834,5.8,655.0,en,['Drama'],['United States of America'],"['Português', 'English', 'Italiano']",2010-08-12,2010.0,8.0
38568,Howl,30000.0,617000.0,84.0,5.416588,6.8,68.0,en,['Drama'],['United States of America'],['English'],2010-08-26,2010.0,8.0
43949,Flipped,14000000.0,1755212.0,89.0,10.279685,7.4,426.0,en,"['Romance', 'Drama']",['United States of America'],['English'],2010-08-06,2010.0,8.0
33909,Wall Street: Money Never Sleeps,70000000.0,134748021.0,133.0,9.819864,5.8,504.0,en,"['Drama', 'Crime']",['United States of America'],['English'],2010-09-02,2010.0,9.0
41216,Legend of the Guardians: The Owls of Ga'Hoole,80000000.0,140073390.0,97.0,17.674048,6.5,715.0,en,"['Animation', 'Adventure', 'Family', 'Fantasy']","['Australia', 'United States of America']",['English'],2010-07-10,2010.0,7.0
39691,Cats & Dogs 2 : The Revenge of Kitty Galore,85000000.0,112483764.0,82.0,7.941637,4.9,122.0,en,"['Comedy', 'Family']","['United States of America', 'Australia']","['English', 'ภาษาไทย']",2010-07-30,2010.0,7.0
43923,It's Kind of a Funny Story,8000000.0,6491240.0,101.0,8.172013,6.9,691.0,en,"['Comedy', 'Drama']",['United States of America'],['English'],2010-07-06,2010.0,7.0
27023,Saint John of Las Vegas,3800000.0,111731.0,84.0,2.894924,5.9,18.0,en,['Comedy'],['United States of America'],"['English', 'Italiano']",2009-06-10,2009.0,6.0
56969,Tere Naam,1.0,2.0,132.0,1.280455,6.4,18.0,hi,"['Romance', 'Thriller']",['India'],['हिन्दी'],2003-08-15,2003.0,8.0
41402,Let Me In,20000000.0,24145613.0,116.0,11.11946,6.7,656.0,en,"['Drama', 'Horror', 'Mystery']","['United Kingdom', 'United States of America']",['English'],2010-10-01,2010.0,10.0
39486,Secretariat,35000000.0,60251371.0,123.0,7.681383,6.8,103.0,en,['Drama'],['United States of America'],['English'],2010-08-20,2010.0,8.0
44040,Devil,10000000.0,33583175.0,80.0,7.094276,5.8,836.0,en,"['Horror', 'Mystery', 'Thriller']",['United States of America'],"['Español', 'English', 'Український']",2010-01-13,2010.0,1.0
38303,You Again,20000000.0,32005248.0,105.0,12.820452,6.0,380.0,en,"['Comedy', 'Romance']",['United States of America'],['English'],2010-09-24,2010.0,9.0
38408,Life As We Know It,38000000.0,105610124.0,114.0,7.824962,6.6,873.0,en,"['Comedy', 'Romance', 'Drama']",['United States of America'],['English'],2010-10-02,2010.0,10.0
42296,Catfish,30000.0,3045943.0,87.0,5.174738,6.5,201.0,en,['Documentary'],['United States of America'],['English'],2010-09-17,2010.0,9.0
44113,Stone,22000000.0,9479718.0,105.0,11.275132,5.2,195.0,en,['Drama'],['United States of America'],['English'],2010-10-07,2010.0,10.0
44639,Inside Job,2000000.0,7871522.0,109.0,10.30535,7.7,287.0,en,['Documentary'],['United States of America'],['English'],2010-10-08,2010.0,10.0
43933,Monsters,500000.0,4242978.0,94.0,6.154375,6.2,597.0,en,"['Drama', 'Thriller', 'Science Fiction']",['United Kingdom'],"['Español', 'English']",2010-06-18,2010.0,6.0
45094,Conviction,12500000.0,6732980.0,107.0,11.024462,7.0,195.0,en,['Drama'],['United States of America'],['English'],2010-09-11,2010.0,9.0
70695,Dirty Girl,4000000.0,55125.0,90.0,10.964499,6.4,71.0,en,"['Drama', 'Comedy']",['United States of America'],['English'],2010-09-12,2010.0,9.0
38415,Bran Nue Dae,7.0,7.0,82.0,0.265854,5.2,6.0,en,"['Comedy', 'Drama', 'Foreign', 'Romance']",[],[],2009-08-09,2009.0,8.0
42188,Never Let Me Go,15000000.0,9455232.0,104.0,8.278794,6.8,755.0,en,"['Drama', 'Romance', 'Science Fiction']","['United Kingdom', 'United States of America']",['English'],2010-09-15,2010.0,9.0
41201,The Illusionist,18000000.0,5602431.0,80.0,6.971611,7.2,177.0,fr,"['Animation', 'Drama']","['France', 'United Kingdom']","['Français', '', 'English']",2010-02-16,2010.0,2.0
44549,PEEPLI [Live],2270000.0,6900000.0,104.0,2.927226,7.7,17.0,hi,"['Drama', 'Comedy']",['India'],"['हिन्दी', 'English']",2010-08-13,2010.0,8.0
45649,Rubber,500000.0,98017.0,85.0,5.305905,5.7,252.0,en,"['Comedy', 'Drama', 'Fantasy', 'Horror', 'Mystery']","['France', 'Angola']",['English'],2010-07-09,2010.0,7.0
41505,Shelter,22000000.0,851517.0,112.0,11.634377,5.7,213.0,en,"['Horror', 'Mystery', 'Thriller']",['United States of America'],['English'],2010-03-27,2010.0,3.0
16290,Jackass 3D,20000000.0,117224271.0,94.0,10.997518,6.4,434.0,en,"['Comedy', 'Documentary', 'Action']","['United States of America', 'Romania']","['Română', 'English']",2010-10-15,2010.0,10.0
39514,RED,58000000.0,71664962.0,111.0,12.595165,6.6,2858.0,en,"['Action', 'Adventure', 'Comedy', 'Crime', 'Thriller']",['United States of America'],"['English', 'Pусский']",2010-10-13,2010.0,10.0
43931,My Soul to Take,25000000.0,19829957.0,107.0,5.282976,5.2,150.0,en,"['Drama', 'Horror', 'Mystery', 'Thriller']",['United States of America'],['English'],2010-10-08,2010.0,10.0
14397,Whisper,12000000.0,5285197.0,94.0,10.425288,6.2,62.0,en,"['Crime', 'Drama', 'Horror', 'Thriller']","['Canada', 'United States of America']",['English'],2007-11-27,2007.0,11.0
41211,Heartbreaker,8700000.0,47355187.0,105.0,5.546687,6.5,388.0,fr,"['Romance', 'Comedy']","['France', 'Monaco']","['Français', '日本語', 'Español', '普通话', 'العربية', 'English']",2010-03-17,2010.0,3.0
46332,Of Gods and Men,4000000.0,41424067.0,120.0,4.476836,6.5,93.0,fr,"['Drama', 'History']",['France'],"['العربية', 'Français']",2010-05-18,2010.0,5.0
41436,Paranormal Activity 2,3000000.0,177512032.0,91.0,7.388933,5.7,734.0,en,"['Horror', 'Thriller']",['United States of America'],['English'],2010-10-20,2010.0,10.0
44603,Hereafter,50000000.0,105197635.0,129.0,7.942766,5.8,517.0,en,"['Drama', 'Fantasy']",['United States of America'],"['English', 'Français']",2010-10-15,2010.0,10.0
41439,Saw: The Final Chapter,20000000.0,136150434.0,90.0,16.626655,5.8,758.0,en,"['Horror', 'Crime']","['Canada', 'United States of America']",['English'],2010-10-21,2010.0,10.0
41733,Due Date,65000000.0,211780824.0,95.0,11.73956,6.2,1737.0,en,"['Comedy', 'Drama']",['United States of America'],"['English', 'Español']",2010-11-04,2010.0,11.0
44115,127 Hours,18000000.0,35692920.0,94.0,11.176797,7.0,2668.0,en,"['Adventure', 'Drama', 'Thriller']","['United Kingdom', 'United States of America']",['English'],2010-11-05,2010.0,11.0
38055,Megamind,130000000.0,321887208.0,95.0,11.603905,6.7,1968.0,en,"['Animation', 'Action', 'Comedy', 'Family', 'Science Fiction']",['United States of America'],['English'],2010-10-28,2010.0,10.0
44214,Black Swan,13000000.0,327803731.0,108.0,12.989056,7.3,4562.0,en,"['Drama', 'Thriller']",['United States of America'],"['English', 'Français', 'Italiano']",2010-12-02,2010.0,12.0
38363,Fair Game,22000000.0,24188922.0,108.0,6.303785,6.5,239.0,en,"['Drama', 'Thriller']","['United States of America', 'United Arab Emirates']",['English'],2010-05-20,2010.0,5.0
44048,Unstoppable,100000000.0,167805466.0,98.0,12.697059,6.3,1193.0,en,"['Action', 'Thriller']",['United States of America'],['English'],2010-11-04,2010.0,11.0
38357,Morning Glory,40000000.0,58785180.0,102.0,10.771255,6.1,420.0,en,"['Comedy', 'Drama', 'Romance']",['United States of America'],"['English', 'Український']",2010-01-12,2010.0,1.0
43539,The Next Three Days,30000000.0,51148651.0,133.0,9.591425,6.9,927.0,en,"['Romance', 'Drama', 'Thriller', 'Crime']","['United States of America', 'France']",['English'],2010-11-18,2010.0,11.0
44147,Wild Target,8000000.0,3453043.0,98.0,6.712894,6.4,218.0,en,"['Action', 'Comedy']","['France', 'United Kingdom']",['English'],2010-06-17,2010.0,6.0
43434,Carlos,18000000.0,871279.0,338.0,4.558075,6.7,50.0,en,"['Crime', 'Drama', 'Thriller', 'History']","['France', 'Germany']","['Français', 'Deutsch', 'English', 'Español', 'العربية', 'Magyar', '日本語', 'Pусский']",2010-05-19,2010.0,5.0
12444,Harry Potter and the Deathly Hallows: Part 1,250000000.0,954305868.0,146.0,23.300362,7.5,5708.0,en,"['Adventure', 'Fantasy', 'Family']","['United Kingdom', 'United States of America']",['English'],2010-10-17,2010.0,10.0
45269,The King's Speech,15000000.0,414211549.0,118.0,11.260387,7.6,2817.0,en,"['Drama', 'History']",['United Kingdom'],['English'],2010-09-06,2010.0,9.0
38757,Tangled,260000000.0,591794936.0,100.0,14.684761,7.4,3419.0,en,"['Animation', 'Family']",['United States of America'],['English'],2010-11-24,2010.0,11.0
45317,The Fighter,25000000.0,93617009.0,116.0,14.141837,7.2,1512.0,en,['Drama'],['United States of America'],['English'],2010-12-17,2010.0,12.0
41556,The Romantics,4500000.0,123820.0,95.0,8.786269,4.8,83.0,en,"['Comedy', 'Drama', 'Romance']",['United States of America'],"['English', 'Français']",2010-09-10,2010.0,9.0
47088,The Extra Man,7000000.0,453079.0,108.0,3.18614,5.9,29.0,en,['Comedy'],"['France', 'United States of America']",['English'],2010-08-01,2010.0,8.0
45324,Casino Jack,12500000.0,1083683.0,108.0,8.5508,6.0,94.0,en,"['Crime', 'Comedy', 'Drama']",['Canada'],"['English', 'Français']",2010-09-16,2010.0,9.0
48838,London Boulevard,25000000.0,4644108.0,103.0,11.421915,5.7,261.0,en,"['Drama', 'Crime']","['United Kingdom', 'United States of America']",['English'],2010-11-10,2010.0,11.0
42684,Skyline,10000000.0,66821036.0,100.0,7.676017,4.7,516.0,en,['Science Fiction'],['United States of America'],['English'],2010-11-11,2010.0,11.0
38117,Beastly,17000000.0,43165571.0,86.0,7.364563,5.9,878.0,en,"['Drama', 'Fantasy', 'Romance']",['United States of America'],['English'],2011-01-21,2011.0,1.0
43347,Love & Other Drugs,30000000.0,102820008.0,112.0,7.575696,6.6,1268.0,en,"['Drama', 'Comedy', 'Romance']",['United States of America'],['English'],2010-11-22,2010.0,11.0
10140,The Chronicles of Narnia: The Voyage of the Dawn Treader,155000000.0,415686217.0,113.0,12.383398,6.2,1555.0,en,"['Adventure', 'Family', 'Fantasy']",['United States of America'],['English'],2010-08-13,2010.0,8.0
47607,Tiny Furniture,65000.0,416498.0,99.0,2.799356,5.6,60.0,en,"['Romance', 'Comedy', 'Drama']",['United States of America'],['English'],2010-11-12,2010.0,11.0
37710,The Tourist,100000000.0,278731369.0,103.0,12.845045,6.0,1744.0,en,"['Action', 'Thriller', 'Romance']","['United Kingdom', 'United States of America', 'France', 'Italy']","['English', 'Français', 'Italiano', 'Pусский', 'Español']",2010-12-08,2010.0,12.0
43919,Hatchet II,2500000.0,52604.0,89.0,12.525758,5.6,91.0,en,"['Horror', 'Comedy', 'Thriller']",['United States of America'],['English'],2010-08-26,2010.0,8.0
43930,"Tomorrow, When the War Began",27000000.0,16504936.0,103.0,4.983475,6.2,195.0,en,['Action'],['Australia'],['English'],2010-08-08,2010.0,8.0
44264,True Grit,38000000.0,252276927.0,110.0,10.730765,7.2,1701.0,en,"['Drama', 'Adventure', 'Western']",['United States of America'],['English'],2010-12-22,2010.0,12.0
20526,TRON: Legacy,170000000.0,400062763.0,125.0,21.259,6.3,2895.0,en,"['Adventure', 'Action', 'Science Fiction']",['United States of America'],['English'],2010-12-10,2010.0,12.0
44009,Another Year,8000000.0,18124262.0,129.0,5.000657,7.0,97.0,en,"['Comedy', 'Drama']",['United Kingdom'],['English'],2010-11-05,2010.0,11.0
42888,How Do You Know,120000000.0,48668907.0,121.0,5.458387,4.9,229.0,en,"['Comedy', 'Drama', 'Romance']",['United States of America'],['English'],2010-12-17,2010.0,12.0
46829,Barney's Version,30000000.0,8454301.0,134.0,7.524794,7.2,131.0,en,"['Comedy', 'Drama']","['Canada', 'Italy']",['English'],2010-10-26,2010.0,10.0
44129,The Company Men,15000000.0,4882577.0,104.0,5.858803,6.4,218.0,en,['Drama'],['United States of America'],['English'],2010-10-21,2010.0,10.0
41283,Faster,24000000.0,23081726.0,98.0,9.014972,6.1,577.0,en,"['Crime', 'Drama', 'Action', 'Thriller']",['United States of America'],['English'],2010-11-23,2010.0,11.0
27585,Rabbit Hole,5000000.0,5129058.0,91.0,7.007993,6.8,167.0,en,['Drama'],['United States of America'],['English'],2010-12-16,2010.0,12.0
39451,Little Fockers,100000000.0,310650585.0,98.0,9.73941,5.5,1092.0,en,"['Comedy', 'Romance']",['United States of America'],['English'],2010-12-21,2010.0,12.0
38745,Gulliver's Travels,112000000.0,237382724.0,85.0,7.565799,4.9,633.0,en,['Comedy'],['United States of America'],['English'],2010-12-25,2010.0,12.0
56812,The Last Circus,7000000.0,3218666.0,101.0,4.896196,6.6,95.0,es,"['Action', 'Drama', 'Thriller']","['France', 'Spain']",['Español'],2010-12-17,2010.0,12.0
33870,Mao's Last Dancer,25000000.0,20719451.0,117.0,1.862215,6.8,29.0,en,"['Drama', 'Romance']",['Australia'],"['English', '普通话']",2009-10-01,2009.0,10.0
42297,Burlesque,55000000.0,89519773.0,119.0,9.276539,6.9,581.0,en,"['Drama', 'Romance']",['United States of America'],['English'],2010-11-23,2010.0,11.0
51739,The Secret World of Arrietty,37000000.0,145570827.0,94.0,8.636052,7.4,701.0,ja,"['Fantasy', 'Animation', 'Family']",['Japan'],['日本語'],2010-07-16,2010.0,7.0
46838,Tucker and Dale vs Evil,5000000.0,5476793.0,89.0,6.771868,7.3,860.0,en,"['Comedy', 'Horror']","['Canada', 'United States of America']",['English'],2010-01-22,2010.0,1.0
41515,Yogi Bear,80000000.0,201584141.0,80.0,6.598296,5.2,228.0,en,"['Comedy', 'Family', 'Animation', 'Adventure']","['United States of America', 'New Zealand']",['English'],2010-12-11,2010.0,12.0
46689,Waste Land,1500000.0,187716.0,90.0,2.627643,7.6,34.0,en,['Documentary'],"['Brazil', 'United Kingdom']","['English', 'Português']",2010-01-24,2010.0,1.0
23830,Last Night,7000000.0,7644937.0,90.0,15.280219,6.1,243.0,en,"['Drama', 'Romance']","['France', 'United States of America']",['English'],2010-05-11,2010.0,5.0
40805,The Green Hornet,120000000.0,227817248.0,119.0,7.888013,5.5,1274.0,en,"['Action', 'Crime', 'Comedy']",['United States of America'],"['English', '普通话']",2011-01-12,2011.0,1.0
49009,The Way Back,30000000.0,20348249.0,133.0,9.402082,6.8,462.0,en,"['Drama', 'Adventure', 'History']","['Poland', 'United Arab Emirates', 'United States of America']","['English', 'Polski', 'Pусский']",2010-09-03,2010.0,9.0
46528,The Warrior's Way,42000000.0,11087569.0,100.0,5.510805,6.3,138.0,en,"['Adventure', 'Fantasy', 'Action', 'Western', 'Thriller']","['New Zealand', 'South Korea']","['English', 'ภาษาไทย']",2010-12-02,2010.0,12.0
14070,Ghajini,9100000.0,76000000.0,183.0,4.23908,6.9,84.0,hi,"['Thriller', 'Action', 'Drama', 'Mystery']",['India'],['हिन्दी'],2008-12-25,2008.0,12.0
23047,Season of the Witch,40000000.0,88100000.0,95.0,13.471159,5.2,756.0,en,"['Adventure', 'Fantasy', 'Action']",['United States of America'],"['Latin', 'English']",2011-01-07,2011.0,1.0
23174,It's Alive,11000000.0,15500000.0,80.0,0.868804,4.0,15.0,en,['Horror'],['United States of America'],['English'],2008-08-15,2008.0,8.0
49849,Cowboys & Aliens,163000000.0,174822325.0,119.0,10.958669,5.4,2054.0,en,"['Action', 'Science Fiction', 'Thriller', 'Western']",['United States of America'],['English'],2011-07-29,2011.0,7.0
44564,The Dilemma,70000000.0,67112664.0,111.0,7.513067,5.2,306.0,en,"['Comedy', 'Drama']",['United States of America'],['English'],2011-01-13,2011.0,1.0
112284,The Gorgeous Hussy,1119000.0,2019000.0,103.0,0.948775,2.5,2.0,en,"['Drama', 'History']",['United States of America'],['English'],1936-08-28,1936.0,8.0
51876,Limitless,27000000.0,161849455.0,105.0,12.114955,7.1,3888.0,en,"['Thriller', 'Mystery', 'Science Fiction']",['United States of America'],"['English', 'Italiano', 'Pусский', '普通话', 'Français']",2011-03-08,2011.0,3.0
43947,I Spit on Your Grave,2000000.0,572809.0,108.0,12.805294,6.3,537.0,en,"['Thriller', 'Crime', 'Horror']",['United States of America'],['English'],2010-06-17,2010.0,6.0
41630,No Strings Attached,25000000.0,147780440.0,107.0,8.88057,6.1,1367.0,en,"['Comedy', 'Romance']",['United States of America'],['English'],2011-01-21,2011.0,1.0
50348,The Lincoln Lawyer,40000000.0,85412898.0,119.0,6.807442,7.0,923.0,en,"['Crime', 'Drama', 'Thriller']",['United States of America'],['English'],2011-03-17,2011.0,3.0
48171,The Rite,37000000.0,96047633.0,114.0,7.128117,5.8,577.0,en,"['Drama', 'Thriller', 'Horror']","['United States of America', 'Hungary', 'Italy']","['English', 'Italiano', 'Magyar', 'Pусский', 'Latin', 'Cymraeg']",2011-01-28,2011.0,1.0
78353,Lucky Lady,13000000.0,24441725.0,118.0,0.000657,0.0,0.0,en,[],[],['English'],1975-12-25,1975.0,12.0
50217,From Prada to Nada,93.0,2500000.0,107.0,11.096527,5.0,87.0,en,"['Comedy', 'Drama', 'Romance']",['United States of America'],['English'],2011-01-28,2011.0,1.0
45272,Country Strong,15000000.0,20529194.0,117.0,4.582024,5.9,80.0,en,"['Drama', 'Romance']",['United States of America'],['English'],2010-12-22,2010.0,12.0
48138,Unknown,30000000.0,130786397.0,113.0,14.443599,6.5,1288.0,en,"['Action', 'Mystery', 'Thriller']","['France', 'Germany', 'United Kingdom']","['English', 'Deutsch', 'Türkçe', 'العربية']",2011-02-16,2011.0,2.0
48340,Sanctum,30000000.0,108609310.0,108.0,7.000775,5.8,347.0,en,"['Action', 'Thriller']","['United States of America', 'Australia']",['English'],2011-02-03,2011.0,2.0
45772,Gnomeo & Juliet,36000000.0,189712432.0,84.0,9.244469,5.8,547.0,en,"['Animation', 'Family']","['United States of America', 'United Kingdom']",['English'],2011-01-13,2011.0,1.0
50204,Burke & Hare,10000000.0,4349187.0,91.0,7.787593,6.1,151.0,en,"['Comedy', 'Thriller']",['United Kingdom'],['English'],2010-10-29,2010.0,10.0
43552,Vanishing on 7th Street,10000000.0,1068682.0,92.0,8.419427,4.8,165.0,en,"['Mystery', 'Horror', 'Thriller']",['United States of America'],['English'],2010-09-11,2010.0,9.0
39513,Paul,40000000.0,97552050.0,104.0,10.24382,6.5,1825.0,en,"['Adventure', 'Comedy', 'Science Fiction']","['United States of America', 'United Kingdom']",['English'],2011-02-14,2011.0,2.0
4704,At Long Last Love,6000000.0,1500000.0,118.0,0.619076,5.6,8.0,en,"['Comedy', 'Music', 'Romance']",['United States of America'],['English'],1975-03-01,1975.0,3.0
47327,Drive Angry,50000000.0,28931401.0,105.0,7.668829,5.3,608.0,en,"['Fantasy', 'Thriller', 'Action', 'Crime']",['United States of America'],['English'],2011-02-24,2011.0,2.0
44896,Rango,135000000.0,245724603.0,107.0,10.581925,6.6,2094.0,en,"['Animation', 'Comedy', 'Family', 'Western', 'Adventure']",['United States of America'],['English'],2011-03-02,2011.0,3.0
50725,Take Me Home Tonight,19000000.0,6928068.0,97.0,8.132811,6.2,215.0,en,"['Comedy', 'Drama', 'Romance']","['United States of America', 'Germany']",['English'],2011-03-04,2011.0,3.0
38050,The Adjustment Bureau,50200000.0,127869379.0,106.0,9.420301,6.5,1677.0,en,"['Science Fiction', 'Thriller', 'Romance']",['United States of America'],['English'],2011-03-03,2011.0,3.0
27582,The Mechanic,40000000.0,51070807.0,93.0,9.832342,6.3,1066.0,en,"['Action', 'Thriller', 'Crime']",['United States of America'],['English'],2011-01-13,2011.0,1.0
48988,Hall Pass,36000000.0,83160734.0,105.0,9.13273,5.4,627.0,en,['Comedy'],['United States of America'],['English'],2011-02-25,2011.0,2.0
49494,The Eagle,25000000.0,27122040.0,114.0,6.196929,5.9,426.0,en,"['Adventure', 'Drama']",['United States of America'],['English'],2011-02-08,2011.0,2.0
46529,I Am Number Four,50000000.0,144492830.0,109.0,9.388376,5.9,1606.0,en,"['Action', 'Thriller', 'Science Fiction', 'Adventure']",['United States of America'],"['Français', 'English']",2011-02-18,2011.0,2.0
51200,71: Into the Fire,10400000.0,20967660.0,120.0,3.106814,7.0,38.0,en,['War'],['South Korea'],"['English', '한국어/조선말']",2010-06-16,2010.0,6.0
44943,Battle: Los Angeles,70000000.0,202466756.0,116.0,6.753746,5.5,1462.0,en,"['Action', 'Science Fiction']",['United States of America'],['English'],2011-03-08,2011.0,3.0
53230,The Merry Widow,592.0,1.0,137.0,0.286719,6.5,6.0,en,"['Romance', 'Drama']",['United States of America'],[],1925-08-26,1925.0,8.0
25186,Janky Promoters,10000000.0,9069.0,85.0,1.192891,7.0,5.0,en,['Comedy'],['United States of America'],['English'],2009-10-16,2009.0,10.0
50321,Mars Needs Moms,150000000.0,38992758.0,88.0,7.24717,5.6,202.0,en,"['Adventure', 'Animation', 'Family']",['United States of America'],['English'],2011-03-09,2011.0,3.0
31162,Black Lightning,15000000.0,21500000.0,102.0,3.931527,5.3,33.0,ru,['Action'],['Russia'],['Pусский'],2009-12-31,2009.0,12.0
50546,Just Go with It,80000000.0,214918407.0,117.0,9.267959,6.3,1588.0,en,"['Romance', 'Comedy']",['United States of America'],['English'],2011-02-10,2011.0,2.0
49730,Red Riding Hood,42000000.0,89162162.0,100.0,10.174298,5.7,958.0,en,"['Fantasy', 'Thriller', 'Horror']","['Canada', 'United States of America']",['English'],2011-03-11,2011.0,3.0
38322,"Big Mommas: Like Father, Like Son",32000000.0,83615414.0,107.0,7.564777,5.3,322.0,en,"['Crime', 'Comedy', 'Action']",['United States of America'],['English'],2011-02-16,2011.0,2.0
45132,Super,2500000.0,324138.0,96.0,8.309635,6.6,446.0,en,"['Comedy', 'Action', 'Drama']",['United States of America'],['English'],2010-09-09,2010.0,9.0
46146,Troll Hunter,3500000.0,4159678.0,103.0,6.097684,6.7,590.0,nb,"['Fantasy', 'Horror']",['Norway'],['Norsk'],2010-10-29,2010.0,10.0
45612,Source Code,32000000.0,147332697.0,93.0,9.796962,7.1,2752.0,en,"['Thriller', 'Science Fiction', 'Mystery']","['Canada', 'United States of America']",['English'],2011-03-30,2011.0,3.0
23629,Sucker Punch,82000000.0,89792502.0,110.0,13.779527,5.9,1661.0,en,"['Action', 'Fantasy', 'Thriller']",['United States of America'],"['English', 'Deutsch']",2011-03-24,2011.0,3.0
58232,Chalet Girl,8000000.0,1749457.0,96.0,6.496259,6.4,209.0,en,"['Comedy', 'Romance']","['Austria', 'Germany', 'United Kingdom']","['Deutsch', 'English']",2011-02-02,2011.0,2.0
57521,Black Bread,6000000.0,3770657.0,108.0,3.546146,6.9,33.0,ca,"['Drama', 'Crime']",['Spain'],"['Català', 'Español']",2010-10-10,2010.0,10.0
49018,Insidious,1500000.0,97009150.0,103.0,17.24814,6.8,1775.0,en,"['Horror', 'Thriller']","['United States of America', 'Canada']",['English'],2010-09-13,2010.0,9.0
49010,Hobo with a Shotgun,3000000.0,748453.0,86.0,10.926038,5.7,213.0,en,"['Action', 'Comedy', 'Thriller']","['United States of America', 'Canada']",['English'],2011-05-06,2011.0,5.0
55725,Win Win,10831173.0,10654385.0,106.0,4.480723,6.7,176.0,en,"['Drama', 'Comedy']",['United States of America'],['English'],2011-03-18,2011.0,3.0
44898,The Time That Remains,6500000.0,753808.0,109.0,0.635053,6.3,9.0,it,"['Drama', 'History', 'Foreign']","['France', 'Belgium', 'Italy', 'United Kingdom']","['العربية', 'English', 'עִבְרִית']",2009-08-12,2009.0,8.0
39356,Boy,3.0,43.0,87.0,3.308503,7.5,66.0,en,"['Drama', 'Comedy']",['New Zealand'],"['English', '']",2010-02-14,2010.0,2.0
60307,Diary of a Wimpy Kid: Rodrick Rules,21000000.0,72417394.0,99.0,8.425361,6.3,250.0,en,"['Family', 'Comedy']",['United States of America'],['English'],2011-03-25,2011.0,3.0
53172,Henry's Crime,12000000.0,204940.0,108.0,5.145185,5.8,110.0,en,"['Crime', 'Comedy']",['United States of America'],['English'],2010-01-14,2010.0,1.0
50359,Hop,63000000.0,183953723.0,95.0,8.904488,5.5,338.0,en,"['Animation', 'Comedy', 'Family']",['United Kingdom'],"['English', '日本語', 'ภาษาไทย']",2011-03-30,2011.0,3.0
73191,The Nutcracker,19000000.0,2119994.0,93.0,1.418221,5.6,5.0,en,"['Family', 'Fantasy', 'Music']",['United States of America'],['English'],1993-11-24,1993.0,11.0
58857,13 Assassins,6000000.0,17555141.0,141.0,9.534232,7.1,362.0,ja,"['Adventure', 'Drama', 'Action']","['Japan', 'United Kingdom']",['日本語'],2010-09-09,2010.0,9.0
50456,Hanna,30000000.0,63782078.0,111.0,8.071196,6.5,1284.0,en,"['Action', 'Thriller', 'Adventure']","['Germany', 'United Kingdom', 'United States of America']","['English', 'Français', 'Deutsch', 'Italiano', 'العربية', 'Español']",2011-04-07,2011.0,4.0
46523,New Kids Turbo,1500000.0,8786756.0,84.0,4.330658,6.3,73.0,nl,"['Action', 'Comedy']",['Netherlands'],['Nederlands'],2010-12-09,2010.0,12.0
51423,Beyond,3000000.0,4800080.0,99.0,0.702712,6.2,10.0,sv,['Drama'],"['Finland', 'Sweden']","['suomi', 'svenska']",2010-12-10,2010.0,12.0
49012,Arthur,40000000.0,45735397.0,110.0,9.698075,5.3,270.0,en,"['Comedy', 'Romance']",['United States of America'],['English'],2011-04-08,2011.0,4.0
41446,Scream 4,40000000.0,97138686.0,111.0,10.000721,6.1,930.0,en,"['Horror', 'Mystery']",['United States of America'],['English'],2011-04-11,2011.0,4.0
46195,Rio,90000000.0,484635760.0,96.0,10.403228,6.5,2213.0,en,"['Animation', 'Adventure', 'Comedy', 'Family']",['United States of America'],"['English', 'Português']",2011-04-03,2011.0,4.0
57695,The Princess of Montpensier,14734000.0,6775121.0,139.0,2.156145,6.4,42.0,fr,"['Action', 'Drama', 'History', 'Romance']","['France', 'Germany']",['Français'],2010-11-03,2010.0,11.0
62215,Melancholia,7400000.0,21817298.0,136.0,8.124767,7.0,915.0,da,"['Drama', 'Science Fiction']","['Denmark', 'France', 'Germany', 'Sweden']",['English'],2011-05-26,2011.0,5.0
10195,Thor,150000000.0,449326618.0,115.0,29.158489,6.6,6678.0,en,"['Adventure', 'Fantasy', 'Action']",['United States of America'],['English'],2011-04-21,2011.0,4.0
56780,Atlas Shrugged Part I,15000000.0,4627375.0,97.0,3.4949,5.0,61.0,en,"['Drama', 'Thriller', 'Science Fiction', 'Mystery']",['United States of America'],['English'],2011-04-14,2011.0,4.0
48415,Welcome to the South,4000000.0,65584679.0,102.0,6.700081,6.6,395.0,it,['Comedy'],['Italy'],['Italiano'],2010-10-01,2010.0,10.0
55787,Water for Elephants,38000000.0,114156230.0,120.0,7.649466,6.7,879.0,en,"['Drama', 'Romance']",['United States of America'],"['English', 'Polski']",2011-03-15,2011.0,3.0
51497,Fast Five,125000000.0,626137675.0,130.0,1.420361,7.1,2491.0,en,"['Action', 'Thriller', 'Crime']",['United States of America'],"['English', 'Español', 'Português', 'Italiano']",2011-04-20,2011.0,4.0
54524,The Robber,3900000.0,208475.0,96.0,1.824255,6.7,31.0,de,"['Drama', 'Thriller', 'Crime']","['Austria', 'Germany']","['English', 'Deutsch', 'Italiano']",2010-02-14,2010.0,2.0
46738,Incendies,6800000.0,7103838.0,130.0,8.596012,7.9,496.0,fr,"['Drama', 'War', 'Mystery']","['Canada', 'France']","['Français', 'العربية', 'English']",2010-09-04,2010.0,9.0
43959,Soul Surfer,18000000.0,47088990.0,106.0,11.009053,6.9,355.0,en,"['Family', 'Action', 'Drama']",['United States of America'],['English'],2011-04-08,2011.0,4.0
49022,Something Borrowed,35000000.0,59901913.0,112.0,5.47309,5.9,304.0,en,"['Comedy', 'Drama', 'Romance']",['United States of America'],['English'],2011-05-05,2011.0,5.0
55721,Bridesmaids,32500000.0,288383523.0,125.0,6.810991,6.5,1697.0,en,"['Comedy', 'Romance']",['United States of America'],['English'],2011-04-28,2011.0,4.0
38321,Priest,60000000.0,78309131.0,87.0,8.259952,5.4,710.0,en,"['Action', 'Science Fiction', 'Fantasy', 'Thriller', 'Horror']",['United States of America'],"['Português', 'English', 'ภาษาไทย']",2011-05-05,2011.0,5.0
46849,Eye of the Dolphin,2500000.0,71904.0,100.0,0.46335,7.1,7.0,en,['Drama'],['United States of America'],['English'],2007-08-24,2007.0,8.0
50780,The Beaver,21000000.0,970816.0,91.0,5.484379,6.2,281.0,en,['Drama'],"['United Arab Emirates', 'United States of America']",['English'],2011-02-11,2011.0,2.0
1865,Pirates of the Caribbean: On Stranger Tides,380000000.0,1045713802.0,136.0,27.88772,6.4,5068.0,en,"['Adventure', 'Action', 'Fantasy']",['United States of America'],"['English', 'Español']",2011-05-14,2011.0,5.0
59436,Midnight in Paris,30000000.0,151119219.0,94.0,11.43256,7.4,2049.0,en,"['Fantasy', 'Comedy', 'Romance']","['Spain', 'United States of America']","['English', 'Français', 'Deutsch', 'Español']",2011-05-11,2011.0,5.0
8967,The Tree of Life,32000000.0,54674226.0,139.0,11.204539,6.5,1009.0,en,"['Drama', 'Fantasy']",['United States of America'],['English'],2011-05-18,2011.0,5.0
45243,The Hangover Part II,80000000.0,254455986.0,102.0,21.893532,6.2,3836.0,en,['Comedy'],['United States of America'],"['English', 'ภาษาไทย']",2011-05-25,2011.0,5.0
42889,The Virginity Hit,2000000.0,563706.0,120.0,2.235068,4.6,19.0,en,['Comedy'],['United States of America'],"['English', 'Français']",2010-09-10,2010.0,9.0
57276,Pina,4317946.0,14624826.0,106.0,12.452985,7.3,76.0,de,['Documentary'],"['France', 'Germany', 'United Kingdom']","['Hrvatski', 'English', 'Français', 'Deutsch', 'Italiano', '한국어/조선말', 'Português', 'Pусский', 'Español']",2011-02-24,2011.0,2.0
49950,The Roommate,16000000.0,40492759.0,91.0,8.453293,5.3,230.0,en,"['Thriller', 'Drama', 'Horror']",['United States of America'],['English'],2011-02-04,2011.0,2.0
44945,Trust,9500000.0,120000.0,104.0,7.778097,6.6,314.0,en,"['Crime', 'Drama', 'Thriller']",['United States of America'],['English'],2010-09-10,2010.0,9.0
38850,Stolen,2000000.0,7306.0,97.0,2.300459,6.5,28.0,en,"['Crime', 'Drama', 'Mystery', 'Thriller']",['United States of America'],['English'],2009-10-10,2009.0,10.0
42571,The Double Hour,3906840.0,4300000.0,95.0,2.382068,6.3,26.0,it,"['Crime', 'Drama', 'Mystery', 'Romance', 'Thriller']",['Italy'],"['Italiano', 'Español']",2009-10-09,2009.0,10.0
59678,Attack the Block,14350531.0,3964682.0,88.0,9.93263,6.3,748.0,en,"['Action', 'Comedy', 'Science Fiction']",['United Kingdom'],['English'],2011-05-12,2011.0,5.0
49444,Kung Fu Panda 2,150000000.0,665692281.0,91.0,11.481921,6.7,1925.0,en,"['Animation', 'Family']",['United States of America'],['English'],2011-05-25,2011.0,5.0
49538,X-Men: First Class,160000000.0,353624124.0,132.0,0.738633,7.1,5252.0,en,"['Action', 'Science Fiction', 'Adventure']",['United States of America'],"['Deutsch', 'English', 'Español', 'Français', 'Pусский']",2011-05-24,2011.0,5.0
52505,The Other Woman,30000000.0,102000000.0,98.0,6.212898,6.0,131.0,en,['Drama'],['United States of America'],['English'],2010-10-28,2010.0,10.0
45658,Everything Must Go,5000000.0,2614773.0,97.0,4.779994,6.0,210.0,en,"['Comedy', 'Drama', 'Romance']",['United States of America'],['English'],2010-10-15,2010.0,10.0
55347,Beginners,3200000.0,5332926.0,105.0,6.72639,6.8,353.0,en,"['Drama', 'Romance', 'Comedy']",['United States of America'],"['English', 'Français']",2010-09-11,2010.0,9.0
37686,Super 8,50000000.0,260095987.0,112.0,19.529911,6.6,2496.0,en,"['Thriller', 'Science Fiction', 'Mystery']",['United States of America'],['English'],2011-06-08,2011.0,6.0
44912,Green Lantern,200000000.0,219851172.0,114.0,13.985631,5.1,2551.0,en,"['Adventure', 'Action', 'Thriller', 'Science Fiction']",['United States of America'],['English'],2011-06-16,2011.0,6.0
58224,Mr. Popper's Penguins,55000000.0,187361754.0,94.0,15.214342,5.7,775.0,en,"['Comedy', 'Family']",['United States of America'],['English'],2011-06-17,2011.0,6.0
52449,Bad Teacher,20000000.0,216197492.0,92.0,7.310686,5.4,1634.0,en,['Comedy'],['United States of America'],['English'],2011-05-16,2011.0,5.0
35688,Why Did I Get Married Too?,20000000.0,60072596.0,121.0,2.576815,6.1,29.0,en,"['Comedy', 'Romance']",['United States of America'],['English'],2010-04-02,2010.0,4.0
38356,Transformers: Dark of the Moon,195000000.0,1123746996.0,154.0,4.503505,6.1,3351.0,en,"['Action', 'Science Fiction', 'Adventure']",['United States of America'],['English'],2011-06-28,2011.0,6.0
59861,Larry Crowne,30000000.0,36160375.0,98.0,10.778028,5.7,369.0,en,"['Comedy', 'Romance', 'Drama']",['United States of America'],['English'],2011-06-30,2011.0,6.0
38319,Your Highness,49900000.0,26121638.0,102.0,5.67375,5.2,511.0,en,['Comedy'],['United States of America'],['English'],2011-04-08,2011.0,4.0
60062,Judy Moody and the Not Bummer Summer,20000000.0,14166853.0,91.0,2.321394,5.1,14.0,en,"['Comedy', 'Family']",['United States of America'],['English'],2011-06-10,2011.0,6.0
22907,Takers,32000000.0,69055695.0,107.0,7.000421,6.1,399.0,en,"['Action', 'Crime', 'Drama', 'Thriller']",['United States of America'],['English'],2010-08-26,2010.0,8.0
38317,Zookeeper,80000000.0,169852759.0,102.0,11.341084,5.3,509.0,en,"['Comedy', 'Romance', 'Family']",['United States of America'],['English'],2011-07-06,2011.0,7.0
51540,Horrible Bosses,35000000.0,117000000.0,98.0,9.856955,6.4,2341.0,en,"['Comedy', 'Crime']",['United States of America'],['English'],2011-07-08,2011.0,7.0
49013,Cars 2,200000000.0,559852396.0,106.0,13.693002,5.8,2088.0,en,"['Animation', 'Family', 'Adventure', 'Comedy']",['United States of America'],"['English', '日本語', 'Italiano', 'Français']",2011-06-11,2011.0,6.0
108923,The Mysterious Lady,337.0,551.0,89.0,0.76593,7.5,6.0,en,"['Adventure', 'Drama']",['United States of America'],[],1928-08-04,1928.0,8.0
45657,The Ward,10000000.0,498974.0,88.0,5.727987,5.8,334.0,en,"['Horror', 'Thriller']",['United States of America'],['English'],2010-09-13,2010.0,9.0
67109,Delhi Belly,4090000.0,18035000.0,102.0,1.932489,7.0,39.0,hi,"['Action', 'Comedy', 'Foreign']",['India'],"['English', 'हिन्दी']",2011-07-01,2011.0,7.0
59860,Monte Carlo,20000000.0,17425000.0,109.0,8.34835,6.0,611.0,en,"['Adventure', 'Comedy', 'Romance']","['Hungary', 'United States of America']",['English'],2011-07-01,2011.0,7.0
12445,Harry Potter and the Deathly Hallows: Part 2,125000000.0,1342000000.0,130.0,24.990737,7.9,6141.0,en,"['Family', 'Fantasy', 'Adventure']","['United Kingdom', 'United States of America']",['English'],2011-07-07,2011.0,7.0
64690,Drive,15000000.0,78054825.0,100.0,15.388875,7.4,3832.0,en,"['Drama', 'Action', 'Thriller', 'Crime']",['United States of America'],['English'],2011-08-06,2011.0,8.0
58882,Snow Flower and the Secret Fan,134005.0,1332231.0,104.0,2.003832,5.3,22.0,en,"['Drama', 'History']",['China'],"['普通话', 'English']",2011-07-15,2011.0,7.0
1771,Captain America: The First Avenger,140000000.0,370569774.0,124.0,19.323582,6.6,7174.0,en,"['Action', 'Adventure', 'Science Fiction']",['United States of America'],"['Français', 'Norsk', 'English']",2011-07-22,2011.0,7.0
50646,"Crazy, Stupid, Love.",50000000.0,142851197.0,118.0,10.246173,7.0,2522.0,en,"['Comedy', 'Drama', 'Romance']",['United States of America'],['English'],2011-07-29,2011.0,7.0
51828,One Day,15000000.0,59389433.0,107.0,11.239012,7.0,1006.0,en,"['Drama', 'Romance']","['United Kingdom', 'United States of America']",['English'],2011-03-02,2011.0,3.0
67913,The Guard,6000000.0,19560274.0,96.0,11.256636,6.8,378.0,en,"['Action', 'Comedy', 'Thriller', 'Crime']",['Ireland'],"['Gaeilge', 'English']",2011-07-07,2011.0,7.0
51162,Winnie the Pooh,30000000.0,14460000.0,63.0,7.357682,6.8,263.0,en,"['Animation', 'Family']",['United States of America'],['English'],2011-04-13,2011.0,4.0
42481,The Goalie's Anxiety at the Penalty Kick,410000.0,100.0,101.0,0.769053,3.5,5.0,de,"['Crime', 'Drama']","['Germany', 'Austria']",['Deutsch'],1972-02-19,1972.0,2.0
41513,The Smurfs,110000000.0,563749323.0,103.0,10.219758,5.5,1201.0,en,"['Animation', 'Family', 'Adventure', 'Comedy', 'Fantasy']",['United States of America'],['English'],2011-07-29,2011.0,7.0
43935,Dylan Dog: Dead of Night,20000000.0,4634062.0,107.0,12.763976,4.5,142.0,en,"['Action', 'Comedy', 'Horror', 'Mystery', 'Science Fiction', 'Thriller']",['United States of America'],"['English', 'Türkçe']",2011-03-16,2011.0,3.0
50544,Friends with Benefits,35000000.0,150483765.0,109.0,10.009007,6.5,2306.0,en,"['Romance', 'Comedy']",['United States of America'],['English'],2011-07-21,2011.0,7.0
12819,Alpha and Omega,20000000.0,39300000.0,88.0,8.16645,5.3,125.0,en,"['Family', 'Animation']","['United States of America', 'India']",['English'],2010-09-17,2010.0,9.0
33927,Deadfall,10000000.0,18.0,98.0,1.145806,3.1,14.0,en,"['Crime', 'Drama', 'Thriller']",['United States of America'],"['English', 'Español']",1993-10-08,1993.0,10.0
55846,Blitz,15774948.0,741875.0,97.0,9.491865,6.0,496.0,en,"['Crime', 'Action', 'Thriller']","['United Kingdom', 'United States of America', 'France']",['English'],2011-05-20,2011.0,5.0
59968,Our Idiot Brother,10000000.0,17273593.0,90.0,5.918193,5.9,369.0,en,"['Comedy', 'Drama']",['United States of America'],['English'],2011-08-26,2011.0,8.0
39806,Princess Kaiulani,9000000.0,771499.0,130.0,1.818296,4.8,14.0,en,['Drama'],['United States of America'],['English'],2010-05-14,2010.0,5.0
63943,West Is West,3837625.0,3867000.0,103.0,0.749665,6.3,15.0,en,['Comedy'],['United Kingdom'],"['English', 'ਪੰਜਾਬੀ']",2010-10-19,2010.0,10.0
61791,Rise of the Planet of the Apes,93000000.0,482860185.0,105.0,41.613762,7.0,4452.0,en,"['Thriller', 'Action', 'Drama', 'Science Fiction']",['United States of America'],['English'],2011-08-03,2011.0,8.0
49520,The Change-Up,52000000.0,75450437.0,112.0,6.906145,5.9,753.0,en,['Comedy'],['United States of America'],['English'],2011-08-05,2011.0,8.0
50014,The Help,25000000.0,124272124.0,146.0,7.486118,7.9,1966.0,en,['Drama'],"['India', 'United Arab Emirates', 'United States of America']",['English'],2011-08-09,2011.0,8.0
62206,30 Minutes or Less,28000000.0,40547440.0,83.0,9.763493,5.6,537.0,en,"['Action', 'Adventure', 'Comedy']","['United States of America', 'Germany', 'Canada']","['English', 'Deutsch', 'Español']",2011-08-11,2011.0,8.0
67675,Glee: The Concert Movie,9000000.0,18663238.0,84.0,9.202416,6.9,81.0,en,"['Documentary', 'Music', 'Family']",['United States of America'],['English'],2011-08-11,2011.0,8.0
55779,Final Destination 5,47000000.0,157887643.0,92.0,12.912491,5.9,892.0,en,"['Horror', 'Mystery']",['United States of America'],"['English', '广州话 / 廣州話']",2011-08-12,2011.0,8.0
60309,The Conspirator,25000000.0,15478800.0,122.0,5.481452,6.2,138.0,en,"['Crime', 'Drama', 'History']",['United States of America'],['English'],2010-09-10,2010.0,9.0
55465,A Very Harold & Kumar Christmas,19000000.0,35387212.0,108.0,10.724679,6.0,335.0,en,['Comedy'],['United States of America'],['English'],2011-11-04,2011.0,11.0
40794,Loose Cannons,7000000.0,8220215.0,110.0,5.633243,7.1,122.0,it,"['Comedy', 'Drama', 'Romance']",['Italy'],['Italiano'],2010-02-12,2010.0,2.0
56288,Spy Kids: All the Time in the World,27000000.0,85564310.0,89.0,9.580214,4.4,228.0,en,"['Family', 'Comedy', 'Action']",['United States of America'],['English'],2011-08-18,2011.0,8.0
111960,Miranda,784170.0,834332.0,80.0,0.578456,6.8,6.0,en,"['Comedy', 'Drama', 'Fantasy', 'Romance', 'Science Fiction']",['United Kingdom'],['English'],1948-04-06,1948.0,4.0
46261,Don't Be Afraid of the Dark,25000000.0,36993168.0,99.0,8.67817,5.4,347.0,en,"['Fantasy', 'Horror', 'Thriller']","['United States of America', 'Australia', 'Mexico']",['English'],2010-11-06,2010.0,11.0
58151,Fright Night,17000000.0,24922237.0,106.0,9.665251,6.0,617.0,en,"['Horror', 'Comedy']","['United Kingdom', 'United States of America']",['English'],2011-08-18,2011.0,8.0
55420,Another Earth,100000.0,1776935.0,92.0,8.957372,6.8,535.0,en,"['Drama', 'Science Fiction']",['United States of America'],['English'],2011-07-22,2011.0,7.0
44835,Hesher,7000000.0,382946.0,106.0,5.886972,6.7,218.0,en,['Drama'],['United States of America'],['English'],2010-01-22,2010.0,1.0
52015,Stake Land,650000.0,33245.0,98.0,7.814255,6.2,290.0,en,"['Drama', 'Horror', 'Action', 'Thriller', 'Science Fiction']",['United States of America'],['English'],2010-09-30,2010.0,9.0
48289,The Debt,20000000.0,45636368.0,113.0,8.426611,6.2,261.0,en,"['Drama', 'Thriller']",['United States of America'],"['Pусский', 'English', 'Deutsch']",2010-04-11,2010.0,4.0
62835,Colombiana,40000000.0,60965854.0,108.0,8.062578,6.5,848.0,en,"['Action', 'Thriller', 'Crime', 'Drama']",['France'],"['English', 'Español']",2011-07-27,2011.0,7.0
43942,Freakonomics,3000000.0,103735.0,93.0,2.444847,6.7,36.0,en,['Documentary'],['United States of America'],['English'],2010-10-01,2010.0,10.0
63311,The Skin I Live In,13000000.0,5774854.0,117.0,9.782542,7.4,797.0,es,"['Drama', 'Horror', 'Mystery', 'Thriller']",['Spain'],['Español'],2011-08-17,2011.0,8.0
37430,Conan the Barbarian,90000000.0,48795021.0,113.0,10.949076,5.2,612.0,en,"['Adventure', 'Fantasy', 'Action']",['United States of America'],['English'],2011-08-17,2011.0,8.0
51588,Prom,8000000.0,10130000.0,104.0,6.167646,5.7,139.0,en,['Comedy'],['United States of America'],['English'],2011-04-29,2011.0,4.0
48572,Red State,4000000.0,1104682.0,88.0,6.340655,5.9,321.0,en,"['Horror', 'Action', 'Thriller']",['United States of America'],['English'],2011-08-19,2011.0,8.0
55720,A Better Life,10000000.0,1759252.0,98.0,3.033797,7.0,54.0,en,['Drama'],['United States of America'],"['English', 'Español']",2011-06-24,2011.0,6.0
70868,I Don't Know How She Does It,24000000.0,30551495.0,89.0,6.562982,5.0,142.0,en,"['Romance', 'Comedy']",['United States of America'],['English'],2011-09-16,2011.0,9.0
65055,Shark Night,28000000.0,10126458.0,91.0,6.062425,4.9,134.0,en,"['Horror', 'Thriller']",['United States of America'],"['English', 'Português']",2011-09-02,2011.0,9.0
39538,Contagion,60000000.0,137551594.0,106.0,8.244359,6.2,1351.0,en,"['Drama', 'Thriller', 'Science Fiction']","['United States of America', 'United Arab Emirates']","['English', '广州话 / 廣州話', '普通话']",2011-09-08,2011.0,9.0
64639,Straw Dogs,25000000.0,10324441.0,110.0,8.048422,5.5,147.0,en,"['Drama', 'Thriller']",['United States of America'],['English'],2011-09-16,2011.0,9.0
60308,Moneyball,50000000.0,110206216.0,133.0,15.785663,7.0,1409.0,en,['Drama'],['United States of America'],['English'],2011-09-22,2011.0,9.0
47760,Restless,8000000.0,163265.0,91.0,6.140556,6.3,156.0,en,"['Drama', 'Romance']",['United States of America'],['English'],2011-09-16,2011.0,9.0
24428,The Avengers,220000000.0,1519557910.0,143.0,89.887648,7.4,12000.0,en,"['Science Fiction', 'Action', 'Adventure']",['United States of America'],['English'],2012-04-25,2012.0,4.0
48231,A Dangerous Method,15000000.0,27462041.0,99.0,9.865944,6.2,589.0,en,"['Drama', 'Thriller']","['Switzerland', 'United Kingdom', 'Germany', 'Canada']",['English'],2011-09-30,2011.0,9.0
59440,Warrior,25000000.0,23057115.0,140.0,13.121626,7.7,1297.0,en,"['Action', 'Drama']",['United States of America'],['English'],2011-09-09,2011.0,9.0
10316,The Ides of March,12500000.0,75993061.0,101.0,6.82647,6.5,924.0,en,['Drama'],['United States of America'],['English'],2011-09-24,2011.0,9.0
74725,Kill List,500000.0,171760.0,95.0,15.014569,6.0,214.0,en,"['Horror', 'Thriller', 'Crime']",['United Kingdom'],"['svenska', 'English']",2011-09-02,2011.0,9.0
49021,Killer Elite,66000000.0,57777106.0,116.0,8.046632,6.1,703.0,en,"['Action', 'Adventure', 'Thriller']","['Australia', 'United States of America']",['English'],2011-09-23,2011.0,9.0
37822,Badmaash Company,6250000.0,8500000.0,144.0,1.490661,5.6,17.0,hi,"['Comedy', 'Crime', 'Drama']",['India'],['हिन्दी'],2010-05-07,2010.0,5.0
58699,Bellflower,17000.0,101236.0,106.0,7.759376,6.4,54.0,en,"['Action', 'Drama', 'Romance']",['United States of America'],['English'],2011-04-16,2011.0,4.0
40807,50/50,8000000.0,39187783.0,100.0,11.869481,7.0,1287.0,en,"['Comedy', 'Drama']",['United States of America'],['English'],2011-09-30,2011.0,9.0
74643,The Artist,15000000.0,133432856.0,100.0,11.440948,7.3,1075.0,en,"['Drama', 'Comedy', 'Romance']","['Belgium', 'France']",['Français'],2011-05-15,2011.0,5.0
148284,Enthiran,26400000.0,62000000.0,155.0,4.330396,6.5,46.0,ta,"['Action', 'Comedy', 'Drama', 'Romance', 'Science Fiction']",['India'],"['English', 'தமிழ்', 'हिन्दी']",2010-10-01,2010.0,10.0
64720,Take Shelter,5000000.0,3099314.0,120.0,5.59686,7.1,479.0,en,"['Thriller', 'Drama']",['United States of America'],['English'],2011-11-25,2011.0,11.0
42707,Road to Nowhere,5000000.0,27046.0,121.0,1.744659,5.0,18.0,en,"['Mystery', 'Thriller']",['United States of America'],['English'],2011-04-13,2011.0,4.0
56401,The Music Never Stopped,4000000.0,253899.0,105.0,13.504065,7.3,42.0,en,['Drama'],['United States of America'],['English'],2011-03-18,2011.0,3.0
39254,Real Steel,110000000.0,299268508.0,127.0,19.265552,6.6,2749.0,en,"['Action', 'Science Fiction', 'Drama']","['India', 'United States of America']",['English'],2011-09-28,2011.0,9.0
68817,Footloose,24000000.0,63543328.0,113.0,6.162257,6.4,438.0,en,"['Drama', 'Music', 'Romance']",['United States of America'],['English'],2011-10-06,2011.0,10.0
60935,The Thing,35000000.0,28128670.0,103.0,10.169411,6.0,876.0,en,"['Horror', 'Science Fiction', 'Mystery', 'Thriller']","['United States of America', 'Canada']","['English', 'Norsk', 'Dansk']",2011-10-12,2011.0,10.0
71859,We Need to Talk About Kevin,7000000.0,6038942.0,112.0,5.325574,7.4,687.0,en,"['Drama', 'Thriller']","['United Kingdom', 'United States of America']",['English'],2011-09-28,2011.0,9.0
52451,The Three Musketeers,75000000.0,132274484.0,110.0,6.303466,5.6,945.0,en,"['Adventure', 'Action', 'Thriller']","['United States of America', 'Germany', 'France', 'United Kingdom']",['English'],2011-08-31,2011.0,8.0
49530,In Time,40000000.0,173930596.0,109.0,10.324613,6.7,3512.0,en,"['Action', 'Thriller', 'Science Fiction']",['United States of America'],['English'],2011-10-27,2011.0,10.0
44754,Margaret,14000000.0,46495.0,149.0,5.113573,6.1,86.0,en,['Drama'],['United States of America'],['English'],2011-09-30,2011.0,9.0
72113,Carnage,25000000.0,27603069.0,80.0,8.844835,7.0,760.0,en,"['Comedy', 'Drama']","['Spain', 'France', 'Germany', 'Poland']",['English'],2011-09-16,2011.0,9.0
50839,Margin Call,3500000.0,19504039.0,107.0,8.340757,6.7,531.0,en,"['Thriller', 'Drama']",['United States of America'],['English'],2011-09-28,2011.0,9.0
72571,Paranormal Activity 3,5000000.0,205703818.0,83.0,10.996308,5.9,685.0,en,['Horror'],['United States of America'],['English'],2011-10-19,2011.0,10.0
58233,Johnny English Reborn,45000000.0,160078586.0,101.0,10.668658,6.0,1026.0,en,"['Crime', 'Adventure', 'Action', 'Comedy', 'Thriller']","['United Kingdom', 'Hong Kong', 'China']","['Deutsch', '广州话 / 廣州話', 'English', '普通话', 'Pусский']",2011-09-15,2011.0,9.0
59965,Abduction,35000000.0,82087155.0,106.0,10.512109,5.6,987.0,en,"['Thriller', 'Action', 'Mystery']",['United States of America'],['English'],2011-09-22,2011.0,9.0
53487,This Must Be the Place,25000000.0,11790979.0,118.0,10.710831,6.7,275.0,en,['Drama'],"['Italy', 'France', 'Ireland', 'Austria']","['Français', 'Magyar']",2011-10-01,2011.0,10.0
76025,Shame,6500000.0,17693675.0,100.0,11.72049,7.0,897.0,en,['Drama'],['United Kingdom'],['English'],2011-10-02,2011.0,10.0
63492,What's Your Number?,20000000.0,30426096.0,106.0,6.958086,6.2,689.0,en,"['Comedy', 'Romance']",['United States of America'],['English'],2011-09-30,2011.0,9.0
69668,Dream House,50000000.0,38502340.0,84.0,9.995617,5.8,401.0,en,"['Drama', 'Thriller', 'Mystery']","['Canada', 'United States of America']",['English'],2011-09-30,2011.0,9.0
32909,Mulan: Rise of a Warrior,12000000.0,13380561.0,115.0,2.977779,6.9,43.0,zh,"['Adventure', 'Drama', 'Action']",['China'],"['English', '普通话']",2009-11-26,2009.0,11.0
45610,Machine Gun Preacher,30000000.0,2527904.0,129.0,5.87767,6.4,292.0,en,"['Action', 'Thriller', 'Crime']",['United States of America'],"['العربية', 'English']",2011-09-23,2011.0,9.0
61891,Anonymous,30000000.0,15395087.0,130.0,13.413895,6.3,291.0,en,"['Drama', 'History', 'Thriller']","['United Kingdom', 'Germany']",['English'],2011-10-21,2011.0,10.0
59108,Tower Heist,75000000.0,152930623.0,104.0,7.762917,5.8,945.0,en,"['Action', 'Comedy']",['United States of America'],['English'],2011-11-02,2011.0,11.0
88794,J. Edgar,35000000.0,84606030.0,137.0,9.529382,6.0,766.0,en,"['Drama', 'Crime', 'History']",['United States of America'],['English'],2011-11-09,2011.0,11.0
73499,The Double,17000000.0,3696232.0,98.0,5.498819,5.8,226.0,en,"['Action', 'Drama', 'Crime']",['United States of America'],['English'],2011-10-27,2011.0,10.0
17578,The Adventures of Tintin,130000000.0,371940071.0,107.0,19.201504,6.7,2095.0,en,"['Adventure', 'Animation', 'Mystery']","['New Zealand', 'United States of America']",['English'],2011-10-25,2011.0,10.0
44826,Hugo,170000000.0,185770160.0,126.0,14.046164,7.0,2197.0,en,"['Adventure', 'Drama', 'Family']","['France', 'United States of America', 'United Kingdom']",['English'],2011-11-22,2011.0,11.0
50875,Higher Ground,2000000.0,841733.0,109.0,1.137468,5.3,14.0,en,"['Drama', 'Thriller']",['United States of America'],['English'],2011-08-26,2011.0,8.0
70578,Trespass,36000000.0,9612469.0,91.0,9.540381,5.4,333.0,en,"['Crime', 'Drama', 'Thriller']",['United States of America'],['English'],2011-10-13,2011.0,10.0
37958,Immortals,75000000.0,226904017.0,110.0,10.363671,5.7,898.0,en,"['Fantasy', 'Action', 'Drama']",['United States of America'],"['ελληνικά', 'English']",2011-11-10,2011.0,11.0
71880,Jack and Jill,79000000.0,149673788.0,91.0,6.620033,4.0,619.0,en,['Comedy'],['United States of America'],['English'],2011-11-11,2011.0,11.0
62630,The Devil's Double,19100000.0,5728213.0,109.0,6.681211,6.5,208.0,en,"['Drama', 'Action', 'Thriller', 'Crime', 'War']","['Netherlands', 'Belgium']",['English'],2011-02-11,2011.0,2.0
70586,Setup,20000000.0,2128186.0,85.0,4.850968,4.7,150.0,en,"['Action', 'Crime', 'Drama', 'Thriller']",['United States of America'],['English'],2011-11-04,2011.0,11.0
60422,Another Happy Day,4000000.0,355688.0,119.0,3.496577,6.2,37.0,en,"['Comedy', 'Drama']",['United States of America'],"['English', 'Français', 'Deutsch']",2011-11-18,2011.0,11.0
55292,Shaolin,29000000.0,33662874.0,131.0,5.311245,6.5,102.0,cn,"['Action', 'Drama']","['China', 'Hong Kong']","['Français', '普通话', 'Polski']",2011-01-20,2011.0,1.0
9364,Wuthering Heights,8000000.0,100915.0,129.0,5.276685,6.0,75.0,en,"['Drama', 'Romance']",['United Kingdom'],['English'],2011-09-05,2011.0,9.0
65057,The Descendants,20000000.0,177243185.0,115.0,11.794753,6.7,956.0,en,"['Comedy', 'Drama']",['United States of America'],['English'],2011-09-09,2011.0,9.0
60420,Like Crazy,250000.0,3542353.0,90.0,8.002786,6.5,386.0,en,"['Drama', 'Romance']",['United States of America'],['English'],2011-10-28,2011.0,10.0
64328,The Muppets,45000000.0,165184237.0,103.0,10.214369,6.5,509.0,en,"['Comedy', 'Family', 'Music']",['United States of America'],['English'],2011-11-22,2011.0,11.0
50619,The Twilight Saga: Breaking Dawn - Part 1,110000000.0,712171856.0,117.0,25.9725,5.8,2622.0,en,"['Adventure', 'Fantasy', 'Romance']",['United States of America'],"['English', 'Português']",2011-03-15,2011.0,3.0
57212,War Horse,66000000.0,177584879.0,146.0,8.166363,7.0,1016.0,en,"['Drama', 'War']",['United States of America'],"['ภาษาไทย', 'English']",2011-12-25,2011.0,12.0
23514,The Rum Diary,45000000.0,24000000.0,120.0,10.110504,5.6,391.0,en,"['Drama', 'Comedy']",['United States of America'],"['English', 'Deutsch', 'Español']",2011-10-13,2011.0,10.0
75900,My Week with Marilyn,6400000.0,35057696.0,99.0,12.203066,6.6,418.0,en,['Drama'],['United Kingdom'],['English'],2011-10-17,2011.0,10.0
79120,Weekend,8000.0,484592.0,96.0,4.727171,7.5,164.0,en,"['Drama', 'Romance']",['United Kingdom'],['English'],2011-09-22,2011.0,9.0
70590,Singham,3062000.0,25034000.0,143.0,2.07741,7.0,33.0,hi,"['Drama', 'Action', 'Crime']",['India'],"['English', '', 'हिन्दी', '']",2011-07-22,2011.0,7.0
20002,Chandni Chowk To China,10500000.0,9400000.0,149.0,1.970481,5.3,13.0,hi,"['Action', 'Adventure', 'Comedy', 'Drama']",['India'],"['Deutsch', 'हिन्दी']",2009-01-16,2009.0,1.0
38336,Hipsters,15000000.0,16810383.0,130.0,2.587727,6.2,25.0,ru,"['Drama', 'Romance']",['Russia'],['Pусский'],2008-12-25,2008.0,12.0
53457,Sarah's Key,10000000.0,17511906.0,111.0,6.091224,7.2,200.0,fr,"['Drama', 'War']",['France'],"['English', 'Français', 'Deutsch', 'Italiano', '']",2010-09-16,2010.0,9.0
57431,The Sitter,25000000.0,34942188.0,81.0,13.105682,5.4,330.0,en,['Comedy'],['United States of America'],['English'],2011-12-09,2011.0,12.0
64685,Extremely Loud & Incredibly Close,40000000.0,55247881.0,129.0,7.82605,6.9,726.0,en,['Drama'],['United States of America'],['English'],2011-12-24,2011.0,12.0
75622,Rampart,12000000.0,972512.0,108.0,5.874878,5.3,135.0,en,"['Crime', 'Drama']",['United States of America'],['English'],2011-11-23,2011.0,11.0
65759,Happy Feet Two,130000000.0,150406466.0,100.0,9.141045,5.8,381.0,en,"['Animation', 'Comedy', 'Family']",['Australia'],['English'],2011-11-17,2011.0,11.0
56601,The Perfect Game,12500000.0,3878993.0,118.0,1.830829,6.3,31.0,en,"['Drama', 'Family']",['United States of America'],['English'],2010-04-01,2010.0,4.0
62046,Flypaper,5000000.0,3142154.0,87.0,8.132748,6.2,261.0,en,"['Mystery', 'Comedy', 'Crime']","['Germany', 'United States of America']",['English'],2011-08-19,2011.0,8.0
70074,Bullet to the Head,55000000.0,9489829.0,92.0,8.26008,5.2,490.0,en,"['Action', 'Crime', 'Thriller']","['Switzerland', 'United States of America']",['English'],2013-01-31,2013.0,1.0
76163,The Expendables 2,100000000.0,312573423.0,103.0,14.881566,6.1,2940.0,en,"['Action', 'Adventure', 'Thriller']",['United States of America'],['English'],2012-08-08,2012.0,8.0
43546,Bathing Beauty,2361000.0,6892000.0,101.0,0.789574,7.0,4.0,en,"['Comedy', 'Music']",['United States of America'],"['English', 'Español', 'Français']",1944-07-01,1944.0,7.0
70160,The Hunger Games,75000000.0,691210692.0,142.0,20.031667,6.9,9634.0,en,"['Science Fiction', 'Adventure', 'Fantasy']",['United States of America'],['English'],2012-03-12,2012.0,3.0
49026,The Dark Knight Rises,250000000.0,1084939099.0,165.0,20.58258,7.6,9263.0,en,"['Action', 'Crime', 'Drama', 'Thriller']",['United States of America'],['English'],2012-07-16,2012.0,7.0
49040,The Bourne Legacy,130000000.0,276572938.0,120.0,14.89499,6.0,2683.0,en,"['Action', 'Thriller']",['United States of America'],"['English', 'Pусский']",2012-08-08,2012.0,8.0
58574,Sherlock Holmes: A Game of Shadows,125000000.0,334615000.0,129.0,18.695329,7.0,3971.0,en,"['Adventure', 'Action', 'Crime', 'Mystery']",['United States of America'],['English'],2011-11-22,2011.0,11.0
66150,Life in a Day,45202.0,225861.0,95.0,4.955542,7.3,84.0,en,['Documentary'],"['United Kingdom', 'United States of America']",['English'],2011-01-27,2011.0,1.0
101173,Coriolanus,7700000.0,1072602.0,123.0,6.914615,5.9,133.0,en,"['Drama', 'Thriller']","['Italy', 'Serbia and Montenegro', 'United States of America']",['English'],2011-02-14,2011.0,2.0
57157,Young Adult,12000000.0,22939027.0,94.0,6.142913,5.6,368.0,en,"['Comedy', 'Drama']",['United States of America'],['English'],2011-12-16,2011.0,12.0
62838,New Year's Eve,56000000.0,142044638.0,118.0,6.948818,5.7,744.0,en,"['Comedy', 'Romance']",['United States of America'],['English'],2011-12-08,2011.0,12.0
56292,Mission: Impossible - Ghost Protocol,145000000.0,694713380.0,133.0,14.25843,6.8,4026.0,en,"['Action', 'Thriller', 'Adventure']","['Czech Republic', 'United States of America', 'United Arab Emirates']","['English', 'Pусский', 'Français', 'العربية', 'svenska']",2011-12-07,2011.0,12.0
74465,We Bought a Zoo,50000000.0,120081841.0,124.0,10.563152,6.5,928.0,en,"['Drama', 'Comedy', 'Family']",['United States of America'],['English'],2011-12-22,2011.0,12.0
65754,The Girl with the Dragon Tattoo,90000000.0,232617430.0,158.0,8.907829,7.2,2479.0,en,"['Thriller', 'Crime', 'Mystery', 'Drama']","['Norway', 'Sweden', 'United States of America']",['English'],2011-12-14,2011.0,12.0
71469,The Darkest Hour,30000000.0,64626786.0,89.0,8.127392,4.8,474.0,en,"['Horror', 'Action', 'Thriller', 'Science Fiction']","['United States of America', 'Russia']",['English'],2011-12-22,2011.0,12.0
55301,Alvin and the Chipmunks: Chipwrecked,75000000.0,342695435.0,87.0,8.066393,5.4,499.0,en,"['Comedy', 'Fantasy', 'Family', 'Music', 'Animation']",['United States of America'],['English'],2011-12-14,2011.0,12.0
73873,Albert Nobbs,8000000.0,5634828.0,113.0,5.379039,6.2,136.0,en,['Drama'],"['United Kingdom', 'Ireland']","['English', 'Français']",2011-12-21,2011.0,12.0
79777,In the Land of Blood and Honey,10000000.0,303877.0,127.0,2.772269,5.8,45.0,en,"['Drama', 'Romance', 'War']",['United States of America'],"['Bosanski', 'Hrvatski', 'English', 'Srpski']",2011-12-23,2011.0,12.0
76487,The Devil Inside,1000000.0,101758490.0,83.0,5.747675,4.6,263.0,en,"['Thriller', 'Horror']",['United States of America'],['English'],2012-01-06,2012.0,1.0
77866,Contraband,25000000.0,63100000.0,109.0,10.595067,6.1,777.0,en,"['Thriller', 'Action', 'Drama', 'Crime']","['United States of America', 'United Kingdom', 'France']",['English'],2012-01-12,2012.0,1.0
62837,Dolphin Tale,37000000.0,95404397.0,113.0,6.695229,6.6,166.0,en,"['Drama', 'Family']",['United States of America'],['English'],2011-09-23,2011.0,9.0
71688,The Iron Lady,13000000.0,114956699.0,105.0,7.421245,6.2,540.0,en,"['History', 'Drama']","['France', 'United Kingdom']",['English'],2011-12-30,2011.0,12.0
38541,The Divide,3000000.0,22000.0,112.0,7.406609,5.7,198.0,en,"['Horror', 'Science Fiction', 'Drama']","['Canada', 'Germany', 'United States of America']",['English'],2011-03-13,2011.0,3.0
52520,Underworld: Awakening,70000000.0,160112671.0,88.0,12.345348,6.1,1885.0,en,"['Fantasy', 'Action', 'Horror']",['United States of America'],"['English', 'Pусский']",2012-01-19,2012.0,1.0
75174,The Grey,25000000.0,77278331.0,117.0,14.31675,6.4,1476.0,en,"['Action', 'Drama', 'Thriller']","['Canada', 'United States of America']",['English'],2012-01-26,2012.0,1.0
49527,Man on a Ledge,42000000.0,46221189.0,102.0,10.528173,6.2,936.0,en,"['Action', 'Thriller', 'Crime']",['United States of America'],['English'],2012-01-13,2012.0,1.0
70435,Haywire,23000000.0,33372606.0,93.0,9.574817,5.6,508.0,en,"['Action', 'Thriller']","['Ireland', 'United States of America']","['English', 'Español']",2011-11-06,2011.0,11.0
50357,Apollo 18,5000000.0,25562924.0,86.0,10.711742,5.0,359.0,en,"['Horror', 'Thriller', 'Science Fiction']","['Canada', 'United States of America']","['Český', 'English']",2011-07-20,2011.0,7.0
74998,Seeking Justice,17000000.0,12355798.0,105.0,10.250997,5.8,314.0,en,"['Action', 'Drama', 'Thriller']",['United States of America'],['English'],2011-09-02,2011.0,9.0
72431,Red Tails,58000000.0,50365377.0,125.0,7.145835,5.9,180.0,en,"['Drama', 'Action', 'Adventure', 'History', 'War']",['United States of America'],"['English', 'Français', 'Deutsch']",2012-01-19,2012.0,1.0
76758,The Flowers of War,94000000.0,95311434.0,145.0,6.587711,7.1,193.0,zh,"['Drama', 'History', 'War']","['China', 'Hong Kong']","['普通话', '日本語', 'English']",2011-12-15,2011.0,12.0
77338,The Intouchables,13000000.0,426480871.0,112.0,16.086919,8.2,5410.0,fr,"['Drama', 'Comedy']",['France'],"['English', 'Français']",2011-11-02,2011.0,11.0
54054,One for the Money,40000000.0,36893721.0,91.0,6.322435,5.3,392.0,en,"['Action', 'Comedy', 'Crime']",['United States of America'],['English'],2012-01-26,2012.0,1.0
80591,W.E.,15000000.0,868439.0,119.0,4.974482,5.8,62.0,en,"['Drama', 'Romance']",['United Kingdom'],"['Pусский', 'English', 'Français']",2011-09-01,2011.0,9.0
58428,The Innkeepers,750000.0,78396.0,102.0,8.560726,5.4,223.0,en,"['Horror', 'Thriller']",['United States of America'],['English'],2011-12-01,2011.0,12.0
78698,Big Miracle,40000000.0,24719215.0,107.0,6.159379,6.6,153.0,en,"['Adventure', 'Drama', 'Romance']","['United Kingdom', 'United States of America']",['English'],2012-02-02,2012.0,2.0
57809,Six Degrees of Celebration,5000000.0,22772019.0,89.0,2.025505,6.1,16.0,ru,['Comedy'],['Russia'],['Pусский'],2010-12-12,2010.0,12.0
48492,Detective Dee and the Mystery of the Phantom Flame,13000000.0,51723285.0,119.0,7.17548,6.5,101.0,zh,"['Action', 'Adventure', 'Drama', 'Mystery']","['Hong Kong', 'China']","['普通话', 'Español']",2010-09-18,2010.0,9.0
76726,Chronicle,15000000.0,145000000.0,84.0,12.47441,6.6,1965.0,en,"['Science Fiction', 'Drama', 'Thriller']",['United States of America'],['English'],2012-02-01,2012.0,2.0
65086,The Woman in Black,17000000.0,127730736.0,95.0,8.896679,6.1,1237.0,en,"['Drama', 'Horror', 'Thriller']","['Canada', 'Sweden', 'United Kingdom']",['English'],2012-02-01,2012.0,2.0
66120,The Monk,11000000.0,807535.0,101.0,8.888718,5.8,32.0,fr,['Thriller'],"['France', 'Spain']",['Français'],2011-07-12,2011.0,7.0
59961,Safe House,85000000.0,208076205.0,115.0,8.338675,6.3,1361.0,en,"['Action', 'Thriller']",['United States of America'],"['English', 'Afrikaans', 'Español']",2012-02-09,2012.0,2.0
72570,The Vow,30000000.0,196114570.0,104.0,9.524298,7.0,1328.0,en,"['Drama', 'Romance']",['United States of America'],['English'],2012-02-05,2012.0,2.0
80379,Louis C.K.: Live at the Beacon Theater,250000.0,1000000.0,62.0,4.297654,8.1,80.0,en,['Comedy'],['United States of America'],['English'],2011-12-10,2011.0,12.0
84200,"For a Good Time, Call...",850000.0,1243961.0,85.0,10.378756,5.8,111.0,en,['Comedy'],['United States of America'],['English'],2012-08-31,2012.0,8.0
72545,Journey 2: The Mysterious Island,79000000.0,355692760.0,94.0,9.46307,5.8,1050.0,en,"['Adventure', 'Action', 'Science Fiction']",['United States of America'],['English'],2012-01-19,2012.0,1.0
88491,Chapiteau-Show,2000000.0,393816.0,207.0,0.74156,6.8,13.0,ru,['Comedy'],['Russia'],['Pусский'],2011-12-12,2011.0,12.0
53174,Kokowaah,5650000.0,43000000.0,123.0,5.24461,6.4,103.0,de,['Comedy'],['Germany'],['Deutsch'],2011-02-02,2011.0,2.0
30596,Bodyguards and Assassins,23000000.0,5837674.0,139.0,10.861339,6.5,58.0,cn,"['Drama', 'Action', 'History']",['China'],"['普通话', '广州话 / 廣州話', 'English']",2009-12-18,2009.0,12.0
16564,Winter in Wartime,4000000.0,530048.0,103.0,3.92107,6.8,66.0,nl,"['Drama', 'History', 'War']","['Netherlands', 'Belgium']","['Nederlands', 'English', 'Deutsch']",2008-11-17,2008.0,11.0
71676,Ghost Rider: Spirit of Vengeance,57000000.0,149217355.0,95.0,9.421301,4.7,1163.0,en,"['Action', 'Fantasy', 'Thriller']","['United Arab Emirates', 'United States of America']",['English'],2011-12-10,2011.0,12.0
72213,Courageous,1000000.0,34522221.0,129.0,7.666558,6.8,77.0,en,['Drama'],['United States of America'],['English'],2011-09-30,2011.0,9.0
57214,Project X,12000000.0,100000000.0,88.0,9.803023,6.5,1624.0,en,"['Comedy', 'Crime']",['United States of America'],['English'],2012-03-01,2012.0,3.0
73723,The Lorax,70000000.0,348840316.0,86.0,7.689395,6.3,1048.0,en,"['Animation', 'Family']",['United States of America'],['English'],2012-03-01,2012.0,3.0
73937,The Big Year,41000000.0,7448385.0,100.0,10.267905,5.6,252.0,en,['Comedy'],['United States of America'],['English'],2011-10-13,2011.0,10.0
75674,Act of Valor,12000000.0,81272766.0,110.0,12.159818,6.3,420.0,en,"['Action', 'Thriller', 'War']",['United States of America'],"['English', 'Pусский']",2012-02-24,2012.0,2.0
59962,This Means War,65000000.0,156974557.0,103.0,12.366641,5.9,1411.0,en,"['Action', 'Comedy', 'Romance']",['United States of America'],['English'],2012-02-14,2012.0,2.0
49529,John Carter,260000000.0,284139100.0,132.0,14.670353,6.1,2170.0,en,"['Action', 'Adventure', 'Science Fiction']",['United States of America'],['English'],2012-03-07,2012.0,3.0
77949,The Awakening,4798235.0,209696.0,107.0,9.336568,6.3,470.0,en,"['Horror', 'Thriller']",['United Kingdom'],"['Français', 'English']",2011-08-17,2011.0,8.0
63493,The Ledge,10000000.0,610986.0,101.0,4.883085,5.9,103.0,en,"['Drama', 'Thriller']","['United States of America', 'Germany']",['English'],2011-05-06,2011.0,5.0
64688,21 Jump Street,42000000.0,201585328.0,109.0,11.250764,6.7,4151.0,en,"['Action', 'Comedy', 'Crime']",['United States of America'],['English'],2012-03-12,2012.0,3.0
82532,"Jeff, Who Lives at Home",10000000.0,4417580.0,83.0,5.872794,6.1,220.0,en,"['Drama', 'Comedy']",['United States of America'],['English'],2011-09-13,2011.0,9.0
81796,Lockout,20000000.0,32204030.0,95.0,8.772263,5.8,722.0,en,"['Action', 'Thriller', 'Science Fiction']",['France'],['English'],2012-04-12,2012.0,4.0
81390,A Lonely Place to Die,4000000.0,25345000.0,99.0,6.780752,6.2,160.0,en,"['Adventure', 'Action', 'Thriller', 'Crime']",['United Kingdom'],"['English', 'Italiano']",2011-04-09,2011.0,4.0
61984,Space Battleship Yamato,12000000.0,11212294.0,131.0,5.23198,6.3,59.0,ja,['Science Fiction'],['Japan'],['日本語'],2010-12-01,2010.0,12.0
81025,Salmon Fishing in the Yemen,5000000.0,34564651.0,107.0,6.753328,6.3,325.0,en,['Drama'],['United Kingdom'],['English'],2011-09-10,2011.0,9.0
57165,Wrath of the Titans,150000000.0,301000000.0,99.0,7.739904,5.5,1459.0,en,['Adventure'],"['Spain', 'United States of America']",['English'],2012-03-27,2012.0,3.0
10679,Iron Sky,7500000.0,8135031.0,93.0,19.561767,5.6,563.0,en,"['Action', 'Comedy', 'Science Fiction']","['Finland', 'Germany', 'Australia']","['English', 'Deutsch']",2012-03-10,2012.0,3.0
71552,American Reunion,50000000.0,234989584.0,113.0,8.10609,6.1,1641.0,en,['Comedy'],['United States of America'],['English'],2012-04-04,2012.0,4.0
94329,The Raid,1100000.0,4105187.0,101.0,10.528833,7.3,1076.0,id,"['Action', 'Thriller', 'Crime']","['Indonesia', 'United States of America', 'France']",['Bahasa indonesia'],2011-09-08,2011.0,9.0
22970,The Cabin in the Woods,30000000.0,66486080.0,95.0,14.811958,6.6,2314.0,en,"['Horror', 'Thriller']",['United States of America'],"['English', '日本語']",2012-04-12,2012.0,4.0
91070,L!fe Happens,930000.0,30905.0,100.0,10.114319,5.3,66.0,en,['Comedy'],"['Canada', 'United States of America']",['English'],2011-06-18,2011.0,6.0
92182,Silent House,2000000.0,13101672.0,85.0,10.239941,5.2,125.0,en,"['Horror', 'Mystery']","['France', 'United States of America']",['English'],2011-01-21,2011.0,1.0
76489,The Three Stooges,30000000.0,54819301.0,92.0,13.371056,4.9,143.0,en,['Comedy'],['United States of America'],['English'],2012-04-13,2012.0,4.0
70436,The Raven,26000000.0,29657751.0,111.0,7.254242,6.1,432.0,en,"['Crime', 'Thriller', 'Mystery']","['Hungary', 'Serbia', 'Spain', 'United States of America']",['English'],2012-03-09,2012.0,3.0
62764,Mirror Mirror,85000000.0,183018522.0,106.0,14.170183,5.5,1148.0,en,"['Adventure', 'Fantasy', 'Drama', 'Comedy', 'Science Fiction', 'Family']",['United States of America'],['English'],2012-03-15,2012.0,3.0
44833,Battleship,209000000.0,303025485.0,131.0,13.106966,5.5,2141.0,en,"['Thriller', 'Action', 'Adventure', 'Science Fiction']",['United States of America'],"['English', 'ภาษาไทย']",2012-04-11,2012.0,4.0
74534,The Best Exotic Marigold Hotel,10000000.0,136836156.0,124.0,9.23046,6.9,468.0,en,"['Drama', 'Comedy']","['United Arab Emirates', 'United Kingdom', 'United States of America']","['हिन्दी', 'English']",2011-11-28,2011.0,11.0
72207,The Five-Year Engagement,30000000.0,53909751.0,124.0,12.84554,5.7,466.0,en,['Comedy'],['United States of America'],['English'],2012-04-27,2012.0,4.0
67660,Think Like a Man,12000000.0,96070507.0,122.0,5.264551,6.9,287.0,en,"['Comedy', 'Romance']",['United States of America'],['English'],2012-04-16,2012.0,4.0
77877,The Lucky One,25000000.0,99357138.0,101.0,7.740762,6.8,981.0,en,"['Drama', 'Romance']",['United States of America'],['English'],2012-04-19,2012.0,4.0
17347,Bride Flight,6400000.0,2556911.0,130.0,2.065753,6.9,10.0,en,['Drama'],"['Netherlands', 'Luxembourg']","['Nederlands', 'English']",2008-10-15,2008.0,10.0
72387,Safe,30000000.0,40346186.0,94.0,8.234382,6.3,808.0,en,"['Action', 'Crime', 'Thriller']",['United States of America'],"['English', '普通话', 'Pусский']",2012-04-16,2012.0,4.0
57119,Jumping the Broom,6600000.0,37710610.0,112.0,2.664211,6.0,57.0,en,['Comedy'],['United States of America'],['English'],2011-05-06,2011.0,5.0
62213,Dark Shadows,150000000.0,245527149.0,113.0,10.665859,5.7,2383.0,en,"['Comedy', 'Fantasy']","['Australia', 'United States of America']",['English'],2012-05-08,2012.0,5.0
76493,The Dictator,65000000.0,179379533.0,83.0,7.446085,5.9,1789.0,en,['Comedy'],['United States of America'],"['English', 'עִבְרִית']",2012-05-15,2012.0,5.0
41154,Men in Black 3,225000000.0,624026776.0,106.0,10.684385,6.3,4228.0,en,"['Action', 'Comedy', 'Science Fiction']",['United States of America'],['English'],2012-05-23,2012.0,5.0
58595,Snow White and the Huntsman,170000000.0,396600000.0,127.0,18.751554,5.8,3183.0,en,"['Adventure', 'Fantasy', 'Drama']",['United States of America'],['English'],2012-05-30,2012.0,5.0
78206,Chicken with Plums,12000000.0,1428291.0,93.0,3.78207,6.8,44.0,fr,"['Comedy', 'Drama']","['Belgium', 'France', 'Germany']","['English', 'Français']",2011-10-25,2011.0,10.0
72197,The Pirates! In an Adventure with Scientists!,60000000.0,118338361.0,88.0,10.271517,6.4,379.0,en,"['Animation', 'Adventure', 'Family', 'Comedy']",['United Kingdom'],['English'],2012-03-12,2012.0,3.0
70981,Prometheus,130000000.0,403170142.0,124.0,16.624854,6.3,5152.0,en,"['Science Fiction', 'Adventure', 'Mystery']","['United Kingdom', 'United States of America']","['', 'English']",2012-05-30,2012.0,5.0
92591,Bernie,5000000.0,9206470.0,100.0,5.875181,6.5,325.0,en,"['Comedy', 'Crime', 'Drama']",['United States of America'],['English'],2012-04-27,2012.0,4.0
12645,Inhale,10000000.0,55089.0,100.0,4.163207,6.3,39.0,en,"['Drama', 'Action', 'Thriller']",['United States of America'],['English'],2010-08-27,2010.0,8.0
50647,Wanderlust,35000000.0,24159934.0,98.0,9.295078,5.3,402.0,en,['Comedy'],['United States of America'],['English'],2012-02-23,2012.0,2.0
83666,Moonrise Kingdom,16000000.0,68263166.0,94.0,8.692433,7.6,1701.0,en,"['Comedy', 'Drama', 'Romance']",['United States of America'],['English'],2012-05-16,2012.0,5.0
82825,Kahaani,1200000.0,16000000.0,122.0,3.174936,7.3,61.0,hi,"['Thriller', 'Drama']",['India'],"['English', 'हिन्दी']",2012-03-09,2012.0,3.0
50601,5 Days of War,20000000.0,17479.0,113.0,3.174512,5.8,63.0,en,"['War', 'Drama']",['United States of America'],"['English', 'ქართული']",2011-04-14,2011.0,4.0
85435,A Few Best Men,12468389.0,29007412.0,97.0,6.116093,5.9,137.0,en,['Comedy'],"['Australia', 'United Kingdom']",['English'],2011-10-14,2011.0,10.0
49014,Cosmopolis,20500000.0,6063556.0,109.0,6.087109,5.1,337.0,en,['Drama'],"['Canada', 'France', 'Italy', 'Portugal']",['English'],2012-05-25,2012.0,5.0
72358,A Thousand Words,40000000.0,22044277.0,91.0,5.446745,6.0,381.0,en,"['Drama', 'Comedy']",['United States of America'],['English'],2012-03-07,2012.0,3.0
201703,Love's Deadly Triangle: The Texas Cadet Murder,14000000.0,161001698.0,93.0,1.36737,5.0,2.0,en,"['Drama', 'Crime']",['United States of America'],['English'],1997-02-20,1997.0,2.0
84332,Safety Not Guaranteed,750000.0,4007792.0,85.0,7.067494,6.8,562.0,en,"['Comedy', 'Romance', 'Science Fiction', 'Drama']",['United States of America'],['English'],2012-06-08,2012.0,6.0
80321,Madagascar 3: Europe's Most Wanted,145000000.0,746921274.0,93.0,13.829042,6.4,1857.0,en,"['Animation', 'Family']",['United States of America'],"['English', 'Español', 'ภาษาไทย']",2012-06-06,2012.0,6.0
84355,Your Sister's Sister,125000.0,3200000.0,90.0,10.850569,6.5,140.0,en,"['Drama', 'Comedy']",['United States of America'],['English'],2011-09-11,2011.0,9.0
62177,Brave,185000000.0,538983207.0,93.0,15.876341,6.7,4760.0,en,"['Animation', 'Adventure', 'Comedy', 'Family', 'Action', 'Fantasy']",['United States of America'],['English'],2012-06-21,2012.0,6.0
86467,Bel Ami,9000000.0,8303261.0,102.0,7.720692,5.0,155.0,en,"['Romance', 'Drama']","['Italy', 'United Kingdom']","['Český', 'English', 'Français']",2012-03-09,2012.0,3.0
76494,What to Expect When You're Expecting,40000000.0,79700000.0,110.0,7.271503,5.8,611.0,en,"['Romance', 'Comedy', 'Drama']",['United States of America'],['English'],2012-05-17,2012.0,5.0
81836,To Rome with Love,17000000.0,73244881.0,111.0,7.812646,5.6,564.0,en,"['Romance', 'Comedy']","['Italy', 'Spain', 'United States of America']","['Italiano', 'English']",2012-04-20,2012.0,4.0
72331,Abraham Lincoln: Vampire Hunter,69000000.0,112265139.0,94.0,7.922636,5.5,1297.0,en,"['Action', 'Fantasy', 'Horror']",['United States of America'],['English'],2012-06-20,2012.0,6.0
44877,4.3.2.1,4600000.0,1163967.0,117.0,5.805666,5.9,63.0,en,"['Action', 'Thriller', 'Crime', 'Romance']",['United Kingdom'],['English'],2010-06-02,2010.0,6.0
96399,For Greater Glory - The True Story of Cristiada,12000000.0,9622846.0,145.0,4.482331,6.4,35.0,en,"['History', 'Drama']",['Mexico'],"['Español', 'English']",2012-06-01,2012.0,6.0
80585,Rock of Ages,75000000.0,59418613.0,123.0,12.558042,6.0,392.0,en,"['Comedy', 'Drama', 'Music', 'Romance']",['United States of America'],"['English', 'ภาษาไทย']",2012-06-13,2012.0,6.0
88005,Seeking a Friend for the End of the World,10000000.0,9636289.0,101.0,6.947533,6.3,713.0,en,"['Comedy', 'Drama', 'Romance', 'Science Fiction']",['United States of America'],['English'],2012-06-22,2012.0,6.0
72105,Ted,50000000.0,549368315.0,106.0,19.638605,6.3,4811.0,en,"['Comedy', 'Fantasy']",['United States of America'],['English'],2012-06-29,2012.0,6.0
77930,Magic Mike,7000000.0,167221571.0,110.0,8.732425,6.1,1062.0,en,"['Drama', 'Comedy']",['United States of America'],['English'],2012-06-28,2012.0,6.0
83770,On the Road,25000000.0,8784318.0,137.0,7.323283,5.5,312.0,en,"['Adventure', 'Drama']","['Brazil', 'France', 'United Kingdom', 'United States of America']","['English', 'Français']",2012-05-22,2012.0,5.0
1930,The Amazing Spider-Man,215000000.0,752215857.0,136.0,31.102267,6.5,6734.0,en,"['Action', 'Adventure', 'Fantasy']",['United States of America'],['English'],2012-06-27,2012.0,6.0
57800,Ice Age: Continental Drift,95000000.0,877244782.0,88.0,13.26958,6.2,2731.0,en,"['Animation', 'Comedy', 'Adventure', 'Family']",['United States of America'],['English'],2012-06-26,2012.0,6.0
84175,Beasts of the Southern Wild,1800000.0,21107746.0,93.0,5.550496,6.8,411.0,en,"['Drama', 'Fantasy']",['United States of America'],['English'],2012-06-29,2012.0,6.0
98548,People Like Us,16000000.0,12434778.0,114.0,14.906621,6.6,206.0,en,['Drama'],['United States of America'],['English'],2012-06-29,2012.0,6.0
82525,Savages,45000000.0,82966152.0,131.0,13.248022,6.2,784.0,en,"['Crime', 'Drama', 'Thriller']",['United States of America'],['English'],2012-07-06,2012.0,7.0
80035,The Watch,68000000.0,68267862.0,98.0,13.276971,5.3,899.0,en,['Comedy'],['United States of America'],['English'],2012-07-26,2012.0,7.0
84165,2 Days in New York,8000000.0,1653792.0,91.0,4.68182,5.4,94.0,en,['Comedy'],"['France', 'Germany', 'Belgium']","['English', 'Français', 'Italiano']",2012-03-28,2012.0,3.0
73567,Killer Joe,10000000.0,3665069.0,102.0,6.452069,6.4,433.0,en,"['Crime', 'Drama', 'Thriller']",['United States of America'],['English'],2011-09-10,2011.0,9.0
64635,Total Recall,125000000.0,198802074.0,121.0,16.42635,5.8,2540.0,en,"['Action', 'Science Fiction', 'Adventure', 'Thriller']","['Canada', 'United States of America']",['English'],2012-08-02,2012.0,8.0
59296,"Love, Wedding, Marriage",1.0,1378.0,90.0,4.060122,5.1,73.0,en,"['Comedy', 'Romance']",['United States of America'],['English'],2011-06-03,2011.0,6.0
37724,Skyfall,200000000.0,1108561013.0,143.0,20.309585,6.9,7718.0,en,"['Action', 'Adventure', 'Thriller']","['United Kingdom', 'United States of America']",['English'],2012-10-25,2012.0,10.0
82696,Hope Springs,30000000.0,114281051.0,100.0,7.255301,5.8,287.0,en,"['Drama', 'Comedy', 'Romance']",['United States of America'],['English'],2012-08-07,2012.0,8.0
77174,ParaNorman,60000000.0,107139399.0,90.0,10.425038,6.7,808.0,en,"['Family', 'Animation', 'Adventure', 'Comedy']",['United States of America'],['English'],2012-08-03,2012.0,8.0
82650,Diary of a Wimpy Kid: Dog Days,22000000.0,77112176.0,94.0,10.225555,6.0,229.0,en,"['Comedy', 'Family']",['United States of America'],['English'],2012-08-02,2012.0,8.0
79224,War of the Arrows,8000000.0,49000000.0,122.0,7.030308,6.7,68.0,ko,"['Drama', 'Action', 'History', 'Thriller']",['South Korea'],['한국어/조선말'],2011-08-10,2011.0,8.0
109513,Hit & Run,2000000.0,14400000.0,100.0,7.148558,5.5,225.0,en,"['Action', 'Comedy', 'Romance']",['United States of America'],"['English', 'Français', 'Polski']",2012-08-22,2012.0,8.0
49526,Premium Rush,35000000.0,31083599.0,91.0,5.654784,6.2,848.0,en,"['Crime', 'Action', 'Thriller']",['United States of America'],"['普通话', 'English']",2012-08-24,2012.0,8.0
82633,Lawless,26000000.0,53676580.0,115.0,7.968423,6.8,1055.0,en,"['Crime', 'Drama']",['United States of America'],['English'],2012-08-29,2012.0,8.0
71668,Piranha 3DD,5000000.0,8493728.0,83.0,5.615205,4.1,319.0,en,"['Horror', 'Thriller', 'Comedy']",['United States of America'],['English'],2012-05-11,2012.0,5.0
89691,ATM,3000000.0,3010.0,90.0,8.950643,5.1,195.0,en,"['Horror', 'Thriller']","['Canada', 'United States of America']",['English'],2012-02-17,2012.0,2.0
77883,The Possession,14000000.0,85446075.0,92.0,7.286477,5.8,509.0,en,"['Horror', 'Thriller']","['United States of America', 'Canada']",['English'],2012-08-30,2012.0,8.0
48034,Little White Lies,25000000.0,48531470.0,154.0,7.594334,7.1,396.0,fr,"['Comedy', 'Drama']",['France'],['Français'],2010-10-20,2010.0,10.0
79694,The Apparition,17000000.0,9627492.0,82.0,7.683008,4.5,140.0,en,"['Horror', 'Thriller']",['United States of America'],['English'],2012-08-23,2012.0,8.0
84174,Bachelorette,3000000.0,11947954.0,87.0,10.893224,5.3,457.0,en,"['Comedy', 'Romance']",['United States of America'],['English'],2012-08-06,2012.0,8.0
83686,The Words,6000000.0,13231461.0,96.0,6.089971,6.4,384.0,en,"['Drama', 'Thriller']",['United States of America'],"['English', 'Français']",2012-09-07,2012.0,9.0
114150,Pitch Perfect,17000000.0,115350426.0,112.0,11.03595,7.3,2310.0,en,"['Comedy', 'Music', 'Romance']",['United States of America'],['English'],2012-09-28,2012.0,9.0
77948,The Cold Light of Day,20000000.0,16863583.0,93.0,11.112153,4.8,277.0,en,"['Action', 'Thriller']",['United States of America'],"['English', 'Español']",2012-04-04,2012.0,4.0
59967,Looper,30000000.0,47042000.0,118.0,12.727269,6.6,4777.0,en,"['Action', 'Thriller', 'Science Fiction']","['China', 'United States of America']",['English'],2012-09-26,2012.0,9.0
87428,That's My Boy,70000000.0,58058367.0,116.0,8.923755,5.5,460.0,en,['Comedy'],['United States of America'],['English'],2012-06-14,2012.0,6.0
84329,Robot & Frank,2500000.0,3325038.0,85.0,9.291494,6.8,454.0,en,"['Science Fiction', 'Comedy', 'Drama', 'Crime']",['United States of America'],['English'],2012-08-16,2012.0,8.0
71679,Resident Evil: Retribution,65000000.0,240159255.0,95.0,0.948759,5.6,1618.0,en,"['Action', 'Horror', 'Science Fiction']","['Canada', 'France', 'Germany', 'United States of America']",['English'],2012-09-12,2012.0,9.0
68722,The Master,32000000.0,28258060.0,137.0,8.074218,7.0,720.0,en,['Drama'],['United States of America'],['English'],2012-09-07,2012.0,9.0
49049,Dredd,50000000.0,41037742.0,95.0,12.1524,6.6,1971.0,en,"['Action', 'Science Fiction']","['South Africa', 'United Kingdom', 'United States of America', 'India']",['English'],2012-09-07,2012.0,9.0
60599,Arbitrage,12000000.0,35485056.0,100.0,5.808496,6.1,300.0,en,"['Drama', 'Thriller']",['United States of America'],['English'],2012-09-14,2012.0,9.0
77016,End of Watch,7000000.0,48126384.0,109.0,7.45279,7.2,1186.0,en,"['Crime', 'Drama', 'Thriller']",['United States of America'],"['English', 'Español']",2012-09-20,2012.0,9.0
84892,The Perks of Being a Wallflower,13000000.0,33400000.0,102.0,12.775679,7.7,3056.0,en,"['Drama', 'Romance']",['United States of America'],['English'],2012-09-20,2012.0,9.0
103663,The Hunt,3800000.0,16800000.0,115.0,8.462801,7.9,946.0,da,['Drama'],"['Denmark', 'Sweden']","['Dansk', 'Polski', 'English']",2012-08-28,2012.0,8.0
91911,Behind the Burly Q,250000.0,23859.0,97.0,0.386717,5.5,3.0,en,['Documentary'],['United States of America'],['English'],2010-04-23,2010.0,4.0
102784,Two Rabbits,2000000.0,1620436.0,108.0,2.315249,7.1,39.0,pt,"['Action', 'Crime', 'Drama']",['Brazil'],['Português'],2012-01-20,2012.0,1.0
88036,Sparkle,14000000.0,24637469.0,116.0,2.24386,5.8,36.0,en,"['Drama', 'Music']",['United States of America'],"['English', 'Français']",2012-08-17,2012.0,8.0
75638,Red Lights,14000000.0,13551174.0,119.0,11.535478,6.0,381.0,en,['Thriller'],"['Spain', 'United States of America']",['English'],2012-03-02,2012.0,3.0
82675,Taken 2,45000000.0,376141306.0,91.0,16.376482,6.1,2783.0,en,"['Action', 'Crime', 'Thriller']",['France'],"['English', 'Türkçe', 'العربية']",2012-09-27,2012.0,9.0
82390,The Paperboy,12500000.0,1353868.0,107.0,5.526878,5.4,244.0,en,['Thriller'],['United States of America'],['English'],2012-09-14,2012.0,9.0
88273,A Royal Affair,8000000.0,7594693.0,137.0,8.168448,7.2,244.0,da,"['Drama', 'History', 'Romance']","['Czech Republic', 'Denmark', 'Germany', 'Sweden']","['Deutsch', 'Dansk', 'English', 'Français']",2012-03-29,2012.0,3.0
82505,House at the End of the Street,6900000.0,44287131.0,101.0,8.513457,5.6,566.0,en,"['Horror', 'Thriller']",['United States of America'],['English'],2012-09-21,2012.0,9.0
126509,2016: Obama's America,2500000.0,33400000.0,87.0,1.221216,4.6,19.0,en,['Documentary'],['United States of America'],['English'],2012-07-13,2012.0,7.0
110160,Laurence Anyways,9500000.0,12250.0,168.0,8.59498,7.7,190.0,fr,"['Drama', 'Romance']","['Canada', 'France']","['Français', 'English']",2012-05-18,2012.0,5.0
82096,The Painted Veil,947000.0,1120000.0,85.0,0.631309,5.2,5.0,en,"['Romance', 'Drama']",['United States of America'],['English'],1934-11-23,1934.0,11.0
97365,Rust and Bone,15400000.0,25762027.0,123.0,8.400049,7.1,438.0,fr,"['Drama', 'Romance']","['France', 'Belgium']","['English', 'Français', 'Polski']",2012-05-17,2012.0,5.0
101267,Katy Perry: Part of Me,12000000.0,32726956.0,93.0,8.960713,6.5,88.0,en,"['Documentary', 'Music']",['United States of America'],['English'],2012-06-28,2012.0,6.0
62214,Frankenweenie,39000000.0,35287788.0,87.0,10.296047,6.6,951.0,en,"['Animation', 'Comedy', 'Family']",['United States of America'],['English'],2012-10-04,2012.0,10.0
82507,Sinister,3000000.0,77712439.0,110.0,12.490637,6.8,1611.0,en,"['Horror', 'Thriller', 'Mystery']",['United States of America'],"['English', 'Português', 'Français', '']",2012-03-29,2012.0,3.0
76492,Hotel Transylvania,85000000.0,358375603.0,91.0,16.231945,6.8,2622.0,en,"['Animation', 'Comedy', 'Family', 'Fantasy']",['United States of America'],['English'],2012-09-20,2012.0,9.0
68734,Argo,44500000.0,232324128.0,120.0,14.238234,7.1,3473.0,en,"['Drama', 'Thriller']",['United States of America'],"['English', 'فارسی']",2012-10-11,2012.0,10.0
86838,Seven Psychopaths,15000000.0,19422261.0,110.0,9.643538,6.7,1224.0,en,"['Comedy', 'Crime']",['United Kingdom'],"['English', 'Tiếng Việt']",2012-09-07,2012.0,9.0
57089,Hoodwinked Too! Hood VS. Evil,30000000.0,13521829.0,86.0,9.382577,4.8,135.0,en,"['Comedy', 'Animation', 'Family']",['United States of America'],['English'],2011-04-29,2011.0,4.0
117691,Gangs of Wasseypur,1400000.0,4100000.0,320.0,9.777219,7.0,83.0,hi,"['Action', 'Thriller', 'Crime']",['India'],['हिन्दी'],2012-06-22,2012.0,6.0
82990,Paranormal Activity 4,5000000.0,142817992.0,95.0,6.188286,5.2,574.0,en,['Horror'],['United States of America'],['English'],2012-10-17,2012.0,10.0
94348,Alex Cross,45000000.0,30353232.0,101.0,8.279285,5.1,303.0,en,"['Action', 'Thriller', 'Crime', 'Mystery']",['United States of America'],"['English', 'Deutsch']",2012-10-18,2012.0,10.0
83542,Cloud Atlas,102000000.0,130482868.0,172.0,13.494246,6.6,3031.0,en,"['Drama', 'Science Fiction']","['Germany', 'Hong Kong', 'Singapore', 'United States of America']",['English'],2012-10-26,2012.0,10.0
61012,Silent Hill: Revelation 3D,20000000.0,52302796.0,94.0,5.745206,5.1,435.0,en,"['Thriller', 'Horror', 'Mystery']","['France', 'Canada']",['English'],2012-10-10,2012.0,10.0
43937,Like Dandelion Dust,2500000.0,352810.0,100.0,1.659692,6.7,23.0,en,"['Drama', 'Family']",['United States of America'],['English'],2009-02-05,2009.0,2.0
64689,Killing Them Softly,15000000.0,37930465.0,97.0,6.777326,5.8,751.0,en,"['Crime', 'Thriller']",['United States of America'],['English'],2012-09-20,2012.0,9.0
113947,The Sessions,1000000.0,9138338.0,98.0,5.760319,6.6,183.0,en,"['Drama', 'Romance', 'Comedy']",['United States of America'],['English'],2012-05-02,2012.0,5.0
84341,Smashed,500000.0,376597.0,85.0,4.893812,6.3,88.0,en,['Drama'],['United States of America'],['English'],2012-09-12,2012.0,9.0
82690,Wreck-It Ralph,165000000.0,471222889.0,108.0,13.697597,7.1,4656.0,en,"['Family', 'Animation', 'Comedy', 'Adventure']",['United States of America'],['English'],2012-11-01,2012.0,11.0
47878,Lookin' to Get Out,17000000.0,946461.0,105.0,0.963345,5.3,1.0,en,['Comedy'],['United States of America'],['English'],1982-10-08,1982.0,10.0
82693,Silver Linings Playbook,21000000.0,205738714.0,122.0,14.488111,7.0,4840.0,en,"['Drama', 'Comedy', 'Romance']",['United States of America'],['English'],2012-09-08,2012.0,9.0
87502,Flight,31000000.0,161772375.0,138.0,10.973822,6.5,2449.0,en,['Drama'],['United States of America'],['English'],2012-11-02,2012.0,11.0
87827,Life of Pi,120000000.0,609016565.0,127.0,14.045042,7.2,5912.0,en,"['Adventure', 'Drama', 'Action']","['United States of America', 'Taiwan', 'United Kingdom']","['English', 'Français', 'हिन्दी', '日本語', '普通话', 'தமிழ்']",2012-11-20,2012.0,11.0
97430,The Man with the Iron Fists,15000000.0,15608545.0,96.0,8.310945,5.2,369.0,en,['Action'],"['Hong Kong', 'United States of America']",['English'],2012-11-02,2012.0,11.0
79070,Sleepless Night,2500000.0,3358.0,98.0,2.942355,6.0,48.0,fr,"['Action', 'Comedy', 'Thriller', 'Romance']",['France'],['Français'],2011-11-14,2011.0,11.0
127493,Stolen,35000000.0,2106557.0,96.0,7.759429,5.1,345.0,en,"['Action', 'Crime', 'Drama', 'Thriller']",['United States of America'],"['svenska', 'English']",2012-05-17,2012.0,5.0
86837,Amour,8900000.0,29844753.0,127.0,7.663947,7.5,413.0,fr,"['Drama', 'Romance']","['France', 'Austria', 'Germany']",['Français'],2012-07-01,2012.0,7.0
56928,Meet Monica Velour,5000000.0,31649.0,98.0,1.608163,5.5,12.0,en,"['Comedy', 'Drama', 'Romance']",['United States of America'],['English'],2010-06-04,2010.0,6.0
72976,Lincoln,65000000.0,275293450.0,149.0,10.680331,6.7,1456.0,en,"['History', 'Drama']","['India', 'United States of America']",['English'],2012-11-09,2012.0,11.0
50620,The Twilight Saga: Breaking Dawn - Part 2,120000000.0,829000000.0,115.0,26.080995,6.1,2641.0,en,"['Adventure', 'Fantasy', 'Drama', 'Romance']",['United States of America'],['English'],2012-11-13,2012.0,11.0
60747,Red Dawn,65000000.0,44806783.0,93.0,5.627787,5.3,573.0,en,"['War', 'Action', 'Thriller', 'Science Fiction']",['United States of America'],"['English', '한국어/조선말']",2012-11-21,2012.0,11.0
81188,Rise of the Guardians,145000000.0,306941670.0,97.0,10.943775,7.1,1981.0,en,"['Fantasy', 'Animation', 'Family']",['United States of America'],"['Français', 'English']",2012-11-21,2012.0,11.0
97614,Deadfall,12000000.0,66351.0,95.0,8.435294,5.6,228.0,en,"['Crime', 'Drama', 'Thriller']","['France', 'United States of America']",['English'],2012-11-08,2012.0,11.0
102780,Byzantium,10000000.0,89237.0,118.0,6.79497,6.1,300.0,en,"['Drama', 'Fantasy', 'Thriller']","['Ireland', 'United Kingdom', 'United States of America']",['English'],2012-09-09,2012.0,9.0
85446,Step Up Revolution,33000000.0,140470746.0,99.0,7.859968,6.7,679.0,en,"['Music', 'Drama', 'Romance']",['United States of America'],['English'],2012-07-26,2012.0,7.0
76349,1911,30000000.0,108348.0,125.0,3.835131,5.0,41.0,zh,"['Adventure', 'Drama', 'Action', 'History', 'War']","['China', 'Hong Kong']","['Français', '普通话', 'English']",2011-07-03,2011.0,7.0
49051,The Hobbit: An Unexpected Journey,250000000.0,1021103568.0,169.0,23.253089,7.0,8427.0,en,"['Adventure', 'Fantasy', 'Action']","['New Zealand', 'United States of America']",['English'],2012-11-26,2012.0,11.0
84305,Lay the Favorite,26350000.0,1576687.0,94.0,5.153138,4.9,69.0,en,"['Drama', 'Comedy']","['United Kingdom', 'United States of America']","['English', 'Español']",2012-06-22,2012.0,6.0
106135,Crooked Arrows,13000000.0,1832541.0,95.0,5.138409,5.6,14.0,en,['Drama'],['United States of America'],['English'],2012-05-18,2012.0,5.0
117629,Yossi,500000.0,116207.0,84.0,1.162001,6.8,22.0,he,"['Drama', 'Romance']",['Israel'],['עִבְרִית'],2012-05-16,2012.0,5.0
127501,Barfi,4437508.0,2804874.0,155.0,3.779077,7.2,84.0,hi,"['Drama', 'Romance', 'Comedy']",['India'],['हिन्दी'],2012-09-14,2012.0,9.0
97630,Zero Dark Thirty,40000000.0,132820716.0,157.0,9.649303,6.7,1723.0,en,"['Thriller', 'Drama', 'History']",['United States of America'],"['English', 'العربية']",2012-12-19,2012.0,12.0
139567,Fire with Fire,20000000.0,4636169.0,97.0,10.999209,5.6,223.0,en,"['Action', 'Crime', 'Drama', 'Thriller']",['United States of America'],['English'],2012-08-31,2012.0,8.0
82654,Warm Bodies,35000000.0,116980662.0,97.0,10.430238,6.4,2698.0,en,"['Horror', 'Comedy', 'Romance']",['Canada'],['English'],2013-01-31,2013.0,1.0
82687,The Guilt Trip,40000000.0,41863726.0,95.0,7.479014,5.4,287.0,en,['Comedy'],['United States of America'],['English'],2012-12-19,2012.0,12.0
75780,Jack Reacher,60000000.0,218340595.0,130.0,12.789812,6.3,3046.0,en,"['Crime', 'Drama', 'Thriller']",['United States of America'],['English'],2012-12-20,2012.0,12.0
68718,Django Unchained,100000000.0,425368238.0,165.0,19.785025,7.8,10297.0,en,"['Drama', 'Western']",['United States of America'],"['English', 'Français', 'Deutsch']",2012-12-25,2012.0,12.0
89492,This Is 40,35000000.0,88058786.0,134.0,11.418802,5.6,909.0,en,['Comedy'],['United States of America'],['English'],2012-12-20,2012.0,12.0
80278,The Impossible,42000000.0,180274123.0,113.0,10.027434,7.0,2071.0,en,"['Thriller', 'Drama']","['United States of America', 'Spain']","['English', 'Español', 'svenska', 'ภาษาไทย']",2012-09-09,2012.0,9.0
82695,Les Misérables,61000000.0,441809770.0,157.0,13.52408,7.2,1925.0,en,"['Drama', 'Music', 'Romance']","['United Kingdom', 'United States of America']",['English'],2012-12-18,2012.0,12.0
128270,Not Fade Away,20000000.0,610792.0,112.0,2.688548,5.4,32.0,en,['Drama'],['United States of America'],['English'],2012-12-21,2012.0,12.0
121826,Quartet,11000000.0,59520298.0,98.0,6.93228,6.4,141.0,en,"['Drama', 'Comedy', 'Romance']",['United Kingdom'],"['English', 'Français']",2012-09-08,2012.0,9.0
41592,StreetDance 3D,5773100.0,18144030.0,98.0,4.290276,6.1,98.0,en,['Drama'],['United Kingdom'],['English'],2010-05-19,2010.0,5.0
88042,Parental Guidance,25000000.0,119772232.0,104.0,11.746053,5.8,212.0,en,['Comedy'],['United States of America'],['English'],2012-12-25,2012.0,12.0
133694,Promised Land,15000000.0,8138788.0,106.0,7.06378,6.0,246.0,en,['Drama'],"['United Arab Emirates', 'United States of America']",['English'],2012-09-23,2012.0,9.0
116613,The Sweeney,3730500.0,6294161.0,112.0,5.311336,5.7,110.0,en,"['Action', 'Drama', 'Crime']",['United Kingdom'],"['Srpski', 'English']",2012-09-11,2012.0,9.0
118628,English Vinglish,2840000.0,11620000.0,133.0,3.611437,7.3,68.0,hi,['Drama'],['India'],"['English', 'Deutsch', 'हिन्दी', 'தமிழ்', 'తెలుగు']",2012-09-14,2012.0,9.0
76617,Texas Chainsaw 3D,20000000.0,47241945.0,92.0,7.214828,5.3,475.0,en,"['Horror', 'Thriller']",['United States of America'],['English'],2013-01-03,2013.0,1.0
82682,Gangster Squad,60000000.0,105200903.0,113.0,8.581558,6.2,1805.0,en,"['Crime', 'Drama', 'Action', 'Thriller']",['United States of America'],['English'],2013-01-10,2013.0,1.0
98339,The Samaritan,12000000.0,2521.0,90.0,11.52128,5.2,69.0,en,['Thriller'],['Canada'],['English'],2012-03-02,2012.0,3.0
68812,The Iceman,20000000.0,1969193.0,105.0,13.132127,6.4,368.0,en,"['Thriller', 'Crime', 'Drama']",['United States of America'],['English'],2012-09-01,2012.0,9.0
139038,A Haunted House,2500000.0,60141683.0,86.0,6.531373,5.4,523.0,en,"['Comedy', 'Horror']",['United States of America'],['English'],2013-01-11,2013.0,1.0
132232,Mama,15000000.0,146497771.0,100.0,16.018525,6.0,1452.0,en,['Horror'],"['Spain', 'Canada']",['English'],2013-01-17,2013.0,1.0
145197,Upstream Color,100000.0,444098.0,96.0,8.003815,6.5,277.0,en,"['Drama', 'Science Fiction']",['United States of America'],['English'],2013-04-05,2013.0,4.0
98357,Broken City,56000000.0,19701164.0,109.0,12.136158,5.7,601.0,en,"['Thriller', 'Crime', 'Drama']",['United States of America'],['English'],2013-01-18,2013.0,1.0
84336,Shadow Dancer,6300000.0,419953.0,101.0,4.38806,5.7,84.0,en,['Thriller'],"['Ireland', 'United Kingdom']",['English'],2012-02-12,2012.0,2.0
77117,Sunny,3550000.0,48000000.0,124.0,2.700233,8.0,56.0,ko,['Drama'],['South Korea'],['한국어/조선말'],2011-05-04,2011.0,5.0
87818,Movie 43,6000000.0,32438988.0,90.0,10.895427,4.5,816.0,en,['Comedy'],['United States of America'],['English'],2013-01-01,2013.0,1.0
119283,Parker,35000000.0,46216641.0,118.0,13.963892,5.7,1467.0,en,"['Action', 'Crime']",['United States of America'],['English'],2013-01-23,2013.0,1.0
60304,Hansel & Gretel: Witch Hunters,50000000.0,224803475.0,88.0,10.337211,5.7,3290.0,en,"['Fantasy', 'Horror', 'Action']","['United States of America', 'Germany']",['English'],2013-01-17,2013.0,1.0
70829,The Last Godfather,13400000.0,16700000.0,100.0,1.223071,4.7,7.0,en,"['Action', 'Comedy', 'Thriller']",[],['한국어/조선말'],2010-12-29,2010.0,12.0
87499,The East,6500000.0,2401510.0,116.0,6.53667,6.5,308.0,en,"['Drama', 'Thriller']","['United Kingdom', 'United States of America']",['English'],2013-05-31,2013.0,5.0
89750,"Pink Ribbons, Inc.",900000.0,25000.0,97.0,0.489328,6.8,6.0,en,['Documentary'],"['United States of America', 'Canada']",['English'],2011-09-11,2011.0,9.0
58244,Upside Down,60000000.0,8106475.0,104.0,7.37535,6.2,1094.0,en,"['Romance', 'Science Fiction', 'Drama', 'Fantasy']","['Canada', 'France']",['English'],2012-09-27,2012.0,9.0
109421,Side Effects,30000000.0,63372757.0,106.0,11.645847,6.4,1340.0,en,"['Thriller', 'Crime', 'Drama']",['United States of America'],"['English', 'Français']",2013-02-07,2013.0,2.0
109431,Identity Thief,35000000.0,173965010.0,111.0,7.321172,5.6,1667.0,en,"['Comedy', 'Crime']",['United States of America'],['English'],2013-02-07,2013.0,2.0
109491,Beautiful Creatures,60000000.0,60052138.0,124.0,20.485203,5.6,1017.0,en,"['Fantasy', 'Drama', 'Romance']",['United States of America'],['English'],2013-02-13,2013.0,2.0
47964,A Good Day to Die Hard,92000000.0,304654182.0,98.0,12.471865,5.2,3519.0,en,"['Action', 'Thriller']",['United States of America'],"['English', 'Pусский']",2013-02-06,2013.0,2.0
107811,21 & Over,13000000.0,48065672.0,93.0,11.29356,5.7,748.0,en,['Comedy'],['United States of America'],['English'],2013-03-01,2013.0,3.0
112949,Safe Haven,28000000.0,97594140.0,115.0,7.598422,6.9,840.0,en,['Romance'],['United States of America'],"['English', 'Português']",2013-02-07,2013.0,2.0
85545,Elles,4000000.0,911466.0,96.0,9.921433,5.1,45.0,fr,"['Drama', 'Romance']","['France', 'Germany', 'Poland']","['Polski', 'Français', 'English']",2011-09-09,2011.0,9.0
123678,The Act of Killing,1000000.0,444575.0,115.0,6.373118,7.5,213.0,id,['Documentary'],"['Denmark', 'Norway', 'United Kingdom']","['English', 'Bahasa indonesia']",2012-08-31,2012.0,8.0
122857,Universal Soldier: Day of Reckoning,11500000.0,1402307.0,114.0,12.887287,5.1,139.0,en,"['Thriller', 'Action', 'Science Fiction', 'Horror', 'Mystery']",['United States of America'],['English'],2012-10-04,2012.0,10.0
68179,Escape from Planet Earth,40000000.0,74597643.0,89.0,11.617481,5.7,337.0,en,"['Animation', 'Comedy', 'Adventure', 'Family', 'Science Fiction']","['Canada', 'United States of America']",['English'],2013-02-14,2013.0,2.0
132344,Before Midnight,3000000.0,11176469.0,108.0,11.30324,7.3,583.0,en,"['Romance', 'Drama']","['Greece', 'United States of America']","['English', 'ελληνικά', 'Français']",2013-04-05,2013.0,4.0
134411,Snitch,35000000.0,42930462.0,112.0,13.542675,5.8,1155.0,en,"['Thriller', 'Drama']","['United States of America', 'United Arab Emirates']","['English', 'Español']",2013-02-21,2013.0,2.0
145135,Dark Skies,3500000.0,25174316.0,97.0,26.972326,6.1,668.0,en,"['Science Fiction', 'Thriller', 'Horror']",['United States of America'],['English'],2013-02-21,2013.0,2.0
130739,A Coffee in Berlin,300000.0,2750275.0,88.0,7.90622,7.0,113.0,en,"['Comedy', 'Drama']",['Germany'],"['English', 'Deutsch']",2012-07-03,2012.0,7.0
81005,Jack the Giant Slayer,195000000.0,197687603.0,114.0,11.606061,5.5,2634.0,en,"['Action', 'Family', 'Fantasy']",['United States of America'],['English'],2013-02-27,2013.0,2.0
146203,The Last Exorcism Part II,5000000.0,15179302.0,88.0,5.874458,4.4,204.0,en,"['Horror', 'Thriller']",['United States of America'],['English'],2013-02-28,2013.0,2.0
72559,G.I. Joe: Retaliation,130000000.0,371876278.0,110.0,10.560608,5.4,3045.0,en,"['Adventure', 'Action', 'Science Fiction', 'Thriller']",['United States of America'],['English'],2013-03-26,2013.0,3.0
86825,Stoker,12000000.0,12077441.0,99.0,7.222816,6.5,895.0,en,"['Drama', 'Horror', 'Thriller']",['United States of America'],['English'],2013-02-28,2013.0,2.0
152259,Phantom,10000000.0,1034589.0,99.0,6.651567,5.5,120.0,en,['Thriller'],['United States of America'],['English'],2013-01-03,2013.0,1.0
68728,Oz: The Great and Powerful,200000000.0,491868548.0,130.0,11.137329,5.7,3576.0,en,"['Fantasy', 'Adventure', 'Family']",['United States of America'],['English'],2013-03-07,2013.0,3.0
49519,The Croods,135000000.0,585178928.0,98.0,14.757874,6.8,2447.0,en,"['Adventure', 'Animation', 'Comedy', 'Family', 'Fantasy']",['United States of America'],['English'],2013-03-20,2013.0,3.0
139948,Burn,225000.0,111300.0,86.0,0.466236,7.1,7.0,en,"['Foreign', 'Documentary']",['United States of America'],['English'],2012-11-01,2012.0,11.0
124459,The Incredible Burt Wonderstone,30000000.0,27437881.0,100.0,9.385769,5.3,732.0,en,['Comedy'],['United States of America'],['English'],2013-03-14,2013.0,3.0
122081,Spring Breakers,5000000.0,31724284.0,94.0,14.830235,5.0,1580.0,en,"['Drama', 'Crime']","['France', 'United States of America']",['English'],2013-01-24,2013.0,1.0
144789,I'm So Excited!,5000000.0,11724119.0,90.0,6.757549,5.8,219.0,es,['Comedy'],['Spain'],['Español'],2013-03-08,2013.0,3.0
158011,The Call,13000000.0,68572378.0,94.0,8.611077,6.6,1275.0,en,"['Crime', 'Thriller']",['United States of America'],['English'],2013-03-14,2013.0,3.0
117263,Olympus Has Fallen,70000000.0,161025640.0,120.0,10.978188,6.2,3010.0,en,"['Action', 'Thriller']",['United States of America'],"['English', '한국어/조선말']",2013-03-20,2013.0,3.0
97367,The Place Beyond the Pines,15000000.0,35485608.0,140.0,7.492658,6.8,1689.0,en,"['Drama', 'Crime']",['United States of America'],"['English', 'Español']",2013-03-20,2013.0,3.0
72710,The Host,44000000.0,63327201.0,125.0,11.342024,6.0,1859.0,en,"['Action', 'Adventure', 'Romance', 'Science Fiction', 'Thriller']",['United States of America'],['English'],2013-03-22,2013.0,3.0
65650,The Good Doctor,6000000.0,5206.0,93.0,8.278079,5.0,52.0,en,"['Drama', 'Thriller']",['United States of America'],"['English', 'Español']",2011-01-01,2011.0,1.0
144340,Admission,13000000.0,18000000.0,107.0,10.098539,5.5,307.0,en,"['Comedy', 'Drama', 'Romance']",['United States of America'],['English'],2013-03-21,2013.0,3.0
60579,Hey Ram,3900000.0,4900000.0,199.0,0.562097,6.7,10.0,ta,"['Drama', 'Foreign']",['India'],"['हिन्दी', 'தமிழ்']",2000-02-18,2000.0,2.0
109428,Evil Dead,17000000.0,97542952.0,91.0,12.01525,6.4,1754.0,en,['Horror'],['United States of America'],['English'],2013-04-05,2013.0,4.0
68727,Trance,20000000.0,24261569.0,101.0,7.876299,6.5,975.0,en,"['Thriller', 'Crime', 'Drama', 'Mystery']","['United Kingdom', 'France']","['English', 'Français']",2013-03-27,2013.0,3.0
93828,Welcome to the Punch,8500000.0,9747.0,99.0,7.67857,5.7,284.0,en,"['Action', 'Adventure', 'Crime']","['United Kingdom', 'United States of America']",['English'],2013-03-15,2013.0,3.0
44895,Poor White Trash,1200000.0,1404.0,85.0,0.584397,3.9,7.0,en,"['Crime', 'Comedy']",['United States of America'],['English'],2000-06-16,2000.0,6.0
75612,Oblivion,120000000.0,286168572.0,124.0,14.654053,6.4,4862.0,en,"['Action', 'Science Fiction', 'Adventure', 'Mystery']",['United States of America'],['English'],2013-04-10,2013.0,4.0
59963,Dark Tide,25000000.0,432274.0,113.0,5.405958,4.8,61.0,en,"['Thriller', 'Adventure', 'Drama']","['South Africa', 'United States of America']",['English'],2012-03-28,2012.0,3.0
109410,42,40000000.0,95020213.0,128.0,11.637224,6.8,795.0,en,['Drama'],['United States of America'],[],2013-04-12,2013.0,4.0
126250,Love Is All You Need,5500000.0,10016934.0,116.0,4.711231,6.2,86.0,da,"['Comedy', 'Romance']","['Denmark', 'France', 'Italy', 'Sweden', 'Germany']","['Dansk', 'Italiano', 'English']",2012-09-04,2012.0,9.0
127517,Disconnect,10000000.0,3428048.0,115.0,12.18812,6.9,459.0,en,"['Drama', 'Thriller']",['United States of America'],['English'],2012-09-11,2012.0,9.0
4258,Scary Movie 5,20000000.0,78378744.0,86.0,14.27281,4.6,813.0,en,['Comedy'],['United States of America'],['English'],2013-04-11,2013.0,4.0
134374,Pain & Gain,25000000.0,86175291.0,130.0,9.218002,6.1,1595.0,en,"['Thriller', 'Crime', 'Action']",['United States of America'],['English'],2013-04-18,2013.0,4.0
176124,Home Run,1200000.0,2861020.0,114.0,1.472463,6.3,25.0,en,['Drama'],['United States of America'],"['English', 'Deutsch']",2013-04-19,2013.0,4.0
44865,The Grandmaster,3860000.0,64076736.0,130.0,8.959821,6.3,280.0,zh,"['Action', 'Drama', 'History']","['China', 'Hong Kong']","['广州话 / 廣州話', '日本語', '普通话']",2013-01-08,2013.0,1.0
109414,This Is the End,32000000.0,126041322.0,107.0,11.414048,6.2,2394.0,en,"['Action', 'Comedy']",['United States of America'],['English'],2013-06-12,2013.0,6.0
68721,Iron Man 3,200000000.0,1215439994.0,130.0,23.721243,6.8,8951.0,en,"['Action', 'Adventure', 'Science Fiction']","['China', 'United States of America']",['English'],2013-04-18,2013.0,4.0
91073,Late Autumn,6200000.0,4820000.0,113.0,1.077252,6.9,22.0,ko,['Drama'],"['China', 'United States of America', 'South Korea', 'Hong Kong']","['English', '한국어/조선말', '普通话']",2010-09-10,2010.0,9.0
103731,Mud,10000000.0,21587700.0,130.0,7.881579,7.0,1080.0,en,['Drama'],['United States of America'],['English'],2013-05-01,2013.0,5.0
101501,The Afflicted,180000.0,175742.0,85.0,0.437372,4.0,12.0,en,"['Horror', 'Thriller']",['United States of America'],['English'],2011-10-22,2011.0,10.0
94901,About Cherry,2500000.0,3003.0,102.0,5.46567,4.4,91.0,en,['Drama'],['United States of America'],['English'],2012-02-14,2012.0,2.0
64682,The Great Gatsby,105000000.0,351040419.0,143.0,17.598936,7.3,3885.0,en,"['Drama', 'Romance']","['United States of America', 'Australia']",['English'],2013-05-10,2013.0,5.0
54138,Star Trek Into Darkness,190000000.0,467365246.0,132.0,15.78129,7.4,4479.0,en,"['Action', 'Adventure', 'Science Fiction']",['United States of America'],['English'],2013-05-05,2013.0,5.0
116741,The Internship,58000000.0,44000000.0,119.0,0.393865,6.1,1691.0,en,['Comedy'],['United States of America'],['English'],2013-06-07,2013.0,6.0
77987,Only God Forgives,4800000.0,10337387.0,90.0,6.069475,5.6,886.0,en,"['Drama', 'Thriller', 'Crime']","['France', 'Denmark', 'Sweden', 'Thailand', 'United States of America']","['English', 'ภาษาไทย']",2013-05-30,2013.0,5.0
109439,The Hangover Part III,103000000.0,362000072.0,100.0,25.085639,6.0,2991.0,en,['Comedy'],['United States of America'],['English'],2013-05-23,2013.0,5.0
82992,Fast & Furious 6,160000000.0,788679850.0,130.0,1.657637,6.7,5282.0,en,"['Action', 'Thriller', 'Crime']",['United States of America'],"['English', 'Pусский', 'Español']",2013-05-06,2013.0,5.0
116711,Epic,100000000.0,268426634.0,102.0,11.913405,6.4,1143.0,en,"['Animation', 'Adventure', 'Family', 'Fantasy']",['United States of America'],['English'],2013-05-15,2013.0,5.0
152780,The Past,11000000.0,10631747.0,130.0,9.166555,7.1,161.0,fr,"['Drama', 'Mystery']","['France', 'Italy', 'Iran']",['Français'],2013-05-17,2013.0,5.0
42151,Down Terrace,31192.0,10000.0,89.0,1.585713,6.3,26.0,en,"['Drama', 'Action', 'Comedy']",['United Kingdom'],['English'],2009-09-01,2009.0,9.0
104755,The Lords of Salem,1500000.0,1165882.0,101.0,9.981121,5.1,244.0,en,"['Horror', 'Thriller']","['Canada', 'United States of America', 'United Kingdom']",['English'],2012-09-10,2012.0,9.0
119675,Behind the Candelabra,23000000.0,15600000.0,118.0,7.339451,6.6,307.0,en,"['Drama', 'Romance']",['United States of America'],['English'],2013-05-26,2013.0,5.0
123103,Aftershock,2000000.0,58510.0,89.0,8.367858,5.3,110.0,es,"['Horror', 'Thriller']","['Chile', 'United States of America']","['English', 'Español']",2012-09-12,2012.0,9.0
82700,After Earth,130000000.0,243843127.0,100.0,10.747642,5.0,2579.0,en,"['Science Fiction', 'Action', 'Adventure']",['United States of America'],['English'],2013-05-30,2013.0,5.0
75656,Now You See Me,75000000.0,117698894.0,115.0,17.852022,7.3,5635.0,en,"['Thriller', 'Crime']","['United States of America', 'France']","['Français', 'English']",2013-05-29,2013.0,5.0
77805,Lovelace,10000000.0,1585582.0,92.0,6.383512,6.0,234.0,en,['Drama'],['United States of America'],['English'],2013-08-08,2013.0,8.0
74513,Special Forces,10000000.0,10759.0,109.0,5.3584,6.4,132.0,fr,"['Action', 'Drama', 'War']",['France'],"['Français', 'English']",2011-11-02,2011.0,11.0
133463,Redd Inc.,500000.0,1000000.0,93.0,5.411012,5.5,28.0,en,"['Thriller', 'Horror', 'Comedy']",['Australia'],['English'],2012-11-03,2012.0,11.0
147773,The Way Way Back,4600000.0,23198652.0,103.0,10.342737,7.1,695.0,en,"['Comedy', 'Drama']",['United States of America'],['English'],2013-06-06,2013.0,6.0
49521,Man of Steel,225000000.0,662845518.0,143.0,18.538834,6.5,6462.0,en,"['Action', 'Adventure', 'Fantasy', 'Science Fiction']","['United Kingdom', 'United States of America']",['English'],2013-06-12,2013.0,6.0
87567,The Big Wedding,35000000.0,21819348.0,90.0,6.651605,5.7,421.0,en,['Comedy'],['United States of America'],"['English', 'Español', 'Latin']",2013-04-25,2013.0,4.0
158015,The Purge,3000000.0,89328627.0,86.0,23.207663,6.0,2498.0,en,"['Science Fiction', 'Horror', 'Thriller']","['France', 'United States of America']",['English'],2013-05-31,2013.0,5.0
96936,The Bling Ring,15000000.0,19145732.0,90.0,7.913029,5.3,1205.0,en,"['Drama', 'Crime']",['United States of America'],['English'],2013-06-12,2013.0,6.0
62211,Monsters University,200000000.0,743559607.0,104.0,16.267502,7.0,3622.0,en,"['Animation', 'Family']",['United States of America'],['English'],2013-06-20,2013.0,6.0
103620,Maniac,6000000.0,31081.0,89.0,8.804658,5.9,322.0,en,['Horror'],"['France', 'United States of America']",['English'],2012-12-26,2012.0,12.0
68726,Pacific Rim,180000000.0,407602906.0,131.0,33.949359,6.7,4903.0,en,"['Action', 'Science Fiction', 'Adventure']","['United States of America', 'Canada']",['English'],2013-07-11,2013.0,7.0
152742,The Best Offer,13500000.0,19255873.0,124.0,8.995603,7.7,719.0,en,"['Drama', 'Romance', 'Crime', 'Mystery']",['Italy'],['English'],2013-01-01,2013.0,1.0
72190,World War Z,200000000.0,531865000.0,116.0,26.114917,6.7,5683.0,en,"['Action', 'Drama', 'Horror', 'Science Fiction', 'Thriller']","['United States of America', 'Malta']",['English'],2013-06-20,2013.0,6.0
68724,Elysium,115000000.0,286140700.0,109.0,15.232738,6.4,3510.0,en,"['Science Fiction', 'Action', 'Drama', 'Thriller']",['United States of America'],['English'],2013-08-07,2013.0,8.0
127373,What Maisie Knew,6000000.0,1066471.0,93.0,8.535611,7.4,149.0,en,['Drama'],['United States of America'],['English'],2013-05-02,2013.0,5.0
93456,Despicable Me 2,76000000.0,970761885.0,98.0,24.82355,7.0,4729.0,en,"['Animation', 'Comedy', 'Family']",['United States of America'],['English'],2013-06-25,2013.0,6.0
117251,White House Down,150000000.0,205366737.0,131.0,9.920223,6.3,1910.0,en,"['Action', 'Drama', 'Thriller']",['United States of America'],['English'],2013-06-27,2013.0,6.0
107985,The World's End,20000000.0,46089287.0,109.0,9.830382,6.7,1820.0,en,"['Comedy', 'Action', 'Science Fiction']",['United Kingdom'],['English'],2013-07-18,2013.0,7.0
136418,Hummingbird,20000000.0,8352885.0,100.0,8.801032,5.9,587.0,en,"['Action', 'Thriller']","['United States of America', 'United Kingdom']",['English'],2013-05-07,2013.0,5.0
136795,The Heat,43000000.0,158674180.0,117.0,12.706403,6.5,1595.0,en,"['Action', 'Comedy', 'Crime']",['United States of America'],"['English', 'Español', 'български език']",2013-06-27,2013.0,6.0
57201,The Lone Ranger,255000000.0,89289910.0,149.0,12.729104,5.9,2361.0,en,"['Action', 'Adventure', 'Western']",['United States of America'],['English'],2013-07-03,2013.0,7.0
157386,The Spectacular Now,2500000.0,6854611.0,95.0,8.098964,6.8,1074.0,en,"['Comedy', 'Drama', 'Romance']",['United States of America'],['English'],2013-08-02,2013.0,8.0
206324,Bhaag Milkha Bhaag,4600000.0,25000000.0,186.0,4.342418,7.3,62.0,hi,"['History', 'Action', 'Drama']",['India'],['हिन्दी'],2013-07-12,2013.0,7.0
49524,R.I.P.D.,130000000.0,61648500.0,96.0,9.369679,5.4,1280.0,en,"['Fantasy', 'Action', 'Comedy', 'Crime']",['United States of America'],['English'],2013-07-18,2013.0,7.0
138843,The Conjuring,13000000.0,318000141.0,112.0,14.90169,7.4,3169.0,en,"['Horror', 'Thriller']",['United States of America'],['English'],2013-07-18,2013.0,7.0
77950,Turbo,135000000.0,282570682.0,96.0,8.979753,6.1,1094.0,en,"['Animation', 'Family']",['United States of America'],['English'],2013-07-11,2013.0,7.0
76170,The Wolverine,120000000.0,415440673.0,126.0,3.918287,6.3,4110.0,en,"['Action', 'Science Fiction', 'Adventure', 'Fantasy']","['United Kingdom', 'United States of America']",['English'],2013-07-23,2013.0,7.0
27957,The Breath,2000000.0,13500000.0,128.0,1.315237,7.1,24.0,tr,"['Action', 'Adventure', 'Drama', 'History', 'War']",['Turkey'],['Türkçe'],2009-10-15,2009.0,10.0
136400,2 Guns,61000000.0,131940411.0,109.0,13.336512,6.6,1611.0,en,"['Action', 'Comedy', 'Crime']",['United States of America'],"['Español', 'English']",2013-08-02,2013.0,8.0
151743,Lost in Thailand,2200000.0,208000000.0,105.0,1.789133,6.1,28.0,zh,['Comedy'],"['China', 'Thailand']",['普通话'],2012-12-12,2012.0,12.0
160588,Blue Jasmine,18000000.0,99206215.0,98.0,12.61244,7.0,1126.0,en,"['Comedy', 'Drama']",['United States of America'],['English'],2013-07-25,2013.0,7.0
179144,The Great Beauty,12400000.0,8371085.0,142.0,8.176134,7.3,745.0,it,"['Comedy', 'Drama']",['Italy'],"['Italiano', '日本語', 'Español', '普通话']",2013-05-21,2013.0,5.0
109729,The Canyons,250000.0,56825.0,99.0,4.281631,4.1,75.0,en,"['Thriller', 'Drama']",['United States of America'],['English'],2013-07-29,2013.0,7.0
76285,Percy Jackson: Sea of Monsters,90000000.0,174578751.0,106.0,10.338222,5.9,1685.0,en,"['Adventure', 'Family', 'Fantasy']",['United States of America'],['English'],2013-08-07,2013.0,8.0
77931,The Smurfs 2,105000000.0,347434178.0,105.0,10.640864,5.5,711.0,en,"['Fantasy', 'Family', 'Comedy', 'Animation']",['United States of America'],['English'],2013-07-30,2013.0,7.0
177699,Alan Partridge: Alpha Papa,4000000.0,9800000.0,90.0,10.130541,6.5,184.0,en,['Comedy'],['United Kingdom'],['English'],2013-07-24,2013.0,7.0
23535,Class of 1999,5200000.0,2459895.0,99.0,6.700173,6.3,46.0,en,"['Science Fiction', 'Thriller']",['United States of America'],['English'],1990-05-11,1990.0,5.0
76544,Man of Tai Chi,25000000.0,2054941.0,105.0,11.829231,5.8,295.0,en,"['Action', 'Drama']","['China', 'Hong Kong', 'United States of America']","['广州话 / 廣州話', 'English', '普通话']",2013-07-04,2013.0,7.0
138832,We're the Millers,37000000.0,269994119.0,110.0,18.474368,6.8,3053.0,en,"['Comedy', 'Crime']",['United States of America'],['English'],2013-08-07,2013.0,8.0
109418,Grown Ups 2,80000000.0,246984278.0,100.0,9.411725,5.8,1180.0,en,['Comedy'],['United States of America'],['English'],2013-07-11,2013.0,7.0
59859,Kick-Ass 2,28000000.0,60700000.0,103.0,13.570264,6.3,2275.0,en,"['Action', 'Adventure', 'Crime']","['United States of America', 'United Kingdom']",['English'],2013-07-17,2013.0,7.0
87421,Riddick,38000000.0,98337295.0,119.0,9.596377,6.2,2066.0,en,"['Science Fiction', 'Action', 'Thriller']",['United States of America'],['English'],2013-09-02,2013.0,9.0
151960,Planes,50000000.0,219788712.0,91.0,11.604181,5.7,568.0,en,"['Animation', 'Family', 'Adventure', 'Comedy']",['United States of America'],['English'],2013-08-09,2013.0,8.0
59735,Cameron's Closet,7000000.0,136203.0,87.0,0.861473,4.8,7.0,en,['Horror'],"['United Kingdom', 'United States of America']","['Español', 'English']",1988-12-02,1988.0,12.0
115348,Paranoia,35000000.0,13785015.0,106.0,7.249581,5.6,358.0,en,"['Drama', 'Thriller']","['France', 'United States of America']",['English'],2013-08-14,2013.0,8.0
149870,The Wind Rises,30000000.0,117932401.0,126.0,9.310866,7.7,720.0,ja,['Animation'],['Japan'],"['Français', 'Deutsch', 'Italiano', '日本語']",2013-07-20,2013.0,7.0
115782,Jobs,12000000.0,35931410.0,128.0,14.294019,6.0,1183.0,en,"['Drama', 'History']",['United States of America'],['English'],2013-08-16,2013.0,8.0
123553,The Mortal Instruments: City of Bones,60000000.0,90565421.0,130.0,14.336187,6.2,1649.0,en,"['Action', 'Adventure', 'Drama', 'Mystery', 'Romance', 'Fantasy']",['United States of America'],['English'],2013-08-21,2013.0,8.0
132363,The Butler,25000000.0,115922175.0,132.0,11.061894,7.2,1134.0,en,['Drama'],['United States of America'],['English'],2013-08-16,2013.0,8.0
157360,In a World...,1000000.0,2963902.0,93.0,9.769134,6.4,232.0,en,['Comedy'],"['United Kingdom', 'United States of America']",['English'],2013-08-09,2013.0,8.0
122906,About Time,12000000.0,87100449.0,123.0,11.213913,7.8,2140.0,en,"['Comedy', 'Drama', 'Science Fiction']",['United Kingdom'],['English'],2013-08-16,2013.0,8.0
205022,Chennai Express,18000000.0,62000000.0,141.0,4.19356,6.5,91.0,hi,"['Romance', 'Comedy', 'Action']",['India'],"['हिन्दी', 'தமிழ்']",2013-08-09,2013.0,8.0
199373,The Frozen Ground,27220000.0,5496951.0,105.0,12.388833,6.1,473.0,en,"['Thriller', 'Crime']",['United States of America'],['English'],2013-07-18,2013.0,7.0
169209,Empire State,11000000.0,3639345.0,94.0,9.003792,4.9,229.0,en,"['Action', 'Drama']",['United States of America'],['English'],2013-09-03,2013.0,9.0
29231,The Immortals,50.0,83.0,98.0,0.825042,7.8,5.0,en,"['Action', 'Crime', 'Drama', 'Thriller']",['United States of America'],"['English', 'Français', 'Pусский']",1995-10-05,1995.0,10.0
33196,Tidal Wave,16000000.0,11301649.0,120.0,4.136356,6.4,49.0,ko,"['Action', 'Adventure', 'Drama', 'Thriller']",['South Korea'],"['English', '한국어/조선말']",2009-06-06,2009.0,6.0
111190,Adore,16000000.0,318982.0,100.0,12.260159,6.1,296.0,en,['Drama'],"['France', 'Australia']",['English'],2013-04-03,2013.0,4.0
211954,Instructions Not Included,5500000.0,99067206.0,115.0,6.507895,7.5,210.0,es,"['Comedy', 'Drama']",['Mexico'],"['Español', 'English']",2013-07-20,2013.0,7.0
146227,Getaway,18000000.0,10501938.0,90.0,13.224288,4.9,248.0,en,"['Action', 'Crime']","['Bulgaria', 'United States of America']",['English'],2013-08-29,2013.0,8.0
49047,Gravity,105000000.0,716392705.0,91.0,18.50194,7.3,5879.0,en,"['Science Fiction', 'Thriller', 'Drama']","['United Kingdom', 'United States of America']",['English'],2013-09-27,2013.0,9.0
212716,What If,11000000.0,7847000.0,93.0,10.841891,6.7,688.0,en,"['Drama', 'Comedy', 'Romance']","['Canada', 'Ireland']",['English'],2013-09-07,2013.0,9.0
146233,Prisoners,46000000.0,122126687.0,153.0,11.96262,7.9,3183.0,en,"['Drama', 'Thriller', 'Crime']",['United States of America'],['English'],2013-09-18,2013.0,9.0
164457,Out of the Furnace,22000000.0,15400000.0,116.0,6.760321,6.5,731.0,en,"['Thriller', 'Drama', 'Crime']",['United States of America'],['English'],2013-12-06,2013.0,12.0
156711,Austenland,4900000.0,2159041.0,97.0,8.076305,6.6,192.0,en,"['Comedy', 'Romance']","['United Kingdom', 'United States of America']",['English'],2013-08-15,2013.0,8.0
96721,Rush,38000000.0,90247624.0,123.0,10.63552,7.7,2310.0,en,"['Drama', 'Action']","['Germany', 'United Kingdom']","['English', 'Deutsch', 'Italiano', 'Français']",2013-09-02,2013.0,9.0
112205,The Family,30000000.0,36894225.0,111.0,8.047735,6.1,1052.0,en,"['Crime', 'Comedy', 'Action']","['France', 'United States of America']",['English'],2013-09-13,2013.0,9.0
129139,The To Do List,1500000.0,3566225.0,104.0,7.081404,5.5,348.0,en,"['Comedy', 'Romance']",['United States of America'],['English'],2013-07-24,2013.0,7.0
220714,Grand Masti,5500000.0,47000000.0,140.0,1.250293,4.6,8.0,hi,"['Comedy', 'Drama', 'Romance']",['India'],['हिन्दी'],2013-09-13,2013.0,9.0
109417,Battle of the Year,20000000.0,16549477.0,110.0,5.0739,5.9,89.0,en,"['Music', 'Drama']",['United States of America'],['English'],2013-09-21,2013.0,9.0
114726,Out on a Limb,11000000.0,1659542.0,82.0,1.305774,6.1,12.0,en,['Comedy'],[],['English'],1992-09-04,1992.0,9.0
129670,Nebraska,12000000.0,17654912.0,115.0,11.160699,7.4,648.0,en,"['Drama', 'Adventure']",['United States of America'],"['English', 'Español']",2013-09-21,2013.0,9.0
193613,Metallica: Through the Never,18000000.0,7972967.0,93.0,5.229975,6.7,86.0,en,['Music'],['United States of America'],['English'],2013-09-25,2013.0,9.0
165904,Special 26,7100000.0,18000000.0,144.0,2.78114,6.9,43.0,hi,"['Crime', 'Drama', 'Thriller']",['India'],['हिन्दी'],2013-02-07,2013.0,2.0
146238,Runner Runner,30000000.0,62616646.0,91.0,8.864607,5.5,547.0,en,"['Crime', 'Thriller', 'Drama']",['United States of America'],['English'],2013-09-24,2013.0,9.0
152584,Blue Is the Warmest Color,4300000.0,10165694.0,179.0,4.938148,7.2,1114.0,fr,"['Romance', 'Drama']","['France', 'Belgium']","['Français', 'English']",2013-10-09,2013.0,10.0
209262,Parkland,10000000.0,653651.0,94.0,6.71518,5.8,128.0,en,"['History', 'Drama', 'Thriller', 'Mystery']",['United States of America'],['English'],2013-10-02,2013.0,10.0
190754,On the Job,1052753.0,466088.0,120.0,2.934298,6.2,32.0,en,"['Action', 'Crime']",['Philippines'],"['English', 'Français', 'Deutsch', 'Italiano', '']",2013-05-23,2013.0,5.0
109451,Cloudy with a Chance of Meatballs 2,78000000.0,248384621.0,95.0,14.412061,6.4,936.0,en,"['Animation', 'Family', 'Comedy']",['United States of America'],['English'],2013-09-26,2013.0,9.0
109424,Captain Phillips,55000000.0,95000000.0,134.0,13.776068,7.6,2495.0,en,"['Action', 'Drama', 'Thriller']",['United States of America'],"['English', 'Somali']",2013-10-10,2013.0,10.0
106747,Machete Kills,12000000.0,15008161.0,107.0,9.251084,5.3,642.0,en,"['Action', 'Crime', 'Thriller']",['United States of America'],"['English', 'Español']",2013-09-12,2013.0,9.0
85889,Filth,5000000.0,9114264.0,97.0,14.970485,6.8,628.0,en,"['Crime', 'Drama', 'Comedy']","['United Kingdom', 'United States of America', 'Germany', 'Sweden', 'Belgium']",['English'],2013-09-23,2013.0,9.0
19623,Drona,15000000.0,3250000.0,150.0,0.758985,2.6,5.0,hi,"['Action', 'Foreign', 'Thriller']",['India'],['हिन्दी'],2008-10-02,2008.0,10.0
175528,Baggage Claim,8500000.0,22456509.0,96.0,5.590678,5.6,87.0,en,['Comedy'],['United States of America'],['English'],2013-09-27,2013.0,9.0
115210,Stitches,100000.0,95000.0,86.0,8.328705,5.5,94.0,en,['Horror'],['Ireland'],['English'],2012-05-19,2012.0,5.0
107846,Escape Plan,50000000.0,122915111.0,115.0,14.191611,6.7,1688.0,en,"['Action', 'Thriller']",['United States of America'],"['English', 'Deutsch', 'العربية', 'اردو']",2013-10-09,2013.0,10.0
133805,Carrie,30000000.0,82394288.0,100.0,18.399055,5.8,1505.0,en,"['Drama', 'Horror']",['United States of America'],['English'],2013-10-16,2013.0,10.0
162903,The Fifth Estate,28000000.0,8555008.0,128.0,10.850442,5.7,368.0,en,"['Drama', 'Thriller']","['Belgium', 'United States of America']",['English'],2013-10-11,2013.0,10.0
109091,The Counselor,25000000.0,71009334.0,117.0,14.723646,5.0,724.0,en,"['Thriller', 'Crime', 'Drama']","['United Kingdom', 'United States of America']",['English'],2013-10-25,2013.0,10.0
76203,12 Years a Slave,20000000.0,187000000.0,134.0,30.316249,7.9,3787.0,en,"['Drama', 'History']","['United States of America', 'United Kingdom']",['English'],2013-10-18,2013.0,10.0
152747,All Is Lost,9000000.0,6108720.0,106.0,12.74965,6.6,679.0,en,"['Action', 'Adventure', 'Drama']",['United States of America'],['English'],2013-10-18,2013.0,10.0
80274,Ender's Game,110000000.0,125537191.0,114.0,12.500305,6.6,2354.0,en,"['Science Fiction', 'Action', 'Adventure']",['United States of America'],['English'],2013-10-23,2013.0,10.0
208134,Bad Grandpa,15000000.0,151831537.0,92.0,8.000867,6.0,688.0,en,['Comedy'],['United States of America'],['English'],2013-10-22,2013.0,10.0
76338,Thor: The Dark World,170000000.0,644571402.0,112.0,34.905447,6.8,4873.0,en,"['Action', 'Adventure', 'Fantasy']",['United States of America'],['English'],2013-10-29,2013.0,10.0
152532,Dallas Buyers Club,5000000.0,55198285.0,117.0,14.785719,7.9,2973.0,en,"['Drama', 'History']",['United States of America'],"['English', '日本語']",2013-09-07,2013.0,9.0
123377,Pieta,103000.0,3623330.0,104.0,5.194433,6.9,92.0,ko,['Drama'],['South Korea'],['한국어/조선말'],2012-09-05,2012.0,9.0
175574,Free Birds,55000000.0,110000000.0,91.0,7.713231,5.7,259.0,en,"['Animation', 'Comedy', 'Family']",['United States of America'],['English'],2013-10-30,2013.0,10.0
137093,Last Vegas,28000000.0,134402450.0,105.0,9.157369,6.4,813.0,en,['Comedy'],['United States of America'],['English'],2013-10-31,2013.0,10.0
205220,Philomena,12000000.0,100129872.0,98.0,6.927182,7.4,588.0,en,['Drama'],['United Kingdom'],['English'],2013-11-01,2013.0,11.0
146304,The Best Man Holiday,17000000.0,71625195.0,123.0,6.102021,6.7,110.0,en,['Comedy'],['United States of America'],['English'],2013-11-15,2013.0,11.0
209274,Ida,2159280.0,15298355.0,80.0,8.651053,7.1,262.0,pl,['Drama'],"['Denmark', 'France', 'Poland', 'United Kingdom']",['Polski'],2013-10-25,2013.0,10.0
101299,The Hunger Games: Catching Fire,130000000.0,847423452.0,146.0,25.309139,7.4,6656.0,en,"['Adventure', 'Action', 'Science Fiction']",['United States of America'],['English'],2013-11-15,2013.0,11.0
57158,The Hobbit: The Desolation of Smaug,250000000.0,958400000.0,161.0,20.644776,7.6,4633.0,en,"['Adventure', 'Fantasy']","['New Zealand', 'United States of America']",['English'],2013-12-11,2013.0,12.0
64686,47 Ronin,175000000.0,150962475.0,119.0,14.88937,5.9,1357.0,en,"['Drama', 'Action', 'Adventure', 'Fantasy']",['United States of America'],"['English', '日本語']",2013-12-06,2013.0,12.0
146239,Delivery Man,26000000.0,51164106.0,105.0,13.548808,6.2,561.0,en,['Comedy'],['United States of America'],['English'],2013-10-10,2013.0,10.0
121642,Twice Born,13000000.0,18295.0,127.0,5.849716,6.9,142.0,it,"['Drama', 'Romance', 'War']","['Italy', 'Spain', 'Croatia']","['Italiano', 'English', 'Bosanski']",2012-09-13,2012.0,9.0
109445,Frozen,150000000.0,1274219009.0,102.0,24.248243,7.3,5440.0,en,"['Animation', 'Adventure', 'Family']",['United States of America'],['English'],2013-11-27,2013.0,11.0
86829,Inside Llewyn Davis,11000000.0,32935319.0,105.0,10.838063,7.2,845.0,en,"['Drama', 'Music']","['United States of America', 'France', 'United Kingdom']",['English'],2013-10-06,2013.0,10.0
106646,The Wolf of Wall Street,100000000.0,392000694.0,180.0,16.382422,7.9,6768.0,en,"['Crime', 'Drama', 'Comedy']",['United States of America'],"['Français', 'English']",2013-12-25,2013.0,12.0
204082,Homefront,22000000.0,43058898.0,100.0,9.896704,6.4,898.0,en,"['Action', 'Thriller']",['United States of America'],['English'],2013-11-27,2013.0,11.0
192136,Mandela: Long Walk to Freedom,35000000.0,27330000.0,141.0,11.318079,6.5,225.0,en,"['Drama', 'History']","['United Kingdom', 'South Africa']","['English', 'Afrikaans', '']",2013-12-06,2013.0,12.0
152737,August: Osage County,25000000.0,74188937.0,121.0,6.954296,6.9,497.0,en,"['Comedy', 'Drama']",['United States of America'],['English'],2013-12-26,2013.0,12.0
180048,Amen,110000.0,270000.0,165.0,1.104156,6.9,6.0,ml,"['Fantasy', 'Music', 'Romance']",['India'],[''],2013-03-21,2013.0,3.0
158916,Sweetwater,7000000.0,6147.0,95.0,5.799861,6.0,71.0,en,"['Western', 'Thriller']",['United States of America'],['English'],2013-01-24,2013.0,1.0
168672,American Hustle,40000000.0,251171807.0,138.0,16.478036,6.8,2868.0,en,"['Drama', 'Crime']",['United States of America'],['English'],2013-12-12,2013.0,12.0
116745,The Secret Life of Walter Mitty,90000000.0,188133322.0,114.0,8.684892,7.0,3213.0,en,"['Adventure', 'Comedy', 'Drama', 'Fantasy']",['United States of America'],['English'],2013-12-18,2013.0,12.0
152601,Her,23000000.0,47351251.0,126.0,13.829515,7.9,4215.0,en,"['Romance', 'Science Fiction', 'Drama']","['China', 'United States of America']",['English'],2013-12-18,2013.0,12.0
193756,Lone Survivor,40000000.0,149295601.0,121.0,10.855502,7.4,1549.0,en,"['Action', 'Drama', 'Thriller', 'War']",['United States of America'],['English'],2013-12-24,2013.0,12.0
140823,Saving Mr. Banks,35000000.0,112544580.0,125.0,15.130888,7.3,1256.0,en,"['Comedy', 'Drama', 'History']","['Australia', 'United Kingdom', 'United States of America']",['English'],2013-11-16,2013.0,11.0
49852,The Nutcracker: The Untold Story,90000000.0,16178959.0,110.0,3.394928,5.3,52.0,en,"['Fantasy', 'Action', 'Family']","['United Kingdom', 'Hungary']","['Dansk', 'English']",2010-11-24,2010.0,11.0
228331,A Perfect Man,5000000.0,388.0,95.0,1.740242,4.8,14.0,en,['Drama'],[],['English'],2013-11-01,2013.0,11.0
87516,Oldboy,30000000.0,4861022.0,104.0,7.882353,5.9,632.0,en,"['Drama', 'Thriller', 'Mystery', 'Action']",['United States of America'],['English'],2013-11-14,2013.0,11.0
114903,Aquí Entre Nos,1.0,2755584.0,73.0,0.230075,6.0,3.0,en,['Comedy'],['Mexico'],['Español'],2012-03-30,2012.0,3.0
109443,Anchorman 2: The Legend Continues,50000000.0,173649015.0,119.0,7.600751,6.0,940.0,en,['Comedy'],['United States of America'],['English'],2013-12-18,2013.0,12.0
110415,Snowpiercer,39200000.0,86758912.0,126.0,14.131906,6.7,2910.0,ko,"['Action', 'Science Fiction', 'Drama']","['South Korea', 'France', 'Czech Republic', 'United States of America']","['English', 'Français', '日本語', '한국어/조선말']",2013-08-01,2013.0,8.0
142487,The Precocious and Brief Life of Sabina Rivas,4620000.0,2395000.0,115.0,0.546165,5.0,6.0,es,['Drama'],['Mexico'],['Español'],2012-11-09,2012.0,11.0
82679,Fun Size,14000000.0,11417362.0,87.0,6.891823,5.5,139.0,en,['Comedy'],['United States of America'],['English'],2012-10-25,2012.0,10.0
169881,The Physician,32000000.0,57284237.0,155.0,13.332387,7.2,365.0,en,"['Adventure', 'Drama', 'History']",['Germany'],['English'],2013-12-25,2013.0,12.0
14499,Mio in the Land of Faraway,7200000.0,2300000.0,99.0,5.553737,6.3,23.0,en,"['Adventure', 'Drama', 'Fantasy', 'Family', 'Mystery']","['Sweden', 'Russia', 'Norway']",['English'],1987-07-01,1987.0,7.0
211233,The Hijack That Went South,1800000.0,532269.0,93.0,0.474578,5.6,8.0,fi,"['Action', 'Comedy', 'Crime']",[],['suomi'],2013-01-17,2013.0,1.0
64807,Grudge Match,40000000.0,44907260.0,113.0,11.655588,6.0,437.0,en,['Comedy'],['United States of America'],['English'],2013-12-25,2013.0,12.0
17478,Dhoom,1500000.0,12000000.0,124.0,3.106495,6.2,53.0,hi,"['Action', 'Crime', 'Drama', 'Thriller']",['India'],"['English', 'Deutsch', 'हिन्दी']",2004-08-27,2004.0,8.0
227348,Paranormal Activity: The Marked Ones,5000000.0,86362372.0,84.0,8.898523,5.2,455.0,en,"['Horror', 'Thriller']",['United States of America'],['English'],2014-01-01,2014.0,1.0
191714,The Lunchbox,1000000.0,4235151.0,104.0,10.766409,7.3,226.0,hi,"['Drama', 'Romance']","['India', 'France', 'Germany']","['English', 'हिन्दी']",2013-09-19,2013.0,9.0
245775,Yves Saint Laurent,12000000.0,21026290.0,106.0,4.726238,6.4,270.0,fr,['Drama'],['France'],"['日本語', 'Français', 'Pусский', 'English', 'العربية']",2014-01-08,2014.0,1.0
204810,Hunting Elephants,2300000.0,4500000.0,107.0,1.050644,6.2,11.0,he,"['Comedy', 'Crime']",['Israel'],"['Deutsch', 'עִבְרִית', 'English']",2013-07-03,2013.0,7.0
153158,Underdogs,22000000.0,24000000.0,106.0,14.347931,6.0,127.0,es,"['Animation', 'Adventure', 'Romance']","['Argentina', 'Spain']","['Español', 'English']",2013-07-18,2013.0,7.0
127560,The Railway Man,18000000.0,22309223.0,116.0,6.099421,6.7,277.0,en,"['Drama', 'History']","['Australia', 'United Kingdom']",['English'],2013-12-26,2013.0,12.0
118289,Diana,15000000.0,21766271.0,113.0,5.348746,5.3,180.0,en,"['Drama', 'Romance']","['Sweden', 'United Kingdom', 'France', 'Belgium']",['English'],2013-09-19,2013.0,9.0
168530,Ride Along,25000000.0,153997819.0,99.0,9.895752,6.1,867.0,en,"['Action', 'Comedy']",['United States of America'],['English'],2014-01-07,2014.0,1.0
137094,Jack Ryan: Shadow Recruit,60000000.0,50549107.0,105.0,11.234862,5.9,1194.0,en,"['Action', 'Drama', 'Thriller']","['Russia', 'United States of America']",['English'],2014-01-15,2014.0,1.0
157350,Divergent,85000000.0,288747895.0,139.0,21.572585,6.9,4784.0,en,"['Adventure', 'Action', 'Science Fiction']",['United States of America'],['English'],2014-03-14,2014.0,3.0
102207,HOUBA! On the Trail of the Marsupilami,50000000.0,48600000.0,105.0,10.409049,5.0,214.0,fr,"['Adventure', 'Comedy']",['France'],['Français'],2012-04-03,2012.0,4.0
79316,Devil's Due,7000000.0,36433975.0,89.0,10.591125,4.4,218.0,en,['Horror'],['United States of America'],['English'],2014-01-08,2014.0,1.0
41374,The First Power,10000000.0,22424195.0,98.0,1.942945,4.7,15.0,en,"['Crime', 'Thriller', 'Horror']",['United States of America'],['English'],1990-04-06,1990.0,4.0
177047,Decoding Annie Parker,2000000.0,48390.0,91.0,3.880541,5.5,38.0,en,['Drama'],['United States of America'],['English'],2014-05-02,2014.0,5.0
217993,Justice League: War,3500000.0,5155325.0,79.0,8.138622,7.0,234.0,en,['Animation'],['United States of America'],"['English', 'Deutsch']",2014-02-02,2014.0,2.0
185008,Yeh Jawaani Hai Deewani,7700000.0,46000000.0,159.0,4.262544,7.1,80.0,hi,['Romance'],['India'],['हिन्दी'],2013-05-31,2013.0,5.0
92834,Vizontele Tuuba,3000000.0,13954476.0,111.0,0.808339,6.5,9.0,en,"['Comedy', 'Drama']",['Turkey'],['Türkçe'],2004-01-21,2004.0,1.0
126319,Ernest & Celestine,12516654.0,8109160.0,78.0,7.225779,7.6,148.0,fr,"['Animation', 'Comedy', 'Drama', 'Family']","['Belgium', 'France', 'Luxembourg']",['Français'],2012-12-12,2012.0,12.0
100241,"I, Frankenstein",65000000.0,71154592.0,92.0,9.415817,5.1,701.0,en,"['Horror', 'Thriller']","['United States of America', 'Australia']",['English'],2014-01-22,2014.0,1.0
157099,Better Living Through Chemistry,5000000.0,75143.0,91.0,7.392294,5.9,99.0,en,"['Drama', 'Comedy']","['United Kingdom', 'United States of America']",['English'],2014-03-14,2014.0,3.0
130150,Labor Day,18000000.0,20275812.0,111.0,6.108646,6.7,306.0,en,['Drama'],['United States of America'],['English'],2013-12-27,2013.0,12.0
157841,The Young and Prodigious T.S. Spivet,33000000.0,9494789.0,105.0,6.839535,6.7,234.0,en,"['Adventure', 'Drama', 'Family']","['Canada', 'France']",['English'],2013-10-16,2013.0,10.0
152760,The Monuments Men,70000000.0,154984035.0,118.0,11.132411,5.8,1545.0,en,"['War', 'Drama', 'History', 'Action']","['Germany', 'United States of America']","['English', 'Deutsch', 'Pусский', 'Français']",2014-01-24,2014.0,1.0
137106,The Lego Movie,60000000.0,469160692.0,100.0,16.418133,7.5,3127.0,en,"['Adventure', 'Animation', 'Comedy', 'Family', 'Fantasy']",['United States of America'],['English'],2014-02-06,2014.0,2.0
97020,RoboCop,120000000.0,242688965.0,102.0,10.246549,5.7,2385.0,en,"['Action', 'Science Fiction']","['Canada', 'United States of America']",['English'],2014-01-30,2014.0,1.0
144336,Sabotage,35000000.0,17508518.0,110.0,6.966505,5.5,560.0,en,"['Action', 'Drama', 'Thriller', 'Crime']",['United States of America'],['English'],2014-03-28,2014.0,3.0
157834,The Zero Theorem,8500000.0,770706.0,107.0,10.990614,5.9,383.0,en,"['Drama', 'Fantasy', 'Science Fiction']","['United Kingdom', 'France', 'United States of America', 'Romania']",['English'],2014-01-02,2014.0,1.0
226857,Endless Love,20000000.0,34077920.0,103.0,8.757277,6.7,555.0,en,"['Drama', 'Romance']",['United States of America'],['English'],2014-02-12,2014.0,2.0
137321,Winter's Tale,60000000.0,30800231.0,118.0,7.363527,6.0,501.0,en,"['Drama', 'Fantasy', 'Mystery', 'Romance']",['United States of America'],['English'],2014-02-13,2014.0,2.0
157847,Joe,4000000.0,2365467.0,118.0,13.784411,6.5,346.0,en,['Drama'],['United States of America'],['English'],2014-04-11,2014.0,4.0
20493,Love Story 2050,20000000.0,5000000.0,171.0,0.304988,3.6,8.0,hi,"['Science Fiction', 'Romance']",['India'],['हिन्दी'],2008-07-04,2008.0,7.0
222899,About Last Night,12500000.0,49002684.0,100.0,9.543004,6.0,217.0,en,"['Comedy', 'Romance']",['United States of America'],['English'],2014-02-14,2014.0,2.0
120467,The Grand Budapest Hotel,30000000.0,174600318.0,99.0,14.442048,8.0,4644.0,en,"['Comedy', 'Drama']","['United Kingdom', 'United States of America', 'Germany']","['English', 'Français']",2014-02-26,2014.0,2.0
225565,That Awkward Moment,8000000.0,26049082.0,94.0,8.060403,6.1,1020.0,en,"['Comedy', 'Romance']",['United States of America'],['English'],2014-01-29,2014.0,1.0
157336,Interstellar,165000000.0,675120017.0,169.0,32.213481,8.1,11187.0,en,"['Adventure', 'Drama', 'Science Fiction']","['Canada', 'United States of America', 'United Kingdom']",['English'],2014-11-05,2014.0,11.0
192102,3 Days to Kill,28000000.0,52597999.0,113.0,17.861119,6.0,896.0,en,"['Action', 'Drama', 'Thriller', 'Crime']","['France', 'United States of America']",['English'],2014-02-14,2014.0,2.0
225574,Non-Stop,50000000.0,222809600.0,106.0,19.650229,6.8,2302.0,en,"['Action', 'Thriller', 'Mystery']","['France', 'United Kingdom', 'United States of America']","['English', 'Deutsch']",2014-01-26,2014.0,1.0
53182,300: Rise of an Empire,110000000.0,337580051.0,102.0,12.904677,6.1,2438.0,en,"['Action', 'War']",['United States of America'],['English'],2014-03-05,2014.0,3.0
82703,Mr. Peabody & Sherman,145000000.0,272912430.0,92.0,9.493838,6.7,861.0,en,"['Animation', 'Adventure', 'Family']",['United States of America'],['English'],2014-02-07,2014.0,2.0
97370,Under the Skin,13300000.0,5380251.0,108.0,6.707974,6.0,1118.0,en,"['Thriller', 'Science Fiction', 'Drama']","['United Kingdom', 'Switzerland', 'United States of America']",['English'],2014-03-14,2014.0,3.0
136797,Need for Speed,66000000.0,203277636.0,130.0,18.271383,6.1,1560.0,en,"['Action', 'Crime', 'Drama', 'Thriller']","['Philippines', 'United States of America', 'United Kingdom', 'France']",['English'],2014-03-13,2014.0,3.0
242042,Barefoot,6000000.0,15071.0,90.0,5.939334,6.3,210.0,en,"['Comedy', 'Drama', 'Romance']",['United States of America'],['English'],2014-02-02,2014.0,2.0
177494,Veronica Mars,6000000.0,3485127.0,107.0,7.510159,6.5,482.0,en,"['Comedy', 'Drama', 'Crime']",['United States of America'],['English'],2014-03-13,2014.0,3.0
209403,Bad Words,9500000.0,7800000.0,88.0,5.847166,6.4,335.0,en,['Comedy'],['United States of America'],['English'],2013-09-06,2013.0,9.0
235260,Son of God,22000000.0,67800064.0,138.0,6.477292,5.9,83.0,en,['Drama'],['United States of America'],"['English', 'עִבְרִית']",2014-02-28,2014.0,2.0
192577,Space Pirate Captain Harlock,30000000.0,17137302.0,115.0,7.857666,6.4,365.0,ja,"['Animation', 'Science Fiction']",['Japan'],['日本語'],2013-09-07,2013.0,9.0
100402,Captain America: The Winter Soldier,170000000.0,714766572.0,136.0,18.717704,7.6,5881.0,en,"['Action', 'Adventure', 'Science Fiction']",['United States of America'],['English'],2014-03-20,2014.0,3.0
86834,Noah,125000000.0,362637473.0,139.0,14.924487,5.5,2408.0,en,"['Drama', 'Adventure']",['United States of America'],['English'],2014-03-20,2014.0,3.0
142159,Across to Singapore,290000.0,596000.0,85.0,0.140491,7.7,3.0,en,"['Adventure', 'Drama']",['United States of America'],[],1928-04-07,1928.0,4.0
155084,13 Sins,5000000.0,13809.0,93.0,9.067788,6.2,355.0,en,"['Horror', 'Thriller']",['United States of America'],['English'],2014-04-18,2014.0,4.0
188207,The Legend of Hercules,70000000.0,61279452.0,99.0,6.599539,4.4,542.0,en,"['Action', 'Adventure']",['United States of America'],['English'],2014-01-10,2014.0,1.0
145220,Muppets Most Wanted,50000000.0,80383290.0,112.0,7.244956,6.2,318.0,en,"['Comedy', 'Adventure', 'Crime', 'Family']",['United States of America'],"['Deutsch', 'English']",2014-03-20,2014.0,3.0
190955,Blood Ties,25500000.0,2415472.0,128.0,14.934555,6.0,175.0,en,"['Thriller', 'Crime', 'Drama']","['France', 'United States of America']","['Español', 'English', 'Italiano']",2013-08-22,2013.0,8.0
138222,Best Man Down,1500000.0,1938.0,90.0,5.875708,6.1,65.0,en,"['Comedy', 'Drama']",['United States of America'],['English'],2012-10-20,2012.0,10.0
193612,The Quiet Ones,200000.0,17834867.0,98.0,6.322844,5.1,253.0,en,['Horror'],"['United Kingdom', 'United States of America']",['English'],2014-04-01,2014.0,4.0
200505,Draft Day,25000000.0,28831145.0,109.0,5.596449,6.5,309.0,en,['Drama'],['United States of America'],['English'],2014-04-11,2014.0,4.0
180299,The Raid 2,4500000.0,2627209.0,150.0,8.434884,7.6,832.0,id,"['Action', 'Crime', 'Thriller']",['Indonesia'],"['العربية', 'Bahasa indonesia', '日本語', 'English']",2014-03-27,2014.0,3.0
102382,The Amazing Spider-Man 2,200000000.0,705717432.0,142.0,26.23687,6.5,4274.0,en,"['Action', 'Adventure', 'Fantasy']",['United States of America'],['English'],2014-04-16,2014.0,4.0
157547,Oculus,5000000.0,44030246.0,104.0,8.698043,6.3,1079.0,en,['Horror'],['United States of America'],['English'],2013-09-08,2013.0,9.0
249660,God's Not Dead,17000000.0,29789000.0,113.0,6.097499,5.9,242.0,en,['Drama'],['United States of America'],['English'],2014-03-21,2014.0,3.0
197796,Beauty and the Beast,33000000.0,49100000.0,112.0,19.628834,5.8,669.0,fr,"['Fantasy', 'Romance']","['France', 'Germany']","['English', 'Français']",2014-02-12,2014.0,2.0
172385,Rio 2,103000000.0,500188435.0,102.0,8.18534,6.3,997.0,en,"['Animation', 'Adventure', 'Comedy', 'Family']",['United States of America'],"['English', 'Português']",2014-03-19,2014.0,3.0
157353,Transcendence,100000000.0,103039258.0,119.0,9.730176,5.9,2339.0,en,"['Thriller', 'Science Fiction', 'Drama', 'Mystery']","['China', 'United Kingdom', 'United States of America']",['English'],2014-04-16,2014.0,4.0
236751,Heaven is for Real,12000000.0,101332962.0,99.0,7.88371,6.1,234.0,en,['Drama'],['United States of America'],['English'],2014-04-16,2014.0,4.0
193610,The Other Woman,40000000.0,196781193.0,109.0,9.389354,6.2,1467.0,en,"['Comedy', 'Romance']",['United States of America'],['English'],2014-04-16,2014.0,4.0
254473,Brick Mansions,28000000.0,68896829.0,90.0,7.482959,5.7,628.0,en,"['Action', 'Crime', 'Drama']","['Canada', 'France']",['English'],2014-04-22,2014.0,4.0
210479,Locke,2000000.0,4635300.0,85.0,12.792394,6.9,780.0,en,"['Drama', 'Thriller']","['United Kingdom', 'United States of America']",['English'],2014-04-10,2014.0,4.0
76649,Pompeii,130000000.0,117831631.0,105.0,12.204174,5.2,1294.0,en,"['Action', 'Adventure', 'History', 'Romance', 'Drama']","['Canada', 'Germany', 'United States of America']",['English'],2014-02-18,2014.0,2.0
195589,Neighbors,18000000.0,268157400.0,96.0,11.90575,6.2,2773.0,en,['Comedy'],['United States of America'],['English'],2014-05-08,2014.0,5.0
49158,Tentacles,750000.0,3000000.0,102.0,0.950176,3.8,17.0,en,"['Thriller', 'Horror', 'Science Fiction']","['Italy', 'United States of America']",['English'],1977-02-25,1977.0,2.0
205601,Belle,10900000.0,16505460.0,105.0,13.454169,7.2,230.0,en,['Drama'],['United Kingdom'],['English'],2013-09-08,2013.0,9.0
152599,The Immigrant,16000000.0,5867686.0,117.0,6.985915,6.2,256.0,en,"['Drama', 'Romance']",['United States of America'],"['Latin', 'English', 'Polski']",2013-07-03,2013.0,7.0
19703,A Wednesday!,1400000.0,3500000.0,103.0,3.143929,7.0,61.0,hi,"['Action', 'Drama']",['India'],['हिन्दी'],2008-09-05,2008.0,9.0
252680,Moms' Night Out,5000000.0,10429707.0,98.0,6.127302,5.5,122.0,en,['Comedy'],['United States of America'],['English'],2014-03-25,2014.0,3.0
240832,Lucy,40000000.0,126546825.0,89.0,36.447603,6.3,6048.0,en,"['Action', 'Science Fiction']","['France', 'United States of America']","['普通话', 'English', 'Français', 'Español', '한국어/조선말']",2014-07-14,2014.0,7.0
127585,X-Men: Days of Future Past,250000000.0,747862775.0,131.0,26.058586,7.5,6155.0,en,"['Action', 'Adventure', 'Fantasy', 'Science Fiction']","['United Kingdom', 'United States of America']",['English'],2014-05-15,2014.0,5.0
124905,Godzilla,160000000.0,529076069.0,123.0,14.019239,6.1,3232.0,en,"['Action', 'Science Fiction', 'Thriller']","['Japan', 'United States of America']","['', 'English']",2014-05-14,2014.0,5.0
187596,Walk of Shame,15000000.0,59209.0,95.0,7.844705,5.8,561.0,en,['Comedy'],['United States of America'],['English'],2014-05-02,2014.0,5.0
59981,Legends of Oz: Dorothy's Return,70000000.0,18662027.0,88.0,6.660309,5.8,45.0,en,"['Animation', 'Music', 'Family']","['India', 'United States of America']",['English'],2013-06-13,2013.0,6.0
212778,Chef,11000000.0,45967935.0,114.0,8.720309,7.2,1203.0,en,['Comedy'],['United States of America'],"['English', 'Español']",2014-05-08,2014.0,5.0
210947,Afflicted,318000.0,121179.0,85.0,8.93232,6.4,210.0,en,"['Horror', 'Thriller']",['Canada'],"['Italiano', 'English', 'Français']",2014-04-04,2014.0,4.0
232672,Blended,40000000.0,123494610.0,117.0,10.395472,6.6,1028.0,en,['Comedy'],['United States of America'],['English'],2014-05-21,2014.0,5.0
198277,Begin Again,8000000.0,63464861.0,104.0,10.289628,7.3,1285.0,en,"['Comedy', 'Music', 'Romance', 'Drama']",['United States of America'],['English'],2013-09-07,2013.0,9.0
102651,Maleficent,180000000.0,758539785.0,97.0,19.467404,7.0,4607.0,en,"['Fantasy', 'Adventure', 'Action', 'Family', 'Romance']",['United States of America'],['English'],2014-05-28,2014.0,5.0
137113,Edge of Tomorrow,178000000.0,370541256.0,113.0,31.982986,7.6,4979.0,en,"['Action', 'Science Fiction']","['Australia', 'United States of America']",['English'],2014-05-27,2014.0,5.0
177677,Mission: Impossible - Rogue Nation,150000000.0,682330139.0,131.0,17.836882,7.1,3274.0,en,"['Action', 'Adventure', 'Thriller']","['China', 'United States of America']","['Deutsch', 'English', 'svenska']",2015-07-23,2015.0,7.0
198185,Million Dollar Arm,25000000.0,38307627.0,124.0,9.453942,6.6,264.0,en,['Drama'],['United States of America'],"['हिन्दी', 'English']",2014-05-09,2014.0,5.0
222935,The Fault in Our Stars,12000000.0,307166834.0,125.0,16.274653,7.6,3868.0,en,"['Romance', 'Drama']",['United States of America'],['English'],2014-05-16,2014.0,5.0
209185,The Grand Seduction,12700000.0,3430018.0,112.0,15.108283,6.7,109.0,en,['Comedy'],['Canada'],['English'],2014-05-30,2014.0,5.0
175541,Black Nativity,17500000.0,7018189.0,93.0,5.346121,5.8,16.0,en,"['Drama', 'Music']",['United States of America'],['English'],2013-11-27,2013.0,11.0
140870,Minuscule: Valley of the Lost Ants,19700000.0,30000000.0,89.0,6.583428,6.6,128.0,xx,"['Animation', 'Adventure', 'Family']","['Belgium', 'France']",['No Language'],2013-11-17,2013.0,11.0
227700,Mindscape,4357373.0,1200000.0,99.0,10.860471,6.5,202.0,en,"['Thriller', 'Drama']","['France', 'Spain', 'United Kingdom', 'United States of America']",['English'],2013-10-13,2013.0,10.0
114574,Bikini Spring Break,500000.0,500000.0,87.0,1.946823,3.8,20.0,en,['Comedy'],['United States of America'],['English'],2012-06-26,2012.0,6.0
187017,22 Jump Street,50000000.0,188441614.0,112.0,10.901496,7.0,3375.0,en,"['Crime', 'Comedy', 'Action']",['United States of America'],['English'],2014-06-05,2014.0,6.0
244088,Human Capital,6000000.0,5809330.0,111.0,7.217205,7.4,201.0,it,['Drama'],['Italy'],['Italiano'],2014-01-09,2014.0,1.0
156022,The Equalizer,55000000.0,192330738.0,132.0,17.618057,7.1,2997.0,en,"['Thriller', 'Action', 'Crime']",['United States of America'],['English'],2014-09-24,2014.0,9.0
82702,How to Train Your Dragon 2,145000000.0,609123048.0,102.0,12.256689,7.6,3163.0,en,"['Fantasy', 'Action', 'Adventure', 'Animation', 'Comedy', 'Family']",['United States of America'],['English'],2014-06-12,2014.0,6.0
194662,Birdman,18000000.0,103215094.0,119.0,18.193263,7.4,4657.0,en,"['Drama', 'Comedy']",['United States of America'],['English'],2014-08-27,2014.0,8.0
87368,17 Girls,4141459.0,201607.0,87.0,5.109329,5.6,103.0,fr,['Drama'],['France'],['Français'],2011-06-13,2011.0,6.0
85350,Boyhood,4000000.0,44349000.0,164.0,6.430591,7.5,2008.0,en,['Drama'],['United States of America'],"['Español', 'English']",2014-06-05,2014.0,6.0
184098,Think Like a Man Too,24000000.0,70181428.0,105.0,7.576924,6.3,229.0,en,"['Comedy', 'Romance']",['United States of America'],['English'],2014-06-20,2014.0,6.0
209451,Jersey Boys,40000000.0,67347013.0,134.0,6.447072,6.8,257.0,en,"['Music', 'Drama']",['United States of America'],['English'],2014-06-05,2014.0,6.0
91314,Transformers: Age of Extinction,210000000.0,1091405097.0,165.0,18.495599,5.8,3136.0,en,"['Science Fiction', 'Action', 'Adventure']",['United States of America'],['English'],2014-06-25,2014.0,6.0
218836,Planes: Fire & Rescue,50000000.0,151165787.0,83.0,7.579855,5.8,286.0,en,"['Animation', 'Comedy', 'Adventure', 'Family']",['United States of America'],['English'],2014-07-17,2014.0,7.0
262340,Mrs. Brown's Boys D'Movie,5900000.0,23000000.0,94.0,1.840891,4.7,34.0,en,['Comedy'],"['Ireland', 'United Kingdom']",['English'],2014-06-27,2014.0,6.0
226486,Tammy,20000000.0,100525432.0,97.0,7.359522,5.0,508.0,en,['Comedy'],['United States of America'],['English'],2014-07-02,2014.0,7.0
242224,The Babadook,2000000.0,6676471.0,93.0,8.832788,6.5,1890.0,en,"['Drama', 'Thriller', 'Horror']","['Canada', 'Australia']",['English'],2014-05-22,2014.0,5.0
267999,White God,2200000.0,282358.0,121.0,6.313465,6.6,105.0,hu,['Drama'],"['Hungary', 'Sweden', 'Germany']","['English', 'Magyar']",2014-06-12,2014.0,6.0
244786,Whiplash,3300000.0,13092000.0,105.0,64.29999,8.3,4376.0,en,['Drama'],['United States of America'],['English'],2014-10-10,2014.0,10.0
210577,Gone Girl,61000000.0,369330363.0,145.0,154.801009,7.9,6023.0,en,"['Mystery', 'Thriller', 'Drama']",['United States of America'],['English'],2014-10-01,2014.0,10.0
119450,Dawn of the Planet of the Apes,170000000.0,710644566.0,130.0,75.385211,7.3,4511.0,en,"['Science Fiction', 'Action', 'Drama', 'Thriller']",['United States of America'],['English'],2014-06-26,2014.0,6.0
123109,No One Lives,2900000.0,74918.0,86.0,7.202832,5.5,173.0,en,"['Horror', 'Thriller']",['United States of America'],['English'],2013-03-09,2013.0,3.0
253235,And So It Goes,18000000.0,25312387.0,94.0,7.69684,5.7,166.0,en,"['Comedy', 'Drama', 'Romance']",['United States of America'],['English'],2014-07-20,2014.0,7.0
225886,Sex Tape,40000000.0,126069509.0,97.0,27.470696,5.2,1733.0,en,['Comedy'],['United States of America'],['English'],2014-07-17,2014.0,7.0
238636,The Purge: Anarchy,9000000.0,108782847.0,104.0,27.756026,6.6,2008.0,en,"['Horror', 'Thriller']","['France', 'United States of America']",['English'],2014-07-17,2014.0,7.0
118340,Guardians of the Galaxy,170000000.0,773328629.0,121.0,53.291601,7.9,10014.0,en,"['Action', 'Science Fiction', 'Adventure']","['United Kingdom', 'United States of America']",['English'],2014-07-30,2014.0,7.0
242095,The Signal,4000000.0,600896.0,95.0,8.536786,5.8,639.0,en,"['Thriller', 'Science Fiction']",['United States of America'],['English'],2014-03-15,2014.0,3.0
138103,The Expendables 3,90000000.0,206172544.0,127.0,14.753545,6.1,1830.0,en,"['Action', 'Adventure', 'Thriller']","['France', 'United States of America']",['English'],2014-08-04,2014.0,8.0
184315,Hercules,100000000.0,243400000.0,99.0,19.606895,5.6,1707.0,en,"['Action', 'Adventure']",['United States of America'],['English'],2014-07-23,2014.0,7.0
157849,A Most Wanted Man,15000000.0,31554855.0,121.0,10.432407,6.5,545.0,en,['Thriller'],"['United Kingdom', 'United States of America', 'Germany']",['English'],2014-07-25,2014.0,7.0
231576,Wish I Was Here,5500000.0,5483299.0,120.0,6.149295,6.4,304.0,en,"['Drama', 'Comedy']",['United States of America'],['English'],2014-01-18,2014.0,1.0
238603,Earth to Echo,13000000.0,45300000.0,89.0,12.412221,5.7,294.0,en,"['Family', 'Adventure', 'Science Fiction']",['United States of America'],['English'],2014-06-14,2014.0,6.0
243683,Step Up All In,45000000.0,86165646.0,112.0,8.588926,6.7,649.0,en,"['Romance', 'Drama', 'Music']",['United States of America'],['English'],2014-07-16,2014.0,7.0
244566,Life After Beth,2400000.0,88273.0,90.0,5.486893,5.0,235.0,en,"['Romance', 'Comedy', 'Horror']",['United States of America'],['English'],2014-08-15,2014.0,8.0
157845,The Rover,12250000.0,2295423.0,103.0,6.561373,6.1,295.0,en,"['Crime', 'Drama']",['Australia'],"['普通话', 'English']",2014-05-18,2014.0,5.0
229297,Magic in the Moonlight,16800000.0,51029361.0,97.0,6.626077,6.5,749.0,en,"['Comedy', 'Drama', 'Romance']","['United Kingdom', 'United States of America']",['English'],2014-07-25,2014.0,7.0
228194,The Hundred-Foot Journey,22000000.0,88880821.0,122.0,14.466789,7.3,516.0,en,['Drama'],"['India', 'United States of America', 'United Arab Emirates']","['हिन्दी', 'English', 'Français']",2014-08-06,2014.0,8.0
76757,Jupiter Ascending,176000003.0,183987723.0,124.0,21.463465,5.2,2816.0,en,"['Science Fiction', 'Fantasy', 'Action', 'Adventure']",['United States of America'],['English'],2015-02-04,2015.0,2.0
98566,Teenage Mutant Ninja Turtles,125000000.0,477200000.0,101.0,22.337973,5.8,2677.0,en,"['Science Fiction', 'Action', 'Adventure', 'Fantasy', 'Comedy']",['United States of America'],['English'],2014-08-07,2014.0,8.0
227156,The Giver,25000000.0,66980456.0,94.0,12.472206,6.4,1859.0,en,"['Drama', 'Science Fiction']",['United States of America'],['English'],2014-08-11,2014.0,8.0
193893,Let's Be Cops,17000000.0,136621271.0,104.0,15.962793,6.4,1234.0,en,['Comedy'],['United States of America'],['English'],2014-08-13,2014.0,8.0
211067,The Sacrament,4000000.0,9221.0,99.0,5.350658,5.6,139.0,en,"['Horror', 'Mystery', 'Thriller']",['United States of America'],['English'],2013-09-02,2013.0,9.0
212769,Make Your Move,15.0,122.0,110.0,6.792607,6.2,30.0,en,['Music'],['South Korea'],['English'],2013-08-07,2013.0,8.0
189,Sin City: A Dame to Kill For,65000000.0,39407616.0,102.0,20.623642,6.3,1314.0,en,"['Crime', 'Thriller']",['United States of America'],['English'],2014-08-20,2014.0,8.0
249164,If I Stay,11000000.0,78874843.0,106.0,9.659244,7.3,1415.0,en,['Drama'],['United States of America'],['English'],2014-08-21,2014.0,8.0
221902,"Two Days, One Night",7000000.0,6860853.0,95.0,6.868022,6.8,327.0,fr,['Drama'],"['Italy', 'Belgium', 'France']",['Français'],2014-05-21,2014.0,5.0
282813,The Pyramid,6500000.0,13865435.0,89.0,9.312354,4.6,365.0,en,['Horror'],['United States of America'],['English'],2014-12-04,2014.0,12.0
209189,Life of Crime,12000000.0,265452.0,94.0,17.788579,5.5,144.0,en,"['Comedy', 'Crime']",['United States of America'],['English'],2013-09-14,2013.0,9.0
256274,"As Above, So Below",5000000.0,40100000.0,93.0,10.846585,6.1,788.0,en,"['Horror', 'Thriller']",['United States of America'],['English'],2014-08-14,2014.0,8.0
241848,The Guest,5000000.0,2367161.0,99.0,6.441964,6.5,661.0,en,"['Mystery', 'Thriller', 'Action']",['United States of America'],['English'],2014-09-17,2014.0,9.0
204922,Before I Go to Sleep,22000000.0,15447154.0,92.0,14.921298,6.2,672.0,en,"['Mystery', 'Thriller']","['France', 'Sweden', 'United Kingdom']",['English'],2014-09-03,2014.0,9.0
199933,Atlas Shrugged Part III: Who is John Galt?,5000000.0,846704.0,99.0,1.845554,3.9,15.0,en,"['Drama', 'Science Fiction', 'Mystery']",['United States of America'],['English'],2014-09-12,2014.0,9.0
216282,Into the Storm,50000000.0,160602194.0,89.0,9.092925,5.8,829.0,en,"['Action', 'Thriller']",['United States of America'],['English'],2014-08-06,2014.0,8.0
192145,Third Person,28000000.0,1749201.0,137.0,8.808328,5.8,218.0,en,"['Drama', 'Romance']","['Belgium', 'Germany', 'United Kingdom', 'United States of America']","['Italiano', 'English']",2013-09-09,2013.0,9.0
254191,Honeymoon,1000000.0,9318.0,87.0,6.107378,5.4,261.0,en,['Horror'],['United States of America'],['English'],2014-09-12,2014.0,9.0
154400,The Drop,12600000.0,19054534.0,106.0,11.695036,6.7,859.0,en,"['Drama', 'Crime']",['United States of America'],['English'],2014-09-12,2014.0,9.0
198663,The Maze Runner,34000000.0,348319861.0,113.0,76.93789,7.0,5540.0,en,"['Action', 'Mystery', 'Science Fiction', 'Thriller']",['United States of America'],['English'],2014-09-10,2014.0,9.0
136835,No Good Deed,13200000.0,53830415.0,83.0,24.644321,5.6,182.0,en,"['Crime', 'Thriller']",['United States of America'],['English'],2014-09-10,2014.0,9.0
244506,Camp X-Ray,1000000.0,59744.0,117.0,11.153327,6.7,395.0,en,['Drama'],['United States of America'],['English'],2014-10-17,2014.0,10.0
169917,A Walk Among the Tombstones,28000000.0,53181600.0,113.0,14.914924,6.2,1145.0,en,"['Crime', 'Drama', 'Mystery', 'Thriller']",['United States of America'],['English'],2014-09-18,2014.0,9.0
282296,My Old Lady,5000000.0,7527232.0,107.0,11.127162,6.1,100.0,en,"['Romance', 'Comedy', 'Drama']","['France', 'United Kingdom', 'United States of America']",['English'],2014-09-09,2014.0,9.0
111479,CBGB,5000000.0,40400.0,101.0,3.711772,6.5,45.0,en,"['Drama', 'Music']",['United States of America'],"['English', 'Deutsch']",2013-10-11,2013.0,10.0
264656,The Homesman,16000000.0,3442853.0,122.0,7.375146,6.4,262.0,en,"['Western', 'Drama']","['France', 'United States of America']",['English'],2014-05-18,2014.0,5.0
254904,The November Man,15000000.0,32556119.0,108.0,13.310556,6.0,645.0,en,"['Crime', 'Action', 'Thriller']","['United Kingdom', 'United States of America']",['English'],2014-08-27,2014.0,8.0
170687,The Boxtrolls,60000000.0,108255770.0,97.0,11.563909,6.6,689.0,en,"['Animation', 'Comedy', 'Family', 'Fantasy']",['United States of America'],['English'],2014-09-10,2014.0,9.0
149871,The Tale of the Princess Kaguya,49300000.0,24186232.0,137.0,7.566053,8.0,350.0,ja,"['Animation', 'Drama', 'Fantasy']",['Japan'],['日本語'],2013-11-23,2013.0,11.0
239678,This Is Where I Leave You,19800000.0,41296320.0,103.0,11.313659,6.5,512.0,en,"['Drama', 'Comedy']",['United States of America'],['English'],2014-09-10,2014.0,9.0
190859,American Sniper,58800000.0,542307423.0,133.0,19.228561,7.4,4600.0,en,"['War', 'Action']",['United States of America'],['English'],2014-12-11,2014.0,12.0
246403,Tusk,2800000.0,1826705.0,102.0,6.820925,5.1,374.0,en,"['Comedy', 'Horror']",['United States of America'],['English'],2014-09-19,2014.0,9.0
250546,Annabelle,6500000.0,255273813.0,99.0,23.242452,5.5,1588.0,en,['Horror'],['United States of America'],['English'],2014-10-02,2014.0,10.0
49017,Dracula Untold,70000000.0,215529201.0,92.0,16.316318,6.2,2439.0,en,"['Horror', 'Action', 'Drama', 'Fantasy', 'War']",['United States of America'],['English'],2014-10-01,2014.0,10.0
241254,The Prince,18000000.0,266586800.0,93.0,16.219485,4.6,218.0,en,"['Thriller', 'Action']",['United States of America'],['English'],2014-08-22,2014.0,8.0
227707,The Adventurer: The Curse of the Midas Box,25000000.0,6399.0,99.0,5.955203,5.1,74.0,en,"['Fantasy', 'Adventure', 'Family']","['Belgium', 'United Kingdom', 'Spain']",['English'],2013-12-05,2013.0,12.0
206487,Predestination,5500000.0,3000000.0,97.0,10.524204,7.3,1971.0,en,"['Science Fiction', 'Thriller']",['Australia'],['English'],2014-08-28,2014.0,8.0
239571,The Best of Me,26000000.0,35926213.0,117.0,8.196975,7.2,777.0,en,"['Drama', 'Romance']",['United States of America'],['English'],2014-10-16,2014.0,10.0
245891,John Wick,20000000.0,88761661.0,101.0,183.870374,7.0,5499.0,en,"['Action', 'Thriller']","['Canada', 'China', 'United States of America']","['Magyar', 'English', 'Pусский']",2014-10-22,2014.0,10.0
205587,The Judge,50000000.0,83719388.0,141.0,17.887943,7.2,1433.0,en,['Drama'],['United States of America'],['English'],2014-10-08,2014.0,10.0
228150,Fury,68000000.0,211817906.0,135.0,36.713807,7.4,4028.0,en,"['War', 'Drama', 'Action']","['United Kingdom', 'United States of America', 'China']",['English'],2014-10-15,2014.0,10.0
266285,The Salvation,10500000.0,42070000.0,100.0,8.253705,6.2,285.0,da,"['Drama', 'Western']","['Denmark', 'United Kingdom', 'South Africa', 'Sweden', 'Belgium']","['Dansk', 'English']",2014-05-22,2014.0,5.0
239563,St. Vincent,13000000.0,54837234.0,102.0,13.655752,7.1,770.0,en,['Comedy'],['United States of America'],['English'],2014-10-09,2014.0,10.0
218778,"Alexander and the Terrible, Horrible, No Good, Very Bad Day",28000000.0,100654149.0,81.0,7.861004,6.1,502.0,en,"['Family', 'Comedy']",['United States of America'],['English'],2014-10-08,2014.0,10.0
218043,Left Behind,16000000.0,19682924.0,110.0,11.519053,3.7,396.0,en,"['Thriller', 'Action', 'Science Fiction']",['United States of America'],['English'],2014-10-03,2014.0,10.0
242512,Ouija,5000000.0,103590271.0,89.0,13.288564,4.9,1006.0,en,['Horror'],"['Japan', 'United States of America']",['English'],2014-10-24,2014.0,10.0
242582,Nightcrawler,8500000.0,38697217.0,117.0,21.277073,7.6,3475.0,en,"['Crime', 'Drama', 'Thriller']",['United States of America'],['English'],2014-10-23,2014.0,10.0
36523,Felix The Cat: The Movie,9000000.0,1964253.0,82.0,0.030576,3.7,5.0,en,"['Animation', 'Family']","['Germany', 'Hungary', 'United States of America']",['English'],1988-10-01,1988.0,10.0
177572,Big Hero 6,165000000.0,652105443.0,102.0,213.849907,7.8,6289.0,en,"['Adventure', 'Family', 'Animation', 'Action', 'Comedy']",['United States of America'],['English'],2014-10-24,2014.0,10.0
236735,Marshland,4000000.0,5169755.0,105.0,11.127717,7.1,255.0,es,"['Mystery', 'Thriller']",['Spain'],"['Español', 'Türkçe']",2014-09-25,2014.0,9.0
228326,The Book of Life,50000000.0,97437106.0,95.0,10.337994,7.3,778.0,en,"['Romance', 'Animation', 'Adventure', 'Comedy', 'Family', 'Fantasy']","['Mexico', 'United States of America']",['English'],2014-10-01,2014.0,10.0
264660,Ex Machina,15000000.0,36869414.0,108.0,14.14078,7.6,4862.0,en,"['Drama', 'Science Fiction']",['United Kingdom'],['English'],2015-01-21,2015.0,1.0
17108,Kung Fu Dunk,10000000.0,22896728.0,100.0,8.406056,5.0,50.0,en,"['Action', 'Adventure', 'Comedy']",['Hong Kong'],['普通话'],2008-02-07,2008.0,2.0
103686,Paradise: Love,3600000.0,24267.0,120.0,4.645724,6.7,53.0,de,['Drama'],"['Austria', 'France', 'Germany']",['Deutsch'],2012-04-27,2012.0,4.0
87492,Foxcatcher,24000000.0,12096300.0,134.0,8.10357,6.5,965.0,en,"['Drama', 'Thriller']",['United States of America'],['English'],2014-05-19,2014.0,5.0
199534,Wolf Creek 2,8000000.0,9630444.0,106.0,6.842107,5.9,156.0,en,"['Horror', 'Thriller']",['Australia'],"['Deutsch', 'English']",2013-08-30,2013.0,8.0
77951,Walking With Dinosaurs,80000000.0,126546518.0,87.0,8.883866,5.2,136.0,en,"['Animation', 'Family', 'Adventure']","['Australia', 'India', 'United Kingdom', 'United States of America']",['English'],2013-12-18,2013.0,12.0
96239,Remington and the Curse of the Zombadings,22361.0,721651.0,96.0,0.673247,5.3,5.0,en,"['Foreign', 'Comedy', 'Horror', 'Drama']",['Philippines'],[],2011-08-31,2011.0,8.0
203793,Stalingrad,30000000.0,68129518.0,131.0,0.595196,5.7,93.0,ru,"['War', 'Action']",['Russia'],"['Deutsch', 'Pусский']",2013-10-09,2013.0,10.0
205596,The Imitation Game,14000000.0,233555708.0,113.0,31.59594,8.0,5895.0,en,"['History', 'Drama', 'Thriller', 'War']",['United Kingdom'],['English'],2014-11-14,2014.0,11.0
171274,Inherent Vice,20000000.0,11110975.0,148.0,13.52638,6.5,852.0,en,"['Comedy', 'Romance', 'Crime', 'Drama', 'Mystery']",['United States of America'],['English'],2014-12-25,2014.0,12.0
131631,The Hunger Games: Mockingjay - Part 1,125000000.0,752100229.0,123.0,147.098006,6.6,5767.0,en,"['Science Fiction', 'Adventure', 'Thriller']",['United States of America'],['English'],2014-11-18,2014.0,11.0
147441,Exodus: Gods and Kings,140000000.0,268031828.0,150.0,16.320249,5.6,1957.0,en,"['Adventure', 'Drama', 'Action']","['Spain', 'United Kingdom', 'United States of America']",['English'],2014-12-03,2014.0,12.0
100042,Dumb and Dumber To,40000000.0,169837010.0,110.0,15.402597,5.4,1140.0,en,['Comedy'],['United States of America'],['English'],2014-11-12,2014.0,11.0
80920,Repentance,5000000.0,1189612.0,90.0,1.962873,5.1,26.0,en,"['Horror', 'Thriller']",['United States of America'],['English'],2014-02-28,2014.0,2.0
266856,The Theory of Everything,15000000.0,123726688.0,123.0,11.85302,7.8,3403.0,en,"['Drama', 'Romance']",['United Kingdom'],"['Latin', 'English', 'Français', 'Italiano']",2014-11-26,2014.0,11.0
13646,"Moscow, Belgium",560000.0,1500000.0,102.0,1.572904,6.4,11.0,nl,"['Romance', 'Drama', 'Comedy']",['Belgium'],['Nederlands'],2008-01-30,2008.0,1.0
227735,Dolphin Tale 2,36000000.0,52424533.0,107.0,8.268684,6.7,98.0,en,"['Family', 'Drama']",['United States of America'],['English'],2014-09-12,2014.0,9.0
232679,When the Game Stands Tall,15000000.0,30127963.0,115.0,6.617708,6.3,134.0,en,['Drama'],['United States of America'],['English'],2014-08-22,2014.0,8.0
192558,Aashiqui 2,1300000.0,16000000.0,132.0,2.831069,6.8,41.0,hi,"['Drama', 'Romance']",['India'],['हिन्दी'],2013-04-25,2013.0,4.0
140818,Ragnarok,6500000.0,3721345.0,120.0,11.365247,5.7,59.0,no,"['Action', 'Adventure']",['Norway'],['Norsk'],2013-11-11,2013.0,11.0
36683,20th Century Boys - Chapter 1: Beginning of the End,20000000.0,31244858.0,142.0,1.889519,6.7,21.0,ja,"['Science Fiction', 'Adventure', 'Mystery']","['Japan', 'Thailand']",['日本語'],2008-08-19,2008.0,8.0
241771,Beyond the Lights,7000000.0,14618727.0,116.0,6.293515,7.0,139.0,en,"['Romance', 'Drama']",['United States of America'],['English'],2014-09-10,2014.0,9.0
205775,In the Heart of the Sea,100000000.0,93820758.0,122.0,11.696923,6.5,1300.0,en,"['Thriller', 'Drama', 'Adventure', 'Action', 'History']",['United States of America'],['English'],2015-11-20,2015.0,11.0
135397,Jurassic World,150000000.0,1513528810.0,124.0,32.790475,6.5,8842.0,en,"['Action', 'Adventure', 'Science Fiction', 'Thriller']",['United States of America'],['English'],2015-06-09,2015.0,6.0
43212,My Dear Desperado,800000.0,4214668.0,100.0,1.049484,6.6,6.0,ko,"['Romance', 'Comedy', 'Drama']",['South Korea'],['한국어/조선말'],2010-05-20,2010.0,5.0
227159,Horrible Bosses 2,42000000.0,107670357.0,108.0,20.903362,6.1,1575.0,en,['Comedy'],['United States of America'],['English'],2014-11-26,2014.0,11.0
219343,Lucia,79000.0,170000.0,136.0,0.449582,6.8,10.0,kn,"['Fantasy', 'Romance', 'Thriller']",['India'],['?????'],2013-10-19,2013.0,10.0
270946,Penguins of Madagascar,132000000.0,373552094.0,92.0,22.201607,6.5,1375.0,en,"['Family', 'Animation', 'Adventure', 'Comedy']",['United States of America'],['English'],2014-11-22,2014.0,11.0
253331,Black or White,9000000.0,21571189.0,121.0,10.763583,6.5,119.0,en,['Drama'],['United States of America'],['English'],2014-09-06,2014.0,9.0
256917,The Water Diviner,22500000.0,15520023.0,112.0,9.615664,6.8,439.0,en,"['War', 'Drama']","['Australia', 'United States of America']","['Pусский', 'Türkçe', 'ελληνικά', 'English']",2014-12-25,2014.0,12.0
284293,Still Alice,5000000.0,43884652.0,99.0,8.823253,7.5,1126.0,en,['Drama'],['United States of America'],['English'],2014-12-05,2014.0,12.0
116149,Paddington,55000000.0,259207227.0,95.0,15.686837,7.0,899.0,en,"['Family', 'Comedy']",['United Kingdom'],['English'],2014-11-27,2014.0,11.0
294254,Maze Runner: The Scorch Trials,61000000.0,311256926.0,132.0,41.225769,6.5,3148.0,en,['Action'],['United States of America'],['English'],2015-09-09,2015.0,9.0
246860,Clouds of Sils Maria,6600000.0,1851517.0,124.0,8.151346,6.7,267.0,en,['Drama'],"['Germany', 'France', 'Switzerland']","['Deutsch', 'English', 'Français']",2014-08-20,2014.0,8.0
110402,Hard to Be a God,7000000.0,1310673.0,170.0,5.921772,6.7,41.0,ru,"['Drama', 'Science Fiction']",['Russia'],['Pусский'],2013-02-27,2013.0,2.0
245916,Kill the Messenger,5000000.0,2450846.0,112.0,13.524048,6.6,359.0,en,"['Thriller', 'Crime', 'Drama', 'Mystery']",['United States of America'],['English'],2014-10-09,2014.0,10.0
214086,The Face of Love,4000000.0,350006.0,92.0,2.999052,5.9,43.0,en,"['Drama', 'Romance']",['United States of America'],['English'],2013-10-25,2013.0,10.0
122917,The Hobbit: The Battle of the Five Armies,250000000.0,956019788.0,144.0,31.718977,7.1,4884.0,en,"['Action', 'Adventure', 'Fantasy']","['New Zealand', 'United States of America']",['English'],2014-12-10,2014.0,12.0
273895,Selma,20000000.0,66787908.0,127.0,7.107071,7.4,835.0,en,"['History', 'Drama']","['United Kingdom', 'United States of America']",['English'],2014-12-25,2014.0,12.0
227306,Unbroken,65000000.0,163442937.0,137.0,10.543955,7.3,1437.0,en,"['Drama', 'War']",['United States of America'],"['Italiano', 'English', '日本語']",2014-12-25,2014.0,12.0
15603,Fat Pizza,400000.0,7888102.0,96.0,0.99099,5.7,10.0,en,['Comedy'],['Australia'],['English'],2003-04-10,2003.0,4.0
172391,Khumba,20000000.0,27187375.0,85.0,5.219667,5.8,74.0,en,"['Animation', 'Adventure', 'Family']",['South Africa'],['English'],2013-07-18,2013.0,7.0
252171,A Girl Walks Home Alone at Night,1000000.0,395000.0,99.0,6.039895,6.9,258.0,en,"['Horror', 'Romance']",['United States of America'],['فارسی'],2014-01-19,2014.0,1.0
265177,Mommy,4900000.0,3494070.0,138.0,14.876086,8.2,734.0,en,['Drama'],['Canada'],"['Français', 'English']",2014-05-22,2014.0,5.0
241239,A Most Violent Year,20000000.0,12007070.0,125.0,17.187708,6.5,550.0,en,"['Crime', 'Drama', 'Thriller']","['United Arab Emirates', 'United States of America']","['Español', 'English']",2014-12-30,2014.0,12.0
228970,Wild,15000000.0,52501541.0,115.0,11.209154,7.0,961.0,en,['Drama'],['United States of America'],['English'],2014-12-05,2014.0,12.0
87093,Big Eyes,10000000.0,28883511.0,105.0,7.412826,6.8,1236.0,en,['Drama'],"['Canada', 'United States of America']","['Italiano', 'English', 'Français']",2014-12-24,2014.0,12.0
224141,Into the Woods,50000000.0,212902372.0,125.0,9.580785,5.6,1688.0,en,"['Fantasy', 'Comedy', 'Music']",['United States of America'],['English'],2014-12-25,2014.0,12.0
228967,The Interview,44000000.0,12342632.0,112.0,14.526049,6.1,2340.0,en,"['Action', 'Comedy']",['United States of America'],"['한국어/조선말', 'English']",2014-12-25,2014.0,12.0
207703,Kingsman: The Secret Service,81000000.0,414351546.0,130.0,28.224212,7.6,6069.0,en,"['Crime', 'Comedy', 'Action', 'Adventure']","['United Kingdom', 'United States of America']",['English'],2015-01-29,2015.0,1.0
181533,Night at the Museum: Secret of the Tomb,127000000.0,349424282.0,97.0,19.539436,6.1,1893.0,en,"['Adventure', 'Comedy', 'Fantasy', 'Family']","['United Kingdom', 'United States of America']",['English'],2014-12-17,2014.0,12.0
51017,Madea's Big Happy Family,25000000.0,53213633.0,106.0,2.503594,6.7,51.0,en,"['Comedy', 'Drama']",['United States of America'],['English'],2011-04-22,2011.0,4.0
68737,Seventh Son,95000000.0,114178613.0,102.0,15.297821,5.2,980.0,en,"['Adventure', 'Fantasy']","['China', 'Canada', 'United States of America', 'United Kingdom']",['English'],2014-12-12,2014.0,12.0
64264,Gloss,2500000.0,4684165.0,118.0,0.880482,3.6,6.0,ru,"['Comedy', 'Drama']",['Russia'],['Pусский'],2007-08-23,2007.0,8.0
15888,Fishtales,14000000.0,9216.0,94.0,0.964715,4.0,2.0,en,"['Fantasy', 'Drama', 'Comedy', 'Science Fiction', 'Romance', 'Family', 'Foreign']","['Greece', 'United Kingdom']","['ελληνικά', 'English']",2007-08-24,2007.0,8.0
196867,Annie,65000000.0,133821816.0,119.0,13.275529,6.0,472.0,en,"['Comedy', 'Drama', 'Family']",['United States of America'],['English'],2014-12-19,2014.0,12.0
297222,PK,13000000.0,120000000.0,153.0,12.58752,7.7,262.0,hi,"['Comedy', 'Drama', 'Science Fiction']",['India'],['हिन्दी'],2014-12-18,2014.0,12.0
116977,Foodfight!,65000000.0,73706.0,87.0,6.693589,2.3,28.0,en,"['Animation', 'Action', 'Comedy', 'Family']",['United States of America'],['English'],2012-06-15,2012.0,6.0
244049,Drishyam,750000.0,12000000.0,160.0,1.908761,8.1,23.0,ml,"['Crime', 'Thriller']",['India'],[''],2013-12-19,2013.0,12.0
198184,Chappie,49000000.0,104399548.0,120.0,30.206365,6.6,3124.0,en,"['Crime', 'Action', 'Science Fiction']","['Mexico', 'South Africa', 'United States of America']",['English'],2015-03-04,2015.0,3.0
232175,Gimme Shelter,7500000.0,1359910.0,101.0,5.636855,6.4,90.0,en,['Drama'],['United States of America'],['English'],2013-10-17,2013.0,10.0
260346,Taken 3,48000000.0,325771424.0,109.0,18.081483,6.1,2225.0,en,"['Thriller', 'Action']","['France', 'United States of America']",['English'],2014-12-16,2014.0,12.0
201088,Blackhat,70000000.0,17752940.0,133.0,14.932368,5.1,842.0,en,"['Crime', 'Drama', 'Mystery']",['United States of America'],"['English', 'Italiano', '普通话', 'Español']",2015-01-13,2015.0,1.0
87101,Terminator Genisys,155000000.0,440603537.0,126.0,30.188198,5.8,3677.0,en,"['Science Fiction', 'Action', 'Thriller', 'Adventure']",['United States of America'],['English'],2015-06-23,2015.0,6.0
288158,The Woman in Black 2: Angel of Death,1000000.0,26501323.0,90.0,6.942139,5.0,389.0,en,"['Thriller', 'Horror', 'Drama']","['United Kingdom', 'United States of America', 'Canada']",['English'],2014-12-30,2014.0,12.0
208763,Forbidden Kingdom,26000000.0,34592118.0,127.0,5.653476,4.9,71.0,ru,"['Thriller', 'Adventure', 'Mystery', 'Fantasy']","['Czech Republic', 'Russia', 'Ukraine']","['English', 'Pусский']",2014-01-30,2014.0,1.0
54518,Justin Bieber: Never Say Never,13000000.0,98441954.0,105.0,5.892524,4.8,156.0,en,"['Documentary', 'Music', 'Family']",['United States of America'],['English'],2011-02-11,2011.0,2.0
78383,Nurse 3-D,10.0,10000000.0,99.0,5.192042,4.9,120.0,en,"['Horror', 'Thriller']",['United States of America'],['English'],2013-09-28,2013.0,9.0
121734,"Tad, the Lost Explorer",10500000.0,23000000.0,90.0,11.003515,5.6,136.0,es,"['Animation', 'Comedy', 'Adventure', 'Family']",['Spain'],"['Español', 'English']",2012-08-31,2012.0,8.0
209901,Nothing Left to Fear,3000000.0,1675381.0,100.0,5.317284,4.6,59.0,en,['Horror'],['United States of America'],['English'],2013-09-26,2013.0,9.0
270303,It Follows,2000000.0,14674076.0,100.0,20.359336,6.6,1894.0,en,"['Horror', 'Thriller']",['United States of America'],['English'],2015-02-04,2015.0,2.0
16191,Highway to Hell,9000000.0,26055.0,94.0,1.80809,6.1,19.0,en,"['Fantasy', 'Action', 'Comedy', 'Science Fiction']",['United States of America'],['English'],1991-11-21,1991.0,11.0
160704,The Berlin File,9000000.0,48965210.0,120.0,7.453745,6.5,56.0,ko,"['Action', 'Drama', 'Thriller']",['South Korea'],"['Deutsch', 'English', '한국어/조선말']",2013-01-30,2013.0,1.0
31179,Tim,600000.0,809000.0,109.0,7.165079,6.3,17.0,en,"['Romance', 'Drama']",['Australia'],['English'],1979-07-13,1979.0,7.0
29996,Solomon and Sheba,5000000.0,12200000.0,139.0,1.739898,5.4,8.0,en,"['Drama', 'History', 'Romance', 'War']",['United States of America'],['English'],1959-12-25,1959.0,12.0
34128,Peter and Vandy,500000.0,11276.0,78.0,0.892007,6.5,8.0,en,"['Drama', 'Comedy', 'Romance']",[],['English'],2009-01-01,2009.0,1.0
34586,Kandahar,7000000.0,15172408.0,103.0,1.011029,6.4,12.0,en,"['Drama', 'Action']",['Russia'],"['Polski', 'Pусский']",2010-02-04,2010.0,2.0
254869,Torrente 5: Operación Eurovegas,9272437.0,11672363.0,105.0,4.207751,5.2,69.0,es,"['Action', 'Comedy']",['Spain'],['Español'],2014-10-03,2014.0,10.0
76341,Mad Max: Fury Road,150000000.0,378858340.0,120.0,29.36178,7.3,9629.0,en,"['Action', 'Adventure', 'Science Fiction', 'Thriller']","['Australia', 'United States of America']",['English'],2015-05-13,2015.0,5.0
280092,Insidious: Chapter 3,10000000.0,104303851.0,97.0,10.098792,6.3,1005.0,en,"['Drama', 'Horror', 'Thriller']","['Canada', 'United States of America']","['English', 'ภาษาไทย']",2015-06-04,2015.0,6.0
140607,Star Wars: The Force Awakens,245000000.0,2068223624.0,136.0,31.626013,7.5,7993.0,en,"['Action', 'Adventure', 'Science Fiction', 'Fantasy']",['United States of America'],['English'],2015-12-15,2015.0,12.0
271969,Ben-Hur,100000000.0,94061311.0,125.0,11.51021,5.3,642.0,en,"['Adventure', 'Drama', 'Action']",['United States of America'],['English'],2016-08-17,2016.0,8.0
68735,Warcraft,160000000.0,433677183.0,123.0,12.572718,6.3,2325.0,en,"['Action', 'Adventure', 'Fantasy']","['Canada', 'China', 'Japan', 'United States of America']",['English'],2016-05-25,2016.0,5.0
99861,Avengers: Age of Ultron,280000000.0,1405403694.0,141.0,37.37942,7.3,6908.0,en,"['Action', 'Adventure', 'Science Fiction']",['United States of America'],['English'],2015-04-22,2015.0,4.0
166426,Pirates of the Caribbean: Dead Men Tell No Tales,230000000.0,794191988.0,129.0,133.82782,6.6,2814.0,en,"['Adventure', 'Action', 'Fantasy', 'Comedy']",['United States of America'],['English'],2017-05-23,2017.0,5.0
102899,Ant-Man,130000000.0,519311965.0,117.0,26.882388,7.0,6029.0,en,"['Science Fiction', 'Action', 'Adventure']",['United States of America'],['English'],2015-07-14,2015.0,7.0
166424,Fantastic Four,120000000.0,167977596.0,100.0,17.246484,4.4,2322.0,en,"['Action', 'Adventure', 'Science Fiction']",['United States of America'],['English'],2015-08-05,2015.0,8.0
293660,Deadpool,58000000.0,783112979.0,108.0,187.860492,7.4,11444.0,en,"['Action', 'Adventure', 'Comedy']",['United States of America'],['English'],2016-02-09,2016.0,2.0
283995,Guardians of the Galaxy Vol. 2,200000000.0,863416141.0,137.0,185.330992,7.6,4858.0,en,"['Action', 'Adventure', 'Comedy', 'Science Fiction']",['United States of America'],['English'],2017-04-19,2017.0,4.0
271110,Captain America: Civil War,250000000.0,1153304495.0,147.0,145.882135,7.1,7462.0,en,"['Adventure', 'Action', 'Science Fiction']",['United States of America'],"['Română', 'English', 'Deutsch', 'Pусский']",2016-04-27,2016.0,4.0
284052,Doctor Strange,165000000.0,677718395.0,115.0,43.847654,7.1,5880.0,en,"['Action', 'Adventure', 'Fantasy', 'Science Fiction']",['United States of America'],['English'],2016-10-25,2016.0,10.0
246655,X-Men: Apocalypse,178000000.0,543934787.0,144.0,28.712522,6.4,4831.0,en,['Science Fiction'],['United States of America'],['English'],2016-05-18,2016.0,5.0
68351,Sankofa,1000000.0,2691899.0,124.0,0.04586,6.9,5.0,en,['Drama'],"['Burkina Faso', 'Germany', 'Ghana', 'United Kingdom', 'United States of America']",['English'],1993-05-28,1993.0,5.0
85870,My Way,27563396.0,29193330.0,148.0,7.847574,6.2,85.0,fr,['Drama'],['France'],"['Français', 'Italiano', 'العربية', 'English']",2012-03-14,2012.0,3.0
19183,The Derby Stallion,750000.0,4000000.0,98.0,1.500013,4.7,11.0,en,"['Drama', 'Family']",['United States of America'],['English'],2005-07-04,2005.0,7.0
284276,Cake,7000000.0,2360281.0,102.0,10.197503,6.2,371.0,en,['Drama'],['United States of America'],"['Español', 'English']",2014-09-07,2014.0,9.0
164372,The Snow Queen,7000000.0,12400000.0,76.0,6.407641,5.1,47.0,ru,"['Animation', 'Fantasy']",['Russia'],['Pусский'],2012-10-11,2012.0,10.0
67220,Hard Contract,4000000.0,1750000.0,106.0,0.491227,6.7,3.0,en,"['Crime', 'Romance']",[],['English'],1969-04-30,1969.0,4.0
284536,The Gambler,25000000.0,39171130.0,111.0,8.728556,5.7,550.0,en,"['Thriller', 'Crime', 'Drama']",['United States of America'],['English'],2014-12-25,2014.0,12.0
28284,Parrish,1500000.0,4200000.0,138.0,1.058213,6.0,3.0,en,"['Drama', 'Romance']",['United States of America'],['English'],1961-05-04,1961.0,5.0
210860,Mortdecai,60000000.0,30418560.0,106.0,10.241861,5.4,1078.0,en,"['Comedy', 'Adventure']",['United States of America'],['English'],2015-01-21,2015.0,1.0
216015,Fifty Shades of Grey,40000000.0,571006128.0,125.0,33.068431,5.2,3350.0,en,"['Drama', 'Romance', 'Thriller']",['United States of America'],['English'],2015-02-11,2015.0,2.0
272693,The DUFF,8500000.0,43528634.0,100.0,8.592449,6.8,1372.0,en,"['Romance', 'Comedy']",['United States of America'],['English'],2015-02-20,2015.0,2.0
217708,Of Horses and Men,10.0,11.0,85.0,2.861451,6.9,26.0,is,"['Drama', 'Romance', 'Comedy']","['Norway', 'Iceland']","['English', 'Íslenska', 'Pусский', 'Español', 'svenska']",2013-08-30,2013.0,8.0
227719,Project Almanac,12000000.0,32248241.0,106.0,9.363482,6.4,953.0,en,"['Science Fiction', 'Thriller']",['United States of America'],['English'],2015-01-29,2015.0,1.0
167073,Brooklyn,11000000.0,62076141.0,111.0,7.991613,7.2,1235.0,en,"['Drama', 'Romance']","['Canada', 'Ireland']",['English'],2015-10-20,2015.0,10.0
232572,A Walk in the Woods,8000000.0,35991087.0,104.0,12.019571,5.7,266.0,en,"['Adventure', 'Comedy', 'Drama']",['United States of America'],['English'],2015-09-02,2015.0,9.0
283235,99 Homes,8000000.0,1411927.0,112.0,6.60913,6.8,240.0,en,['Drama'],['United States of America'],['English'],2014-10-09,2014.0,10.0
251321,Aloft,8000000.0,53086.0,112.0,3.851653,5.1,41.0,en,['Drama'],"['France', 'United States of America', 'Spain']","['Français', 'English']",2014-02-12,2014.0,2.0
308453,The Bronze,3500000.0,615816.0,108.0,5.353826,5.5,112.0,en,"['Drama', 'Comedy']",['United States of America'],['English'],2016-01-22,2016.0,1.0
308638,The D Train,447524.0,771317.0,101.0,3.993759,4.5,79.0,en,"['Drama', 'Comedy']","['United Kingdom', 'United States of America']",['English'],2015-05-08,2015.0,5.0
250124,The Diary of a Teenage Girl,2000000.0,1477002.0,98.0,14.986654,6.8,286.0,en,"['Drama', 'Romance']",['United States of America'],['English'],2015-08-07,2015.0,8.0
308639,Dope,700000.0,17986781.0,103.0,7.948581,7.2,698.0,en,"['Crime', 'Drama', 'Comedy']",['United States of America'],['English'],2015-06-19,2015.0,6.0
230266,Miss Julie,5500000.0,5000000.0,120.0,3.791712,5.8,46.0,en,['Drama'],"['United Kingdom', 'Norway']",['English'],2014-09-07,2014.0,9.0
72784,The Loft,14000000.0,10076790.0,108.0,14.443362,6.4,500.0,en,['Thriller'],['United States of America'],['English'],2014-10-14,2014.0,10.0
167810,Lost River,2000000.0,45431.0,95.0,6.640704,5.8,228.0,en,"['Fantasy', 'Thriller']",['United States of America'],['English'],2015-04-08,2015.0,4.0
27873,Battletruck,1000000.0,3000000.0,91.0,0.815844,4.2,5.0,en,['Science Fiction'],['New Zealand'],['English'],1982-01-01,1982.0,1.0
320316,Italiano medio,1816720.0,4541800.0,90.0,3.782108,6.0,142.0,it,['Comedy'],['Italy'],['Italiano'],2015-01-29,2015.0,1.0
273248,The Hateful Eight,44000000.0,155760117.0,167.0,20.328822,7.6,4405.0,en,"['Crime', 'Drama', 'Mystery', 'Western']",['United States of America'],"['Español', 'English']",2015-12-25,2015.0,12.0
286565,Paper Towns,12000000.0,85512300.0,109.0,9.662731,6.1,1997.0,en,"['Drama', 'Mystery', 'Romance']",['United States of America'],['English'],2015-06-18,2015.0,6.0
252838,The Wedding Ringer,23000000.0,79799880.0,101.0,12.21459,6.5,632.0,en,['Comedy'],['United States of America'],['English'],2015-01-16,2015.0,1.0
241251,The Boy Next Door,4000000.0,52425855.0,91.0,10.200398,4.1,1034.0,en,['Thriller'],['United States of America'],['English'],2015-01-23,2015.0,1.0
201085,Crimson Peak,55000000.0,74679822.0,119.0,13.492684,6.4,1494.0,en,"['Mystery', 'Thriller', 'Fantasy', 'Horror', 'Drama']","['Canada', 'United States of America']",['English'],2015-10-13,2015.0,10.0
243938,Hot Tub Time Machine 2,14000000.0,12314651.0,93.0,6.575393,5.0,360.0,en,['Comedy'],['United States of America'],['English'],2015-02-20,2015.0,2.0
256591,Focus,50100000.0,153962963.0,105.0,10.035362,6.7,2588.0,en,"['Romance', 'Comedy', 'Crime', 'Drama']",['United States of America'],['English'],2015-02-25,2015.0,2.0
228165,The SpongeBob Movie: Sponge Out of Water,74000000.0,311594032.0,93.0,12.334689,5.7,733.0,en,"['Animation', 'Adventure', 'Comedy', 'Family']",['United States of America'],['English'],2015-02-05,2015.0,2.0
234212,Demonic,3000000.0,3387000.0,83.0,9.234943,5.0,153.0,en,"['Thriller', 'Horror']","['United Kingdom', 'United States of America']",['English'],2015-02-12,2015.0,2.0
268238,The Second Best Exotic Marigold Hotel,10000000.0,85978266.0,122.0,5.204474,6.3,277.0,en,"['Drama', 'Comedy']","['United Kingdom', 'United States of America']",['English'],2015-02-26,2015.0,2.0
290764,Tracers,11000000.0,593683.0,94.0,9.056173,5.9,437.0,en,"['Action', 'Crime', 'Drama']",['United States of America'],['English'],2015-01-15,2015.0,1.0
309302,Wolf Totem,38000000.0,123205624.0,116.0,6.542647,6.4,137.0,zh,"['Adventure', 'Drama']","['France', 'China']","['普通话', '']",2015-02-19,2015.0,2.0
243940,The Lazarus Effect,3300000.0,64110728.0,83.0,5.840554,5.1,517.0,en,"['Thriller', 'Horror']",['United States of America'],['English'],2015-01-29,2015.0,1.0
239573,Unfinished Business,35000000.0,14431253.0,91.0,10.24952,5.0,322.0,en,['Comedy'],['United States of America'],['English'],2015-03-05,2015.0,3.0
132759,Soulless,2800000.0,13218980.0,100.0,1.823774,5.5,25.0,ru,"['Comedy', 'Drama']",['Russia'],['Pусский'],2012-10-04,2012.0,10.0
191121,Raanjhanaa,6400000.0,18000000.0,140.0,1.856101,6.3,34.0,hi,"['Drama', 'Romance']",['India'],['हिन्दी'],2013-06-21,2013.0,6.0
241554,Run All Night,50000000.0,71561644.0,114.0,16.838145,6.3,1169.0,en,"['Action', 'Crime', 'Drama', 'Mystery', 'Thriller']",['United States of America'],['English'],2015-03-11,2015.0,3.0
265712,Stand by Me Doraemon,35000000.0,83061158.0,90.0,6.493765,7.0,103.0,ja,"['Fantasy', 'Animation', 'Family']",['Japan'],"['日本語', 'ภาษาไทย']",2014-08-08,2014.0,8.0
150689,Cinderella,95000000.0,543514353.0,105.0,19.801128,6.7,2426.0,en,"['Romance', 'Fantasy', 'Family', 'Drama']","['United Kingdom', 'United States of America']",['English'],2015-03-12,2015.0,3.0
243688,Poltergeist,35000000.0,95437994.0,93.0,15.968492,5.0,924.0,en,"['Horror', 'Thriller']",['United States of America'],"['English', 'Pусский']",2015-05-20,2015.0,5.0
266647,Pan,150000000.0,128388320.0,111.0,11.30428,5.9,979.0,en,"['Adventure', 'Family', 'Fantasy']",['United States of America'],['English'],2015-09-24,2015.0,9.0
252512,While We're Young,10000000.0,7587485.0,97.0,9.42755,5.8,387.0,en,"['Comedy', 'Drama', 'Mystery']",['United States of America'],['English'],2015-04-03,2015.0,4.0
271674,Suite Française,15000000.0,9104716.0,107.0,5.02124,7.1,284.0,en,"['Drama', 'Romance', 'War']","['Belgium', 'United Kingdom', 'France', 'Canada']","['English', 'Français', 'Deutsch']",2014-11-05,2014.0,11.0
262500,Insurgent,110000000.0,295238201.0,119.0,27.887186,6.2,3921.0,en,"['Adventure', 'Science Fiction', 'Thriller']",['United States of America'],['English'],2015-03-18,2015.0,3.0
230179,Big Game,8500000.0,7500000.0,90.0,6.911759,5.3,387.0,en,"['Action', 'Adventure', 'Thriller']","['Finland', 'Germany', 'United Kingdom']","['suomi', 'English']",2014-09-05,2014.0,9.0
39385,La vérité si je mens !,4000000.0,29456000.0,100.0,5.099557,6.3,98.0,fr,['Comedy'],['France'],['Français'],1997-04-01,1997.0,4.0
228161,Home,135000000.0,368871007.0,94.0,13.422713,6.8,1539.0,en,"['Fantasy', 'Comedy', 'Animation', 'Science Fiction', 'Family']",['United States of America'],['English'],2015-03-18,2015.0,3.0
245703,Midnight Special,18000000.0,6212282.0,112.0,12.682927,6.2,705.0,en,"['Adventure', 'Drama', 'Science Fiction']",['United States of America'],['English'],2016-02-18,2016.0,2.0
266396,The Gunman,40000000.0,13644292.0,115.0,11.429831,5.5,397.0,en,"['Action', 'Drama', 'Crime']","['France', 'Spain', 'United Kingdom', 'United States of America']","['Español', 'English']",2015-02-16,2015.0,2.0
255343,Escobar: Paradise Lost,17000000.0,3758328.0,120.0,12.543659,6.1,281.0,en,"['Thriller', 'Romance']","['Belgium', 'France', 'Spain']","['Español', 'English']",2014-10-11,2014.0,10.0
168259,Furious 7,190000000.0,1506249360.0,137.0,27.275687,7.3,4253.0,en,['Action'],"['Japan', 'United States of America']",['English'],2015-04-01,2015.0,4.0
277685,Unfriended,1000000.0,62882090.0,82.0,10.07817,5.5,1092.0,en,"['Horror', 'Thriller']",['United States of America'],['English'],2015-04-17,2015.0,4.0
5896,Bolero,7000000.0,8914881.0,105.0,1.456485,3.4,23.0,en,"['Drama', 'Romance']",['United States of America'],"['English', 'Deutsch']",1984-08-31,1984.0,8.0
181283,Child 44,50000000.0,3324330.0,137.0,17.608346,6.1,565.0,en,"['Crime', 'Thriller']","['United Kingdom', 'United States of America', 'Czech Republic', 'Romania']",['English'],2015-03-15,2015.0,3.0
257091,Get Hard,40000000.0,111811453.0,100.0,8.178015,5.9,961.0,en,['Comedy'],['United States of America'],['English'],2015-03-26,2015.0,3.0
35428,What Men Talk About,1950000.0,12005838.0,93.0,3.022666,7.6,46.0,ru,['Comedy'],"['Russia', 'Ukraine']",['Pусский'],2010-03-04,2010.0,3.0
290864,Kung Fu Jungle,25000000.0,129115.0,100.0,6.636514,6.5,117.0,cn,"['Crime', 'Action', 'Thriller']","['Hong Kong', 'China']","['广州话 / 廣州話', '普通话']",2014-10-31,2014.0,10.0
244539,Infinitely Polar Bear,6700000.0,1430655.0,87.0,6.502973,6.9,135.0,en,"['Comedy', 'Drama']",['United States of America'],['English'],2014-01-18,2014.0,1.0
304357,Woman in Gold,11000000.0,61619773.0,120.0,11.61,7.3,454.0,en,['Drama'],"['United Kingdom', 'United States of America']","['English', 'Deutsch']",2015-04-10,2015.0,4.0
159479,"Ryaba, My Chicken",2700000.0,4635143.0,117.0,0.677253,4.3,3.0,it,[],"['France', 'Russia']",['Pусский'],1994-10-01,1994.0,10.0
269148,Samba,20000000.0,151530.0,118.0,11.024334,6.4,393.0,fr,"['Drama', 'Comedy']",['France'],"['العربية', 'Français', 'English', 'Português', 'Pусский', 'Srpski']",2014-10-15,2014.0,10.0
36696,Space Dogs,25000000.0,6500000.0,85.0,4.037707,6.3,10.0,ru,"['Family', 'Animation']","['United States of America', 'Russia']",['Pусский'],2010-03-18,2010.0,3.0
158852,Tomorrowland,190000000.0,209154322.0,130.0,22.296076,6.2,2904.0,en,"['Adventure', 'Family', 'Mystery', 'Science Fiction']",['United States of America'],['English'],2015-05-19,2015.0,5.0
167221,Long Live Freedom,5000000.0,48125.0,94.0,2.513078,7.2,42.0,it,['Drama'],['Italy'],['Italiano'],2013-02-13,2013.0,2.0
256961,Paul Blart: Mall Cop 2,38000000.0,107597242.0,94.0,17.02038,5.0,576.0,en,"['Action', 'Comedy', 'Family']",['United States of America'],['English'],2015-04-16,2015.0,4.0
270654,Parts Per Billion,500000.0,15000000.0,139.0,8.279917,4.4,27.0,en,['Science Fiction'],['United States of America'],['English'],2014-03-25,2014.0,3.0
282631,The Admiral: Roaring Currents,9500000.0,112156811.0,126.0,5.062756,7.0,62.0,ko,"['Adventure', 'War']",['South Korea'],"['日本語', '한국어/조선말']",2014-07-30,2014.0,7.0
228205,The Longest Ride,34000000.0,63013281.0,128.0,10.264416,7.3,1083.0,en,"['Drama', 'Romance']",['United States of America'],['English'],2015-04-09,2015.0,4.0
266331,Table For Five,8000000.0,2439705.0,121.0,0.406505,4.8,3.0,en,[],[],['English'],1983-02-18,1983.0,2.0
293863,The Age of Adaline,25000000.0,65663276.0,112.0,10.542026,7.4,2052.0,en,"['Fantasy', 'Drama', 'Romance']",['United States of America'],['English'],2015-04-16,2015.0,4.0
256924,Danny Collins,10000000.0,10835752.0,107.0,16.903373,6.6,187.0,en,"['Comedy', 'Drama', 'Music']",['United States of America'],"['English', 'Italiano']",2015-03-19,2015.0,3.0
309304,Grandma,600000.0,7087452.0,78.0,4.565414,6.1,143.0,en,"['Comedy', 'Drama']",['United States of America'],['English'],2015-06-04,2015.0,6.0
197583,50 to 1,10000000.0,1064454.0,110.0,2.691651,5.7,19.0,en,"['Comedy', 'Drama']",['United States of America'],"['English', 'Français']",2014-03-21,2014.0,3.0
250349,Barbecue,6000000.0,14348529.0,98.0,4.707275,5.8,217.0,fr,['Comedy'],['France'],['Français'],2014-04-30,2014.0,4.0
70026,Falling From Grace,3.0,232.0,100.0,1e-06,5.3,3.0,en,"['Drama', 'Romance']",[],[],1992-02-21,1992.0,2.0
254128,San Andreas,110000000.0,470490832.0,114.0,20.547925,6.0,3017.0,en,"['Action', 'Drama', 'Thriller']","['Canada', 'United States of America', 'Australia']",['English'],2015-05-27,2015.0,5.0
134126,A Company Man,3500000.0,7339398.0,96.0,6.261686,6.6,52.0,ko,"['Drama', 'Action']",['South Korea'],['한국어/조선말'],2012-10-11,2012.0,10.0
249070,Hitman: Agent 47,35000000.0,81967450.0,96.0,10.721799,5.5,1183.0,en,"['Action', 'Crime', 'Thriller']","['Indonesia', 'Germany', 'United States of America']",['English'],2015-08-20,2015.0,8.0
160768,Jimmy P.,10000000.0,30283.0,117.0,4.50333,6.0,30.0,en,['Drama'],['France'],['English'],2013-09-11,2013.0,9.0
275601,Ricki and the Flash,18000000.0,41325328.0,100.0,16.778946,5.6,273.0,en,"['Comedy', 'Drama', 'Music']",['United States of America'],['English'],2015-07-10,2015.0,7.0
332835,Piku,5500000.0,22159216.0,123.0,2.942711,6.8,44.0,hi,"['Drama', 'Comedy']",['India'],['हिन्दी'],2015-05-08,2015.0,5.0
254470,Pitch Perfect 2,29000000.0,287506194.0,115.0,15.862632,6.8,1997.0,en,"['Comedy', 'Music']",['United States of America'],['English'],2015-05-07,2015.0,5.0
258480,Carol,11800000.0,40272135.0,118.0,8.364201,7.3,1014.0,en,"['Romance', 'Drama']","['United Kingdom', 'United States of America']",['English'],2015-11-20,2015.0,11.0
245846,Strangerland,10000000.0,17472.0,111.0,5.975657,5.1,90.0,en,"['Drama', 'Thriller']",['Australia'],['English'],2015-07-01,2015.0,7.0
254320,The Lobster,4000000.0,15656193.0,118.0,11.223033,6.7,1340.0,en,"['Thriller', 'Comedy', 'Drama', 'Romance', 'Science Fiction']","['France', 'Greece', 'Ireland', 'Netherlands', 'United Kingdom']","['English', 'Français']",2015-10-08,2015.0,10.0
287424,Maggie,4000000.0,187112.0,95.0,12.020933,5.2,604.0,en,['Horror'],"['Switzerland', 'United States of America']",['English'],2015-05-08,2015.0,5.0
268920,Hot Pursuit,35000000.0,51680201.0,87.0,6.90658,5.4,659.0,en,"['Action', 'Comedy', 'Crime']",['United States of America'],"['Español', 'English']",2015-05-08,2015.0,5.0
171424,The Green Inferno,5000000.0,6833445.0,100.0,9.336019,5.0,359.0,en,"['Action', 'Adventure', 'Horror', 'Thriller']","['Canada', 'Chile', 'United States of America']",['English'],2014-09-04,2014.0,9.0
64483,A Driver for Vera,3300000.0,2011837.0,105.0,0.975857,6.2,11.0,ru,['Drama'],"['Russia', 'Ukraine']",['Pусский'],2004-07-27,2004.0,7.0
286217,The Martian,108000000.0,630161890.0,141.0,25.62993,7.6,7442.0,en,"['Drama', 'Adventure', 'Science Fiction']",['United States of America'],"['English', '普通话']",2015-09-30,2015.0,9.0
323517,Badlapur,3700000.0,11480000.0,128.0,1.493061,6.8,30.0,hi,"['Crime', 'Mystery', 'Thriller']",['India'],['हिन्दी'],2015-02-20,2015.0,2.0
310593,Youth,13360000.0,2000000.0,118.0,8.717661,6.7,625.0,it,"['Comedy', 'Drama']","['United Kingdom', 'Italy', 'France', 'Switzerland']","['Deutsch', 'Español', 'English']",2015-05-20,2015.0,5.0
21297,Wake Up Sid,3000000.0,11000000.0,138.0,1.710257,6.8,32.0,hi,"['Drama', 'Comedy', 'Romance', 'Foreign']",['India'],['हिन्दी'],2009-10-02,2009.0,10.0
21570,Rangeela,2800000.0,14000000.0,175.0,0.709452,7.1,12.0,hi,"['Drama', 'Romance']",['India'],"['हिन्दी', 'தமிழ்']",1995-01-01,1995.0,1.0
20968,Sarkar,1900000.0,5900000.0,123.0,2.004745,6.9,17.0,hi,"['Crime', 'Action', 'Drama']",['India'],['हिन्दी'],2005-07-01,2005.0,7.0
238713,Spy,65000000.0,235666219.0,120.0,13.257467,6.9,2590.0,en,"['Action', 'Comedy', 'Crime']",['United States of America'],"['Deutsch', 'English', 'Français', 'Italiano']",2015-05-06,2015.0,5.0
271718,Trainwreck,35000000.0,140795793.0,125.0,17.310647,5.9,1193.0,en,['Comedy'],['United States of America'],['English'],2015-07-17,2015.0,7.0
39895,From a Whisper to a Scream,1100000.0,1400000.0,99.0,1.392022,6.8,15.0,en,"['Comedy', 'Horror']",['United States of America'],"['English', 'Deutsch']",1987-09-25,1987.0,9.0
222936,Aloha,37000000.0,26250020.0,105.0,8.451297,5.2,704.0,en,"['Drama', 'Comedy', 'Romance']",['United States of America'],"['Pусский', 'English']",2015-05-27,2015.0,5.0
244783,Song One,6000000.0,32251.0,86.0,6.743182,5.5,87.0,en,['Drama'],['United States of America'],['English'],2014-01-20,2014.0,1.0
300168,Dragon Blade,65000000.0,121545703.0,127.0,5.462048,5.9,146.0,zh,"['Action', 'Drama', 'Adventure']","['Hong Kong', 'China']","['English', '普通话']",2015-02-19,2015.0,2.0
74458,Mere Brother Ki Dulhan,5510000.0,18050000.0,139.0,1.838865,6.5,19.0,hi,"['Drama', 'Comedy', 'Romance']",['India'],"['हिन्दी', 'English']",2011-09-09,2011.0,9.0
188222,Entourage,30000000.0,49263404.0,104.0,14.013413,6.2,502.0,en,['Comedy'],['United States of America'],['English'],2015-06-03,2015.0,6.0
286521,5 Flights Up,6000000.0,1020921.0,92.0,9.383088,5.9,92.0,en,['Drama'],['United States of America'],['English'],2014-09-05,2014.0,9.0
150540,Inside Out,175000000.0,857611174.0,94.0,23.985587,7.9,6737.0,en,"['Drama', 'Comedy', 'Animation', 'Family']",['United States of America'],['English'],2015-06-09,2015.0,6.0
58333,Tanu Weds Manu,400000.0,252000.0,119.0,1.252133,6.1,20.0,hi,"['Drama', 'Comedy', 'Romance', 'Foreign']",['India'],"['Deutsch', 'हिन्दी']",2011-03-25,2011.0,3.0
131634,The Hunger Games: Mockingjay - Part 2,160000000.0,653428261.0,137.0,26.628178,6.6,4117.0,en,"['Action', 'Adventure', 'Science Fiction']","['Germany', 'United States of America']",['English'],2015-11-18,2015.0,11.0
272878,Max,20000000.0,43967255.0,111.0,7.987747,6.8,282.0,en,"['Adventure', 'Drama', 'Family']",['United States of America'],['English'],2015-06-26,2015.0,6.0
257344,Pixels,88000000.0,243637091.0,105.0,21.14796,5.6,2564.0,en,"['Action', 'Comedy', 'Science Fiction']",['United States of America'],['English'],2015-07-16,2015.0,7.0
262504,Allegiant,110000000.0,179246868.0,121.0,18.386172,5.9,2064.0,en,"['Adventure', 'Science Fiction']",['United States of America'],['English'],2016-03-09,2016.0,3.0
259316,Fantastic Beasts and Where to Find Them,180000000.0,809342332.0,133.0,41.051421,7.2,5612.0,en,"['Adventure', 'Family', 'Fantasy']","['United Kingdom', 'United States of America']",['English'],2016-11-16,2016.0,11.0
215776,Madras Cafe,5400000.0,6500000.0,130.0,2.39989,6.9,32.0,hi,['Thriller'],['India'],['हिन्दी'],2013-08-23,2013.0,8.0
328111,The Secret Life of Pets,75000000.0,875457937.0,87.0,11.01395,5.9,3536.0,en,"['Animation', 'Family']",['United States of America'],['English'],2016-06-18,2016.0,6.0
111237,White Tiger,11000000.0,7200000.0,104.0,9.56013,5.9,24.0,ru,"['Action', 'Adventure', 'Fantasy', 'War']",['Russia'],['Pусский'],2012-05-03,2012.0,5.0
337876,Gabbar Is Back,11000000.0,41000000.0,128.0,1.812728,7.0,33.0,hi,"['Drama', 'Action']",['India'],['हिन्दी'],2015-05-01,2015.0,5.0
256962,Little Boy,20000000.0,6485961.0,106.0,11.946728,7.0,190.0,en,"['Comedy', 'Drama', 'War']","['Mexico', 'United States of America']",['English'],2015-04-23,2015.0,4.0
238615,Self/less,26000000.0,30523226.0,116.0,25.301568,6.3,1122.0,en,"['Science Fiction', 'Mystery', 'Thriller']",['United States of America'],['English'],2015-07-10,2015.0,7.0
302156,Criminal,31500000.0,14708696.0,113.0,10.038581,5.8,566.0,en,['Action'],"['United Kingdom', 'United States of America']",['English'],2016-04-14,2016.0,4.0
274854,The Last Witch Hunter,90000000.0,146936910.0,106.0,13.412445,5.7,1345.0,en,"['Fantasy', 'Action', 'Adventure']",['United States of America'],['English'],2015-10-21,2015.0,10.0
287903,Krampus,15000000.0,61548707.0,98.0,15.553313,5.9,601.0,en,"['Horror', 'Comedy', 'Fantasy']",['United States of America'],"['Deutsch', 'English']",2015-11-26,2015.0,11.0
297761,Suicide Squad,175000000.0,745600054.0,123.0,42.965027,5.9,7717.0,en,"['Action', 'Adventure', 'Crime', 'Fantasy', 'Science Fiction']",['United States of America'],['English'],2016-08-02,2016.0,8.0
19620,Bluffmaster!,1823152.0,7133082.0,137.0,1.12908,4.9,14.0,hi,"['Drama', 'Comedy', 'Romance', 'Foreign']",['India'],['हिन्दी'],2005-01-01,2005.0,1.0
47933,Independence Day: Resurgence,165000000.0,389681935.0,120.0,16.993841,4.9,2550.0,en,"['Action', 'Adventure', 'Science Fiction']",['United States of America'],['English'],2016-06-22,2016.0,6.0
188927,Star Trek Beyond,185000000.0,343471816.0,122.0,20.659284,6.6,2636.0,en,"['Action', 'Adventure', 'Science Fiction']",['United States of America'],['English'],2016-07-07,2016.0,7.0
139357,Pizza,240000.0,2800000.0,127.0,0.602301,5.5,11.0,ta,"['Thriller', 'Comedy', 'Romance', 'Horror']",['India'],"['தமிழ்', 'తెలుగు']",2012-10-19,2012.0,10.0
79464,Rockstar,10920000.0,19660000.0,159.0,2.009033,7.4,45.0,hi,"['Drama', 'Music', 'Romance']",[],"['Český', 'English', 'हिन्दी']",2011-11-11,2011.0,11.0
43083,This is Sodom,2745000.0,5850000.0,88.0,0.63535,7.5,10.0,he,"['Comedy', 'History']","['Israel', 'Bulgaria']",['עִבְרִית'],2010-08-05,2010.0,8.0
21950,Jackson County Jail,445000.0,2300000.0,84.0,2.482536,5.2,10.0,en,"['Crime', 'Drama']",['United States of America'],['English'],1976-03-31,1976.0,3.0
20688,Kaminey,9000000.0,18130000.0,135.0,2.089842,7.2,26.0,hi,"['Action', 'Crime', 'Drama']",['India'],['Deutsch'],2009-08-14,2009.0,8.0
15761,Company,1500000.0,6000000.0,156.0,1.472352,6.3,16.0,hi,"['Action', 'Drama', 'Foreign']",['India'],['हिन्दी'],2002-04-15,2002.0,4.0
117319,Vishwaroopam,17000000.0,51000000.0,147.0,1.542355,5.5,25.0,ta,"['Action', 'Crime', 'Thriller']",['India'],"['हिन्दी', 'தமிழ்', 'తెలుగు']",2013-01-25,2013.0,1.0
20742,Shootout at Lokhandwala,11000000.0,12000000.0,150.0,1.3666,6.0,15.0,hi,"['Action', 'Crime', 'Drama', 'Foreign']",['India'],['हिन्दी'],2007-05-25,2007.0,5.0
131940,Josh,6900000.0,15000000.0,162.0,4.0315,6.0,15.0,hi,"['Romance', 'Drama']",['India'],"['Deutsch', 'हिन्दी']",2000-06-09,2000.0,6.0
44977,Dhoom 3,19500000.0,91000000.0,172.0,5.326716,6.0,86.0,hi,"['Action', 'Crime', 'Thriller']",['India'],['हिन्दी'],2013-12-18,2013.0,12.0
14194,Dhoom 2,11000000.0,46396427.0,147.0,3.81393,5.9,69.0,en,"['Drama', 'Action', 'Thriller', 'Crime']",['India'],"['Deutsch', 'हिन्दी']",2006-11-24,2006.0,11.0
214756,Ted 2,68000000.0,217022588.0,115.0,42.061481,6.2,2524.0,en,['Comedy'],['United States of America'],['English'],2015-06-25,2015.0,6.0
211672,Minions,74000000.0,1156730962.0,91.0,547.488298,6.4,4729.0,en,"['Family', 'Animation', 'Adventure', 'Comedy']",['United States of America'],['English'],2015-06-17,2015.0,6.0
49375,Rough Cut,14000000.0,16656125.0,112.0,0.825638,6.1,11.0,en,"['Adventure', 'Comedy', 'Crime', 'Mystery', 'Romance']",['United States of America'],['English'],1980-06-19,1980.0,6.0
105864,The Good Dinosaur,175000000.0,331926147.0,93.0,12.319595,6.6,1782.0,en,"['Adventure', 'Animation', 'Family']",['United States of America'],['English'],2015-11-14,2015.0,11.0
261023,Black Mass,53000000.0,98837872.0,122.0,10.61072,6.3,1262.0,en,"['Crime', 'Drama']","['United Kingdom', 'United States of America']",['English'],2015-09-04,2015.0,9.0
206647,Spectre,245000000.0,880674609.0,148.0,24.926577,6.3,4552.0,en,"['Action', 'Adventure', 'Crime']","['United Kingdom', 'United States of America']","['Français', 'English', 'Español', 'Italiano', 'Deutsch']",2015-10-26,2015.0,10.0
14813,Mickey's Christmas Carol,3000000.0,21000000.0,26.0,11.742804,7.6,167.0,en,"['Family', 'Animation']",['United States of America'],['English'],1983-10-19,1983.0,10.0
87533,Bulletproof,5000000.0,807947.0,94.0,0.183677,6.5,4.0,en,"['Action', 'Thriller']",['United States of America'],['English'],1988-04-20,1988.0,4.0
321697,Steve Jobs,30000000.0,34441873.0,122.0,16.224866,6.8,1608.0,en,"['Drama', 'History']",['United States of America'],['English'],2015-10-09,2015.0,10.0
225728,Macbeth,15000000.0,12601706.0,113.0,12.493466,6.4,497.0,en,"['History', 'Drama', 'War']","['France', 'United Kingdom', 'United States of America']",['English'],2015-08-16,2015.0,8.0
296099,Vacation,31000000.0,104384188.0,99.0,11.33038,6.1,1218.0,en,['Comedy'],['United States of America'],['English'],2015-07-28,2015.0,7.0
254905,Manglehorn,4000000.0,143101.0,97.0,4.69699,5.2,68.0,en,['Drama'],['United States of America'],['English'],2015-06-03,2015.0,6.0
209112,Batman v Superman: Dawn of Justice,250000000.0,873260194.0,151.0,31.435879,5.7,7189.0,en,"['Action', 'Adventure', 'Fantasy']",['United States of America'],['English'],2016-03-23,2016.0,3.0
272435,Gemma Bovery,9700000.0,154701.0,99.0,5.105914,6.2,86.0,fr,"['Romance', 'Drama', 'Comedy']","['United Kingdom', 'France']","['English', 'Français']",2014-09-10,2014.0,9.0
24686,Love and the City,3500000.0,9112193.0,88.0,1.03513,5.1,14.0,en,"['Comedy', 'Romance']","['Russia', 'Ukraine', 'United States of America']","['English', 'Pусский']",2009-03-05,2009.0,3.0
264999,Magic Mike XXL,14800000.0,122513057.0,115.0,8.76993,6.2,716.0,en,"['Comedy', 'Drama', 'Music']",['United States of America'],['English'],2015-07-01,2015.0,7.0
278927,The Jungle Book,175000000.0,966550600.0,106.0,17.432758,6.7,2977.0,en,"['Family', 'Adventure', 'Drama', 'Fantasy']","['United Kingdom', 'United States of America']",['English'],2016-04-07,2016.0,4.0
303857,Dragon Ball Z: Resurrection 'F',5000000.0,61768190.0,93.0,11.350372,6.8,377.0,ja,"['Action', 'Adventure', 'Animation', 'Fantasy']","['United States of America', 'Japan']",['日本語'],2015-04-18,2015.0,4.0
316654,Bombay Velvet,18000000.0,1500000.0,151.0,1.377993,5.4,17.0,hi,"['Crime', 'Drama', 'Thriller']",['India'],['हिन्दी'],2015-05-15,2015.0,5.0
203801,The Man from U.N.C.L.E.,75000000.0,108145109.0,116.0,14.656875,7.1,2306.0,en,"['Comedy', 'Action', 'Adventure']",['United States of America'],"['Italiano', 'English', 'Pусский', 'Deutsch']",2015-08-13,2015.0,8.0
286372,Treehouse,3250000.0,3250000.0,96.0,1.574542,3.5,26.0,en,"['Thriller', 'Horror', 'Mystery']","['United Kingdom', 'United States of America']",['English'],2014-10-20,2014.0,10.0
285783,The Walk,35000000.0,61181942.0,123.0,9.425787,6.9,1151.0,en,"['Adventure', 'Drama', 'Thriller']",['United States of America'],"['Français', 'English']",2015-09-30,2015.0,9.0
300671,13 Hours: The Secret Soldiers of Benghazi,50000000.0,69411370.0,144.0,18.022579,7.0,963.0,en,"['Action', 'Drama', 'History', 'Thriller', 'War']","['Malta', 'Morocco', 'United States of America']","['العربية', 'English']",2016-01-13,2016.0,1.0
273169,French Women,5000000.0,12058187.0,116.0,6.976069,5.6,127.0,fr,['Comedy'],['France'],"['Français', 'Polski']",2014-06-04,2014.0,6.0
85038,Welcome to the North,6000000.0,35000000.0,110.0,5.219214,5.6,276.0,it,['Comedy'],['Italy'],['Italiano'],2012-01-18,2012.0,1.0
51917,A Whole Life Ahead,5940000.0,4250000.0,117.0,3.372144,6.5,65.0,it,"['Romance', 'Drama', 'Comedy']",['Italy'],['Italiano'],2008-03-28,2008.0,3.0
301748,The Opposite Sex,3300000.0,45000.0,96.0,3.436499,4.1,9.0,en,['Comedy'],['United States of America'],['English'],2014-11-08,2014.0,11.0
299245,The Gallows,100000.0,42664410.0,87.0,7.51505,4.9,370.0,en,"['Horror', 'Thriller']",['United States of America'],['English'],2015-07-10,2015.0,7.0
182560,Dark Places,20000000.0,208588.0,113.0,9.188583,5.7,488.0,en,"['Drama', 'Mystery', 'Thriller']","['France', 'United Kingdom', 'United States of America']",['English'],2015-03-31,2015.0,3.0
336804,Mustang,1300000.0,250000.0,97.0,6.49255,8.0,378.0,tr,['Drama'],"['Qatar', 'France', 'Germany', 'Turkey']",['Türkçe'],2015-06-17,2015.0,6.0
189227,Soodhu Kavvum,310000.0,12000000.0,138.0,1.217786,7.0,11.0,ta,"['Comedy', 'Thriller']",['India'],['தமிழ்'],2013-05-01,2013.0,5.0
348892,Bajrangi Bhaijaan,14000000.0,98000000.0,163.0,6.31224,7.7,165.0,hi,"['Adventure', 'Comedy', 'Drama']",['India'],"['हिन्दी', 'اردو']",2015-07-17,2015.0,7.0
281957,The Revenant,135000000.0,532950503.0,156.0,23.501228,7.3,6558.0,en,"['Western', 'Drama', 'Adventure', 'Thriller']","['Canada', 'Hong Kong', 'Taiwan', 'United States of America']","['English', 'Français']",2015-12-25,2015.0,12.0
282984,Irrational Man,11000000.0,27391084.0,95.0,6.862812,6.3,600.0,en,"['Mystery', 'Drama']",['United States of America'],['English'],2015-07-17,2015.0,7.0
256040,Baahubali: The Beginning,40000000.0,100000000.0,159.0,11.80967,7.5,138.0,te,"['Action', 'Adventure', 'History', 'War']",['India'],"['', 'తెలుగు', 'हिन्दी', 'தமிழ்']",2015-07-10,2015.0,7.0
307081,Southpaw,30000000.0,91709827.0,123.0,12.370126,7.3,2112.0,en,"['Action', 'Drama']",['United States of America'],['English'],2015-06-15,2015.0,6.0
273481,Sicario,30000000.0,84025816.0,121.0,19.511221,7.2,2465.0,en,"['Action', 'Crime', 'Drama', 'Mystery', 'Thriller']",['United States of America'],"['Español', 'English']",2015-09-17,2015.0,9.0
291270,Anomalisa,8000000.0,5659286.0,90.0,10.428421,6.9,472.0,en,"['Animation', 'Comedy', 'Drama', 'Romance']",['United States of America'],['English'],2015-12-30,2015.0,12.0
318781,Colonia,14000000.0,3621046.0,120.0,10.156891,7.4,566.0,en,"['Drama', 'Romance', 'History']","['United Kingdom', 'France', 'Germany', 'Luxembourg']","['English', 'Español']",2016-02-18,2016.0,2.0
157544,The Vatican Tapes,13000000.0,1784763.0,91.0,5.149301,4.6,248.0,en,"['Thriller', 'Horror']",['United States of America'],"['English', 'Deutsch']",2015-07-24,2015.0,7.0
257211,The Intern,35000000.0,194564672.0,121.0,15.651705,7.1,1926.0,en,['Comedy'],['United States of America'],['English'],2015-09-24,2015.0,9.0
292431,Love,3000000.0,249083.0,134.0,2.328321,5.2,449.0,en,"['Drama', 'Romance']","['Belgium', 'France']",['English'],2015-07-06,2015.0,7.0
264644,Room,6000000.0,35401758.0,117.0,12.443291,8.1,2838.0,en,"['Drama', 'Thriller']","['Canada', 'Ireland']",['English'],2015-10-16,2015.0,10.0
328425,The Gift,5000000.0,58978653.0,108.0,8.585856,6.7,1077.0,en,"['Thriller', 'Mystery']",['United States of America'],['English'],2015-07-30,2015.0,7.0
310131,The Witch,3500000.0,40423945.0,92.0,11.840138,6.3,1471.0,en,"['Mystery', 'Horror']","['Canada', 'United States of America']",['English'],2016-02-19,2016.0,2.0
300667,3 Generations,5000000.0,443962.0,87.0,4.626438,6.1,75.0,en,"['Comedy', 'Drama']",['United States of America'],['English'],2016-02-11,2016.0,2.0
121640,Zaytoun,8000000.0,42330.0,107.0,3.549738,6.6,16.0,en,"['Drama', 'War', 'Adventure', 'Thriller']","['Israel', 'United Kingdom']","['العربية', 'English', 'עִבְרִית']",2012-10-14,2012.0,10.0
298312,The Visit,5000000.0,98450062.0,94.0,15.021058,6.0,1405.0,en,"['Horror', 'Thriller']",['United States of America'],['English'],2015-09-10,2015.0,9.0
290751,Secret in Their Eyes,19500000.0,34854990.0,111.0,6.79115,6.2,341.0,en,"['Crime', 'Drama', 'Mystery']","['Spain', 'United Kingdom', 'United States of America']",['English'],2015-10-14,2015.0,10.0
283445,Sinister 2,10000000.0,52882018.0,97.0,17.602928,5.5,605.0,en,['Horror'],['United States of America'],['English'],2015-08-19,2015.0,8.0
261392,American Ultra,28000000.0,27139524.0,96.0,9.534828,6.0,1099.0,en,"['Comedy', 'Action']","['Switzerland', 'United States of America']",['English'],2015-08-19,2015.0,8.0
192141,No Escape,5000000.0,54418872.0,103.0,14.13262,6.7,798.0,en,"['Action', 'Thriller']",['United States of America'],"['Français', 'English', 'ภาษาไทย']",2015-08-26,2015.0,8.0
277216,Straight Outta Compton,28000000.0,201634991.0,147.0,21.183077,7.7,1381.0,en,"['Drama', 'Music']",['United States of America'],['English'],2015-08-13,2015.0,8.0
308084,Tangerine,100000.0,702354.0,87.0,4.832631,6.9,166.0,en,"['Comedy', 'Drama']",['United States of America'],"['', 'English']",2015-07-10,2015.0,7.0
274479,Joy,60000000.0,101134059.0,124.0,12.975936,6.4,1619.0,en,"['Drama', 'Comedy']",['United States of America'],"['Español', 'English']",2015-12-24,2015.0,12.0
17935,Iron & Blood: The Legend of Taras Bulba,25000000.0,16815892.0,130.0,7.855489,5.0,14.0,en,"['Drama', 'History']",['Russia'],"['Français', 'Pусский']",2009-04-02,2009.0,4.0
228066,Victor Frankenstein,40000000.0,34227298.0,109.0,9.447808,5.6,697.0,en,"['Drama', 'Science Fiction', 'Thriller']","['United Kingdom', 'United States of America']",['English'],2015-11-10,2015.0,11.0
84401,Sholem Aleichem: Laughing In The Darkness,500000.0,845188.0,93.0,0.086226,7.0,2.0,en,['Documentary'],[],[],2012-02-24,2012.0,2.0
115873,The Angrez,50000.0,300000.0,110.0,0.34064,6.9,6.0,hi,['Comedy'],[],"['اردو', 'हिन्दी']",2006-06-02,2006.0,6.0
98203,Captive,11180.0,24591.0,120.0,0.660969,5.9,11.0,en,"['Drama', 'Thriller']",['Philippines'],"['English', '']",2012-09-05,2012.0,9.0
301875,Equals,16000000.0,2084628.0,101.0,19.803969,5.9,386.0,en,"['Drama', 'Romance', 'Science Fiction']",['United States of America'],['English'],2015-07-15,2015.0,7.0
273477,Scouts Guide to the Zombie Apocalypse,15000000.0,14860766.0,93.0,20.683405,6.2,526.0,en,"['Comedy', 'Horror']",['United States of America'],['English'],2015-10-23,2015.0,10.0
245168,Suffragette,14000000.0,16002420.0,106.0,8.093442,7.1,440.0,en,"['Drama', 'History']",['United Kingdom'],"['English', 'Deutsch']",2015-10-16,2015.0,10.0
301351,We Are Your Friends,6000000.0,11122090.0,96.0,9.023686,6.3,673.0,en,"['Drama', 'Music', 'Romance']","['United Kingdom', 'United States of America', 'France']","['English', 'Italiano']",2015-08-26,2015.0,8.0
323272,War Room,3000000.0,67790117.0,120.0,5.384163,6.9,92.0,en,['Drama'],['United States of America'],['English'],2015-08-28,2015.0,8.0
276907,Legend,25000000.0,42972994.0,131.0,11.187833,6.7,994.0,en,"['Crime', 'Thriller']","['United Kingdom', 'United States of America', 'France']",['English'],2015-09-09,2015.0,9.0
306819,The Danish Girl,15000000.0,64191523.0,120.0,11.245661,7.4,1689.0,en,['Drama'],"['Germany', 'United Kingdom', 'United States of America', 'Belgium', 'Denmark']","['English', 'Français', 'Deutsch']",2015-11-27,2015.0,11.0
313922,Green Room,5000000.0,3220371.0,95.0,8.4702,6.7,696.0,en,"['Horror', 'Crime', 'Thriller']",['United States of America'],['English'],2016-04-15,2016.0,4.0
283587,Beasts of No Nation,6000000.0,9077700.0,137.0,11.732546,7.6,476.0,en,"['Drama', 'War']",['United States of America'],['English'],2015-09-11,2015.0,9.0
328589,The Lady in the Van,6000000.0,41387687.0,104.0,5.799373,6.0,225.0,en,"['Comedy', 'Drama']",['United Kingdom'],['English'],2015-11-13,2015.0,11.0
310123,Zid,1556288.0,1268395.0,128.0,0.195677,7.5,2.0,en,"['Thriller', 'Romance']",['India'],"['हिन्दी', 'English']",2014-11-28,2014.0,11.0
287948,The Transporter Refueled,25000000.0,72629670.0,96.0,11.007319,5.3,573.0,en,"['Thriller', 'Action', 'Crime']","['Belgium', 'China', 'France']",['English'],2015-09-03,2015.0,9.0
86868,La Vérité si je Mens ! 3,25496629.0,40924982.0,120.0,3.81584,5.3,98.0,fr,['Comedy'],['France'],['Français'],2012-01-31,2012.0,1.0
31359,Would I Lie to You? 2,12560000.0,42700000.0,105.0,4.052991,6.4,81.0,fr,['Comedy'],['France'],['Français'],2001-02-07,2001.0,2.0
263472,Knock Knock,2500000.0,6341684.0,99.0,11.898793,4.9,880.0,en,"['Drama', 'Thriller']","['Chile', 'United States of America']","['Español', 'English']",2015-06-26,2015.0,6.0
65614,Dreaming of Space,2000000.0,696681.0,90.0,0.570293,5.7,3.0,ru,['Drama'],['Russia'],['Pусский'],2005-06-23,2005.0,6.0
81481,Silenced,2200000.0,31500000.0,125.0,4.385574,8.0,88.0,ko,['Drama'],['South Korea'],['한국어/조선말'],2011-09-22,2011.0,9.0
74254,The House of Usher,130000.0,1677.0,80.0,0.11689,5.0,3.0,en,"['Drama', 'Horror', 'Thriller']",[],['Deutsch'],2007-09-11,2007.0,9.0
303991,Demolition,10000000.0,1978592.0,101.0,6.925667,6.6,661.0,en,"['Comedy', 'Drama']",['United States of America'],['English'],2016-04-06,2016.0,4.0
10317,Our Brand Is Crisis,28000000.0,7002261.0,108.0,12.158176,5.8,196.0,en,"['Comedy', 'Drama']",['United States of America'],['English'],2015-09-11,2015.0,9.0
84858,Agneepath,11097000.0,49028000.0,174.0,2.589507,6.3,46.0,hi,"['Action', 'Crime', 'Drama']",['India'],"['English', 'हिन्दी', '']",2012-01-25,2012.0,1.0
118051,Cocktail,6400000.0,18800000.0,144.0,7.950488,6.2,38.0,hi,"['Romance', 'Drama', 'Comedy']","['India', 'United Kingdom']",['हिन्दी'],2012-07-13,2012.0,7.0
253450,The Assassin,15000000.0,632542.0,105.0,6.294815,6.6,158.0,zh,"['Action', 'Drama', 'History']","['China', 'France', 'Hong Kong', 'Taiwan']",['普通话'],2015-08-27,2015.0,8.0
296100,The Night Before,25000000.0,52395996.0,101.0,10.516094,6.1,548.0,en,['Comedy'],['United States of America'],['English'],2015-11-20,2015.0,11.0
253412,Everest,55000000.0,203427584.0,121.0,10.758754,6.7,1805.0,en,"['Adventure', 'Drama']","['Iceland', 'United States of America', 'United Kingdom']",['English'],2015-09-10,2015.0,9.0
334298,Monster Hunt,40000000.0,385284817.0,111.0,5.361771,5.7,81.0,zh,"['Action', 'Comedy', 'Fantasy']","['China', 'Hong Kong']","['广州话 / 廣州話', '普通话', 'ภาษาไทย']",2015-07-16,2015.0,7.0
314365,Spotlight,20000000.0,88346473.0,128.0,14.63239,7.8,2751.0,en,"['Drama', 'Thriller', 'History']","['Canada', 'United States of America']",['English'],2015-11-06,2015.0,11.0
336050,Son of Saul,1000000.0,1777043.0,107.0,6.403937,7.1,285.0,hu,"['War', 'Drama', 'Thriller']",['Hungary'],"['Français', 'Deutsch', 'ελληνικά', 'עִבְרִית', 'Magyar', 'Polski', 'Pусский', 'Slovenčina', '']",2015-06-11,2015.0,6.0
245698,Pawn Sacrifice,19000000.0,5578519.0,115.0,7.399209,6.7,272.0,en,"['Thriller', 'Drama']",['United States of America'],['English'],2015-09-16,2015.0,9.0
325348,Hardcore Henry,10000000.0,14333790.0,97.0,14.544852,6.2,780.0,en,"['Action', 'Adventure', 'Science Fiction']","['Russia', 'United States of America']","['English', 'Pусский']",2015-09-12,2015.0,9.0
295964,Burnt,20000000.0,36606743.0,100.0,8.066726,6.3,974.0,en,['Drama'],['United States of America'],"['Français', 'English']",2015-10-02,2015.0,10.0
205017,Lootera,4100000.0,4300000.0,136.0,1.296259,6.6,27.0,hi,"['Drama', 'Romance']",['India'],['हिन्दी'],2013-04-04,2013.0,4.0
268660,Bangalore Days,7400000.0,1300000.0,172.0,0.955596,7.4,19.0,ml,"['Drama', 'Family', 'Romance']",['India'],"['English', '?????', '']",2014-05-30,2014.0,5.0
257160,Ohm Shanthi Oshaana,220000.0,1500000.0,130.0,0.633359,6.9,8.0,ml,"['Comedy', 'Romance']",['India'],[''],2014-02-07,2014.0,2.0
49035,Alaipayuthey,2000000.0,6000000.0,156.0,0.570021,6.7,6.0,ta,"['Romance', 'Drama']",['India'],['தமிழ்'],2000-04-14,2000.0,4.0
38637,Vaaranam Aayiram,3000000.0,14000000.0,169.0,0.505589,7.5,13.0,ta,"['Drama', 'Comedy', 'Thriller', 'Romance']",['India'],"['', 'தமிழ்']",2008-11-14,2008.0,11.0
159824,Hotel Transylvania 2,80000000.0,473226958.0,89.0,11.760218,6.7,1528.0,en,"['Animation', 'Comedy', 'Family']",['United States of America'],"['English', 'ภาษาไทย']",2015-09-21,2015.0,9.0
134474,Godfather,18000.0,700000.0,150.0,0.646227,6.9,4.0,ml,"['Comedy', 'Romance']",['India'],[''],1991-03-03,1991.0,3.0
69407,Varalaru,500000.0,500000.0,157.0,0.482527,6.1,6.0,en,['Drama'],['India'],['தமிழ்'],2006-10-20,2006.0,10.0
306745,Freeheld,7000000.0,573335.0,103.0,4.955317,7.1,168.0,en,"['Romance', 'Drama']",['United States of America'],['English'],2015-10-02,2015.0,10.0
314385,By the Sea,10000000.0,3727746.0,122.0,12.61223,5.4,159.0,en,"['Drama', 'Romance']","['France', 'United States of America']","['Український', 'English', 'Français']",2015-11-12,2015.0,11.0
309809,The Little Prince,64000000.0,97571250.0,92.0,11.376954,7.6,771.0,en,"['Adventure', 'Animation', 'Fantasy']",['France'],['English'],2015-07-29,2015.0,7.0
297762,Wonder Woman,149000000.0,820580447.0,141.0,294.337037,7.2,5025.0,en,"['Action', 'Adventure', 'Fantasy']",['United States of America'],"['Deutsch', 'English']",2017-05-30,2017.0,5.0
339988,The Circle,18000000.0,20497844.0,110.0,88.439243,5.4,1015.0,en,"['Drama', 'Thriller', 'Science Fiction']",['United States of America'],['English'],2017-04-27,2017.0,4.0
68730,Silence,46000000.0,23737523.0,161.0,14.16938,7.0,754.0,en,"['Drama', 'History']","['Mexico', 'Taiwan', 'United States of America']","['日本語', 'English']",2016-12-22,2016.0,12.0
296098,Bridge of Spies,40000000.0,165478348.0,141.0,13.707888,7.2,2633.0,en,"['Thriller', 'Drama']","['India', 'United States of America', 'Germany']","['Pусский', 'English', 'Deutsch']",2015-10-15,2015.0,10.0
44250,Cruel World,2000000.0,16344.0,88.0,0.262437,4.8,6.0,en,"['Thriller', 'Horror', 'Comedy']",['United States of America'],"['Pусский', 'English']",2005-09-01,2005.0,9.0
270487,"Hail, Caesar!",22000000.0,63647656.0,106.0,11.241366,5.7,1338.0,en,"['Comedy', 'Drama', 'Mystery']",['United States of America'],['English'],2016-02-05,2016.0,2.0
318917,Look Who's Back,3196621.0,25513752.0,116.0,6.704659,6.8,462.0,de,['Comedy'],['Germany'],['Deutsch'],2015-10-08,2015.0,10.0
329819,Standing Tall,5000000.0,26144.0,119.0,4.206655,7.3,149.0,fr,['Drama'],['France'],['Français'],2015-05-13,2015.0,5.0
129850,The Bullet Vanishes,12000000.0,117629.0,108.0,1.675406,6.0,21.0,zh,"['Action', 'Mystery']","['China', 'Hong Kong']","['广州话 / 廣州話', 'Italiano', '普通话']",2012-08-14,2012.0,8.0
257445,Goosebumps,58000000.0,158162788.0,103.0,12.365292,6.2,1022.0,en,"['Adventure', 'Horror', 'Comedy']","['Australia', 'United States of America']",['English'],2015-08-05,2015.0,8.0
141520,Rita's Last Fairy Tale,200000.0,486937.0,100.0,0.560685,7.4,8.0,en,[],['Russia'],['Pусский'],2012-11-01,2012.0,11.0
304372,The Perfect Guy,12000000.0,60273173.0,100.0,7.607052,5.6,162.0,en,"['Drama', 'Thriller']",['United States of America'],['English'],2015-09-11,2015.0,9.0
253414,Rock the Kasbah,15000000.0,3020664.0,100.0,10.394389,5.2,102.0,en,"['Comedy', 'Music', 'War']",['United States of America'],['English'],2015-10-22,2015.0,10.0
346808,Momentum,20000000.0,133332.0,96.0,7.895442,5.9,168.0,en,"['Action', 'Thriller']","['South Africa', 'United States of America']",['English'],2015-08-01,2015.0,8.0
319993,Aferim!,1379375.0,105097.0,108.0,2.214179,7.5,28.0,ro,"['Drama', 'History']","['Romania', 'Bulgaria', 'Czech Republic', 'France']","['Română', 'Türkçe']",2015-01-22,2015.0,1.0
146301,Paranormal Activity: The Ghost Dimension,10000000.0,78096553.0,88.0,9.185701,5.0,435.0,en,"['Horror', 'Thriller']",['United States of America'],['English'],2015-10-21,2015.0,10.0
266639,Jem and the Holograms,5000000.0,2333684.0,119.0,5.394112,5.4,132.0,en,"['Drama', 'Music', 'Adventure', 'Fantasy']",['United States of America'],['English'],2015-10-22,2015.0,10.0
293646,The 33,25000000.0,24902723.0,120.0,8.383246,6.0,386.0,en,"['Drama', 'History']","['United States of America', 'Chile']","['Español', 'English']",2015-08-06,2015.0,8.0
298382,The Dressmaker,11930000.0,18340000.0,118.0,7.95686,6.9,419.0,en,['Drama'],['Australia'],['English'],2015-10-01,2015.0,10.0
294016,Trumbo,15000000.0,8235661.0,124.0,7.358726,7.3,507.0,en,['Drama'],['United States of America'],['English'],2015-10-27,2015.0,10.0
335462,Wolf Warrior,12000000.0,80000000.0,90.0,2.162781,5.8,29.0,zh,"['Adventure', 'Action', 'War']",['China'],['普通话'],2015-04-02,2015.0,4.0
321741,Concussion,35000000.0,50363790.0,123.0,7.739783,7.0,844.0,en,['Drama'],"['Australia', 'United States of America', 'United Kingdom']",['English'],2015-11-12,2015.0,11.0
227973,The Peanuts Movie,99000000.0,246233113.0,88.0,12.338346,6.5,608.0,en,['Animation'],['United States of America'],['English'],2015-11-05,2015.0,11.0
41955,Antikiller,5000000.0,340312.0,113.0,0.191539,4.8,5.0,ru,"['Action', 'Crime']",['Russia'],['Pусский'],2002-08-01,2002.0,8.0
237214,Duniyadari,390000.0,3.0,148.0,0.016219,0.0,0.0,en,[],[],"['', 'हिन्दी']",2014-07-19,2014.0,7.0
13986,Dil To Pagal Hai,1300000.0,11000000.0,179.0,2.161941,6.6,41.0,hi,"['Drama', 'Romance', 'Comedy']",['India'],['हिन्दी'],1997-10-30,1997.0,10.0
56666,Fiza,1000000.0,623791.0,170.0,0.254553,6.1,7.0,hi,"['Drama', 'Foreign', 'Romance']",['India'],"['हिन्दी', 'اردو']",2000-09-08,2000.0,9.0
312221,Creed,37000000.0,173567581.0,133.0,33.449723,7.3,1963.0,en,['Drama'],['United States of America'],['English'],2015-11-25,2015.0,11.0
62796,William & Kate,20.0,15.0,83.0,2.493638,5.8,30.0,en,"['Drama', 'Romance']",[],[],2011-04-18,2011.0,4.0
360203,Lost in the Sun,25000.0,25000.0,95.0,3.985181,5.8,48.0,en,"['Action', 'Crime', 'Drama', 'Thriller']",['United States of America'],['English'],2015-11-05,2015.0,11.0
157827,Louder Than Bombs,11000000.0,161789.0,109.0,12.293202,6.7,93.0,en,['Drama'],"['Denmark', 'France', 'Germany', 'Norway', 'United States of America']","['English', 'Français']",2015-05-18,2015.0,5.0
336004,Heist,8900000.0,4100000.0,93.0,8.476315,5.6,322.0,en,"['Crime', 'Action', 'Thriller']",['United States of America'],['English'],2015-11-13,2015.0,11.0
333348,Love the Coopers,17000000.0,42426912.0,107.0,5.660649,5.4,169.0,en,"['Comedy', 'Family']",['United States of America'],['English'],2015-11-12,2015.0,11.0
362136,Prem Ratan Dhan Payo,23400000.0,67000000.0,174.0,2.864948,5.6,39.0,hi,"['Drama', 'Action', 'Romance']",['India'],['हिन्दी'],2015-11-11,2015.0,11.0
253192,Faster than Rabbits,3000000.0,5279982.0,99.0,1.14731,6.3,12.0,ru,['Comedy'],['Russia'],['Pусский'],2014-01-01,2014.0,1.0
257088,Point Break,105000000.0,133718711.0,114.0,7.291872,5.5,795.0,en,"['Action', 'Crime', 'Thriller']","['Germany', 'United States of America', 'China']",['English'],2015-12-03,2015.0,12.0
31060,Recep İvedik,500000.0,5330000.0,90.0,1.640271,5.4,21.0,tr,['Comedy'],[],['Türkçe'],2008-02-22,2008.0,2.0
368330,Katyar Kaljat Ghusali,1500000.0,4400000.0,162.0,0.446454,9.0,2.0,mr,['Music'],['India'],"['हिन्दी', '']",2015-11-12,2015.0,11.0
284288,Mary Kom,224056.0,15536328.0,122.0,1.416035,7.0,29.0,hi,['Drama'],['India'],['हिन्दी'],2014-09-05,2014.0,9.0
341895,Premam,6200000.0,11000000.0,165.0,0.81609,6.4,13.0,ml,"['Comedy', 'Music', 'Romance']",['India'],"['', 'தமிழ்']",2015-05-29,2015.0,5.0
299687,The 5th Wave,38000000.0,109906372.0,112.0,10.788263,5.6,1993.0,en,"['Adventure', 'Science Fiction']",['United States of America'],['English'],2016-01-14,2016.0,1.0
336882,The Wave,5904067.0,12975143.0,104.0,6.982302,6.5,317.0,no,"['Action', 'Drama', 'Thriller']",['Norway'],['Norsk'],2015-08-28,2015.0,8.0
351694,Monkey King: Hero Is Back,10000000.0,150000000.0,89.0,3.759301,7.5,58.0,zh,"['Fantasy', 'Animation', 'Comedy']",['China'],"['广州话 / 廣州話', '普通话']",2015-07-10,2015.0,7.0
300693,Truth,9600000.0,2541554.0,121.0,6.133745,6.5,165.0,en,['Drama'],"['United States of America', 'Australia']",['English'],2015-09-12,2015.0,9.0
218275,The Letters,1.0,1.0,114.0,2.240259,5.6,10.0,en,['Drama'],['United States of America'],['English'],2015-12-04,2015.0,12.0
285959,Valentino,1300000.0,1550000.0,102.0,0.328342,6.0,1.0,en,[],['United States of America'],['English'],1951-03-08,1951.0,3.0
318846,The Big Short,28000000.0,133346506.0,130.0,13.143061,7.3,2679.0,en,"['Comedy', 'Drama']",['United States of America'],['English'],2015-12-11,2015.0,12.0
338930,Loham,1050255.0,2250547.0,129.0,0.633653,4.4,5.0,ml,"['Action', 'Thriller']",['India'],[''],2015-08-20,2015.0,8.0
31525,The Legend of Bhagat Singh,3000000.0,6000000.0,155.0,0.904409,7.2,15.0,hi,"['Drama', 'History']",['India'],"['ਪੰਜਾਬੀ', 'বাংলা', 'English', 'हिन्दी']",2002-06-07,2002.0,6.0
329833,Zoolander 2,50000000.0,55969000.0,100.0,10.155109,4.7,814.0,en,['Comedy'],['United States of America'],['English'],2016-02-06,2016.0,2.0
259694,How to Be Single,38000000.0,112343513.0,110.0,8.898988,5.9,1225.0,en,"['Comedy', 'Romance']",['United States of America'],['English'],2016-01-21,2016.0,1.0
34421,The Perfect Weapon,10000000.0,14061361.0,87.0,1.634827,6.0,25.0,en,"['Action', 'Drama']",['United States of America'],['English'],1991-03-15,1991.0,3.0
351819,Fifty Shades of Black,20000000.0,21164799.0,92.0,6.785049,4.3,337.0,en,"['Romance', 'Comedy']",['United States of America'],['English'],2016-01-28,2016.0,1.0
340666,Nocturnal Animals,22500000.0,29252978.0,116.0,18.908782,7.2,1990.0,en,"['Drama', 'Thriller']",['United States of America'],['English'],2016-11-04,2016.0,11.0
274167,Daddy's Home,50000000.0,242786137.0,96.0,8.009226,5.8,870.0,en,['Comedy'],['United States of America'],['English'],2015-12-25,2015.0,12.0
266294,Sisters,30000000.0,105011053.0,118.0,13.799419,5.8,593.0,en,['Comedy'],['United States of America'],['English'],2015-12-18,2015.0,12.0
140300,Kung Fu Panda 3,145000000.0,521170825.0,95.0,14.696548,6.7,1630.0,en,"['Action', 'Adventure', 'Animation', 'Comedy', 'Family']","['China', 'United States of America']",['English'],2016-01-23,2016.0,1.0
362045,Bajirao Mastani,19500000.0,56000000.0,150.0,4.683689,7.2,71.0,hi,"['War', 'History', 'Romance']",['India'],"['Deutsch', 'हिन्दी']",2015-12-18,2015.0,12.0
201386,F.C. De Kampioenen: Kampioen zijn blijft plezant,3849796.0,7471304.0,115.0,0.852186,6.3,8.0,nl,['Comedy'],[],['Nederlands'],2013-12-17,2013.0,12.0
58431,Pride and Prejudice and Zombies,28000000.0,16374328.0,108.0,7.954623,5.5,662.0,en,"['Romance', 'Horror', 'Comedy', 'Thriller']",['United States of America'],['English'],2016-02-04,2016.0,2.0
174751,Jane Got a Gun,25000000.0,1397284.0,98.0,8.826071,5.4,293.0,en,"['Action', 'Drama', 'Western']",['United States of America'],['English'],2016-01-01,2016.0,1.0
370665,Dilwale,26000000.0,61000000.0,158.0,4.081193,6.3,68.0,hi,"['Crime', 'Action', 'Comedy']",['India'],['हिन्दी'],2015-12-18,2015.0,12.0
333596,Woodlawn,12000000.0,14394097.0,123.0,3.216606,6.8,49.0,en,['Drama'],['United States of America'],['English'],2015-10-15,2015.0,10.0
331190,Captive,2000000.0,2801508.0,97.0,5.396271,5.6,94.0,en,"['Crime', 'Drama', 'Thriller']",['United States of America'],['English'],2015-09-17,2015.0,9.0
329440,The Forest,10000000.0,40055439.0,95.0,7.384688,4.8,478.0,en,"['Horror', 'Thriller']",['United States of America'],['English'],2016-01-07,2016.0,1.0
37460,Raavan,4500000.0,4200000.0,138.0,1.160169,4.2,15.0,hi,"['Action', 'Adventure', 'Crime', 'Drama', 'Romance', 'Thriller']",['India'],['हिन्दी'],2010-06-18,2010.0,6.0
102632,Rowdy Rathore,6700000.0,31000000.0,143.0,1.312833,5.6,24.0,hi,['Action'],['India'],['हिन्दी'],2012-06-01,2012.0,6.0
275269,Wazir,5200000.0,9200000.0,102.0,3.571376,6.7,36.0,hi,"['Thriller', 'Action']",['India'],['हिन्दी'],2016-01-07,2016.0,1.0
54242,Mickey,250000.0,8000000.0,93.0,0.211008,7.5,4.0,en,"['Comedy', 'Drama']",['United States of America'],['English'],1918-08-01,1918.0,8.0
276905,Norm of the North,18000000.0,17062499.0,86.0,7.008103,4.1,124.0,en,"['Adventure', 'Animation', 'Comedy', 'Family']","['United States of America', 'India']",['English'],2016-01-14,2016.0,1.0
323675,Ride Along 2,40000000.0,124827316.0,102.0,9.420931,6.1,567.0,en,"['Action', 'Comedy']",['United States of America'],['English'],2016-01-14,2016.0,1.0
319888,Eddie the Eagle,23000000.0,46152411.0,106.0,7.528276,7.2,682.0,en,"['Comedy', 'Drama', 'History']","['Germany', 'United Kingdom', 'United States of America']","['English', 'Deutsch', 'Norsk']",2016-02-26,2016.0,2.0
375290,Airlift,4500000.0,32000000.0,126.0,3.376147,7.3,58.0,hi,"['Thriller', 'Action', 'Drama', 'History']",['India'],"['العربية', 'हिन्दी', '']",2016-01-22,2016.0,1.0
273899,Stonewall,13500000.0,187674.0,129.0,3.531089,5.2,32.0,en,['Drama'],['United States of America'],['English'],2015-09-18,2015.0,9.0
321258,The Boy,10000000.0,64188367.0,97.0,17.028854,5.8,1133.0,en,"['Horror', 'Mystery', 'Thriller']","['United States of America', 'China', 'Canada']",['English'],2016-01-22,2016.0,1.0
343795,90 Minutes in Heaven,5000000.0,4842699.0,121.0,4.222496,5.4,40.0,en,['Drama'],['United States of America'],"['English', 'Português']",2015-09-11,2015.0,9.0
335778,Risen,20000000.0,46069568.0,107.0,8.759801,5.7,300.0,en,['Action'],['United States of America'],['English'],2016-02-19,2016.0,2.0
291870,Dirty Grandpa,11500000.0,94073028.0,102.0,16.290586,5.7,1429.0,en,['Comedy'],['United States of America'],['English'],2016-01-21,2016.0,1.0
364427,Orleans,2500000.0,302000.0,106.0,0.192475,6.0,3.0,ru,"['Drama', 'Comedy', 'Thriller']",['Russia'],['Pусский'],2015-09-17,2015.0,9.0
300673,The Finest Hours,80000000.0,52099090.0,114.0,10.385757,6.3,597.0,en,"['Action', 'Drama', 'History', 'Thriller']",['United States of America'],['English'],2016-01-25,2016.0,1.0
293122,The Guide,722083.0,499168.0,120.0,0.817488,8.6,6.0,en,"['History', 'Drama']",['Ukraine'],"['English', 'Український', 'Pусский']",2014-11-12,2014.0,11.0
339408,The Birth of a Nation,8500000.0,15861566.0,120.0,5.933047,6.4,181.0,en,['Drama'],['United States of America'],['English'],2016-09-09,2016.0,9.0
44566,Anjaana Anjaani,6400000.0,5900000.0,151.0,1.82294,6.1,27.0,hi,"['Comedy', 'Drama', 'Music', 'Romance']",['India'],['हिन्दी'],2010-09-24,2010.0,9.0
351072,Na Maloom Afraad,884130.0,2259444.0,137.0,0.241973,6.2,3.0,ur,"['Thriller', 'Comedy']",[],['اردو'],2014-10-06,2014.0,10.0
296096,Me Before You,20000000.0,207945075.0,110.0,34.34759,7.6,2674.0,en,"['Drama', 'Romance']",['United States of America'],['English'],2016-06-02,2016.0,6.0
146198,Triple 9,20000000.0,12639297.0,115.0,12.892504,5.6,812.0,en,"['Action', 'Thriller']",['United States of America'],['English'],2016-02-19,2016.0,2.0
205584,Gods of Egypt,140000000.0,150680864.0,127.0,13.337707,5.2,1303.0,en,['Fantasy'],"['Australia', 'United States of America']",['English'],2016-02-25,2016.0,2.0
336808,Embrace of the Serpent,1400000.0,1320005.0,125.0,5.061041,7.8,129.0,es,"['Adventure', 'Drama']","['Argentina', 'Colombia', 'Venezuela']","['Català', 'Deutsch', 'Latin', 'Português', 'Español']",2015-05-25,2015.0,5.0
376869,Neerja,10721568.0,2978994.0,122.0,1.68625,7.4,44.0,hi,['Drama'],['India'],['हिन्दी'],2016-02-19,2016.0,2.0
323677,Race,5000000.0,24804129.0,134.0,7.979302,7.0,492.0,en,"['Action', 'Drama']","['Canada', 'Germany']",['English'],2016-02-19,2016.0,2.0
333371,10 Cloverfield Lane,15000000.0,108286421.0,103.0,14.421528,6.8,2537.0,en,"['Thriller', 'Science Fiction', 'Drama']",['United States of America'],['English'],2016-03-10,2016.0,3.0
267860,London Has Fallen,60000000.0,205754447.0,99.0,15.037993,5.8,1656.0,en,"['Action', 'Crime', 'Thriller']","['Bulgaria', 'United States of America', 'United Kingdom']",['English'],2016-03-02,2016.0,3.0
269149,Zootopia,150000000.0,1023784195.0,108.0,26.024868,7.7,4961.0,en,"['Animation', 'Adventure', 'Family', 'Comedy']",['United States of America'],['English'],2016-02-11,2016.0,2.0
279641,Whiskey Tango Foxtrot,35000000.0,23083334.0,112.0,8.155604,6.0,356.0,en,"['War', 'Comedy']",['United States of America'],['English'],2016-03-04,2016.0,3.0
318850,The Young Messiah,18500000.0,6490401.0,120.0,1.729199,6.4,30.0,en,['Drama'],['United States of America'],['English'],2016-03-10,2016.0,3.0
267193,Grimsby,35000000.0,25182929.0,83.0,13.912531,5.7,794.0,en,"['Action', 'Comedy']","['Australia', 'United Kingdom', 'United States of America']",['English'],2016-02-24,2016.0,2.0
299824,Mojin: The Lost Legend,37000000.0,278300000.0,127.0,4.209701,6.0,71.0,zh,"['Action', 'Adventure', 'Fantasy']",['China'],"['普通话', 'ภาษาไทย']",2015-12-18,2015.0,12.0
83902,Na Tum Jaano Na Hum,350000.0,6100000.0,151.0,0.736613,4.4,5.0,hi,"['Drama', 'Romance']",['India'],"['English', 'हिन्दी']",2002-05-09,2002.0,5.0
365222,Ip Man 3,36000000.0,156844753.0,105.0,8.970494,6.5,384.0,cn,"['Action', 'Drama', 'History']",['Hong Kong'],"['广州话 / 廣州話', 'English', '普通话', 'ภาษาไทย']",2015-12-19,2015.0,12.0
72051,Garv: Pride and Honour,1300000.0,11000000.0,162.0,0.386315,4.5,4.0,hi,"['Action', 'Drama']",['India'],['हिन्दी'],2004-07-09,2004.0,7.0
300602,Capture the Flag,14000000.0,8306690.0,94.0,6.345679,5.7,52.0,es,"['Comedy', 'Animation', 'Adventure']",['Spain'],"['Català', 'English', 'Español']",2015-08-28,2015.0,8.0
105254,The Touch,6900000.0,6530000.0,115.0,0.659046,6.0,3.0,sv,['Drama'],"['Sweden', 'United States of America']","['English', 'svenska']",1971-07-14,1971.0,7.0
341007,3 Braves,143149.0,645135.0,94.0,0.091951,7.5,2.0,ur,"['Family', 'Animation', 'Adventure']",['Pakistan'],['اردو'],2015-05-21,2015.0,5.0
14467,Jaane Tu... Ya Jaane Na,2300000.0,11100000.0,155.0,1.970054,6.7,37.0,en,"['Drama', 'Comedy', 'Romance']",['India'],['हिन्दी'],2008-07-04,2008.0,7.0
15864,Bachna Ae Haseeno,2400000.0,9600000.0,153.0,1.921026,6.5,20.0,hi,"['Drama', 'Comedy', 'Romance']","['Australia', 'India', 'Italy', 'Thailand']",['हिन्दी'],2008-08-14,2008.0,8.0
14071,Dostana,10000000.0,20000000.0,142.0,2.532958,6.4,42.0,hi,"['Drama', 'Comedy', 'Romance']",['India'],"['English', 'हिन्दी']",2008-11-13,2008.0,11.0
15979,Phoonk,750000.0,2760000.0,179.0,0.686155,3.5,5.0,en,"['Foreign', 'Horror', 'Thriller']",['India'],['हिन्दी'],2008-08-22,2008.0,8.0
111836,Gabbar Singh,7000000.0,16000000.0,136.0,0.795228,5.1,6.0,te,"['Action', 'Comedy', 'Foreign']",['India'],['తెలుగు'],2012-05-11,2012.0,5.0
148265,Eega,5990000.0,19450000.0,145.0,8.615159,6.7,33.0,te,"['Romance', 'Science Fiction']",['India'],"['தமிழ்', 'తెలుగు']",2012-06-06,2012.0,6.0
19980,99,3000000.0,6600000.0,141.0,0.328668,5.6,5.0,hi,"['Comedy', 'Crime']",['India'],['हिन्दी'],2009-05-15,2009.0,5.0
44565,Khatta Meetha,7500000.0,10000000.0,155.0,0.494047,5.1,10.0,hi,"['Comedy', 'Drama']",['India'],['हिन्दी'],2010-07-23,2010.0,7.0
34144,"Dear Guest, When Will You Leave?",3750000.0,5000000.0,155.0,0.597058,6.2,9.0,hi,"['Comedy', 'Foreign']",['India'],['हिन्दी'],2010-02-26,2010.0,2.0
73582,Bodyguard,130.0,8.0,130.0,2.402032,5.2,29.0,hi,"['Drama', 'Action', 'Comedy', 'Romance']",['India'],['हिन्दी'],2011-08-31,2011.0,8.0
61400,Thank You,13100000.0,4100000.0,140.0,1.417392,5.7,16.0,hi,"['Drama', 'Comedy', 'Romance', 'Foreign']",['India'],['हिन्दी'],2011-04-08,2011.0,4.0
287859,Raja Natwarlal,5.0,4.0,141.0,1.109545,5.5,8.0,hi,"['Thriller', 'Drama']",['India'],['हिन्दी'],2014-08-29,2014.0,8.0
271200,Heropanti,4200000.0,10000000.0,146.0,2.031919,5.4,15.0,hi,"['Romance', 'Action']",['India'],['हिन्दी'],2014-05-23,2014.0,5.0
85277,Happy Family,800000.0,966214.0,83.0,0.170979,6.0,1.0,nl,"['Comedy', 'Romance']",['Netherlands'],['Nederlands'],2006-12-14,2006.0,12.0
381890,The Mermaid,60720000.0,553810228.0,93.0,5.296052,6.2,76.0,en,"['Comedy', 'Science Fiction', 'Fantasy', 'Romance']",['China'],['普通话'],2016-02-08,2016.0,2.0
301365,The Neon Demon,7000000.0,1333124.0,117.0,13.410522,6.4,926.0,en,"['Thriller', 'Horror']","['Denmark', 'France', 'United States of America']",['English'],2016-06-08,2016.0,6.0
37941,Vinnaithaandi Varuvaayaa,3000000.0,12000000.0,157.0,1.036233,7.7,19.0,ta,"['Drama', 'Romance']","['India', 'United Kingdom']","['', 'தமிழ்']",2010-02-26,2010.0,2.0
20049,Ayan,3230939.0,18000000.0,162.0,1.937874,6.7,19.0,ta,"['Action', 'Romance', 'Comedy']",['India'],['தமிழ்'],2009-04-03,2009.0,4.0
31626,Bommarillu,1333333.0,5333333.0,170.0,0.654216,5.6,6.0,te,"['Drama', 'Foreign', 'Romance']",['India'],['తెలుగు'],2006-08-09,2006.0,8.0
31629,Arundhati,2915739.0,14000000.0,132.0,0.558002,5.6,7.0,te,"['Horror', 'Fantasy', 'Thriller']",['India'],['తెలుగు'],2009-01-16,2009.0,1.0
199160,Happy Days,440141.0,2640850.0,160.0,0.815203,6.6,5.0,te,['Drama'],['India'],['తెలుగు'],2007-09-28,2007.0,9.0
338065,Dil Dhadakne Do,13000000.0,22000000.0,170.0,2.337434,6.7,43.0,hi,"['Drama', 'Family', 'Romance']",['India'],['हिन्दी'],2015-06-05,2015.0,6.0
333352,Eye in the Sky,13000000.0,18704595.0,102.0,10.564701,7.2,532.0,en,"['Drama', 'Thriller', 'War']",['United Kingdom'],"['Somali', 'English']",2015-09-11,2015.0,9.0
320588,"Hello, My Name Is Doris",1000000.0,14444999.0,95.0,14.992311,6.5,156.0,en,"['Comedy', 'Drama', 'Romance']",['United States of America'],['English'],2015-11-27,2015.0,11.0
2989,Roar,17000000.0,2000000.0,102.0,1.307263,5.6,19.0,en,"['Adventure', 'Thriller']",['United States of America'],['English'],1981-11-12,1981.0,11.0
333385,Mr. Right,8000000.0,34694.0,95.0,7.317816,6.3,395.0,en,"['Action', 'Comedy', 'Romance']",['United States of America'],['English'],2016-02-29,2016.0,2.0
339984,Miracles from Heaven,16000000.0,73883359.0,117.0,7.528099,6.8,191.0,en,['Drama'],['United States of America'],['English'],2016-03-17,2016.0,3.0
315664,Florence Foster Jenkins,29000000.0,48902953.0,110.0,10.829116,6.7,409.0,en,"['Comedy', 'Drama']","['United Kingdom', 'United States of America']",['English'],2016-05-06,2016.0,5.0
302688,My Big Fat Greek Wedding 2,18000000.0,88923251.0,94.0,6.344961,5.6,328.0,en,"['Romance', 'Comedy', 'Family']","['Canada', 'United States of America']",['English'],2016-03-23,2016.0,3.0
357706,Irudhi Suttru,300000.0,2100000.0,112.0,0.756243,6.7,11.0,ta,"['Action', 'Drama']",['India'],"['हिन्दी', 'தமிழ்']",2016-01-28,2016.0,1.0
297806,I Saw the Light,13000000.0,1646788.0,123.0,4.654312,5.9,48.0,en,"['Drama', 'Music']",['United States of America'],['English'],2016-02-05,2016.0,2.0
342521,Keanu,15000000.0,20566327.0,94.0,7.942084,6.0,434.0,en,"['Action', 'Comedy']",['United States of America'],['English'],2016-04-21,2016.0,4.0
375742,The Lure,1300000.0,101657.0,92.0,2.159038,6.1,31.0,pl,"['Horror', 'Music']",['Poland'],['Polski'],2015-12-25,2015.0,12.0
336011,White Girl,700000.0,200242.0,88.0,6.021721,5.5,109.0,en,['Drama'],['United States of America'],['English'],2016-09-02,2016.0,9.0
296360,Love & Friendship,3000000.0,14016568.0,94.0,12.822085,6.4,171.0,en,"['Comedy', 'Drama', 'Romance']","['United Kingdom', 'United States of America', 'Ireland', 'Netherlands', 'France']",['English'],2016-05-27,2016.0,5.0
292081,Sunshine Superman,400000.0,88097.0,100.0,0.984906,7.2,10.0,en,['Documentary'],[],['English'],2015-05-22,2015.0,5.0
295699,Everybody Wants Some!!,10000000.0,3400278.0,116.0,6.737797,6.3,419.0,en,['Comedy'],['United States of America'],['English'],2016-03-30,2016.0,3.0
369557,Sing Street,4000000.0,13624522.0,106.0,10.672862,8.0,669.0,en,"['Romance', 'Drama', 'Music']","['Ireland', 'United Kingdom', 'United States of America']",['English'],2016-03-11,2016.0,3.0
370755,Paterson,5000000.0,2152738.0,118.0,10.300307,7.0,311.0,en,"['Comedy', 'Drama', 'Romance']","['France', 'Germany', 'United States of America']",['English'],2016-11-17,2016.0,11.0
290595,The Huntsman: Winter's War,115000000.0,164602163.0,114.0,17.260203,6.0,1575.0,en,"['Action', 'Adventure', 'Drama']",['United States of America'],['English'],2016-04-06,2016.0,4.0
325133,Neighbors 2: Sorority Rising,35000000.0,108758521.0,91.0,9.914008,5.6,1490.0,en,['Comedy'],['United States of America'],['English'],2016-05-04,2016.0,5.0
68016,Aadukalam,4000000.0,6000000.0,160.0,0.372987,6.8,8.0,ta,"['Action', 'Drama', 'Thriller']",['India'],['தமிழ்'],2011-01-14,2011.0,1.0
372226,Visaranai,325000.0,1600000.0,118.0,0.867549,8.0,8.0,ta,"['Drama', 'Thriller']",['India'],"['தமிழ்', 'తెలుగు']",2016-02-04,2016.0,2.0
374465,Things to Come,2100000.0,282382.0,102.0,5.858112,6.5,70.0,fr,['Drama'],"['France', 'Germany']",['Français'],2016-03-16,2016.0,3.0
377985,Fan,16000000.0,29251596.0,142.0,5.127876,6.2,73.0,hi,"['Action', 'Drama', 'Thriller']",['India'],['हिन्दी'],2016-04-15,2016.0,4.0
303858,Money Monster,27000000.0,93282604.0,98.0,11.953822,6.5,1096.0,en,['Thriller'],['United States of America'],['English'],2016-05-12,2016.0,5.0
322240,Nine Lives,30000000.0,57814445.0,87.0,10.000208,5.5,289.0,en,"['Fantasy', 'Comedy', 'Family']","['China', 'France']",['English'],2016-08-03,2016.0,8.0
326423,Barbershop: The Next Cut,20000000.0,55030051.0,112.0,8.468401,6.2,171.0,en,['Comedy'],['United States of America'],['English'],2016-04-15,2016.0,4.0
330483,The Choice,10000000.0,18730891.0,111.0,8.28378,6.7,527.0,en,"['Drama', 'Romance']",['United States of America'],['English'],2016-02-04,2016.0,2.0
127380,Finding Dory,200000000.0,1028570889.0,97.0,14.477677,6.8,4333.0,en,"['Adventure', 'Animation', 'Comedy', 'Family']",['United States of America'],['English'],2016-06-16,2016.0,6.0
323676,The Boss,29000000.0,78636257.0,91.0,7.533146,5.5,441.0,en,['Comedy'],['United States of America'],['English'],2016-04-07,2016.0,4.0
333669,Bastille Day,20000000.0,14397593.0,92.0,12.119295,6.0,378.0,en,['Action'],"['Luxembourg', 'France', 'United Kingdom', 'United States of America']","['English', 'Français']",2016-04-22,2016.0,4.0
316152,Free State of Jones,50000000.0,25035950.0,139.0,10.223582,6.6,439.0,en,"['War', 'Action', 'Drama', 'History', 'Thriller']",['United States of America'],"['English', 'Deutsch']",2016-06-24,2016.0,6.0
153518,The Angry Birds Movie,73000000.0,349779543.0,97.0,11.171927,5.9,1048.0,en,"['Family', 'Animation']","['Finland', 'United States of America']",['English'],2016-05-11,2016.0,5.0
384737,Precious Cargo,10500000.0,100659.0,99.0,11.548303,5.1,95.0,en,"['Action', 'Crime', 'Thriller']",['Canada'],['English'],2016-07-15,2016.0,7.0
188540,Arrambam,9200000.0,21000000.0,157.0,0.882864,6.0,8.0,en,"['Action', 'Thriller', 'Drama']",['India'],['தமிழ்'],2013-10-31,2013.0,10.0
300983,Yennai Arindhaal,7900000.0,16000000.0,176.0,0.86433,6.6,14.0,ta,"['Romance', 'Thriller', 'Drama', 'Action']",['India'],['தமிழ்'],2015-02-06,2015.0,2.0
76788,Mankatha,6100000.0,28000000.0,149.0,1.145752,5.6,14.0,ta,"['Action', 'Thriller']",['India'],['தமிழ்'],2011-08-31,2011.0,8.0
330418,Indru Netru Naalai,620000.0,1400000.0,146.0,0.326862,7.4,7.0,ta,"['Science Fiction', 'Comedy']",['India'],['தமிழ்'],2015-06-26,2015.0,6.0
247504,Veeram,5900000.0,19000000.0,161.0,1.915168,5.8,11.0,ta,"['Action', 'Comedy', 'Romance']",['India'],['தமிழ்'],2014-01-10,2014.0,1.0
69428,Vaali,500000.0,500000.0,157.0,0.509127,6.0,6.0,en,['Romance'],['India'],['தமிழ்'],1999-05-01,1999.0,5.0
69417,Villan,500000.0,500000.0,157.0,0.45621,6.7,5.0,en,"['Action', 'Crime']",['India'],['தமிழ்'],2002-12-05,2002.0,12.0
69401,Dheena,500000.0,500000.0,157.0,0.349478,5.3,5.0,ta,"['Action', 'Drama', 'Romance']",['India'],['தமிழ்'],2001-01-14,2001.0,1.0
69399,Citizen,500000.0,500000.0,157.0,0.233572,5.9,6.0,en,"['Drama', 'Action', 'Crime', 'Foreign']",['India'],['தமிழ்'],2001-06-08,2001.0,6.0
69427,Amarkalam,500000.0,500000.0,157.0,0.493342,6.6,4.0,en,[],['India'],['தமிழ்'],1999-08-25,1999.0,8.0
69404,Mugavari,500000.0,500000.0,157.0,0.284847,7.5,2.0,en,"['Drama', 'Romance']",['India'],['தமிழ்'],2000-02-02,2000.0,2.0
69422,Aasai,500000.0,500000.0,157.0,0.370114,6.0,2.0,en,"['Action', 'Romance']",['India'],['தமிழ்'],1995-09-25,1995.0,9.0
69423,Kadhal Kottai,500000.0,500000.0,157.0,0.071908,7.0,2.0,en,['Romance'],['India'],['தமிழ்'],1996-07-12,1996.0,7.0
353069,Mother's Day,25000000.0,48418160.0,118.0,8.309565,5.8,391.0,en,['Comedy'],['United States of America'],['English'],2016-04-28,2016.0,4.0
302401,Snowden,40000000.0,37279439.0,134.0,14.384554,7.0,1285.0,en,"['Drama', 'Thriller']","['Germany', 'United States of America']",['English'],2016-09-15,2016.0,9.0
234004,Ratchet & Clank,20000000.0,8821329.0,94.0,9.115939,5.4,188.0,en,"['Action', 'Adventure', 'Animation', 'Family']","['Canada', 'Hong Kong', 'United States of America']",['English'],2016-04-13,2016.0,4.0
257440,Term Life,16500000.0,21256.0,93.0,7.35578,5.7,81.0,en,"['Thriller', 'Drama', 'Crime']",['United States of America'],['English'],2016-04-29,2016.0,4.0
290250,The Nice Guys,50000000.0,62788218.0,116.0,16.075615,7.0,2382.0,en,"['Action', 'Comedy', 'Crime', 'Thriller']","['United Kingdom', 'United States of America']",['English'],2016-05-15,2016.0,5.0
270010,A Hologram for the King,30000000.0,4212494.0,97.0,9.104543,5.8,347.0,en,"['Comedy', 'Drama']","['Mexico', 'France', 'Germany', 'United Kingdom', 'United States of America']","['العربية', 'English', 'Italiano']",2016-04-22,2016.0,4.0
62756,Singam,2200000.0,9700000.0,154.0,1.132835,6.9,19.0,ta,"['Action', 'Comedy', 'Crime']",['India'],['தமிழ்'],2010-05-28,2010.0,5.0
49029,Saamy,1.0,3.0,140.0,0.43849,5.8,5.0,ta,"['Action', 'Drama']",['India'],['தமிழ்'],2003-05-05,2003.0,5.0
86718,7Aum Arivu,16000000.0,98900000.0,168.0,2.252517,6.6,10.0,ta,"['Action', 'Science Fiction', 'Thriller']",['India'],"['English', 'தமிழ்']",2011-10-26,2011.0,10.0
380111,Flight Crew,10000000.0,27305571.0,138.0,5.42046,6.8,47.0,ru,"['Drama', 'Action']",['Russia'],['Pусский'],2016-04-21,2016.0,4.0
332567,The Shallows,17000000.0,119100758.0,86.0,13.689175,6.2,1619.0,en,"['Horror', 'Drama', 'Thriller']",['United States of America'],['English'],2016-06-24,2016.0,6.0
70527,A Little Night Music,200000.0,286000.0,95.0,0.164585,7.8,4.0,sr,['Comedy'],['Serbia'],['Srpski'],2002-01-01,2002.0,1.0
57186,Skinning,500000.0,198.0,97.0,1.018477,5.9,14.0,sr,"['Action', 'Crime', 'Drama']",['Serbia'],['Srpski'],2010-10-06,2010.0,10.0
280690,Kick,22000000.0,55000000.0,146.0,7.366331,6.0,51.0,hi,"['Action', 'Comedy', 'Romance']",[],['हिन्दी'],2014-07-25,2014.0,7.0
22315,Aitraaz,3500000.0,9250000.0,159.0,1.280578,4.9,17.0,hi,"['Thriller', 'Drama']",['India'],['हिन्दी'],2004-11-12,2004.0,11.0
89868,Paws,137731.0,1778391.0,83.0,1.78367,3.9,8.0,en,"['Adventure', 'Family', 'Fantasy']","['Australia', 'United Kingdom']",['English'],1997-09-25,1997.0,9.0
290098,The Handmaiden,8575000.0,1983204.0,145.0,16.727405,8.1,453.0,ko,"['Thriller', 'Drama', 'Romance']",['South Korea'],"['日本語', '한국어/조선말']",2016-06-01,2016.0,6.0
241259,Alice Through the Looking Glass,170000000.0,299370084.0,113.0,14.61608,6.5,1782.0,en,"['Family', 'Fantasy']","['United Kingdom', 'United States of America']",['English'],2016-05-25,2016.0,5.0
267935,The BFG,140000000.0,183345589.0,120.0,18.769476,6.0,1026.0,en,"['Adventure', 'Family', 'Fantasy']","['India', 'United States of America']",['English'],2016-06-01,2016.0,6.0
223702,Sausage Party,19000000.0,140705322.0,83.0,17.56963,5.6,2310.0,en,"['Adventure', 'Animation', 'Comedy', 'Fantasy']","['Canada', 'United States of America']",['English'],2016-07-11,2016.0,7.0
334533,Captain Fantastic,5000000.0,5879736.0,119.0,16.519276,7.9,1569.0,en,"['Adventure', 'Comedy', 'Drama', 'Romance']",['United States of America'],"['Esperanto', 'English']",2016-07-02,2016.0,7.0
374475,Toni Erdmann,3537415.0,1390172.0,162.0,9.117054,7.3,270.0,de,"['Comedy', 'Drama']","['Austria', 'Germany']","['English', 'Deutsch', 'Română']",2016-07-14,2016.0,7.0
337154,The Meddler,3200000.0,4267218.0,100.0,5.510288,6.0,89.0,en,"['Comedy', 'Drama']",['United States of America'],['English'],2016-04-05,2016.0,4.0
188183,Finding Mr. Right,4881000.0,81350000.0,123.0,2.32186,6.3,42.0,zh,"['Comedy', 'Romance']",['China'],['普通话'],2013-03-20,2013.0,3.0
291805,Now You See Me 2,90000000.0,334901337.0,129.0,39.540653,6.7,3362.0,en,"['Action', 'Adventure', 'Comedy', 'Crime', 'Mystery', 'Thriller']","['Canada', 'China', 'United Kingdom', 'United States of America']","['普通话', 'English']",2016-06-02,2016.0,6.0
339397,Café Society,30000000.0,43763247.0,96.0,9.2467,6.4,826.0,en,"['Comedy', 'Drama', 'Romance']",['United States of America'],['English'],2016-05-11,2016.0,5.0
347031,Swiss Army Man,3000000.0,4210454.0,97.0,9.196678,6.8,839.0,en,"['Comedy', 'Drama', 'Romance', 'Fantasy', 'Adventure']",['United States of America'],['English'],2016-06-24,2016.0,6.0
378348,A Violent Prosecutor,500.0,50.0,126.0,1.398756,7.6,25.0,ko,"['Crime', 'Comedy']",['South Korea'],['한국어/조선말'],2016-02-03,2016.0,2.0
374458,Graduation,2000000.0,343617.0,127.0,2.840429,6.7,54.0,ro,['Drama'],"['Romania', 'France', 'Belgium']",['Română'],2016-05-20,2016.0,5.0
308531,Teenage Mutant Ninja Turtles: Out of the Shadows,135000000.0,245623848.0,112.0,13.047776,5.8,984.0,en,"['Fantasy', 'Action', 'Adventure', 'Comedy']","['China', 'United States of America', 'Hong Kong']",['English'],2016-06-01,2016.0,6.0
257345,The Darkness,4000000.0,10898293.0,92.0,12.187189,4.5,162.0,en,"['Horror', 'Thriller']",['United States of America'],['English'],2016-05-13,2016.0,5.0
58522,Boris - Il film,3347850.0,1248748.0,108.0,2.906503,6.8,74.0,it,['Comedy'],['Italy'],['Italiano'],2011-04-01,2011.0,4.0
259693,The Conjuring 2,40000000.0,320170008.0,134.0,14.767317,7.0,2018.0,en,['Horror'],"['Canada', 'United States of America']",['English'],2016-05-13,2016.0,5.0
43074,Ghostbusters,144000000.0,229147509.0,116.0,17.162744,5.3,2203.0,en,"['Action', 'Fantasy', 'Comedy']",['United States of America'],['English'],2016-07-14,2016.0,7.0
302699,Central Intelligence,50000000.0,216972543.0,107.0,11.374041,6.2,1699.0,en,"['Action', 'Comedy']",['United States of America'],['English'],2016-06-15,2016.0,6.0
398535,Udta Punjab,5980000.0,14900000.0,149.0,4.195845,7.4,32.0,hi,"['Thriller', 'Crime', 'Drama']",['India'],"['हिन्दी', 'ਪੰਜਾਬੀ']",2016-06-17,2016.0,6.0
377213,Te3n,5069632.0,4817642.0,136.0,1.434237,6.8,23.0,hi,"['Mystery', 'Thriller', 'Drama']",['India'],"['বাংলা', 'हिन्दी']",2016-06-10,2016.0,6.0
324668,Jason Bourne,120000000.0,415484914.0,123.0,19.133256,5.9,2386.0,en,"['Action', 'Thriller']","['United Kingdom', 'United States of America', 'China']",['English'],2016-07-27,2016.0,7.0
393562,Raman Raghav 2.0,521873.0,1013926.0,127.0,1.668794,7.1,27.0,hi,"['Thriller', 'Crime']",['India'],['हिन्दी'],2016-06-24,2016.0,6.0
258489,The Legend of Tarzan,180000000.0,356743061.0,109.0,45.38298,5.5,2488.0,en,"['Action', 'Adventure']","['Canada', 'United Kingdom', 'United States of America']",['English'],2016-06-29,2016.0,6.0
316727,The Purge: Election Year,10000000.0,118587880.0,105.0,13.1789,6.1,1356.0,en,"['Action', 'Horror', 'Thriller']","['France', 'United States of America']",['English'],2016-06-29,2016.0,6.0
316023,Mike and Dave Need Wedding Dates,33000000.0,77068246.0,98.0,12.237571,5.9,901.0,en,['Comedy'],['United States of America'],['English'],2016-07-07,2016.0,7.0
278154,Ice Age: Collision Course,105000000.0,408579038.0,100.0,20.151037,5.6,1170.0,en,"['Adventure', 'Animation', 'Family', 'Comedy']",['United States of America'],['English'],2016-06-23,2016.0,6.0
345911,Lights Out,4900000.0,148868835.0,81.0,11.494907,6.3,1174.0,en,"['Horror', 'Thriller']",['United States of America'],['English'],2016-07-21,2016.0,7.0
294272,Pete's Dragon,65000000.0,143695338.0,102.0,12.189941,6.2,697.0,en,"['Adventure', 'Family', 'Fantasy']",['United States of America'],['English'],2016-08-10,2016.0,8.0
333386,The Duel,10000000.0,4500.0,110.0,5.927867,5.5,82.0,en,"['Western', 'Drama']",['United States of America'],['English'],2016-06-24,2016.0,6.0
328387,Nerve,19000000.0,85241496.0,96.0,14.9837,7.1,2262.0,en,"['Mystery', 'Adventure', 'Crime']",['United States of America'],['English'],2016-07-27,2016.0,7.0
363676,Sully,60000000.0,238470033.0,96.0,18.275689,7.0,2106.0,en,"['Drama', 'History']",['United States of America'],['English'],2016-09-07,2016.0,9.0
376812,Sultan,10400000.0,102000000.0,170.0,6.070606,7.0,71.0,hi,"['Drama', 'Action']",['India'],"['English', 'हिन्दी']",2016-07-06,2016.0,7.0
372297,Charlie,1900000.0,5900000.0,130.0,1.188662,7.4,10.0,ml,"['Drama', 'Romance']",['India'],"['हिन्दी', '']",2015-12-24,2015.0,12.0
15467,Kismat Konnection,4180000.0,11000000.0,153.0,1.506777,5.0,17.0,hi,"['Drama', 'Comedy', 'Romance', 'Foreign']",['India'],['हिन्दी'],2008-07-18,2008.0,7.0
325789,The Infiltrator,25000000.0,15436808.0,127.0,11.504398,6.6,592.0,en,"['Crime', 'Drama', 'Thriller']",['United Kingdom'],"['English', 'Español']",2016-07-13,2016.0,7.0
308266,War Dogs,40000000.0,86234523.0,114.0,16.453573,6.8,1392.0,en,"['Comedy', 'Crime', 'Drama']","['Cambodia', 'United States of America']","['shqip', 'العربية', 'English', 'Română']",2016-08-17,2016.0,8.0
351809,To Steal from a Thief,6700000.0,12118661.0,96.0,4.987123,6.1,103.0,es,"['Crime', 'Thriller']","['Argentina', 'France', 'Spain']",['Español'],2016-03-03,2016.0,3.0
382322,Batman: The Killing Joke,3500000.0,3775000.0,72.0,6.488277,6.2,485.0,en,"['Action', 'Animation', 'Crime', 'Drama']",['United States of America'],['English'],2016-07-21,2016.0,7.0
173689,Lights of New York,75000.0,1200000.0,57.0,0.251353,5.7,3.0,en,"['Crime', 'Drama']",['United States of America'],['English'],1928-07-18,1928.0,7.0
376659,Bad Moms,20000000.0,183936074.0,100.0,9.362056,6.3,1287.0,en,['Comedy'],['United States of America'],"['Pусский', 'English']",2016-07-28,2016.0,7.0
338766,Hell or High Water,12000000.0,37589296.0,102.0,12.565896,7.2,1304.0,en,"['Crime', 'Drama', 'Thriller', 'Western']",['United States of America'],['English'],2016-08-12,2016.0,8.0
300669,Don't Breathe,9900000.0,157100845.0,88.0,25.869883,6.7,1830.0,en,"['Crime', 'Horror', 'Thriller']",['United States of America'],"['English', 'Український']",2016-08-25,2016.0,8.0
403119,47 Meters Down,5500000.0,44235023.0,89.0,52.854103,5.1,548.0,en,"['Drama', 'Thriller', 'Horror', 'Adventure']",['United Kingdom'],['English'],2017-06-15,2017.0,6.0
391995,Hillary's America: The Secret History of the Democratic Party,5000000.0,13000000.0,107.0,1.628629,6.6,28.0,en,"['History', 'Documentary']",[],['English'],2016-07-01,2016.0,7.0
47034,The Cherry Orchard,5.0,135.0,141.0,0.00188,0.0,0.0,en,"['Drama', 'Comedy', 'Foreign']","['Greece', 'Cyprus', 'France']","['English', 'Français']",1999-01-01,1999.0,1.0
368940,Robinson Crusoe,13500000.0,3342697.0,90.0,8.969705,5.8,85.0,de,"['Adventure', 'Animation', 'Comedy', 'Family']","['Belgium', 'France']","['English', 'Français', 'Deutsch', 'ภาษาไทย']",2016-02-04,2016.0,2.0
376660,The Edge of Seventeen,9000000.0,18803648.0,104.0,9.51953,7.3,952.0,en,"['Comedy', 'Drama']",['United States of America'],['English'],2016-11-18,2016.0,11.0
351339,Anthropoid,9000000.0,4600000.0,120.0,8.475983,6.9,251.0,en,"['History', 'Thriller', 'War']","['Czech Republic', 'France', 'United Kingdom']","['Český', 'Deutsch', 'English']",2016-08-12,2016.0,8.0
337674,Elle,9804690.0,2341534.0,130.0,8.226065,6.6,498.0,fr,"['Drama', 'Thriller']","['Belgium', 'France', 'Germany']",['Français'],2016-05-25,2016.0,5.0
105506,Grandmaster,120000.0,130000.0,130.0,0.485424,6.1,10.0,ml,"['Mystery', 'Thriller']",['India'],[''],2012-05-03,2012.0,5.0
396535,Train to Busan,8820000.0,2129768.0,118.0,22.685169,7.7,984.0,ko,"['Action', 'Horror', 'Thriller']",['South Korea'],['한국어/조선말'],2016-07-20,2016.0,7.0
368031,Friend Request,9900000.0,2400000.0,92.0,14.282584,5.3,376.0,en,"['Horror', 'Thriller']","['Germany', 'South Africa']",['English'],2016-01-07,2016.0,1.0
278924,Mechanic: Resurrection,40000000.0,125729635.0,99.0,14.288577,5.3,1236.0,en,"['Action', 'Crime', 'Thriller']","['Thailand', 'France', 'United States of America']","['български език', 'English']",2016-08-25,2016.0,8.0
333484,The Magnificent Seven,90000000.0,162360636.0,132.0,13.809622,5.9,2358.0,en,"['Adventure', 'Action', 'Western']",['United States of America'],['English'],2016-09-14,2016.0,9.0
32147,Starchaser: The Legend of Orin,15000000.0,3360800.0,107.0,0.732814,6.8,11.0,en,"['Adventure', 'Animation', 'Family', 'Science Fiction']","['South Korea', 'United States of America']",['English'],1985-01-01,1985.0,1.0
270774,Skiptrace,32000000.0,58500000.0,107.0,10.912208,5.5,181.0,en,"['Action', 'Comedy']","['China', 'Hong Kong', 'United States of America']","['English', '普通话']",2016-07-21,2016.0,7.0
376867,Moonlight,4000000.0,65046687.0,111.0,14.171675,7.3,1831.0,en,['Drama'],['United States of America'],['English'],2016-10-21,2016.0,10.0
271706,Big Fish & Begonia,4531653.0,84552250.0,100.0,2.238595,6.3,12.0,zh,"['Romance', 'Animation', 'Adventure', 'Fantasy']",['China'],['普通话'],2016-07-08,2016.0,7.0
348668,A Conspiracy of Faith,5210000.0,5900000.0,112.0,6.859858,6.8,110.0,da,"['Crime', 'Drama', 'Mystery', 'Thriller']",['Denmark'],['Dansk'],2016-03-03,2016.0,3.0
213681,Masterminds,25000000.0,29200000.0,94.0,9.434588,5.6,600.0,en,"['Action', 'Comedy', 'Crime']","['United States of America', 'Puerto Rico']","['English', 'Español']",2016-09-29,2016.0,9.0
393841,Pelli Choopulu,200000.0,5500000.0,124.0,0.902294,7.8,4.0,te,"['Romance', 'Comedy']",['India'],['తెలుగు'],2016-07-29,2016.0,7.0
313297,Kubo and the Two Strings,60000000.0,69929545.0,102.0,12.321832,7.7,982.0,en,"['Animation', 'Adventure', 'Family']",['United States of America'],['English'],2016-08-18,2016.0,8.0
95610,Bridget Jones's Baby,35000000.0,211952420.0,123.0,10.754139,6.3,972.0,en,['Comedy'],"['France', 'Ireland', 'United Kingdom', 'United States of America']",['English'],2016-09-14,2016.0,9.0
283552,The Light Between Oceans,20000000.0,25956113.0,133.0,8.483245,6.9,403.0,en,['Drama'],['New Zealand'],['English'],2016-09-02,2016.0,9.0
377264,Morgan,8000000.0,8810591.0,92.0,12.521071,5.7,436.0,en,"['Horror', 'Science Fiction', 'Thriller']",['United States of America'],"['广州话 / 廣州話', 'English']",2016-09-01,2016.0,9.0
317557,Queen of Katwe,15000000.0,10367161.0,124.0,6.164561,7.1,103.0,en,['Drama'],"['United States of America', 'South Africa']",['English'],2016-09-23,2016.0,9.0
296524,Deepwater Horizon,110000000.0,121790373.0,107.0,13.1984,6.5,1478.0,en,"['Drama', 'Action']","['Hong Kong', 'United States of America']",['English'],2016-09-29,2016.0,9.0
283366,Miss Peregrine's Home for Peculiar Children,110000000.0,296485719.0,127.0,36.262655,6.5,3213.0,en,"['Drama', 'Fantasy', 'Adventure']","['Belgium', 'United Kingdom', 'United States of America']",['English'],2016-09-28,2016.0,9.0
346685,The Girl on the Train,45000000.0,173185859.0,112.0,10.217291,6.2,1837.0,en,"['Crime', 'Drama', 'Mystery', 'Romance', 'Thriller']",['United States of America'],"['Español', 'English']",2016-10-05,2016.0,10.0
369883,Middle School: The Worst Years of My Life,8500000.0,19985196.0,92.0,10.222143,6.9,70.0,en,"['Family', 'Comedy']",['United States of America'],"['Português', 'English', 'Magyar']",2016-10-07,2016.0,10.0
302946,The Accountant,44000000.0,155160045.0,128.0,13.465656,6.9,2121.0,en,"['Crime', 'Thriller', 'Drama']",['United States of America'],['English'],2016-10-14,2016.0,10.0
347126,God's Not Dead 2,5000000.0,23507567.0,121.0,5.957998,5.6,73.0,en,['Drama'],['United States of America'],['English'],2016-04-01,2016.0,4.0
366080,Kabali,18700000.0,74000000.0,150.0,2.017961,5.9,21.0,ta,"['Action', 'Crime', 'Drama']","['Malaysia', 'India']","['हिन्दी', 'தமிழ்', 'తెలుగు']",2016-07-22,2016.0,7.0
402672,Mohenjo Daro,15050000.0,16180000.0,155.0,1.423358,6.7,26.0,hi,"['Adventure', 'Drama', 'History', 'Romance']",['India'],['हिन्दी'],2016-08-11,2016.0,8.0
368942,A Quiet Passion,8138338.0,1864266.0,125.0,3.55933,7.5,26.0,en,['Drama'],"['Belgium', 'United States of America', 'United Kingdom']",['English'],2016-10-07,2016.0,10.0
2324,Local Color,3250000.0,32788.0,107.0,1.393391,6.1,8.0,en,['Drama'],['United States of America'],['English'],2006-09-19,2006.0,9.0
33714,I'm Staying,1000000.0,404785.0,112.0,0.594488,5.8,6.0,ru,"['Comedy', 'Drama', 'Fantasy']",['Russia'],['Pусский'],2007-04-19,2007.0,4.0
315011,Shin Godzilla,15000000.0,77000000.0,120.0,9.285519,6.6,152.0,ja,"['Action', 'Adventure', 'Drama', 'Horror', 'Science Fiction']",['Japan'],"['Italiano', 'Deutsch', 'English', '日本語']",2016-07-29,2016.0,7.0
110669,Wabash Avenue,2115000.0,2039000.0,92.0,0.109913,7.0,1.0,en,['Music'],['United States of America'],['English'],1950-03-31,1950.0,3.0
377273,Aquarius,762241.0,285930.0,140.0,4.860265,7.5,97.0,pt,['Drama'],"['Brazil', 'France']",['Português'],2016-09-01,2016.0,9.0
36046,The Work and the Glory,7500000.0,3347647.0,110.0,0.52757,6.1,7.0,en,"['Drama', 'Romance']",[],['English'],2004-11-24,2004.0,11.0
14631,The Work and the Glory II: American Zion,6500000.0,2025032.0,100.0,0.797014,8.0,6.0,en,['Drama'],['United States of America'],['English'],2005-10-21,2005.0,10.0
32523,The Work and the Glory III: A House Divided,6500000.0,1325092.0,89.0,0.752508,7.5,2.0,en,['Drama'],['United States of America'],['English'],2006-11-22,2006.0,11.0
48382,"The Book of Mormon Movie, Volume 1: The Journey",2000000.0,1672730.0,120.0,0.079856,5.0,2.0,en,[],[],[],2003-09-12,2003.0,9.0
324786,Hacksaw Ridge,40000000.0,175302354.0,140.0,21.037699,7.8,3294.0,en,"['Drama', 'History', 'War']","['Australia', 'United States of America']","['日本語', 'English']",2016-10-07,2016.0,10.0
293767,Billy Lynn's Long Halftime Walk,40000000.0,30930984.0,113.0,8.009568,5.9,158.0,en,"['Drama', 'War']","['China', 'United Kingdom', 'United States of America']",['English'],2016-11-10,2016.0,11.0
351211,Blair Witch,5000000.0,45172994.0,90.0,11.901343,4.9,590.0,en,"['Thriller', 'Horror']","['Canada', 'United States of America']",['English'],2016-09-15,2016.0,9.0
325346,The Hollars,3800000.0,1016985.0,105.0,5.723985,6.4,81.0,en,"['Comedy', 'Drama']",['United States of America'],['English'],2016-08-25,2016.0,8.0
339419,Loving,9000000.0,8996802.0,123.0,7.977391,6.5,275.0,en,"['Drama', 'Romance']","['United Kingdom', 'United States of America']",['English'],2016-11-04,2016.0,11.0
284564,31,1500000.0,779820.0,102.0,6.636625,4.9,193.0,en,"['Horror', 'Thriller']","['United Kingdom', 'United States of America']","['Deutsch', 'English', 'Español']",2016-09-15,2016.0,9.0
376166,From the Land of the Moon,10300000.0,47748.0,120.0,6.165491,6.7,63.0,fr,"['Drama', 'Romance']","['Canada', 'France', 'Belgium']","['Français', 'Deutsch', 'Español']",2016-10-19,2016.0,10.0
258230,A Monster Calls,43000000.0,46652768.0,108.0,24.483893,6.8,1023.0,en,"['Drama', 'Fantasy']","['Spain', 'United States of America']",['English'],2016-10-07,2016.0,10.0
329865,Arrival,47000000.0,203388186.0,113.0,30.83786,7.2,5729.0,en,"['Thriller', 'Drama', 'Science Fiction', 'Mystery']",['United States of America'],"['普通话', 'English', 'Pусский']",2016-11-10,2016.0,11.0
332210,Storks,70000000.0,182379278.0,87.0,12.687521,6.7,706.0,en,"['Adventure', 'Animation', 'Comedy', 'Family']",['United States of America'],['English'],2016-09-22,2016.0,9.0
377447,Railroad Tigers,50000000.0,102205175.0,124.0,3.798504,6.2,22.0,zh,"['Action', 'Comedy', 'War']",['China'],"['日本語', 'English', '普通话']",2016-12-23,2016.0,12.0
393559,My Life as a Zucchini,8000000.0,292279.0,66.0,7.321152,7.7,215.0,fr,"['Animation', 'Drama', 'Family']","['Switzerland', 'France']",['Français'],2016-10-12,2016.0,10.0
387845,Musudan,500.0,500.0,87.0,0.460016,5.5,3.0,ko,"['Mystery', 'Thriller']",['South Korea'],['한국어/조선말'],2016-03-03,2016.0,3.0
376565,The Duelist,12823507.0,6101904.0,110.0,2.981184,6.0,20.0,ru,"['Action', 'Drama']",['Russia'],['Pусский'],2016-09-29,2016.0,9.0
313369,La La Land,30000000.0,445435700.0,128.0,19.681686,7.9,4745.0,en,"['Comedy', 'Drama', 'Music', 'Romance']",['United States of America'],['English'],2016-11-29,2016.0,11.0
369885,Allied,85000000.0,119520023.0,124.0,13.085186,6.6,1415.0,en,"['Action', 'Drama', 'War', 'Romance', 'Thriller']","['United Kingdom', 'United States of America']","['العربية', 'English', 'Français', 'Deutsch']",2016-11-17,2016.0,11.0
207932,Inferno,75000000.0,220021259.0,121.0,18.311054,5.7,2316.0,en,['Thriller'],"['Hungary', 'United States of America']",['English'],2016-10-13,2016.0,10.0
331313,Keeping Up with the Joneses,40000000.0,29918745.0,105.0,9.48515,5.9,608.0,en,"['Action', 'Comedy']",['United States of America'],"['עִבְרִית', 'English']",2016-10-20,2016.0,10.0
335796,Ouija: Origin of Evil,9000000.0,81705746.0,99.0,10.182974,5.8,735.0,en,"['Horror', 'Thriller']",['United States of America'],['English'],2016-10-20,2016.0,10.0
136799,Trolls,125000000.0,346864462.0,92.0,16.83711,6.7,1054.0,en,"['Adventure', 'Animation', 'Family']",['United States of America'],['English'],2016-10-13,2016.0,10.0
286567,Max Steel,10000000.0,6272403.0,92.0,6.703892,5.1,234.0,en,"['Action', 'Adventure', 'Science Fiction']","['United Kingdom', 'United States of America']",['English'],2016-10-14,2016.0,10.0
402298,Denial,10000000.0,4073489.0,109.0,10.754997,6.5,161.0,en,"['Drama', 'History']","['United Kingdom', 'United States of America']",['English'],2016-09-30,2016.0,9.0
343611,Jack Reacher: Never Go Back,60000000.0,162146076.0,118.0,15.60562,5.3,1843.0,en,['Action'],"['China', 'United States of America']",['English'],2016-10-19,2016.0,10.0
334541,Manchester by the Sea,9000000.0,75026965.0,135.0,12.821257,7.5,1553.0,en,['Drama'],['United States of America'],['English'],2016-11-18,2016.0,11.0
334543,Lion,12000000.0,140302754.0,118.0,17.085145,8.0,1699.0,en,['Drama'],"['Australia', 'United Kingdom', 'United States of America']","['বাংলা', 'English', 'हिन्दी']",2016-11-24,2016.0,11.0
338964,Bad Santa 2,26000000.0,17782178.0,87.0,7.459161,5.0,216.0,en,"['Comedy', 'Crime', 'Drama']",['United States of America'],['English'],2016-11-23,2016.0,11.0
340402,Almost Christmas,17000000.0,42487325.0,111.0,7.288877,5.4,195.0,en,"['Comedy', 'Drama']",['United States of America'],['English'],2016-11-11,2016.0,11.0
361777,Smoke & Mirrors,5000000.0,2387127.0,123.0,3.138159,6.7,50.0,es,"['History', 'Thriller']",['Spain'],"['English', 'Français', 'Español']",2016-09-23,2016.0,9.0
345920,Collateral Beauty,36000000.0,87416021.0,97.0,14.575883,6.9,1553.0,en,"['Drama', 'Romance']",['United States of America'],['English'],2016-12-06,2016.0,12.0
33065,Alesha Popovich and Tugarin the Dragon,4000000.0,1730000.0,72.0,1.760091,6.1,20.0,ru,"['Animation', 'Comedy', 'Drama']",['Russia'],['Pусский'],2004-12-23,2004.0,12.0
33534,Nikitich and The Dragon,4500000.0,3468423.0,65.0,1.833185,6.4,14.0,ru,"['Adventure', 'Animation', 'Comedy', 'Drama', 'Fantasy']",['Russia'],['Pусский'],2006-03-16,2006.0,3.0
392142,Max & Leon,12156348.0,7900000.0,98.0,5.662109,6.7,202.0,fr,"['War', 'Comedy']","['Belgium', 'France']",['Français'],2016-11-01,2016.0,11.0
347026,A United Kingdom,14000000.0,13819139.0,111.0,6.249112,6.5,84.0,en,"['Drama', 'History']",['United Kingdom'],['English'],2016-11-25,2016.0,11.0
329981,Shut In,10000000.0,13082071.0,91.0,6.944457,4.8,162.0,en,"['Drama', 'Thriller']","['Canada', 'France']",['English'],2016-11-11,2016.0,11.0
299641,Jimmy Vestvood: Amerikan Hero,2500000.0,230069.0,84.0,1.216497,5.4,14.0,en,['Comedy'],['United States of America'],['English'],2016-03-13,2016.0,3.0
277834,Moana,150000000.0,643034466.0,107.0,9.143457,7.3,3471.0,en,"['Adventure', 'Animation', 'Family']",['United States of America'],['English'],2016-11-23,2016.0,11.0
376866,Jackie,9000000.0,13960394.0,100.0,8.362716,6.5,737.0,en,['Drama'],"['Chile', 'France', 'United States of America']","['English', 'Español']",2016-12-02,2016.0,12.0
384682,Office Christmas Party,45000000.0,114501299.0,105.0,8.228918,5.4,541.0,en,['Comedy'],['United States of America'],['English'],2016-11-25,2016.0,11.0
363093,The Tiger: An Old Hunter's Tale,5000.0,11083449.0,139.0,3.447894,7.5,17.0,ko,"['Action', 'Adventure', 'History', 'Thriller']",['South Korea'],"['日本語', '한국어/조선말']",2015-12-16,2015.0,12.0
44010,Logan,135000.0,10474.0,94.0,0.588872,5.3,2.0,en,"['Comedy', 'Drama', 'Family']",['United States of America'],['English'],2010-09-10,2010.0,9.0
365942,The Space Between Us,30000000.0,14793385.0,121.0,11.824404,7.2,564.0,en,"['Romance', 'Adventure', 'Science Fiction', 'Drama']",['United States of America'],['English'],2017-01-26,2017.0,1.0
330459,Rogue One: A Star Wars Story,200000000.0,1056057273.0,133.0,36.567575,7.4,5111.0,en,"['Action', 'Adventure', 'Science Fiction']",['United States of America'],['English'],2016-12-14,2016.0,12.0
259695,Live by Night,108000000.0,22678555.0,129.0,19.94393,6.2,416.0,en,"['Crime', 'Drama']",['United States of America'],"['English', 'Español']",2016-12-25,2016.0,12.0
381288,Split,9000000.0,276921998.0,117.0,28.920839,7.0,4461.0,en,"['Horror', 'Thriller']",['United States of America'],['English'],2016-11-15,2016.0,11.0
346672,Underworld: Blood Wars,35000000.0,81093313.0,91.0,20.02976,5.2,1619.0,en,"['Action', 'Fantasy', 'Horror']",['United States of America'],"['English', '', 'ภาษาไทย', 'Український']",2016-11-28,2016.0,11.0
376290,Miss Sloane,13000000.0,3500605.0,132.0,14.017754,7.2,317.0,en,"['Drama', 'Thriller']","['France', 'United States of America']",['English'],2016-11-25,2016.0,11.0
291328,Rules Don't Apply,25000000.0,3885342.0,127.0,8.167673,5.9,103.0,en,"['Comedy', 'Drama', 'Romance']",['United States of America'],['English'],2016-11-23,2016.0,11.0
121173,Voracious,11178.0,34659.0,104.0,0.079287,8.0,1.0,en,"['Comedy', 'Drama']",['Philippines'],[''],2012-09-05,2012.0,9.0
422603,Aanandam,450000.0,2300000.0,134.0,0.354748,6.4,7.0,ml,"['Adventure', 'Comedy', 'Romance']",['India'],"['English', '']",2016-10-21,2016.0,10.0
381374,Action Hero Biju,300000.0,2500000.0,144.0,0.350207,7.7,6.0,ml,"['Action', 'Comedy', 'Crime']",['India'],[''],2016-02-04,2016.0,2.0
274870,Passengers,110000000.0,303144152.0,116.0,20.303632,6.7,4134.0,en,"['Adventure', 'Drama', 'Romance', 'Science Fiction']",['United States of America'],['English'],2016-12-21,2016.0,12.0
381284,Hidden Figures,25000000.0,230698791.0,127.0,16.816834,7.8,2178.0,en,['Drama'],['United States of America'],['English'],2016-12-10,2016.0,12.0
393457,Fences,24000000.0,64414761.0,139.0,11.599716,6.7,750.0,en,['Drama'],['United States of America'],['English'],2016-12-16,2016.0,12.0
332979,Bleed for This,6000000.0,6174491.0,116.0,7.873407,6.7,192.0,en,['Drama'],['United States of America'],"['English', 'Français']",2016-11-04,2016.0,11.0
52939,Tri bogatyrya i Shamakhanskaya tsaritsa,3000000.0,19010585.0,73.0,1.412333,5.6,15.0,ru,"['Animation', 'Family', 'Comedy', 'Adventure']",['Russia'],['Pусский'],2010-12-29,2010.0,12.0
342737,20th Century Women,7000000.0,5816211.0,119.0,9.855927,7.3,213.0,en,['Drama'],['United States of America'],"['English', 'Español']",2016-12-25,2016.0,12.0
311324,The Great Wall,150000000.0,331957105.0,103.0,15.884744,5.8,1465.0,en,"['Action', 'Adventure', 'Fantasy']","['Australia', 'Canada', 'China', 'Hong Kong', 'United States of America']","['English', '普通话', 'Español']",2016-12-16,2016.0,12.0
310307,The Founder,25000000.0,23964782.0,115.0,17.523343,7.0,855.0,en,"['Drama', 'History']",['United States of America'],['English'],2016-11-24,2016.0,11.0
356305,Why Him?,38000000.0,118034273.0,111.0,14.531429,6.3,1203.0,en,['Comedy'],['United States of America'],['English'],2016-12-22,2016.0,12.0
335797,Sing,75000000.0,632443719.0,108.0,20.045673,6.8,2363.0,en,"['Animation', 'Comedy', 'Drama', 'Family', 'Music']",['United States of America'],['English'],2016-11-23,2016.0,11.0
413543,Dear Zindagi,4300000.0,3376375.0,149.0,3.699552,6.9,46.0,hi,"['Drama', 'Romance']",['India'],['हिन्दी'],2016-11-24,2016.0,11.0
121856,Assassin's Creed,125000000.0,240697856.0,115.0,27.54107,5.4,2776.0,en,"['Action', 'Adventure', 'Science Fiction']","['France', 'Hong Kong', 'Malta', 'Taiwan', 'United Kingdom', 'United States of America']","['English', 'Português', 'Español']",2016-12-21,2016.0,12.0
381289,A Dog's Purpose,22000000.0,194647323.0,100.0,9.863789,6.6,657.0,en,"['Comedy', 'Drama', 'Family', 'Fantasy']",['United States of America'],['English'],2017-01-19,2017.0,1.0
360814,Dangal,10400000.0,310000000.0,161.0,8.792104,8.0,140.0,hi,['Drama'],['India'],['हिन्दी'],2016-12-23,2016.0,12.0
167449,The Guillotines,15000000.0,5290.0,113.0,2.080781,5.4,27.0,cn,"['Action', 'History', 'Adventure', 'Drama']","['China', 'Hong Kong']",['广州话 / 廣州話'],2012-12-20,2012.0,12.0
195590,Collide,21500000.0,4811525.0,98.0,31.314013,5.5,164.0,en,"['Thriller', 'Action']","['China', 'Germany', 'United Kingdom']","['Deutsch', 'English']",2016-08-04,2016.0,8.0
388399,Patriots Day,45000000.0,50548152.0,133.0,14.547939,6.8,631.0,en,"['Crime', 'Drama', 'Thriller']","['Hong Kong', 'United States of America']","['العربية', 'English', '普通话']",2016-12-12,2016.0,12.0
334524,Gold,20000000.0,7227038.0,120.0,16.01076,6.6,403.0,en,"['Thriller', 'Adventure', 'Drama']",['United States of America'],"['English', 'Bahasa indonesia']",2016-12-22,2016.0,12.0
342473,Ballerina,30000000.0,2351359.0,89.0,16.53732,7.1,415.0,en,"['Animation', 'Family', 'Adventure', 'Comedy']","['Canada', 'France']",['English'],2016-12-14,2016.0,12.0
262841,Monster Trucks,125000000.0,64493915.0,105.0,14.801195,6.0,209.0,en,"['Action', 'Comedy', 'Science Fiction']",['United States of America'],['English'],2016-12-21,2016.0,12.0
324542,Sleepless,30000000.0,32540674.0,95.0,12.240817,5.8,345.0,en,"['Action', 'Crime', 'Thriller']",['United States of America'],['English'],2017-01-12,2017.0,1.0
340837,A Cure for Wellness,40000000.0,26559557.0,146.0,13.28436,6.0,939.0,en,"['Mystery', 'Thriller', 'Horror', 'Science Fiction']","['Germany', 'United States of America']","['English', 'Deutsch']",2017-02-15,2017.0,2.0
370964,He's a Dragon,18000000.0,1776333.0,110.0,5.978316,6.6,38.0,ru,"['Adventure', 'Fantasy', 'Romance']",['Russia'],['Pусский'],2015-12-04,2015.0,12.0
404378,A Street Cat Named Bob,8000000.0,82703.0,103.0,9.609879,7.5,195.0,en,"['Drama', 'Family', 'Comedy']",['United Kingdom'],['English'],2016-11-04,2016.0,11.0
47971,xXx: Return of Xander Cage,85000000.0,346147658.0,107.0,17.918269,5.5,1497.0,en,"['Action', 'Adventure', 'Crime']",['United States of America'],['English'],2017-01-13,2017.0,1.0
292280,The Bye Bye Man,7400000.0,26667197.0,96.0,19.225832,5.1,262.0,en,"['Horror', 'Thriller']",['United States of America'],['English'],2017-01-12,2017.0,1.0
324849,The Lego Batman Movie,80000000.0,311950384.0,104.0,17.070748,7.2,1473.0,en,"['Action', 'Animation', 'Comedy', 'Family', 'Fantasy']","['Denmark', 'United States of America']",['English'],2017-02-08,2017.0,2.0
335791,When the Bough Breaks,10000000.0,30658387.0,97.0,17.046052,5.3,93.0,en,"['Mystery', 'Drama', 'Horror']",['United States of America'],['English'],2016-09-09,2016.0,9.0
383785,Kung Fu Yoga,65000000.0,254212245.0,130.0,17.630487,5.9,50.0,zh,"['Mystery', 'Action', 'Adventure', 'Comedy']","['India', 'China']","['English', 'हिन्दी', '普通话', 'ภาษาไทย']",2017-01-27,2017.0,1.0
409502,I'm Not Ashamed,1500000.0,2000000.0,112.0,2.254096,7.0,27.0,en,['Drama'],['United States of America'],['English'],2016-10-21,2016.0,10.0
396616,The King's Choice,7500000.0,9100000.0,133.0,1.176258,6.6,14.0,no,"['War', 'Action', 'Drama']",['Norway'],['Norsk'],2016-09-29,2016.0,9.0
14564,Rings,25000000.0,83080890.0,102.0,24.535733,4.8,1075.0,en,['Horror'],['United States of America'],['English'],2017-02-01,2017.0,2.0
63996,Vipers Nest,3500000.0,18000000.0,105.0,1.426776,5.2,20.0,nl,['Drama'],"['Netherlands', 'France']",['Nederlands'],2011-03-10,2011.0,3.0
393519,Raw,3500000.0,4100000.0,99.0,14.320893,7.0,451.0,fr,"['Drama', 'Horror']","['Belgium', 'France']",['Français'],2016-10-07,2016.0,10.0
324552,John Wick: Chapter 2,40000000.0,171539887.0,122.0,49.247505,6.7,2924.0,en,"['Thriller', 'Action', 'Crime']",['United States of America'],"['English', 'Italiano']",2017-02-08,2017.0,2.0
419430,Get Out,5000000.0,252434250.0,104.0,36.894806,7.2,2978.0,en,"['Mystery', 'Thriller', 'Horror']",['United States of America'],['English'],2017-02-24,2017.0,2.0
263115,Logan,97000000.0,616801808.0,137.0,54.581997,7.6,6310.0,en,"['Action', 'Drama', 'Science Fiction']",['United States of America'],"['English', 'Español']",2017-02-28,2017.0,2.0
293167,Kong: Skull Island,185000000.0,566652812.0,118.0,29.429112,6.2,3161.0,en,"['Action', 'Adventure', 'Fantasy']",['United States of America'],['English'],2017-03-08,2017.0,3.0
180863,T2 Trainspotting,18000000.0,41412709.0,117.0,17.645877,7.1,795.0,en,"['Crime', 'Drama']",['United Kingdom'],"['български език', 'English']",2017-01-27,2017.0,1.0
397837,Before I Fall,5000000.0,10025571.0,98.0,38.995136,6.8,651.0,en,"['Mystery', 'Drama', 'Thriller']",['United States of America'],['English'],2017-03-02,2017.0,3.0
274857,King Arthur: Legend of the Sword,175000000.0,146175066.0,126.0,44.251369,6.5,1506.0,en,"['Action', 'Drama', 'Fantasy']",['United States of America'],"['English', 'ภาษาไทย']",2017-04-27,2017.0,4.0
241258,Incarnate,5000000.0,6341855.0,91.0,15.909181,5.1,142.0,en,"['Horror', 'Thriller']",['United States of America'],['English'],2016-12-01,2016.0,12.0
321612,Beauty and the Beast,160000000.0,1262886337.0,129.0,287.253654,6.8,5530.0,en,"['Family', 'Fantasy', 'Romance']","['United Kingdom', 'United States of America']",['English'],2017-03-16,2017.0,3.0
295693,The Boss Baby,125000000.0,498814908.0,97.0,13.392824,6.1,2336.0,en,"['Animation', 'Comedy', 'Family']",['United States of America'],['English'],2017-03-23,2017.0,3.0
173897,Resident Evil: The Final Chapter,40000000.0,312242626.0,107.0,0.75571,5.9,1139.0,en,"['Action', 'Horror', 'Science Fiction']","['France', 'Australia', 'Canada', 'Germany']",['English'],2016-12-23,2016.0,12.0
428449,A Ghost Story,100000.0,15584255.0,92.0,24.339781,6.8,95.0,en,"['Drama', 'Fantasy', 'Romance']",['United States of America'],['English'],2017-07-07,2017.0,7.0
315837,Ghost in the Shell,110000000.0,169801921.0,107.0,68.726676,5.9,2547.0,en,"['Action', 'Science Fiction', 'Thriller']","['Australia', 'New Zealand', 'United States of America', 'United Kingdom', 'India', 'China', 'Canada', 'Japan', 'Hong Kong']","['日本語', 'English']",2017-03-29,2017.0,3.0
341174,Fifty Shades Darker,55000000.0,378827494.0,118.0,29.130443,6.0,2341.0,en,"['Drama', 'Romance']",['United States of America'],['English'],2017-02-08,2017.0,2.0
425942,Black Snow,4000000.0,1440000.0,90.0,10.067238,6.0,39.0,es,"['Mystery', 'Drama', 'Crime', 'Thriller']","['Spain', 'Argentina']",['Español'],2017-01-19,2017.0,1.0
330947,Song to Song,10000000.0,443684.0,129.0,12.928712,5.4,179.0,en,"['Drama', 'Music', 'Romance']",['United States of America'],['English'],2017-03-17,2017.0,3.0
358962,Queen of Spades: The Dark Rite,1000000.0,2228115.0,93.0,1.896218,5.3,10.0,ru,"['Thriller', 'Horror', 'Mystery']",['Russia'],['Pусский'],2015-09-10,2015.0,9.0
73981,Ayurveda: Art of Being,300000.0,2074000.0,101.0,0.113042,5.5,3.0,en,['Documentary'],"['India', 'Switzerland', 'Germany']","['English', 'हिन्दी']",2001-09-20,2001.0,9.0
340101,Their Finest,32745300.0,12173470.0,117.0,17.958512,7.1,64.0,en,"['Romance', 'War', 'Comedy', 'Drama']",['United Kingdom'],['English'],2017-04-06,2017.0,4.0
433356,The Ottoman Lieutenant,40000000.0,240978.0,111.0,13.256679,6.5,38.0,en,"['Romance', 'Drama', 'War']","['Turkey', 'United States of America']",['English'],2017-03-10,2017.0,3.0
340676,Personal Shopper,6000000.0,1305195.0,105.0,11.186981,5.8,239.0,fr,"['Drama', 'Mystery', 'Thriller']","['Germany', 'France']","['svenska', 'English', 'Français']",2016-10-19,2016.0,10.0
345938,The Shack,20000000.0,57330873.0,132.0,16.392712,6.9,330.0,en,"['Drama', 'Fantasy']",['United States of America'],['English'],2017-03-03,2017.0,3.0
395992,Life,58000000.0,100541806.0,103.0,36.263803,6.3,1959.0,en,"['Horror', 'Science Fiction', 'Thriller']",['United States of America'],"['广州话 / 廣州話', 'English', '日本語']",2017-03-22,2017.0,3.0
314095,The Lost City of Z,30000000.0,8574339.0,140.0,21.791111,6.1,598.0,en,"['Action', 'Adventure', 'Drama', 'History']","['United Kingdom', 'United States of America']","['English', 'Deutsch', 'Português', 'Español']",2016-10-15,2016.0,10.0
305470,Power Rangers,100000000.0,142337240.0,124.0,23.247298,6.3,1321.0,en,"['Action', 'Adventure', 'Science Fiction']","['United States of America', 'Canada']",['English'],2017-03-23,2017.0,3.0
126889,Alien: Covenant,97000000.0,232380243.0,122.0,72.884078,5.7,2677.0,en,"['Horror', 'Science Fiction', 'Thriller']","['Australia', 'Canada', 'New Zealand', 'United Kingdom', 'United States of America']",['English'],2017-05-09,2017.0,5.0
334521,Free Fire,10000000.0,3565109.0,90.0,10.403003,6.3,232.0,en,"['Action', 'Comedy', 'Crime', 'Thriller']","['France', 'United Kingdom']",['English'],2017-03-31,2017.0,3.0
417644,CHiPS,25000000.0,26800152.0,100.0,12.238061,6.2,277.0,en,"['Action', 'Comedy', 'Crime']",['United States of America'],"['Español', 'English']",2017-03-23,2017.0,3.0
353569,Table 19,5000000.0,3305592.0,87.0,8.645067,6.2,192.0,en,"['Comedy', 'Drama']","['United States of America', 'Finland']","['English', 'Pусский']",2017-01-20,2017.0,1.0
353070,Going in Style,25000000.0,84618541.0,96.0,15.157255,6.6,543.0,en,"['Crime', 'Comedy', 'Drama']",['United States of America'],['English'],2017-04-06,2017.0,4.0
329135,O Kadhal Kanmani,940000.0,5100000.0,138.0,0.739665,5.8,12.0,ta,"['Drama', 'Family', 'Romance']",['India'],"['தமிழ்', 'తెలుగు']",2015-04-17,2015.0,4.0
403390,Bitter Harvest,20000000.0,557241.0,103.0,3.573865,6.7,22.0,en,"['War', 'Drama', 'History', 'Romance']",['Canada'],['English'],2017-02-23,2017.0,2.0
54911,The Amazing Truth About Queen Raquela,400000.0,5255.0,80.0,0.038876,5.0,1.0,en,"['Documentary', 'Drama']",[],['English'],2008-03-07,2008.0,3.0
21778,RRRrrrr!!!,17820000.0,14054361.0,94.0,9.482248,6.2,228.0,fr,['Comedy'],['France'],['Français'],2004-01-28,2004.0,1.0
56372,Shadowboxing,3500000.0,8262833.0,126.0,0.768181,5.0,13.0,ru,['Action'],['Russia'],['Pусский'],2005-03-05,2005.0,3.0
137116,Smurfs: The Lost Village,60000000.0,197183546.0,89.0,16.972835,6.2,311.0,en,"['Adventure', 'Animation', 'Comedy', 'Family']",['United States of America'],"['العربية', 'English']",2017-03-23,2017.0,3.0
289222,The Zookeeper's Wife,20000000.0,13162475.0,126.0,13.655178,7.1,160.0,en,"['Drama', 'History']","['Czech Republic', 'United Kingdom', 'United States of America']",['English'],2017-03-31,2017.0,3.0
400928,Gifted,7000000.0,37461045.0,101.0,16.025911,7.7,549.0,en,['Drama'],['United States of America'],['English'],2017-04-12,2017.0,4.0
368006,24,10000000.0,15000000.0,164.0,1.264714,7.1,22.0,ta,"['Action', 'Science Fiction', 'Thriller']",['India'],['தமிழ்'],2016-05-05,2016.0,5.0
390051,Aftermath,10500000.0,3451.0,92.0,10.150041,5.8,162.0,en,"['Drama', 'Thriller']",['United States of America'],['English'],2017-04-06,2017.0,4.0
417830,Diary of a Wimpy Kid: The Long Haul,22000000.0,40120144.0,91.0,28.176992,6.1,48.0,en,"['Comedy', 'Family']",['United States of America'],['English'],2017-05-19,2017.0,5.0
440642,The Spacewalker,7075038.0,9868942.0,140.0,10.181,7.4,20.0,ru,"['Adventure', 'Drama', 'History']",['Russia'],['Pусский'],2017-04-12,2017.0,4.0
339846,Baywatch,69000000.0,177856751.0,116.0,35.637691,6.1,1829.0,en,"['Action', 'Comedy']",['United States of America'],['English'],2017-05-12,2017.0,5.0
418437,Unforgettable,12000000.0,17768012.0,100.0,10.159713,5.7,117.0,en,"['Drama', 'Thriller']",['United States of America'],['English'],2017-04-20,2017.0,4.0
373569,Snatched,42000000.0,60845711.0,90.0,11.214779,5.2,207.0,en,"['Action', 'Comedy']",['United States of America'],"['English', 'Português', 'Español']",2017-05-03,2017.0,5.0
282035,The Mummy,125000000.0,407778013.0,110.0,33.704935,5.4,2122.0,en,"['Thriller', 'Action', 'Adventure']",['United States of America'],"['العربية', 'English', 'ภาษาไทย']",2017-06-06,2017.0,6.0
337339,The Fate of the Furious,250000000.0,1238764765.0,136.0,48.573287,6.8,3803.0,en,"['Action', 'Crime', 'Thriller']",['United States of America'],['English'],2017-04-12,2017.0,4.0
268531,Captain Underpants: The First Epic Movie,38000000.0,110824373.0,89.0,88.561239,6.5,159.0,en,"['Action', 'Animation', 'Comedy', 'Family']",['United States of America'],"['Nederlands', 'English']",2017-06-01,2017.0,6.0
260514,Cars 3,175000000.0,350170057.0,109.0,19.148182,6.6,718.0,en,"['Family', 'Comedy', 'Animation', 'Adventure']",['United States of America'],['English'],2017-06-15,2017.0,6.0
382614,The Book of Henry,10000000.0,4219536.0,105.0,24.553725,7.6,84.0,en,"['Thriller', 'Drama', 'Crime']",['United States of America'],['English'],2017-06-16,2017.0,6.0
443319,Phoenix Forgotten,2800000.0,3600000.0,80.0,12.560942,5.7,52.0,en,"['Horror', 'Mystery', 'Science Fiction']",['United States of America'],['English'],2017-04-21,2017.0,4.0
333384,Lowriders,916000.0,2403885.0,99.0,4.612622,7.0,20.0,en,['Drama'],['United States of America'],['English'],2017-04-28,2017.0,4.0
30593,Heavy Traffic,950000.0,1500000.0,76.0,0.820911,6.6,18.0,en,"['Animation', 'Comedy', 'Drama']",['United States of America'],"['English', 'Italiano', '']",1973-08-08,1973.0,8.0
220002,Bizim Aile,65700.0,214600.0,88.0,0.96053,7.5,2.0,tr,"['Comedy', 'Family', 'Drama']",['Turkey'],['Türkçe'],1975-09-07,1975.0,9.0
38794,Tosun Pasha,64200.0,698200.0,94.0,0.91597,8.6,10.0,en,['Comedy'],['Turkey'],['Türkçe'],1976-01-01,1976.0,1.0
430263,"Have Fun, Vasya!",707503.0,4781454.0,90.0,1.681316,7.2,13.0,ru,['Comedy'],['Russia'],['Pусский'],2017-02-16,2017.0,2.0
347979,Horoscope for Good Luck,2800000.0,964206.0,95.0,0.502326,5.0,4.0,ru,"['Comedy', 'Romance']",['Russia'],['Pусский'],2015-07-16,2015.0,7.0
330878,"Kidnapping, Caucasian Style",3500000.0,179000.0,95.0,0.524653,1.7,6.0,ru,"['Romance', 'Comedy', 'Adventure']",['Russia'],['Pусский'],2014-08-21,2014.0,8.0
31059,Nasha Russia: Yaytsa sudby,2000000.0,22212223.0,85.0,0.995285,4.6,15.0,en,[],['Russia'],['Pусский'],2010-01-21,2010.0,1.0
57889,The Best Movie 3-DE,6500000.0,9816332.0,102.0,0.877477,3.0,8.0,ru,['Comedy'],['Russia'],['Pусский'],2011-01-19,2011.0,1.0
50530,The New Year's Rate Plan,3200000.0,3877492.0,86.0,0.314167,5.6,8.0,ru,"['Romance', 'Comedy']",['Russia'],['Pусский'],2008-12-04,2008.0,12.0
350312,Baahubali 2: The Conclusion,18000000.0,230000000.0,161.0,9.042261,6.7,161.0,te,"['Action', 'Adventure', 'History', 'War']",['India'],"['தமிழ்', 'తెలుగు']",2017-04-27,2017.0,4.0
54474,The Star,1300000.0,809000.0,97.0,0.321524,5.0,7.0,ru,"['War', 'Drama']",['Russia'],"['Deutsch', 'Pусский']",2002-05-06,2002.0,5.0
27046,The Irony of Fate. The Sequel,5000000.0,55635037.0,125.0,1.792402,4.7,24.0,ru,"['Comedy', 'Drama', 'Romance']",['Russia'],['Pусский'],2007-12-21,2007.0,12.0
14395,Kabhi Alvida Naa Kehna,7400000.0,17000000.0,193.0,2.37252,6.1,45.0,hi,"['Drama', 'Romance']",['India'],"['English', 'हिन्दी']",2006-08-11,2006.0,8.0
399019,The Beguiled,10500000.0,25442939.0,93.0,36.26051,5.8,279.0,en,"['Drama', 'Western']",['United States of America'],"['English', 'Français']",2017-06-23,2017.0,6.0
339403,Baby Driver,34000000.0,224511319.0,113.0,228.032744,7.2,2083.0,en,"['Action', 'Crime']","['United Kingdom', 'United States of America']",['English'],2017-06-28,2017.0,6.0
161244,Desmundo,3.0,3.0,101.0,0.26507,9.0,1.0,pt,"['Drama', 'Romance']",['Brazil'],['Português'],2002-11-08,2002.0,11.0
397422,Rough Night,20000000.0,45056771.0,101.0,24.317924,5.6,336.0,en,"['Drama', 'Comedy']",['United States of America'],['English'],2017-06-15,2017.0,6.0
395452,In the Forests of Siberia,3500000.0,1492523.0,105.0,1.333969,7.3,34.0,fr,"['Drama', 'Adventure']",['France'],"['English', 'Français', 'Pусский']",2016-06-15,2016.0,6.0
338517,The Dawns Here Are Quiet,3300000.0,5249225.0,120.0,4.445867,6.5,14.0,ru,"['Drama', 'War']",['Russia'],['Pусский'],2015-04-30,2015.0,4.0
55740,Waltzing Anna,1000000.0,11455.0,108.0,0.333017,7.0,1.0,en,"['Drama', 'Comedy']",[],[],2006-08-11,2006.0,8.0
20148,Cowboys & Angels,2000000.0,33700.0,89.0,1.188935,5.9,10.0,it,"['Comedy', 'Drama', 'Foreign']",['Ireland'],['English'],2003-05-14,2003.0,5.0
56525,Boj S Tenyu 2: Revansh,6000000.0,11171900.0,135.0,0.471086,5.6,5.0,ru,['Action'],['Russia'],['Pусский'],2007-10-18,2007.0,10.0
260522,Easy on the Eyes,2153912.0,4864560.0,83.0,0.334881,3.9,5.0,ru,"['Comedy', 'Science Fiction']",['Russia'],['Pусский'],2014-02-27,2014.0,2.0
250251,Lucky Island,2000000.0,4803665.0,82.0,0.536756,4.5,5.0,ru,"['Comedy', 'Adventure']",['Russia'],['Pусский'],2013-12-05,2013.0,12.0
62732,Lovey-Dovey 2,3000000.0,17850711.0,100.0,1.16103,3.9,9.0,ru,"['Comedy', 'Fantasy']",['Russia'],['Pусский'],2008-12-23,2008.0,12.0
36698,The Interceptor,7000000.0,1877122.0,90.0,1.08213,4.4,6.0,ru,"['Thriller', 'Science Fiction', 'Action']",['Russia'],['Pусский'],2009-10-08,2009.0,10.0
37656,Hooked on the Game,3500000.0,3704408.0,97.0,1.900502,6.0,13.0,ru,"['Action', 'Science Fiction']",['Russia'],['Pусский'],2009-11-26,2009.0,11.0
41978,High Security Vacation,5000000.0,17566040.0,115.0,0.824156,6.4,12.0,ru,"['Comedy', 'Action']",['Russia'],['Pусский'],2009-08-25,2009.0,8.0
324852,Despicable Me 3,80000000.0,1020063384.0,96.0,36.631519,6.2,2002.0,en,"['Action', 'Animation', 'Adventure', 'Family', 'Comedy']",['United States of America'],['English'],2017-06-15,2017.0,6.0
333667,Rock Dog,60000000.0,9420546.0,90.0,6.55207,5.8,47.0,en,"['Adventure', 'Animation', 'Comedy', 'Family', 'Music']","['China', 'United States of America']",['English'],2016-07-08,2016.0,7.0
29361,Antikiller D.K,2500000.0,2141028.0,91.0,0.928271,4.6,5.0,ru,"['Mystery', 'Action']",['Russia'],['Pусский'],2009-12-03,2009.0,12.0
102197,The Spy,6000000.0,4588176.0,99.0,1.822246,4.6,10.0,ru,"['Action', 'Thriller']",['Russia'],['Pусский'],2012-04-05,2012.0,4.0
375867,Paris Can Wait,5000000.0,6700000.0,92.0,8.966129,6.4,25.0,en,"['Drama', 'Romance']",['United States of America'],"['English', 'Italiano']",2016-09-12,2016.0,9.0
52891,Hitler's Kaput!,3000000.0,9713500.0,99.0,0.878255,3.6,7.0,ru,['Comedy'],"['Ukraine', 'Russia']","['Polski', 'Pусский']",2008-09-18,2008.0,9.0
100791,That still Karloson!,4000000.0,9938268.0,80.0,0.712585,3.5,6.0,ru,"['Comedy', 'Fantasy', 'Family']",['Russia'],['Pусский'],2012-03-15,2012.0,3.0
43228,I Was a Teenage Werewolf,82000.0,2000000.0,76.0,0.75684,5.2,12.0,en,"['Drama', 'Fantasy', 'Horror', 'Science Fiction']",['United States of America'],['English'],1957-06-19,1957.0,6.0
281338,War for the Planet of the Apes,152000000.0,369907963.0,140.0,146.161786,6.7,1675.0,en,"['Drama', 'Science Fiction', 'War']","['Canada', 'United States of America']",['English'],2017-07-11,2017.0,7.0
293768,Kidnap,21000000.0,24527158.0,95.0,20.214579,6.0,244.0,en,"['Drama', 'Thriller']","['United Kingdom', 'United States of America']",['English'],2017-08-04,2017.0,8.0
339964,Valerian and the City of a Thousand Planets,197471676.0,90024292.0,137.0,15.262706,6.7,905.0,en,"['Adventure', 'Science Fiction', 'Action']",['France'],"['Français', 'English']",2017-07-20,2017.0,7.0
272610,Black Rose,7000000.0,855450.0,83.0,2.482771,2.0,6.0,en,"['Drama', 'Crime', 'Action']",['Russia'],"['English', 'Pусский']",2014-04-17,2014.0,4.0
66526,Mudhalvan,7400000.0,22000000.0,169.0,0.236466,6.3,6.0,ta,"['Foreign', 'Thriller']",['India'],['தமிழ்'],1999-11-07,1999.0,11.0
72663,Nirvana,2000000.0,273137.0,93.0,0.679141,4.7,5.0,ru,"['Drama', 'Romance']",['Russia'],['Pусский'],2008-07-03,2008.0,7.0
326011,The Battalion,10000000.0,7547762.0,120.0,1.557671,5.9,6.0,ru,"['War', 'Action', 'Drama', 'History']",['Russia'],['Pусский'],2015-02-20,2015.0,2.0
8453,Fanaa,5300000.0,22175908.0,168.0,3.003526,6.7,53.0,hi,"['Action', 'Drama', 'Romance', 'Thriller']",['India'],"['हिन्दी', 'Italiano', 'اردو']",2006-05-26,2006.0,5.0
341013,Atomic Blonde,30000000.0,90007945.0,115.0,14.455104,6.1,748.0,en,"['Action', 'Thriller']","['Sweden', 'United States of America', 'Germany']","['svenska', 'English', 'Deutsch', 'Pусский']",2017-07-26,2017.0,7.0
374720,Dunkirk,100000000.0,519876949.0,107.0,30.938854,7.5,2712.0,en,"['Action', 'Drama', 'History', 'Thriller', 'War']","['Netherlands', 'France', 'United Kingdom', 'United States of America']","['English', 'Français', 'Deutsch']",2017-07-19,2017.0,7.0
14570,Gymkata,8500000.0,5730596.0,90.0,1.542843,4.7,14.0,en,"['Action', 'Drama']","['United States of America', 'Japan']",['English'],1985-05-03,1985.0,5.0
434119,Confidential Assignment,8520000.0,56100000.0,125.0,1.75859,6.2,5.0,ko,"['Action', 'Drama', 'Comedy']",['South Korea'],['한국어/조선말'],2017-01-18,2017.0,1.0
335988,Transformers: The Last Knight,260000000.0,604942143.0,149.0,39.186819,6.2,1440.0,en,"['Action', 'Science Fiction', 'Thriller', 'Adventure']",['United States of America'],['English'],2017-06-21,2017.0,6.0
159447,"Mommies, Happy New Year!",2000000.0,11666088.0,90.0,1.456046,5.3,9.0,ru,"['Comedy', 'Drama']",['Russia'],['Pусский'],2012-12-27,2012.0,12.0
75438,Pregnant,2000000.0,8000000.0,81.0,0.397106,3.1,7.0,ru,['Comedy'],['Russia'],['Pусский'],2011-07-21,2011.0,7.0
57701,On the Hook!,3000000.0,1957000.0,90.0,0.445269,4.7,3.0,ru,"['Comedy', 'Romance']",['Russia'],['Pусский'],2011-02-03,2011.0,2.0
26147,FC Venus,2196531.0,2411594.0,107.0,0.947509,5.6,10.0,fi,"['Comedy', 'Romance']",['Finland'],['suomi'],2005-12-30,2005.0,12.0
353491,The Dark Tower,60000000.0,71000000.0,95.0,50.903593,5.7,688.0,en,"['Action', 'Western', 'Science Fiction', 'Fantasy', 'Horror']","['South Africa', 'United States of America']",['English'],2017-08-03,2017.0,8.0
378236,The Emoji Movie,50000000.0,66913939.0,86.0,33.694599,5.8,327.0,en,"['Comedy', 'Family', 'Animation']",['United States of America'],['English'],2017-07-28,2017.0,7.0
395834,Wind River,11000000.0,184770205.0,111.0,40.796775,7.4,181.0,en,"['Action', 'Crime', 'Mystery', 'Thriller']","['United Kingdom', 'United States of America', 'Canada']",['English'],2017-08-03,2017.0,8.0
24049,Sivaji: The Boss,12000000.0,19000000.0,185.0,1.323587,6.9,25.0,ta,"['Action', 'Comedy', 'Drama']",['India'],"['தமிழ்', 'తెలుగు']",2007-06-14,2007.0,6.0
62757,Savages,800000.0,1328612.0,100.0,0.903061,5.8,6.0,en,"['Comedy', 'Drama']",[],['Pусский'],2006-11-23,2006.0,11.0
63281,Pro Lyuboff,2000000.0,1268793.0,107.0,0.121844,4.0,3.0,en,"['Romance', 'Drama']",['Russia'],['Pусский'],2010-09-30,2010.0,9.0
63898,Antidur,5000000.0,1413000.0,91.0,0.039793,1.0,1.0,ru,"['Action', 'Comedy', 'Crime', 'Foreign']",['Russia'],['Pусский'],2007-09-06,2007.0,9.0
