budget,log_budget,runtime,release_year,release_month,original_language,main_country,cast_count,production_company_count,director_previous_movies,revenue,log_revenue
100000.0,11.51293546492023,193.0,1915.0,2.0,en,Unknown,5,1,0,11000000.0,16.213405921671733
17311.0,9.759155181646207,59.0,1915.0,12.0,en,Unknown,5,1,0,137365.0,11.83040417545605
200000.0,12.206077645517674,105.0,1916.0,12.0,en,Unknown,5,1,0,8000000.0,15.894952224644102
250000.0,12.429220196836383,93.0,1918.0,8.0,en,Unknown,5,1,0,8000000.0,15.894952224644102
250000.0,12.429220196836383,68.0,1921.0,1.0,en,Unknown,5,2,0,2500000.0,14.731801689838349
1100000.0,13.910821646859095,117.0,1922.0,1.0,en,Unknown,5,1,0,400200.0,12.899722199879273
1135654.0,13.942720134954806,149.0,1924.0,3.0,en,Unknown,5,1,0,1213880.0,14.009333222732756
923000.0,13.73538559690802,95.0,1925.0,6.0,en,Unknown,5,1,1,2500000.0,14.731801689838349
592.0,6.385194398997726,137.0,1925.0,8.0,en,Unknown,5,2,1,1.0,0.6931471805599453
103000.0,11.542493975902508,86.0,1925.0,9.0,en,Unknown,5,1,0,704000.0,13.464535055593716
245000.0,12.409017571151187,151.0,1925.0,11.0,en,Unknown,5,1,0,22000000.0,16.906553056777135
3900000.0,15.176487367510099,143.0,1925.0,12.0,en,Unknown,5,1,0,9000000.0,16.012735246411598
463455.0,13.046466729600583,84.0,1926.0,5.0,en,Unknown,5,1,0,966878.0,13.781828637340341
373000.0,12.829336379587506,112.0,1926.0,12.0,en,Unknown,5,1,0,658000.0,13.396961730063138
92620000.0,18.344015669813682,153.0,1927.0,1.0,de,Unknown,5,2,0,650422.0,13.385378199444116
483103.0,13.087987230367462,80.0,1927.0,10.0,en,Unknown,5,1,0,1027757.0,13.842890288723991
290000.0,12.577639650232573,85.0,1928.0,4.0,en,Unknown,5,1,0,596000.0,13.297997623898429
75000.0,11.225256725762893,57.0,1928.0,7.0,en,Unknown,5,2,0,1200000.0,13.997832948091215
337.0,5.823045895483019,89.0,1928.0,8.0,en,Unknown,5,1,0,551.0,6.313548046277095
259000.0,12.464587201678082,65.0,1928.0,11.0,en,Unknown,5,1,1,921000.0,13.733216401013184
379000.0,12.84529412258351,100.0,1929.0,2.0,en,Unknown,5,1,0,4358000.0,15.287524023949732
3950000.0,15.18922639004183,127.0,1930.0,11.0,en,Unknown,5,1,0,8000000.0,15.894952224644102
1500000.0,14.220976332738882,87.0,1931.0,1.0,en,Unknown,5,1,2,19181.0,9.861727618287896
355000.0,12.779875885354993,72.0,1931.0,2.0,en,Unknown,5,1,2,1012189.0,13.827626858242851
291000.0,12.581081982573842,71.0,1931.0,11.0,en,Unknown,5,1,1,12000000.0,16.300417291085605
558000.0,13.232116033476537,89.0,1931.0,12.0,en,Unknown,5,1,0,2227000.0,14.616166395273979
700000.0,13.45883704259595,112.0,1932.0,5.0,en,Unknown,5,1,0,2594000.0,14.768712029363464
4.0,1.6094379124341003,89.0,1932.0,12.0,en,Unknown,5,1,0,25.0,3.258096538021482
4.0,1.6094379124341003,89.0,1932.0,12.0,en,Unknown,5,1,1,25.0,3.258096538021482
4.0,1.6094379124341003,89.0,1932.0,12.0,en,Unknown,5,1,2,25.0,3.258096538021482
4.0,1.6094379124341003,89.0,1932.0,12.0,en,Unknown,5,1,3,25.0,3.258096538021482
439000.0,12.992256969959042,89.0,1933.0,2.0,en,Unknown,5,1,0,2281000.0,14.640124939670638
1180280.0,13.981263103685288,110.0,1933.0,2.0,en,Unknown,5,1,0,7630000.0,15.84759853432223
200000.0,12.206077645517674,66.0,1933.0,2.0,en,Unknown,5,1,0,2200000.0,14.603968372873895
672000.0,13.418015107599418,100.0,1933.0,4.0,en,Unknown,5,1,0,10000000.0,16.118095750958314
225000.0,12.323860125621126,87.0,1933.0,10.0,en,Unknown,5,1,0,2850000.0,14.862829903121964
1114000.0,13.923468597135031,99.0,1933.0,12.0,en,Unknown,5,1,0,2610000.0,14.774861162440565
325000.0,12.691583538230217,105.0,1934.0,2.0,en,Unknown,5,1,0,4500000.0,15.319588176962746
226408.0,12.330098377171225,93.0,1934.0,5.0,en,Unknown,5,1,0,1423000.0,14.168278579812432
947000.0,13.761055428133867,85.0,1934.0,11.0,en,Unknown,5,1,0,1120000.0,13.928840136128022
280.0,5.638354669333745,90.0,1935.0,4.0,en,Unknown,5,1,0,831.0,6.723832440821209
243000.0,12.400820837540556,91.0,1935.0,5.0,en,Unknown,5,1,0,950000.0,13.76421831620775
1152000.0,13.957010988293153,95.0,1935.0,8.0,en,Unknown,5,1,1,1439000.0,14.179459680796295
609000.0,13.31957518872681,101.0,1935.0,9.0,en,Unknown,5,1,0,3202000.0,14.979286484843557
1950000.0,14.48334044336031,132.0,1935.0,11.0,en,Unknown,5,1,1,4460000.0,15.310659548211468
1.0,0.6931471805599453,87.0,1936.0,2.0,en,Unknown,5,2,3,8500000.0,15.955576839107596
1300000.0,14.077875591662238,115.0,1936.0,6.0,en,Unknown,5,1,1,5273000.0,15.478110208157952
886000.0,13.694473358254752,103.0,1936.0,8.0,en,Unknown,5,1,0,2600000.0,14.77102238760702
1119000.0,13.927946880948712,103.0,1936.0,8.0,en,Unknown,5,1,2,2019000.0,14.518113392589552
864000.0,13.66932920519293,123.0,1936.0,8.0,en,Unknown,5,1,1,1276000.0,14.059241526585625
1200000.0,13.997832948091215,115.0,1936.0,10.0,en,Unknown,5,1,0,2736000.0,14.822007923221587
1488423.0,14.213228400022265,83.0,1937.0,12.0,en,Unknown,5,1,0,184925486.0,19.035463528934805
2033000.0,14.525023584494278,102.0,1938.0,5.0,en,Unknown,5,1,1,3981000.0,15.19704385317559
2000000.0,14.508658238524095,106.0,1938.0,5.0,en,Unknown,5,1,0,4000000.0,15.201805169084134
1644736.0,14.313091050980239,126.0,1938.0,8.0,en,Unknown,5,1,1,7433101.0,15.821453826201733
1688000.0,14.339055546554926,133.0,1939.0,1.0,en,Unknown,5,1,0,2270000.0,14.635290829986122
531374.0,13.183223265661091,96.0,1939.0,3.0,en,Unknown,5,1,2,1103757.0,13.91423127889216
2777000.0,14.8368821263897,102.0,1939.0,8.0,en,Unknown,5,1,0,33754967.0,17.334638164449956
1365000.0,14.126665719201661,110.0,1939.0,10.0,en,Unknown,5,1,0,2279000.0,14.639247747016668
1500000.0,14.220976332738882,129.0,1939.0,10.0,en,Unknown,5,1,2,9600000.0,16.077273760604726
4000000.0,15.201805169084134,238.0,1939.0,12.0,en,Unknown,5,2,1,400176459.0,19.807416157794204
2600000.0,14.77102238760702,88.0,1940.0,2.0,en,Unknown,5,2,0,84300000.0,18.24989243483448
1288000.0,14.06860196204365,130.0,1940.0,4.0,en,Unknown,5,1,0,6000000.0,15.607270193858982
2000000.0,14.508658238524095,119.0,1940.0,8.0,en,Unknown,5,1,0,9172000.0,16.031666031987402
2000000.0,14.508658238524095,125.0,1940.0,10.0,en,Unknown,5,2,4,11000000.0,16.213405921671733
2280000.0,14.639686439527019,124.0,1940.0,11.0,en,Unknown,4,1,0,83320000.0,18.238199186358965
839727.0,13.640833308858063,119.0,1941.0,4.0,en,Unknown,5,2,0,23217674.0,16.96042440002179
1400000.0,14.151983508870947,134.0,1941.0,7.0,en,Unknown,5,1,0,16361885.0,16.610465163668106
812000.0,13.60725685067015,64.0,1941.0,10.0,en,Unknown,5,2,1,1600000.0,14.285514812209815
1250000.0,14.038654909278163,118.0,1941.0,10.0,en,Unknown,5,1,3,6000000.0,15.607270193858982
1103000.0,13.913545204853543,99.0,1941.0,11.0,en,Unknown,5,1,1,4500000.0,15.319588176962746
375000.0,12.834683971615659,100.0,1941.0,11.0,en,Unknown,5,1,0,1000000.0,13.815511557963774
1344000.0,14.111161544112575,134.0,1942.0,6.0,en,Unknown,5,1,0,13500000.0,16.41820031748273
322000.0,12.682309930111785,81.0,1942.0,7.0,en,Unknown,5,2,0,1040000.0,13.854732232655556
858000.0,13.662360543970586,70.0,1942.0,8.0,en,Unknown,5,1,1,267447150.0,19.40443253842639
802000.0,13.594865133730668,104.0,1942.0,10.0,en,Unknown,5,1,0,4371000.0,15.290502602626026
878000.0,13.68540301156877,102.0,1942.0,11.0,en,Unknown,5,1,2,10462500.0,16.163308089359315
134000.0,11.80560254159177,73.0,1942.0,12.0,en,Unknown,5,1,0,4000000.0,15.201805169084134
662141.0,13.40323531342756,98.0,1943.0,4.0,en,Unknown,5,1,0,1606624.0,14.289646263412433
855000.0,13.658857917508856,96.0,1943.0,5.0,en,Unknown,5,1,0,1200000.0,13.997832948091215
2627000.0,14.781353449329957,120.0,1944.0,3.0,en,Unknown,5,1,2,5363000.0,15.495034264427845
927262.0,13.739992515205028,107.0,1944.0,4.0,en,Unknown,5,1,1,2500000.0,14.731801689838349
2361000.0,14.674596239616903,101.0,1944.0,7.0,en,Unknown,5,1,0,6892000.0,15.74587202172571
2995000.0,14.912455123421447,154.0,1944.0,8.0,en,Unknown,5,1,1,2000000.0,14.508658238524095
1020000.0,13.83531416565213,88.0,1944.0,10.0,en,Unknown,5,1,0,2000000.0,14.508658238524095
2160000.0,14.585619242623203,119.0,1945.0,6.0,en,Unknown,5,1,0,9132000.0,16.027295396136854
1453000.0,14.189141630783428,111.0,1945.0,9.0,en,Unknown,5,1,3,5638000.0,15.54504012802404
1250000.0,14.038654909278163,101.0,1945.0,11.0,en,Unknown,5,1,2,11000000.0,16.213405921671733
1202007.0,13.999504049629184,103.0,1945.0,12.0,en,Unknown,5,2,1,2948386.0,14.896768799116474
1500000.0,14.220976332738882,111.0,1945.0,12.0,en,Unknown,5,1,2,7000000.0,15.76142084987672
2000000.0,14.508658238524095,102.0,1946.0,8.0,en,Unknown,5,1,3,24464742.0,17.012743577847406
3180000.0,14.97239206922172,130.0,1946.0,12.0,en,Unknown,5,2,3,9644124.0,16.081859479625994
2100000.0,14.557448378884015,172.0,1946.0,12.0,en,Unknown,5,1,1,23650000.0,16.978873715185514
6000000.0,15.607270193858982,144.0,1946.0,12.0,en,Unknown,5,2,1,20400000.0,16.83104550783405
2000000.0,14.508658238524095,118.0,1947.0,11.0,en,Unknown,5,1,0,7800000.0,15.86963441986494
3800000.0,15.150511887854474,126.0,1948.0,1.0,en,Unknown,5,1,1,4307000.0,15.275752396216392
2500000.0,14.731801689838349,125.0,1948.0,3.0,en,Unknown,5,1,4,3000000.0,14.914123179965662
784170.0,13.572382387794425,80.0,1948.0,4.0,en,Unknown,5,2,0,834332.0,13.634387882225147
3700000.0,15.123843647884687,102.0,1948.0,6.0,en,Unknown,5,1,1,2956000.0,14.899347899345166
1500000.0,14.220976332738882,80.0,1948.0,8.0,en,Unknown,5,3,4,2200000.0,14.603968372873895
3000000.0,14.914123179965662,133.0,1948.0,8.0,en,Unknown,5,3,1,9012000.0,16.014067691497427
133000.0,11.798111925972618,93.0,1948.0,11.0,it,Unknown,5,1,0,361712.0,12.798606358682203
1243000.0,14.033039174997754,106.0,1948.0,12.0,en,Unknown,5,2,5,2841000.0,14.859667012825
1600000.0,14.285514812209815,103.0,1949.0,10.0,en,Unknown,5,1,6,5400000.0,15.501909696719672
1000000.0,13.815511557963774,100.0,1949.0,12.0,en,Unknown,5,1,0,7800000.0,15.86963441986494
3000000.0,14.914123179965662,128.0,1949.0,12.0,en,Unknown,5,1,1,11500000.0,16.257857680289998
2900000.0,14.88022163978423,74.0,1950.0,3.0,en,Unknown,5,2,0,263591415.0,19.38991079557074
2115000.0,14.564565843275643,92.0,1950.0,3.0,en,Unknown,5,1,0,2039000.0,14.52797053999296
3768785.0,15.142263491650816,107.0,1950.0,5.0,en,Unknown,5,1,1,8000000.0,15.894952224644102
1752000.0,14.376269121254566,110.0,1950.0,8.0,en,Unknown,5,1,3,5000000.0,15.424948670398354
1400000.0,14.151983508870947,138.0,1950.0,11.0,en,Unknown,5,1,0,63463.0,11.058228094981839
250000.0,12.429220196836383,88.0,1950.0,12.0,ja,Unknown,5,1,0,96568.0,11.47801305772458
1300000.0,14.077875591662238,102.0,1951.0,3.0,en,Unknown,5,0,0,1550000.0,14.253766134056512
1200000.0,13.997832948091215,101.0,1951.0,6.0,en,Unknown,5,1,5,7000000.0,15.76142084987672
1821052.0,14.414925463173631,111.0,1951.0,6.0,en,Unknown,5,1,4,1300000.0,14.077875591662238
3000000.0,14.914123179965662,75.0,1951.0,7.0,en,Unknown,5,2,1,572000000.0,20.164649551092324
2300000.0,14.648420115681892,107.0,1951.0,7.0,en,Unknown,5,1,2,11000000.0,16.213405921671733
2723903.0,14.817576703339768,113.0,1951.0,8.0,en,Unknown,5,2,2,4500000.0,15.319588176962746
1800000.0,14.403297778421795,125.0,1951.0,9.0,en,Unknown,5,2,1,8000000.0,15.894952224644102
8250000.0,15.925723879522977,171.0,1951.0,11.0,en,Unknown,5,1,0,30000000.0,17.216707972959764
1300000.0,14.077875591662238,105.0,1951.0,12.0,en,Unknown,5,3,2,10750000.0,16.190416405561198
4000000.0,15.201805169084134,152.0,1952.0,1.0,en,Unknown,5,1,2,36000000.0,17.399029524198163
730000.0,13.500801182986649,85.0,1952.0,3.0,en,Unknown,5,2,0,8000000.0,15.894952224644102
2540800.0,14.747989943611703,103.0,1952.0,4.0,en,Unknown,5,1,0,7200000.0,15.789591722875162
3005000.0,14.915788458730091,115.0,1952.0,5.0,en,Unknown,5,2,3,6746000.0,15.724460442839714
1250000.0,14.038654909278163,92.0,1953.0,1.0,en,Unknown,5,1,0,8500000.0,15.955576839107596
4000000.0,15.201805169084134,77.0,1953.0,2.0,en,Unknown,5,2,1,87404651.0,18.286059065753903
658000.0,13.396961730063138,90.0,1953.0,4.0,en,Unknown,5,2,0,23800000.0,16.98519618065851
1805000.0,14.406071703765585,98.0,1953.0,4.0,en,Unknown,5,1,0,4905000.0,15.405765854855177
3100000.0,14.946912992035967,118.0,1953.0,4.0,en,Unknown,5,1,1,20000000.0,16.811242881518265
210000.0,12.25486757159303,80.0,1953.0,6.0,en,Unknown,5,2,0,5000000.0,15.424948670398354
16000.0,9.680406499268875,66.0,1953.0,6.0,en,Unknown,5,1,0,1000000.0,13.815511557963774
2000000.0,14.508658238524095,85.0,1953.0,8.0,en,Unknown,5,1,0,2000000.0,14.508658238524095
1650000.0,14.316286451937186,118.0,1953.0,8.0,en,Unknown,5,1,1,30500000.0,17.233237274364523
1500000.0,14.220976332738882,119.0,1953.0,9.0,en,Unknown,5,1,2,12000000.0,16.300417291085605
4100000.0,15.226497775576945,135.0,1953.0,9.0,en,Unknown,5,1,1,36000000.0,17.399029524198163
2000000.0,14.508658238524095,207.0,1954.0,4.0,ja,Unknown,5,1,1,271841.0,12.512976294147677
1400000.0,14.151983508870947,104.0,1954.0,5.0,en,Unknown,5,1,6,3000000.0,14.914123179965662
910000.0,13.721200977393528,108.0,1954.0,6.0,en,Unknown,5,2,2,9600000.0,16.077273760604726
2000000.0,14.508658238524095,124.0,1954.0,6.0,en,Unknown,5,1,0,21750000.0,16.89512436147598
1000000.0,13.815511557963774,112.0,1954.0,8.0,en,Unknown,5,1,7,36764313.0,17.42003820438765
5000000.0,15.424948670398354,139.0,1954.0,8.0,en,Unknown,5,1,4,15000000.0,16.52356082573315
2238813.0,14.621456819329799,113.0,1954.0,9.0,en,Unknown,5,1,5,10000000.0,16.118095750958314
4500000.0,15.319588176962746,142.0,1954.0,12.0,en,Unknown,5,2,0,3200000.0,14.978661680269907
5000000.0,15.424948670398354,127.0,1954.0,12.0,en,Unknown,5,1,0,28200000.0,17.154832571369333
1271000.0,14.055315336953344,81.0,1955.0,1.0,en,Unknown,5,2,0,3788000.0,15.147348997279623
66000.0,11.097425172408931,73.0,1955.0,2.0,en,Unknown,5,2,0,250000.0,12.429220196836383
1.0,0.6931471805599453,115.0,1955.0,3.0,en,Unknown,5,1,3,5.0,1.791759469228055
343000.0,12.745488641595722,90.0,1955.0,4.0,en,Unknown,5,2,0,3000000.0,14.914123179965662
2500000.0,14.731801689838349,106.0,1955.0,8.0,en,Unknown,5,1,8,8750000.0,15.984564372619506
1200000.0,13.997832948091215,99.0,1955.0,10.0,en,Unknown,5,2,9,7000000.0,15.76142084987672
1900000.0,14.45736497045232,98.0,1956.0,3.0,en,Unknown,5,1,0,3250000.0,14.99416586199818
4000000.0,15.201805169084134,105.0,1956.0,5.0,en,Unknown,5,1,0,14400000.0,16.48273883399067
2500000.0,14.731801689838349,120.0,1956.0,6.0,en,Unknown,5,1,10,10250000.0,16.142788361109663
4500000.0,15.319588176962746,116.0,1956.0,6.0,en,Unknown,5,2,3,10400000.0,16.15731646026544
4550000.0,15.330638010707329,133.0,1956.0,6.0,en,Unknown,5,1,0,21300000.0,16.87421767762801
1920000.0,14.467836264837162,113.0,1956.0,7.0,en,Unknown,5,1,0,3360000.0,15.027451829558391
6000000.0,15.607270193858982,208.0,1956.0,8.0,en,Unknown,5,2,2,12500000.0,16.341239282272525
13000000.0,16.380459992348886,220.0,1956.0,10.0,en,Unknown,5,2,3,122700000.0,18.625252917831098
5400000.0,15.501909696719672,201.0,1956.0,10.0,en,Unknown,5,1,2,35000000.0,17.370858648025116
6000000.0,15.607270193858982,167.0,1956.0,10.0,en,Unknown,5,1,0,42000000.0,17.553180200057167
1000000.0,13.815511557963774,89.0,1956.0,11.0,en,Unknown,5,1,0,9000000.0,16.012735246411598
1200000.0,13.997832948091215,105.0,1956.0,12.0,en,Unknown,5,1,11,2000000.0,14.508658238524095
350000.0,12.765691290604371,96.0,1957.0,3.0,en,Unknown,5,2,0,1000000.0,13.815511557963774
82000.0,11.314486721293981,76.0,1957.0,6.0,en,Unknown,5,1,0,2000000.0,14.508658238524095
3000000.0,14.914123179965662,161.0,1957.0,10.0,en,Unknown,5,2,0,27200000.0,17.11872756803093
3000000.0,14.914123179965662,116.0,1957.0,12.0,en,Unknown,5,1,6,9000000.0,16.012735246411598
1750000.0,14.375126917328105,109.0,1957.0,12.0,en,Unknown,5,3,1,2200000.0,14.603968372873895
3000000.0,14.914123179965662,108.0,1958.0,2.0,en,Unknown,5,2,0,17570324.0,16.68172195743102
6000000.0,15.607270193858982,157.0,1958.0,3.0,en,Unknown,5,4,0,36800000.0,17.421008430313073
829000.0,13.627976640389322,95.0,1958.0,4.0,en,Unknown,5,1,1,2247465.0,14.625313917293573
2479000.0,14.72336621440571,128.0,1958.0,5.0,en,Unknown,5,2,12,28000000.0,17.147715103853763
88000.0,11.385103457032141,65.0,1958.0,5.0,en,Unknown,5,1,0,480000.0,13.081543466215237
700000.0,13.45883704259595,94.0,1958.0,7.0,en,Unknown,5,1,0,3000000.0,14.914123179965662
90000.0,11.407576060361786,72.0,1958.0,10.0,en,Unknown,5,1,0,5000000.0,15.424948670398354
6000000.0,15.607270193858982,75.0,1959.0,1.0,en,Unknown,5,1,2,51000000.0,17.747336210296442
2883848.0,14.87463641817992,122.0,1959.0,3.0,en,Unknown,5,2,7,25000000.0,17.034386422832473
3500000.0,15.068273812173887,149.0,1959.0,6.0,en,Unknown,5,1,2,12800000.0,16.36495580701484
4000000.0,15.201805169084134,136.0,1959.0,7.0,en,Unknown,5,1,13,13275000.0,16.40139320042184
5000000.0,15.424948670398354,139.0,1959.0,12.0,en,Unknown,5,1,3,12200000.0,16.316946591670696
15000000.0,16.52356082573315,212.0,1959.0,12.0,en,Unknown,5,1,3,146900000.0,18.80526264795146
4000000.0,15.201805169084134,208.0,1960.0,3.0,en,Unknown,5,1,1,21750000.0,16.89512436147598
150000.0,11.918397239722838,101.0,1960.0,4.0,en,Unknown,5,2,0,83957.0,11.338071952783768
151000.0,11.92504173829169,91.0,1960.0,5.0,el,Unknown,5,2,0,8000000.0,15.894952224644102
3000000.0,14.914123179965662,125.0,1960.0,6.0,en,Unknown,5,2,8,25000000.0,17.034386422832473
806948.0,13.601015748229047,109.0,1960.0,6.0,en,Unknown,5,3,14,32000000.0,17.281246492014
3000000.0,14.914123179965662,146.0,1960.0,6.0,en,Unknown,5,1,1,10400000.0,16.15731646026544
270000.0,12.506180941677357,79.0,1960.0,6.0,en,Unknown,5,1,0,1450000.0,14.187074804051692
900000.0,13.710151153416941,72.0,1960.0,7.0,en,Unknown,5,2,0,10000000.0,16.118095750958314
12000000.0,16.300417291085605,197.0,1960.0,10.0,en,Unknown,5,2,0,60000000.0,17.909855136853043
2000000.0,14.508658238524095,128.0,1960.0,10.0,en,Unknown,5,2,1,4905000.0,15.405765854855177
12000000.0,16.300417291085605,167.0,1960.0,10.0,en,Unknown,5,3,0,7900000.0,15.882373444019521
3000000.0,14.914123179965662,91.0,1960.0,12.0,en,Unknown,5,2,0,7100000.0,15.775605482856605
4000000.0,15.201805169084134,124.0,1961.0,1.0,en,Unknown,5,2,4,8200000.0,15.919644834185693
4000000.0,15.201805169084134,79.0,1961.0,1.0,en,Unknown,5,1,2,215880014.0,19.19023332519776
6000000.0,15.607270193858982,141.0,1961.0,3.0,en,Unknown,5,2,0,4300000.0,15.274125813221904
6000000.0,15.607270193858982,158.0,1961.0,4.0,en,Unknown,5,2,0,28900000.0,17.179352187684735
1500000.0,14.220976332738882,138.0,1961.0,5.0,en,Unknown,5,1,0,4200000.0,15.250595321348806
1580000.0,14.272936037914342,105.0,1961.0,7.0,en,Unknown,5,2,0,7000000.0,15.76142084987672
200000.0,12.206077645517674,80.0,1961.0,8.0,en,Unknown,5,1,1,2000000.0,14.508658238524095
160000.0,11.982935344196433,84.0,1961.0,9.0,fr,Unknown,5,2,0,100655.0,11.519464041809812
2000000.0,14.508658238524095,134.0,1961.0,9.0,en,Unknown,5,2,0,7600000.0,15.843658936835498
2500000.0,14.731801689838349,110.0,1961.0,10.0,en,Unknown,5,2,0,9500000.0,16.066802461833923
5037000.0,15.432321423258639,168.0,1961.0,10.0,en,Unknown,5,2,0,14483352.0,16.488510478889268
6000000.0,15.607270193858982,152.0,1961.0,10.0,en,Unknown,5,3,0,43656822.0,17.591870139603806
3000000.0,14.914123179965662,186.0,1961.0,12.0,en,Unknown,5,2,0,10000000.0,16.118095750958314
3000000.0,14.914123179965662,115.0,1961.0,12.0,en,Unknown,5,1,9,4000000.0,15.201805169084134
2900000.0,14.88022163978423,136.0,1961.0,12.0,en,Unknown,5,1,4,5000000.0,15.424948670398354
3200000.0,14.978661680269907,123.0,1962.0,4.0,en,Unknown,5,2,7,8000000.0,15.894952224644102
500000.0,13.122365377402328,106.0,1962.0,5.0,en,Unknown,5,1,0,2500000.0,14.731801689838349
15000.0,9.61587214452889,90.0,1962.0,6.0,en,Unknown,5,1,0,3274.0,8.094073148069352
2000000.0,14.508658238524095,153.0,1962.0,6.0,en,Unknown,5,3,1,9250000.0,16.04013421759671
2650000.0,14.790070575320824,147.0,1962.0,7.0,en,Unknown,5,1,0,3100000.0,14.946912992035967
64000.0,11.06665398721974,85.0,1962.0,9.0,fr,Unknown,5,3,1,24517.0,10.10716282065494
10000000.0,16.118095750958314,178.0,1962.0,9.0,en,Unknown,5,2,0,50100000.0,17.729531586015174
950000.0,13.76421831620775,110.0,1962.0,10.0,en,Unknown,5,2,0,59600000.0,17.9031661488141
80000000.0,18.197537205138154,126.0,1962.0,10.0,en,Unknown,5,2,1,96105910.0,18.380961380893883
15000000.0,16.52356082573315,162.0,1962.0,11.0,en,Unknown,5,1,8,50000000.0,17.72753358339242
19000000.0,16.759949589762293,178.0,1962.0,11.0,en,Unknown,5,2,0,13680000.0,16.431445543258093
15000000.0,16.52356082573315,216.0,1962.0,12.0,en,Unknown,5,1,1,69995385.0,18.063939883555477
2000000.0,14.508658238524095,129.0,1962.0,12.0,en,Unknown,5,1,0,13129846.0,16.390398593507353
350000.0,12.765691290604371,86.0,1963.0,1.0,en,Unknown,5,1,2,1499275.0,14.22049288288472
2500000.0,14.731801689838349,119.0,1963.0,3.0,en,Unknown,5,1,15,11403529.0,16.249433514556134
17000000.0,16.648723960844016,154.0,1963.0,5.0,en,Unknown,5,2,1,10000000.0,16.118095750958314
2500000.0,14.731801689838349,112.0,1963.0,5.0,en,Unknown,5,1,0,10000000.0,16.118095750958314
24500.0,10.106469212026385,67.0,1963.0,6.0,en,Unknown,5,1,0,4000000.0,15.201805169084134
31115000.0,17.253200608124295,248.0,1963.0,6.0,en,Unknown,5,3,1,71000000.0,18.078190449090098
2686000.0,14.80356402836607,109.0,1963.0,6.0,en,Unknown,5,1,9,6600000.0,15.702580358511794
4000000.0,15.201805169084134,172.0,1963.0,6.0,en,Unknown,5,2,2,11744471.0,16.2788932197645
1000000.0,13.815511557963774,128.0,1963.0,10.0,en,Unknown,5,1,0,37600000.0,17.442514634955867
2000000.0,14.508658238524095,115.0,1963.0,10.0,en,Unknown,5,3,1,78898765.0,18.183676145643098
900000.0,13.710151153416941,103.0,1963.0,10.0,fr,Unknown,5,3,2,528428.0,13.177663732788957
9400000.0,16.056220353623207,163.0,1963.0,11.0,en,Unknown,5,2,1,60000000.0,17.909855136853043
4000000.0,15.201805169084134,113.0,1963.0,12.0,en,Unknown,5,1,1,13474588.0,16.41631617336653
3000000.0,14.914123179965662,79.0,1963.0,12.0,en,Unknown,5,1,0,22182353.0,16.914807665905066
3500000.0,15.068273812173887,138.0,1964.0,1.0,en,Unknown,5,1,0,8000000.0,15.894952224644102
1800000.0,14.403297778421795,95.0,1964.0,1.0,en,Unknown,5,2,2,9440272.0,16.06049545719505
19000000.0,16.759949589762293,188.0,1964.0,3.0,en,Unknown,5,1,0,4750000.0,15.373655386537118
560000.0,13.235693848424024,88.0,1964.0,7.0,en,Unknown,5,3,0,12299668.0,16.325082909411446
2135161.0,14.574053079986395,130.0,1964.0,7.0,en,Unknown,5,1,16,7000000.0,15.76142084987672
120000.0,11.695255355062795,97.0,1964.0,8.0,fr,Unknown,5,1,3,182857.0,12.1164651743295
3000000.0,14.914123179965662,125.0,1964.0,8.0,en,Unknown,5,2,5,12000000.0,16.300417291085605
6000000.0,15.607270193858982,139.0,1964.0,8.0,en,Unknown,5,1,0,102272727.0,18.443153606915534
200000.0,12.206077645517674,99.0,1964.0,9.0,it,Unknown,5,4,0,14500000.0,16.489659276356317
2500000.0,14.731801689838349,110.0,1964.0,9.0,en,Unknown,5,3,0,124881062.0,18.642872346306905
5800000.0,15.573368647930426,133.0,1964.0,9.0,en,Unknown,5,3,2,6800000.0,15.732433317205148
17000000.0,16.648723960844016,170.0,1964.0,10.0,en,Unknown,5,1,1,72070731.0,18.093158583641053
20000000.0,16.811242881518265,199.0,1965.0,2.0,en,Unknown,5,1,3,15473333.0,16.55462871322733
8200000.0,15.919644834185693,174.0,1965.0,3.0,en,Unknown,5,3,1,286214286.0,19.4722513434773
3800000.0,15.150511887854474,123.0,1965.0,4.0,en,Unknown,5,2,0,14873.0,9.607370001263245
5600000.0,15.53827733427679,138.0,1965.0,6.0,en,Unknown,5,1,1,29950000.0,17.215039915914712
12000000.0,16.300417291085605,160.0,1965.0,7.0,en,Unknown,5,1,1,25333333.0,17.047631635898284
800000.0,13.592368256649284,105.0,1965.0,12.0,en,Unknown,5,1,0,6792000.0,15.731256154205347
5500000.0,15.520258832020865,130.0,1965.0,12.0,en,Unknown,5,2,2,141195658.0,18.76565713892476
600000.0,13.304686600863562,132.0,1965.0,12.0,it,Unknown,5,2,1,15000000.0,16.52356082573315
11000000.0,16.213405921671733,197.0,1965.0,12.0,en,Unknown,5,1,2,111858363.0,18.532744021826126
280379.0,12.543901104922528,90.0,1966.0,1.0,en,Unknown,5,2,0,364937.0,12.807482755122575
3500000.0,15.068273812173887,121.0,1966.0,2.0,en,Unknown,5,1,0,12000000.0,16.300417291085605
7500000.0,15.830413711839864,131.0,1966.0,6.0,en,Unknown,5,1,0,33736689.0,17.334096527127997
3000000.0,14.914123179965662,128.0,1966.0,7.0,en,Unknown,5,1,17,13000000.0,16.380459992348886
5115000.0,15.447688152871265,100.0,1966.0,8.0,en,Unknown,5,1,1,12000000.0,16.300417291085605
800000.0,13.592368256649284,121.0,1966.0,9.0,it,Unknown,5,2,0,921548.0,13.733811228850863
15000000.0,16.52356082573315,189.0,1966.0,10.0,en,Unknown,5,1,0,34562222.0,17.358271822748165
3900000.0,15.176487367510099,120.0,1966.0,12.0,en,Unknown,5,2,3,28350000.0,17.160137623411405
4653000.0,15.353022945741872,120.0,1966.0,12.0,en,Unknown,5,2,2,6000000.0,15.607270193858982
12000000.0,16.300417291085605,182.0,1966.0,12.0,en,Unknown,5,3,2,20000000.0,16.811242881518265
1200000.0,13.997832948091215,161.0,1966.0,12.0,it,Unknown,5,4,2,6000000.0,15.607270193858982
3500000.0,15.068273812173887,113.0,1967.0,1.0,en,Unknown,5,2,5,2000000.0,14.508658238524095
5860000.0,15.583660332201646,111.0,1967.0,3.0,en,Unknown,5,2,1,12000000.0,16.300417291085605
12000000.0,16.300417291085605,131.0,1967.0,4.0,en,Unknown,5,2,6,41744718.0,17.547083510242512
9500000.0,16.066802461833923,117.0,1967.0,6.0,en,Unknown,5,1,0,111584787.0,18.530295290376944
5400000.0,15.501909696719672,150.0,1967.0,6.0,en,Unknown,5,3,0,45300000.0,17.628817612528316
3000000.0,14.914123179965662,126.0,1967.0,6.0,en,Unknown,5,2,0,16217773.0,16.601618359255742
2500000.0,14.731801689838349,111.0,1967.0,7.0,en,Unknown,5,2,1,50700000.0,17.741436488285277
2000000.0,14.508658238524095,109.0,1967.0,8.0,en,Unknown,5,2,0,27379978.0,17.125322610841085
360000.0,12.793862088206213,113.0,1967.0,8.0,en,Unknown,5,3,0,36000000.0,17.399029524198163
2500000.0,14.731801689838349,92.0,1967.0,8.0,en,Unknown,5,2,0,3200000.0,14.978661680269907
4000000.0,15.201805169084134,78.0,1967.0,10.0,en,Unknown,5,1,1,205843612.0,19.142627278251656
4000000.0,15.201805169084134,108.0,1967.0,10.0,en,Unknown,5,1,3,11000000.0,16.213405921671733
4000000.0,15.201805169084134,108.0,1967.0,12.0,en,Unknown,5,1,2,56666667.0,17.852696729875838
3500000.0,15.068273812173887,134.0,1967.0,12.0,en,Unknown,5,2,2,13007551.0,16.38104066983224
18000000.0,16.705882371415992,152.0,1967.0,12.0,en,Unknown,5,2,2,9000000.0,16.012735246411598
3000000.0,14.914123179965662,106.0,1967.0,12.0,en,Unknown,5,1,1,104945305.0,18.468949877170648
5000000.0,15.424948670398354,123.0,1967.0,12.0,en,Unknown,5,1,0,50000000.0,17.72753358339242
5800000.0,15.573368647930426,112.0,1968.0,2.0,en,Unknown,5,2,0,33395426.0,17.32392953240539
747000.0,13.523821802802145,107.0,1968.0,3.0,fr,Unknown,5,3,0,44566.0,10.704748953825517
10500000.0,16.166885910365842,149.0,1968.0,4.0,en,Unknown,5,2,3,68700000.0,18.04525977174862
3200000.0,14.978661680269907,136.0,1968.0,6.0,en,Unknown,5,2,0,33395426.0,17.32392953240539
7000000.0,15.76142084987672,142.0,1968.0,7.0,en,Unknown,5,1,1,11000000.0,16.213405921671733
14320000.0,16.477167789329172,176.0,1968.0,7.0,en,Unknown,5,2,3,14000000.0,16.454567959008102
1800000.0,14.403297778421795,114.0,1968.0,7.0,en,Unknown,5,1,0,6800000.0,15.732433317205148
14000000.0,16.454567959008102,149.0,1968.0,9.0,en,Unknown,5,2,4,52223306.0,17.771039447456843
950000.0,13.76421831620775,103.0,1968.0,9.0,en,Unknown,5,2,0,814666.0,13.610534719770733
10000000.0,16.118095750958314,153.0,1968.0,9.0,en,Unknown,5,3,1,37402877.0,17.437258211295774
114000.0,11.643962499267984,96.0,1968.0,10.0,en,Unknown,5,4,0,30000000.0,17.216707972959764
9000000.0,16.012735246411598,98.0,1968.0,10.0,en,Unknown,5,3,0,2500000.0,14.731801689838349
76000.0,11.23850177707664,70.0,1968.0,10.0,en,Unknown,5,3,0,6000000.0,15.607270193858982
5500000.0,15.520258832020865,113.0,1968.0,10.0,en,Unknown,5,2,0,42300873.0,17.560318305741585
1455000.0,14.190517145872716,113.0,1968.0,11.0,en,Unknown,5,3,1,2620000.0,14.778685257416596
7700000.0,15.856731016694035,155.0,1968.0,12.0,en,Unknown,5,4,0,21000000.0,16.860033043306743
5000000.0,15.424948670398354,175.0,1968.0,12.0,it,Unknown,5,3,3,5321508.0,15.487267467714272
8000000.0,15.894952224644102,149.0,1969.0,1.0,en,Unknown,5,1,0,20000000.0,16.811242881518265
4000000.0,15.201805169084134,106.0,1969.0,4.0,en,Unknown,5,0,0,1750000.0,14.375126917328105
3600000.0,15.096444681204078,113.0,1969.0,5.0,en,Unknown,5,3,0,44785053.0,17.617385025651565
6244087.0,15.647145654047936,145.0,1969.0,6.0,en,Unknown,5,1,1,638641.0,13.367099325969543
2000000.0,14.508658238524095,101.0,1969.0,9.0,en,Unknown,5,2,0,30000000.0,17.216707972959764
6000000.0,15.607270193858982,110.0,1969.0,9.0,en,Unknown,5,3,1,102308889.0,18.44350712841693
20000000.0,16.811242881518265,158.0,1969.0,10.0,en,Unknown,5,3,1,31678778.0,17.271157582501083
6500000.0,15.687312888712007,142.0,1969.0,12.0,en,Unknown,5,3,0,81974493.0,18.221918708062333
24000000.0,16.993564429978885,146.0,1969.0,12.0,en,Unknown,5,2,0,33208099.0,17.31830438003305
4000000.0,15.201805169084134,143.0,1969.0,12.0,en,Unknown,5,1,18,6000000.0,15.607270193858982
3500000.0,15.068273812173887,116.0,1970.0,1.0,en,Unknown,5,3,0,81600000.0,18.217339832189236
12000000.0,16.300417291085605,172.0,1970.0,1.0,en,Unknown,5,1,1,89800000.0,18.313095544408284
25485000.0,17.053600640995047,144.0,1970.0,1.0,en,Unknown,5,1,3,29548291.0,17.201536499807467
11000000.0,16.213405921671733,124.0,1970.0,1.0,en,Unknown,5,2,2,2200000.0,14.603968372873895
7000000.0,15.76142084987672,113.0,1970.0,2.0,en,Unknown,5,1,0,1000000.0,13.815511557963774
10000000.0,16.118095750958314,137.0,1970.0,3.0,en,Unknown,5,2,0,100489151.0,18.425560339338922
600000.0,13.304686600863562,225.0,1970.0,3.0,en,Unknown,5,2,0,34505110.0,17.356618015956748
3000000.0,14.914123179965662,95.0,1970.0,5.0,en,Unknown,5,2,1,18999718.0,16.759934747547664
3716946.0,15.128413190366862,121.0,1970.0,5.0,en,Unknown,5,1,2,5000000.0,15.424948670398354
4000000.0,15.201805169084134,144.0,1970.0,6.0,en,Unknown,5,3,1,5200000.0,15.46416937585933
5000000.0,15.424948670398354,94.0,1970.0,6.0,en,Unknown,5,1,0,3000000.0,14.914123179965662
18000000.0,16.705882371415992,121.0,1970.0,6.0,en,Unknown,5,2,2,24911670.0,17.030846966481878
106000.0,11.571203807011969,107.0,1970.0,7.0,en,Unknown,5,0,0,19319254.0,16.776612824928545
2090000.0,14.55267510240978,109.0,1970.0,7.0,en,Unknown,5,1,1,40000000.0,17.50439003707821
25000000.0,17.034386422832473,128.0,1970.0,10.0,en,Unknown,5,3,0,3052000.0,14.931307999040428
10000000.0,16.118095750958314,125.0,1970.0,10.0,en,Unknown,5,3,10,1500000.0,14.220976332738882
15000000.0,16.52356082573315,139.0,1970.0,12.0,en,Unknown,5,2,2,31559552.0,17.267386890343545
2200000.0,14.603968372873895,99.0,1970.0,12.0,en,Unknown,5,1,0,136400000.0,18.731102310705015
4000000.0,15.201805169084134,78.0,1970.0,12.0,en,Unknown,5,1,2,55675257.0,17.835046405133788
1300000.0,14.077875591662238,99.0,1971.0,1.0,en,Unknown,5,2,0,72266306.0,18.095868561912003
777000.0,13.563196916350243,86.0,1971.0,3.0,en,Unknown,5,2,0,2437000.0,14.706278742947841
6500000.0,15.687312888712007,131.0,1971.0,3.0,en,Unknown,5,1,4,12376563.0,16.331315242271646
150000.0,11.918397239722838,97.0,1971.0,4.0,en,Unknown,5,1,0,15200000.0,16.536806051605975
2000000.0,14.508658238524095,82.0,1971.0,4.0,en,Unknown,5,2,0,11833696.0,16.28646169769967
2500000.0,14.731801689838349,98.0,1971.0,5.0,en,Unknown,5,2,0,12348905.0,16.329078034118602
3000000.0,14.914123179965662,100.0,1971.0,6.0,en,Unknown,5,2,0,4000000.0,15.201805169084134
4000000.0,15.201805169084134,100.0,1971.0,7.0,en,Unknown,5,2,0,12121618.0,16.3105011105424
6900000.0,15.747032114495013,115.0,1971.0,7.0,sv,Unknown,4,2,0,6530000.0,15.69191765439196
1300000.0,14.077875591662238,118.0,1971.0,10.0,en,Unknown,5,2,0,29133000.0,17.187382144569934
20000000.0,16.811242881518265,117.0,1971.0,10.0,en,Unknown,5,1,1,17900000.0,16.700311326676903
1800000.0,14.403297778421795,104.0,1971.0,10.0,en,Unknown,5,3,0,41158757.0,17.532947293547736
725000.0,13.493928313146206,102.0,1971.0,11.0,en,Unknown,5,2,0,10600000.0,16.176364653421913
9000000.0,16.012735246411598,181.0,1971.0,11.0,en,Unknown,5,3,1,83304330.0,18.23801109858261
7200000.0,15.789591722875162,120.0,1971.0,12.0,en,Unknown,5,3,1,116019547.0,18.569269252114584
2200000.0,14.603968372873895,136.0,1971.0,12.0,en,Unknown,5,2,4,26589000.0,17.09600819199818
4000000.0,15.201805169084134,102.0,1971.0,12.0,en,Unknown,5,2,0,35976000.0,17.398362635228988
2200000.0,14.603968372873895,118.0,1971.0,12.0,en,Unknown,5,1,3,3251794.0,14.99471770953247
6000000.0,15.607270193858982,131.0,1972.0,1.0,en,Unknown,5,2,0,7500000.0,15.830413711839864
410000.0,12.923914877701906,101.0,1972.0,2.0,de,Unknown,5,5,0,100.0,4.61512051684126
12000.0,9.392745258631441,93.0,1972.0,3.0,en,Unknown,5,1,0,6000000.0,15.607270193858982
6000000.0,15.607270193858982,175.0,1972.0,3.0,en,Unknown,5,2,0,245066411.0,19.31703980116409
3500000.0,15.068273812173887,116.0,1972.0,5.0,en,Unknown,5,1,19,12600000.0,16.349207451286784
130000.0,11.775297421715827,100.0,1972.0,6.0,cn,Unknown,5,2,0,85000000.0,18.258161826219297
1978000.0,14.49759729672584,104.0,1972.0,6.0,en,Unknown,5,2,1,10000000.0,16.118095750958314
1700000.0,14.346139397261565,88.0,1972.0,6.0,en,Unknown,5,2,1,9700000.0,16.08763654656639
2000000.0,14.508658238524095,109.0,1972.0,7.0,en,Unknown,5,2,1,46122355.0,17.646808336188744
100000.0,11.51293546492023,90.0,1972.0,8.0,en,Unknown,5,1,0,22000000.0,16.906553056777135
2000000.0,14.508658238524095,88.0,1972.0,8.0,en,Unknown,5,1,1,18016290.0,16.706786962100164
1250000.0,14.038654909278163,129.0,1972.0,10.0,fr,Unknown,5,3,0,36144000.0,17.40302154535703
5000000.0,15.424948670398354,117.0,1972.0,12.0,en,Unknown,5,2,0,84563118.0,18.253008783898053
3352254.0,15.025143811676312,118.0,1972.0,12.0,en,Unknown,5,3,4,58831997.0,17.890196448528084
5500000.0,15.520258832020865,105.0,1973.0,4.0,en,Unknown,5,2,1,15700000.0,16.5691713340128
4638783.0,15.349962820890848,106.0,1973.0,5.0,en,Unknown,5,1,5,11000000.0,16.213405921671733
2142000.0,14.57725099684313,112.0,1973.0,6.0,en,Unknown,5,2,0,1458000.0,14.192576877421562
1700000.0,14.346139397261565,93.0,1973.0,6.0,en,Unknown,5,2,2,8844595.0,15.99531720900997
7000000.0,15.76142084987672,121.0,1973.0,7.0,en,Unknown,5,3,2,161777836.0,18.901734575456047
1000000.0,13.815511557963774,107.0,1973.0,7.0,en,Unknown,5,1,0,2000000.0,14.508658238524095
777000.0,13.563196916350243,110.0,1973.0,8.0,en,Unknown,5,3,1,140000000.0,18.757152987716434
950000.0,13.76421831620775,76.0,1973.0,8.0,en,Unknown,5,2,0,1500000.0,14.220976332738882
850000.0,13.652992804936396,99.0,1973.0,8.0,en,Unknown,5,4,0,90000000.0,18.31532023940565
500000.0,13.122365377402328,110.0,1973.0,10.0,en,Unknown,5,1,0,3000000.0,14.914123179965662
15000000.0,16.52356082573315,83.0,1973.0,11.0,en,Unknown,5,1,3,32056467.0,17.283009530642506
3000000.0,14.914123179965662,129.0,1973.0,12.0,en,Unknown,5,3,1,29800000.0,17.21001898503268
12000000.0,16.300417291085605,151.0,1973.0,12.0,en,Unknown,5,3,2,53267000.0,17.790827579204386
2000000.0,14.508658238524095,89.0,1973.0,12.0,en,Unknown,5,1,2,18344729.0,16.724852897756424
5500000.0,15.520258832020865,129.0,1973.0,12.0,en,Unknown,5,1,2,159616327.0,18.888283543511516
8000000.0,15.894952224644102,122.0,1973.0,12.0,en,Unknown,5,2,1,441306145.0,19.905249401176558
2600000.0,14.77102238760702,93.0,1974.0,2.0,en,Unknown,5,2,0,119500000.0,18.59882693770404
6500000.0,15.687312888712007,144.0,1974.0,3.0,en,Unknown,5,1,0,26533200.0,17.09390737469688
3000000.0,14.914123179965662,110.0,1974.0,4.0,en,Unknown,5,2,0,12800000.0,16.36495580701484
1600000.0,14.285514812209815,113.0,1974.0,4.0,en,Unknown,5,3,1,4420000.0,15.3016504802982
160000.0,11.982935344196433,86.0,1974.0,5.0,en,Unknown,5,1,0,4000000.0,15.201805169084134
6000000.0,15.607270193858982,130.0,1974.0,6.0,en,Unknown,5,3,1,30000000.0,17.216707972959764
3000000.0,14.914123179965662,93.0,1974.0,7.0,en,Unknown,5,1,0,22000000.0,16.906553056777135
2900000.0,14.88022163978423,121.0,1974.0,8.0,en,Unknown,5,1,1,43008075.0,17.57689846997649
85000.0,11.350418300109132,83.0,1974.0,10.0,en,Unknown,5,2,0,30859000.0,17.244939032372713
3000000.0,14.914123179965662,107.0,1974.0,10.0,en,Unknown,5,1,1,47000000.0,17.665658180950928
7000000.0,15.76142084987672,123.0,1974.0,11.0,en,Unknown,5,2,1,79666653.0,18.193361662231847
7000000.0,15.76142084987672,125.0,1974.0,12.0,en,Unknown,5,3,3,97572000.0,18.396101135226818
14000000.0,16.454567959008102,159.0,1974.0,12.0,en,Unknown,5,4,1,116000000.0,18.569100757691327
2800000.0,14.845130332288226,106.0,1974.0,12.0,en,Unknown,5,4,1,86273333.0,18.273031116417066
13000000.0,16.380459992348886,200.0,1974.0,12.0,en,Unknown,5,2,2,47542841.0,17.677141799346348
6000000.0,15.607270193858982,118.0,1975.0,3.0,en,Unknown,5,2,1,1500000.0,14.220976332738882
400000.0,12.899222326086994,91.0,1975.0,3.0,en,Unknown,5,4,0,5028948.0,15.43072157392153
5000000.0,15.424948670398354,111.0,1975.0,3.0,en,Unknown,5,3,0,34251525.0,17.3492416764245
970000.0,13.785052381406869,101.0,1975.0,4.0,en,Unknown,5,1,0,2000000.0,14.508658238524095
300000.0,12.611541086966115,80.0,1975.0,4.0,en,Unknown,5,1,0,8000000.0,15.894952224644102
1000000.0,13.815511557963774,96.0,1975.0,5.0,en,Unknown,5,1,0,16000000.0,16.588099342704055
5000000.0,15.424948670398354,113.0,1975.0,5.0,en,Unknown,5,4,2,41833347.0,17.54920437846555
3000000.0,14.914123179965662,85.0,1975.0,6.0,en,Unknown,5,1,3,20173742.0,16.819892465346545
7000000.0,15.76142084987672,124.0,1975.0,6.0,en,Unknown,5,2,1,470654000.0,19.969633776930614
2500000.0,14.731801689838349,95.0,1975.0,8.0,en,Unknown,5,2,0,2000000.0,14.508658238524095
1800000.0,14.403297778421795,125.0,1975.0,8.0,en,Unknown,5,2,2,46665856.0,17.658523341754957
1200000.0,13.997832948091215,100.0,1975.0,8.0,en,Unknown,5,2,0,112892319.0,18.54194500200539
2700000.0,14.80876270134486,93.0,1975.0,9.0,en,Unknown,5,1,0,5000000.0,15.424948670398354
65700.0,11.092869425057021,88.0,1975.0,9.0,tr,Unknown,5,1,0,214600.0,12.276535769000125
70000.0,11.156264806643742,110.0,1975.0,10.0,en,Unknown,5,3,0,11800000.0,16.283610174181653
3000000.0,14.914123179965662,133.0,1975.0,11.0,en,Unknown,5,3,0,108981275.0,18.506686645621063
11000000.0,16.213405921671733,184.0,1975.0,12.0,en,Unknown,5,3,5,20000000.0,16.811242881518265
13000000.0,16.380459992348886,118.0,1975.0,12.0,en,Unknown,5,0,2,24441725.0,17.011802311705317
64200.0,11.06977406588073,94.0,1976.0,1.0,en,Unknown,5,1,0,698200.0,13.456262305906415
1300000.0,14.077875591662238,114.0,1976.0,2.0,en,Unknown,5,3,1,28262574.0,17.157049049257896
445000.0,13.005831808336863,84.0,1976.0,3.0,en,Unknown,5,1,0,2300000.0,14.648420115681892
8500000.0,15.955576839107596,138.0,1976.0,4.0,en,Unknown,5,2,0,70600000.0,18.072540716627778
35000000.0,17.370858648025116,102.0,1976.0,4.0,en,Unknown,5,1,0,35323292.0,17.380053162649663
2000000.0,14.508658238524095,121.0,1976.0,4.0,en,Unknown,5,1,20,7900000.0,15.882373444019521
5000000.0,15.424948670398354,102.0,1976.0,4.0,en,Unknown,5,2,0,24854765.0,17.028560082861887
2800000.0,14.845130332288226,111.0,1976.0,6.0,en,Unknown,5,2,0,60922980.0,17.925121017820974
9000000.0,16.012735246411598,119.0,1976.0,6.0,en,Unknown,5,1,1,25000000.0,17.034386422832473
3700000.0,15.123843647884687,135.0,1976.0,6.0,en,Unknown,5,2,2,31800000.0,17.274976879196945
780000.0,13.567050480716235,93.0,1976.0,7.0,en,Unknown,5,4,1,1500000.0,14.220976332738882
23000000.0,16.951004817371683,134.0,1976.0,9.0,en,Unknown,5,2,2,90614445.0,18.322124206426327
6500000.0,15.687312888712007,125.0,1976.0,10.0,en,Unknown,5,1,1,21709020.0,16.893238446411157
3800000.0,15.150511887854474,121.0,1976.0,11.0,en,Unknown,5,2,3,23689877.0,16.98055842626945
1800000.0,14.403297778421795,98.0,1976.0,11.0,en,Unknown,5,1,0,33800000.0,17.335971390039045
1000000.0,13.815511557963774,119.0,1976.0,11.0,en,Unknown,5,1,1,117235147.0,18.57969228775781
6500000.0,15.687312888712007,114.0,1976.0,12.0,en,Unknown,5,3,1,51079064.0,17.748885284340876
6000000.0,15.607270193858982,103.0,1976.0,12.0,en,Unknown,5,2,3,33833201.0,17.336953185997075
6000000.0,15.607270193858982,139.0,1976.0,12.0,en,Unknown,5,2,0,161000000.0,18.896914929159916
9000000.0,16.012735246411598,96.0,1976.0,12.0,en,Unknown,5,1,0,46236000.0,17.649269295024464
810000.0,13.60479076121576,106.0,1977.0,1.0,en,Unknown,5,1,0,1258000.0,14.045034511154766
1200000.0,13.997832948091215,80.0,1977.0,2.0,en,Unknown,4,2,1,9000000.0,16.012735246411598
750000.0,13.527829818844937,102.0,1977.0,2.0,en,Unknown,5,3,0,3000000.0,14.914123179965662
6000000.0,15.607270193858982,114.0,1977.0,3.0,en,Unknown,5,1,0,30000000.0,17.216707972959764
10000.0,9.210440366976517,89.0,1977.0,3.0,en,Unknown,5,2,0,7000000.0,15.76142084987672
4000000.0,15.201805169084134,93.0,1977.0,4.0,en,Unknown,5,1,4,38251425.0,17.45969139858765
11000000.0,16.213405921671733,121.0,1977.0,5.0,en,Unknown,5,2,2,775398007.0,20.468887014201155
22000000.0,16.906553056777135,175.0,1977.0,6.0,en,Unknown,5,2,0,50750000.0,17.742422195590603
14000000.0,16.454567959008102,118.0,1977.0,6.0,en,Unknown,5,1,2,30749142.0,17.241372681909727
1200000.0,13.997832948091215,78.0,1977.0,6.0,en,Unknown,5,1,0,71215869.0,18.08122624480362
22000000.0,16.906553056777135,121.0,1977.0,6.0,en,Unknown,5,3,2,12000000.0,16.300417291085605
14000000.0,16.454567959008102,125.0,1977.0,7.0,en,Unknown,5,3,1,185438673.0,19.038234786969323
3500000.0,15.068273812173887,113.0,1977.0,7.0,en,Unknown,5,2,0,16000000.0,16.588099342704055
230000.0,12.345838935721968,89.0,1977.0,7.0,en,Unknown,5,1,0,25000000.0,17.034386422832473
6000000.0,15.607270193858982,92.0,1977.0,7.0,en,Unknown,5,1,2,14717854.0,16.504571940538103
500000.0,13.122365377402328,97.0,1977.0,8.0,en,Unknown,5,1,0,17000000.0,16.648723960844016
17000000.0,16.648723960844016,91.0,1977.0,9.0,en,Unknown,5,1,2,8720000.0,15.981129910564055
20000000.0,16.811242881518265,135.0,1977.0,11.0,en,Unknown,5,3,2,303788635.0,19.531842741238037
3500000.0,15.068273812173887,118.0,1977.0,12.0,en,Unknown,5,2,0,237113184.0,19.284048158936976
5500000.0,15.520258832020865,109.0,1977.0,12.0,en,Unknown,5,2,3,26414658.0,17.08942967916541
3400000.0,15.039286283703994,94.0,1977.0,12.0,en,Unknown,5,2,2,31063038.0,17.25152921378325
5500000.0,15.520258832020865,118.0,1978.0,3.0,en,Unknown,5,2,1,24000000.0,16.993564429978885
118.0,4.77912349311153,119.0,1978.0,4.0,en,Unknown,4,0,1,19.0,2.995732273553991
11.0,2.4849066497880004,145.0,1978.0,4.0,en,Unknown,5,2,2,11.0,2.4849066497880004
1200000.0,13.997832948091215,113.0,1978.0,5.0,en,Unknown,5,2,0,14363400.0,16.48019393198267
2515000.0,14.737783759130211,124.0,1978.0,5.0,en,Unknown,5,1,1,24000000.0,16.993564429978885
1000000.0,13.815511557963774,95.0,1978.0,6.0,en,Unknown,5,0,2,18300000.0,16.722411672456456
6800000.0,15.732433317205148,107.0,1978.0,6.0,en,Unknown,5,2,1,26518355.0,17.09334773041019
20000000.0,16.811242881518265,116.0,1978.0,6.0,en,Unknown,5,1,0,187884007.0,19.051335351661123
12000000.0,16.300417291085605,110.0,1978.0,6.0,en,Unknown,5,2,6,22765081.0,16.94073842876518
6000000.0,15.607270193858982,110.0,1978.0,7.0,en,Unknown,5,2,0,181813770.0,19.01849348491372
2700000.0,14.80876270134486,109.0,1978.0,7.0,en,Unknown,5,3,0,141000000.0,18.76427045543464
7000000.0,15.76142084987672,104.0,1978.0,8.0,en,Unknown,5,1,0,20000000.0,16.811242881518265
650000.0,13.384729180332174,127.0,1978.0,9.0,en,Unknown,5,2,1,55000000.0,17.822843761378564
2300000.0,14.648420115681892,121.0,1978.0,9.0,en,Unknown,5,2,0,35000000.0,17.370858648025116
7920000.0,15.884901890053227,140.0,1978.0,10.0,en,Unknown,5,2,3,14560084.0,16.493794438627862
1000000.0,13.815511557963774,88.0,1978.0,10.0,en,Unknown,5,3,0,3713768.0,15.127557821868384
24000000.0,16.993564429978885,134.0,1978.0,10.0,en,Unknown,5,2,4,21049053.0,16.862366176465226
300000.0,12.611541086966115,91.0,1978.0,10.0,en,Unknown,5,2,0,70000000.0,18.064005814299346
5000000.0,15.424948670398354,118.0,1978.0,11.0,en,Unknown,5,1,4,7230000.0,15.793749732447525
100000.0,11.51293546492023,83.0,1978.0,11.0,en,Unknown,5,1,0,362222.0,12.80001532324363
4000000.0,15.201805169084134,132.0,1978.0,11.0,en,Unknown,5,2,2,30471420.0,17.23229978590991
15000000.0,16.52356082573315,183.0,1978.0,12.0,en,Unknown,5,2,0,50000000.0,17.72753358339242
55000000.0,17.822843761378564,143.0,1978.0,12.0,en,Unknown,5,3,1,300218018.0,19.520019498680096
3500000.0,15.068273812173887,115.0,1978.0,12.0,en,Unknown,5,2,0,24046533.0,16.99550142770616
5.0,1.791759469228055,110.0,1978.0,12.0,en,Unknown,5,2,1,85.0,4.454347296253507
12000000.0,16.300417291085605,102.0,1979.0,1.0,en,Unknown,5,1,3,54000000.0,17.804494623047066
17500000.0,16.677711496036597,156.0,1979.0,1.0,en,Unknown,5,2,0,23438120.0,16.96987435734389
4000000.0,15.201805169084134,93.0,1979.0,2.0,en,Unknown,5,1,1,22490039.0,16.92858310250217
5900000.0,15.59046307836746,122.0,1979.0,3.0,en,Unknown,5,2,0,51718367.0,17.761323556845714
300000.0,12.611541086966115,89.0,1979.0,3.0,en,Unknown,5,2,0,11988469.0,16.2994559125227
400000.0,12.899222326086994,93.0,1979.0,4.0,en,Unknown,5,3,0,100000000.0,18.420680753952364
2300000.0,14.648420115681892,100.0,1979.0,5.0,en,Unknown,5,1,1,20000000.0,16.811242881518265
11000000.0,16.213405921671733,117.0,1979.0,5.0,en,Unknown,5,2,0,104931801.0,18.468821192340297
9000000.0,16.012735246411598,103.0,1979.0,6.0,en,Unknown,5,1,2,38200000.0,17.458346099754813
7000000.0,15.76142084987672,119.0,1979.0,6.0,en,Unknown,5,1,0,200182160.0,19.11473831498112
8000000.0,15.894952224644102,111.0,1979.0,6.0,en,Unknown,5,2,1,43000000.0,17.57671069691365
34000000.0,17.341871111992198,126.0,1979.0,6.0,en,Unknown,5,2,2,210308099.0,19.164084156336326
9200000.0,16.034714150714915,114.0,1979.0,7.0,en,Unknown,5,1,2,9346177.0,16.05047804764214
600000.0,13.304686600863562,109.0,1979.0,7.0,en,Unknown,5,0,0,809000.0,13.603555432133808
2500000.0,14.731801689838349,110.0,1979.0,8.0,en,Unknown,5,2,0,15014674.0,16.524538614143665
31500000.0,17.265498135541893,153.0,1979.0,8.0,en,Unknown,5,2,3,89460381.0,18.309306426024694
4000000.0,15.201805169084134,94.0,1979.0,8.0,en,Unknown,5,2,0,20045115.0,16.813496091021296
14000000.0,16.454567959008102,123.0,1979.0,8.0,en,Unknown,5,1,0,13015688.0,16.381666033926223
2700000.0,14.80876270134486,118.0,1979.0,10.0,en,Unknown,5,1,0,37799643.0,17.44781024255605
9250000.0,16.04013421759671,125.0,1979.0,11.0,en,Unknown,5,1,1,29174648.0,17.188810705216195
35000000.0,17.370858648025116,132.0,1979.0,12.0,en,Unknown,5,1,5,139000000.0,18.749984498289212
35000000.0,17.370858648025116,113.0,1979.0,12.0,en,Unknown,5,3,3,31755742.0,17.27358414883558
8000000.0,15.894952224644102,105.0,1979.0,12.0,en,Unknown,5,1,0,106260000.0,18.48139948839795
20000000.0,16.811242881518265,98.0,1979.0,12.0,en,Unknown,5,1,0,35841901.0,17.394628213859313
1000000.0,13.815511557963774,89.0,1980.0,2.0,en,Unknown,5,3,1,21378361.0,16.87788984696857
4800000.0,15.38412668421143,117.0,1980.0,2.0,en,Unknown,5,1,0,22743674.0,16.939797642727935
15000000.0,16.52356082573315,125.0,1980.0,3.0,en,Unknown,5,1,0,67182787.0,18.02292764173386
20000000.0,16.811242881518265,121.0,1980.0,3.0,en,Unknown,5,2,0,3763988.0,15.140989857260182
550000.0,13.217675375388819,95.0,1980.0,5.0,en,Unknown,5,3,0,59754601.0,17.905756766730438
10000000.0,16.118095750958314,99.0,1980.0,5.0,en,Unknown,5,1,2,15795189.0,16.575216021269114
18000000.0,16.705882371415992,124.0,1980.0,5.0,en,Unknown,5,2,1,538400000.0,20.10411233815215
19000000.0,16.759949589762293,144.0,1980.0,5.0,en,Unknown,5,3,6,44017374.0,17.60009500029907
4500000.0,15.319588176962746,113.0,1980.0,5.0,en,Unknown,5,1,0,7206220.0,15.790455238706933
2500000.0,14.731801689838349,91.0,1980.0,5.0,en,Unknown,5,2,0,10000000.0,16.118095750958314
5500000.0,15.520258832020865,95.0,1980.0,6.0,en,Unknown,5,1,0,4865000.0,15.397577479152067
27000000.0,17.11134746100564,133.0,1980.0,6.0,en,Unknown,5,1,1,115229890.0,18.56243974305553
14000000.0,16.454567959008102,112.0,1980.0,6.0,en,Unknown,5,2,2,16656125.0,16.628288634649774
6500000.0,15.687312888712007,105.0,1980.0,6.0,en,Unknown,5,2,2,31899000.0,17.27808525065028
3500000.0,15.068273812173887,88.0,1980.0,7.0,en,Unknown,5,1,0,83453539.0,18.239800627783534
4500000.0,15.319588176962746,104.0,1980.0,7.0,en,Unknown,5,1,1,58853106.0,17.89055518551908
8000000.0,15.894952224644102,113.0,1980.0,7.0,en,Unknown,5,1,0,11715321.0,16.276408115675192
1000000.0,13.815511557963774,92.0,1980.0,7.0,en,Unknown,5,3,0,14796236.0,16.509883449648857
6000000.0,15.607270193858982,98.0,1980.0,7.0,en,Unknown,5,2,0,39846344.0,17.500541240048012
20000000.0,16.811242881518265,96.0,1980.0,8.0,en,Unknown,5,1,0,22471595.0,16.92776266967652
35000000.0,17.370858648025116,111.0,1980.0,9.0,en,Unknown,5,2,0,27107960.0,17.11533800654742
7200000.0,15.789591722875162,104.0,1980.0,9.0,en,Unknown,5,5,0,12729678.0,16.35944675419052
2000000.0,14.508658238524095,104.0,1980.0,9.0,en,Unknown,5,1,0,11000000.0,16.213405921671733
5000000.0,15.424948670398354,109.0,1980.0,9.0,en,Unknown,5,2,0,60000000.0,17.909855136853043
10000000.0,16.118095750958314,89.0,1980.0,9.0,en,Unknown,5,2,5,10389003.0,16.156258497075214
5000000.0,15.424948670398354,124.0,1980.0,10.0,en,Unknown,5,1,1,26010864.0,17.07402489331168
18000000.0,16.705882371415992,129.0,1980.0,11.0,en,Unknown,5,1,2,23000000.0,16.951004817371683
44000000.0,17.599700214609808,219.0,1980.0,11.0,en,Unknown,5,2,1,3484331.0,15.063786905181397
54000000.0,17.804494623047066,127.0,1980.0,12.0,en,Unknown,5,3,1,190458706.0,19.064945967880078
15000000.0,16.52356082573315,102.0,1980.0,12.0,en,Unknown,5,1,1,19853892.0,16.803910666775085
4100000.0,15.226497775576945,103.0,1981.0,1.0,en,Unknown,5,4,0,14225876.0,16.47057318809735
300000.0,12.611541086966115,105.0,1981.0,2.0,en,Unknown,5,5,0,1400000.0,14.151983508870947
14000000.0,16.454567959008102,118.0,1981.0,2.0,en,Unknown,5,2,3,439564.0,12.99354088050754
15000000.0,16.52356082573315,118.0,1981.0,3.0,en,Unknown,5,2,0,41092328.0,17.53133201971085
5000000.0,15.424948670398354,99.0,1981.0,3.0,en,Unknown,5,3,0,19905359.0,16.80649960016107
1000000.0,13.815511557963774,91.0,1981.0,4.0,en,Unknown,5,3,0,17985893.0,16.70509834196653
5000000.0,15.424948670398354,144.0,1981.0,4.0,en,Unknown,5,0,0,2028612.0,14.522862866263944
11000000.0,16.213405921671733,140.0,1981.0,4.0,en,Unknown,5,2,3,34967437.0,17.369927843559026
6500000.0,15.687312888712007,104.0,1981.0,4.0,en,Unknown,5,2,0,566736.0,13.247650630303436
1250000.0,14.038654909278163,87.0,1981.0,5.0,en,Unknown,5,2,0,21722776.0,16.893871899369287
5500000.0,15.520258832020865,123.0,1981.0,5.0,en,Unknown,5,5,0,58972904.0,17.89258865910012
6000000.0,15.607270193858982,99.0,1981.0,5.0,en,Unknown,5,4,2,50244700.0,17.73241564660661
16000000.0,16.588099342704055,112.0,1981.0,5.0,en,Unknown,5,2,0,17374595.0,16.67051969734624
3000000.0,14.914123179965662,94.0,1981.0,5.0,en,Unknown,5,1,0,216166.0,12.283806536089383
11000000.0,16.213405921671733,92.0,1981.0,6.0,en,Unknown,5,2,3,31672907.0,17.27097223621293
18000000.0,16.705882371415992,115.0,1981.0,6.0,en,Unknown,5,2,4,389925971.0,19.78146746368613
10000000.0,16.118095750958314,116.0,1981.0,6.0,en,Unknown,5,2,7,27453418.0,17.128001271897702
18000000.0,16.705882371415992,95.0,1981.0,6.0,en,Unknown,5,1,0,72179579.0,18.09466773837562
28000000.0,17.147715103853763,127.0,1981.0,6.0,en,Unknown,5,2,0,195312802.0,19.09011294925379
10000000.0,16.118095750958314,106.0,1981.0,6.0,en,Unknown,5,1,0,85300000.0,18.261685024185237
18000000.0,16.705882371415992,108.0,1981.0,6.0,en,Unknown,5,2,0,14110013.0,16.462395316032616
1750000.0,14.375126917328105,101.0,1981.0,6.0,en,Unknown,5,3,0,100000.0,11.51293546492023
12000000.0,16.300417291085605,82.0,1981.0,7.0,en,Unknown,5,1,0,29800000.0,17.21001898503268
5000000.0,15.424948670398354,116.0,1981.0,7.0,en,Unknown,5,1,1,42365581.0,17.56184684527556
7000000.0,15.76142084987672,97.0,1981.0,7.0,en,Unknown,5,1,0,95461682.0,18.374235499807728
18000000.0,16.705882371415992,108.0,1981.0,7.0,en,Unknown,5,1,3,12000000.0,16.300417291085605
17000000.0,16.648723960844016,115.0,1981.0,7.0,en,Unknown,5,2,1,10626725.0,16.178882706640483
20000000.0,16.811242881518265,98.0,1981.0,7.0,en,Unknown,5,0,1,2297493.0,14.647329521674292
3000000.0,14.914123179965662,112.0,1981.0,8.0,en,Unknown,5,2,1,11740000.0,16.278512457543098
18000000.0,16.705882371415992,98.0,1981.0,8.0,en,Unknown,5,1,0,2945600.0,14.895823428950301
10000000.0,16.118095750958314,97.0,1981.0,8.0,en,Unknown,5,4,2,31973249.0,17.28041017367341
2800000.0,14.845130332288226,87.0,1981.0,8.0,en,Unknown,5,2,0,26279000.0,17.084280737159514
24000000.0,16.993564429978885,107.0,1981.0,8.0,en,Unknown,5,0,2,939423.0,13.753022200470951
14000000.0,16.454567959008102,149.0,1981.0,9.0,de,Unknown,5,5,0,85000000.0,18.258161826219297
350000.0,12.765691290604371,85.0,1981.0,10.0,en,Unknown,5,1,0,29400000.0,17.196505266322514
2500000.0,14.731801689838349,92.0,1981.0,10.0,en,Unknown,5,1,0,25533818.0,17.055514366749545
17000000.0,16.648723960844016,102.0,1981.0,11.0,en,Unknown,5,1,0,2000000.0,14.508658238524095
4000000.0,15.201805169084134,94.0,1981.0,11.0,en,Unknown,5,2,0,125728258.0,18.64963346134075
10000000.0,16.118095750958314,112.0,1981.0,12.0,en,Unknown,5,0,0,6892098.0,15.745886241007346
22000000.0,16.906553056777135,108.0,1981.0,12.0,en,Unknown,5,3,0,9171289.0,16.031588510456466
12000000.0,16.300417291085605,100.0,1981.0,12.0,xx,Unknown,5,2,0,55260558.0,17.82756999322452
8500000.0,15.955576839107596,94.0,1981.0,12.0,en,Unknown,5,1,2,29916207.0,17.213910965070703
10000000.0,16.118095750958314,79.0,1981.0,12.0,en,Unknown,5,1,0,2154696.0,14.583160668386162
12000000.0,16.300417291085605,116.0,1981.0,12.0,en,Unknown,5,2,0,40716963.0,17.52215536947018
14000000.0,16.454567959008102,126.0,1981.0,12.0,fr,Unknown,5,1,0,35856053.0,17.39502298104581
2000000.0,14.508658238524095,95.0,1981.0,12.0,en,Unknown,5,1,1,24600832.0,17.01829086211791
48740.0,10.79427584399786,81.0,1981.0,12.0,sv,Unknown,5,4,0,955401.0,13.769887473299843
32000000.0,17.281246492014,195.0,1981.0,12.0,en,Unknown,5,2,0,40382659.0,17.5139110428745
1000000.0,13.815511557963774,91.0,1982.0,1.0,en,Unknown,5,1,0,3000000.0,14.914123179965662
2000000.0,14.508658238524095,88.0,1982.0,2.0,en,Unknown,5,1,1,45000000.0,17.622173069956816
3500000.0,15.068273812173887,104.0,1982.0,3.0,en,Unknown,5,2,0,20659423.0,16.843682141305834
800000.0,13.592368256649284,85.0,1982.0,3.0,en,Unknown,5,0,0,7000000.0,15.76142084987672
4000000.0,15.201805169084134,100.0,1982.0,4.0,en,Unknown,5,1,0,39103425.0,17.481720642600433
4500000.0,15.319588176962746,103.0,1982.0,4.0,en,Unknown,5,2,1,10500000.0,16.166885910365842
20000000.0,16.811242881518265,129.0,1982.0,4.0,en,Unknown,5,2,1,79114085.0,18.186401495265606
10500000.0,16.166885910365842,115.0,1982.0,4.0,en,Unknown,5,2,5,792965326.0,20.491290054809664
17000000.0,16.648723960844016,99.0,1982.0,5.0,en,Unknown,5,1,1,270000000.0,19.413932520666354
12000000.0,16.300417291085605,113.0,1982.0,6.0,en,Unknown,5,1,0,96800000.0,18.388157562577383
10700000.0,16.185754392890075,114.0,1982.0,6.0,en,Unknown,5,2,1,122200000.0,18.621169612885076
13200000.0,16.395727463314174,115.0,1982.0,6.0,en,Unknown,5,1,0,15171476.0,16.5349277098021
18000000.0,16.705882371415992,136.0,1982.0,6.0,en,Unknown,5,1,4,70687344.0,18.07377711908843
7000000.0,15.76142084987672,82.0,1982.0,6.0,en,Unknown,5,4,0,14665733.0,16.50102431028335
50000000.0,17.72753358339242,127.0,1982.0,6.0,en,Unknown,5,2,8,57059003.0,17.859596448287082
28000000.0,17.147715103853763,117.0,1982.0,6.0,en,Unknown,5,3,1,33139618.0,17.316240073215855
15000000.0,16.52356082573315,109.0,1982.0,6.0,en,Unknown,5,2,3,19629760.0,16.792557390936548
17000000.0,16.648723960844016,96.0,1982.0,7.0,en,Unknown,5,2,0,33000000.0,17.312018149733785
12000000.0,16.300417291085605,95.0,1982.0,7.0,en,Unknown,5,3,1,22244207.0,16.917592218082053
35000000.0,17.370858648025116,114.0,1982.0,7.0,en,Unknown,5,2,0,69701637.0,18.059734376171974
4500000.0,15.319588176962746,90.0,1982.0,8.0,en,Unknown,5,2,0,27092880.0,17.11478155761295
17000000.0,16.648723960844016,136.0,1982.0,8.0,en,Unknown,5,2,3,29712172.0,17.207067385120947
4000000.0,15.201805169084134,95.0,1982.0,8.0,en,Unknown,5,2,1,36690067.0,17.418016649695787
17000000.0,16.648723960844016,105.0,1982.0,10.0,en,Unknown,5,2,0,946461.0,13.7604861009122
15000000.0,16.52356082573315,93.0,1982.0,10.0,en,Unknown,5,1,0,125212904.0,18.645526086398274
2500000.0,14.731801689838349,98.0,1982.0,10.0,en,Unknown,5,1,0,14400000.0,16.48273883399067
8000000.0,15.894952224644102,120.0,1982.0,11.0,en,Unknown,5,3,2,21028755.0,16.86140139233913
850000.0,13.652992804936396,109.0,1982.0,11.0,en,Unknown,5,2,1,840000.0,13.641158361294979
20000000.0,16.811242881518265,93.0,1982.0,11.0,en,Unknown,5,2,0,8178569.0,15.917027876670806
22000000.0,16.906553056777135,191.0,1982.0,11.0,en,Unknown,5,5,1,77737889.0,18.16885334126544
12000000.0,16.300417291085605,96.0,1982.0,12.0,en,Unknown,5,1,3,78868508.0,18.183292580669043
12000000.0,16.300417291085605,151.0,1982.0,12.0,en,Unknown,5,2,1,30036000.0,17.21790725349529
16000000.0,16.588099342704055,129.0,1982.0,12.0,en,Unknown,5,1,5,53977250.0,17.80407323798836
5000000.0,15.424948670398354,80.0,1982.0,12.0,en,Unknown,5,1,1,2091037.0,14.553171151368549
21000000.0,16.860033043306743,116.0,1982.0,12.0,en,Unknown,5,5,1,177200000.0,18.992789601778597
6000000.0,15.607270193858982,115.0,1982.0,12.0,en,Unknown,5,2,2,1317657.0,14.091366476306007
15000000.0,16.52356082573315,93.0,1982.0,12.0,en,Unknown,5,4,0,40577001.0,17.518712010874765
425000.0,12.959846800844963,91.0,1983.0,1.0,en,Unknown,5,1,0,10604986.0,16.1768349201433
5952000.0,15.599238023505803,87.0,1983.0,2.0,en,Unknown,5,4,1,2120439.0,14.567134172283073
22000000.0,16.906553056777135,109.0,1983.0,2.0,en,Unknown,5,2,1,42313354.0,17.560613315227297
8000000.0,15.894952224644102,121.0,1983.0,2.0,en,Unknown,5,0,0,2439705.0,14.707388098206385
300000.0,12.611541086966115,88.0,1983.0,3.0,en,Unknown,5,1,0,3952448.0,15.18984594475671
4520000.0,15.324022773047327,101.0,1983.0,3.0,en,Unknown,5,3,3,7175592.0,15.786195964278418
20500000.0,16.835935492889124,99.0,1983.0,3.0,en,Unknown,5,3,0,87987055.0,18.292700270714462
1200000.0,13.997832948091215,81.0,1983.0,3.0,en,Unknown,5,2,3,760883.0,13.542236194213208
10000000.0,16.118095750958314,91.0,1983.0,3.0,en,Unknown,5,2,4,33697647.0,17.33293860060213
7000000.0,15.76142084987672,100.0,1983.0,4.0,en,Unknown,5,2,0,1246141.0,14.035562936523052
350000.0,12.765691290604371,99.0,1983.0,4.0,en,Unknown,5,2,0,17343596.0,16.66873394725045
4000000.0,15.201805169084134,95.0,1983.0,4.0,en,Unknown,5,1,0,92921203.0,18.34726242316523
5000000.0,15.424948670398354,107.0,1983.0,4.0,en,Unknown,5,3,1,12232628.0,16.31961744776731
19000000.0,16.759949589762293,95.0,1983.0,4.0,en,Unknown,5,2,1,5656087.0,15.548243045136237
15000000.0,16.52356082573315,90.0,1983.0,5.0,en,Unknown,5,3,0,16500000.0,16.61887099947687
32350000.0,17.292124609823084,135.0,1983.0,5.0,en,Unknown,5,2,0,572700000.0,20.1658725791102
12000000.0,16.300417291085605,114.0,1983.0,6.0,en,Unknown,5,2,2,79567667.0,18.19211838739628
5000000.0,15.424948670398354,113.0,1983.0,6.0,en,Unknown,5,2,1,34725000.0,17.362970475402378
27500000.0,17.129696599000436,131.0,1983.0,6.0,en,Unknown,5,1,1,187500000.0,19.049289408708074
40600000.0,17.5192786492025,116.0,1983.0,6.0,en,Unknown,5,2,3,90400000.0,18.31975483642435
39000000.0,17.479072229734946,125.0,1983.0,6.0,en,Unknown,5,3,2,75850624.0,18.14427650367213
10000000.0,16.118095750958314,101.0,1983.0,6.0,en,Unknown,5,1,6,29450919.0,17.198235706962723
6500000.0,15.687312888712007,98.0,1983.0,6.0,en,Unknown,5,2,1,33759266.0,17.33476551537101
22000000.0,16.906553056777135,93.0,1983.0,7.0,en,Unknown,5,1,2,64892670.0,17.988245247716627
15000000.0,16.52356082573315,98.0,1983.0,7.0,en,Unknown,5,1,1,61399552.0,17.932913112960577
27000000.0,17.11134746100564,117.0,1983.0,7.0,en,Unknown,5,2,2,16519460.0,16.620049698406184
6200000.0,15.64006001130563,98.0,1983.0,8.0,en,Unknown,5,1,0,63541777.0,17.967208168787455
5000000.0,15.424948670398354,91.0,1983.0,8.0,en,Unknown,5,2,0,21200000.0,16.86951178681205
11000000.0,16.213405921671733,109.0,1983.0,8.0,en,Unknown,5,3,4,4491986.0,15.317805700802445
15000000.0,16.52356082573315,106.0,1983.0,9.0,en,Unknown,5,1,0,10219460.0,16.139804401623017
36000000.0,17.399029524198163,134.0,1983.0,10.0,en,Unknown,5,3,2,160000000.0,18.8906843794481
3000000.0,14.914123179965662,26.0,1983.0,10.0,en,Unknown,5,1,0,21000000.0,16.860033043306743
10000000.0,16.118095750958314,94.0,1983.0,10.0,en,Unknown,5,1,5,2494480.0,14.729591249497357
27000000.0,17.11134746100564,193.0,1983.0,10.0,en,Unknown,5,2,1,21500000.0,16.88356353960952
10000000.0,16.118095750958314,103.0,1983.0,10.0,en,Unknown,5,3,2,20766616.0,16.848857303433423
1500000.0,14.220976332738882,90.0,1983.0,11.0,en,Unknown,5,3,0,2044892.0,14.53085602335177
12000000.0,16.300417291085605,132.0,1983.0,11.0,en,Unknown,5,3,0,30400000.0,17.229953199271186
22000000.0,16.906553056777135,117.0,1983.0,12.0,en,Unknown,5,1,5,67642693.0,18.029749909705362
25000000.0,17.034386422832473,170.0,1983.0,12.0,en,Unknown,5,1,4,65884703.0,18.003416863274765
6000000.0,15.607270193858982,96.0,1983.0,12.0,en,Unknown,5,3,0,3661757.0,15.113453917925897
19000000.0,16.759949589762293,110.0,1983.0,12.0,en,Unknown,5,1,5,11000000.0,16.213405921671733
8000000.0,15.894952224644102,84.0,1984.0,1.0,en,Unknown,5,1,6,10600497.0,16.17641153911079
8200000.0,15.919644834185693,107.0,1984.0,2.0,en,Unknown,5,2,1,80035402.0,18.197979632247314
1500000.0,14.220976332738882,92.0,1984.0,2.0,en,Unknown,5,1,0,2300000.0,14.648420115681892
800000.0,13.592368256649284,93.0,1984.0,3.0,en,Unknown,5,5,0,14000000.0,16.454567959008102
8000000.0,15.894952224644102,111.0,1984.0,3.0,en,Unknown,5,1,0,69821334.0,18.061450180054187
1000000.0,13.815511557963774,117.0,1984.0,3.0,ja,Unknown,5,1,0,3301446.0,15.009871415178806
4500000.0,15.319588176962746,96.0,1984.0,3.0,en,Unknown,5,2,0,146198896.0,18.80047856079185
9000000.0,16.012735246411598,108.0,1984.0,3.0,en,Unknown,5,2,0,6045657.0,15.614850886396763
10000000.0,16.118095750958314,106.0,1984.0,3.0,en,Unknown,5,4,1,86572238.0,18.276489756320597
27000000.0,17.11134746100564,102.0,1984.0,4.0,en,Unknown,5,5,1,20158808.0,16.819151922041353
2600000.0,14.77102238760702,91.0,1984.0,4.0,en,Unknown,5,2,0,32980880.0,17.311438587898426
5500000.0,15.520258832020865,95.0,1984.0,4.0,en,Unknown,5,3,0,801000.0,13.593617474489168
6500000.0,15.687312888712007,93.0,1984.0,5.0,en,Unknown,5,1,0,23686027.0,16.980395896395784
2500000.0,14.731801689838349,82.0,1984.0,5.0,en,Unknown,5,1,0,4736202.0,15.370746317803055
25000000.0,17.034386422832473,132.0,1984.0,5.0,en,Unknown,5,1,0,8613462.0,15.96883700227682
28000000.0,17.147715103853763,137.0,1984.0,5.0,en,Unknown,5,1,0,47951979.0,17.685710651454745
15000000.0,16.52356082573315,114.0,1984.0,5.0,en,Unknown,5,2,0,17080167.0,16.6534285823419
1746964.0,14.373390554570912,147.0,1984.0,5.0,en,Unknown,5,5,1,2181987.0,14.595746945818325
28000000.0,17.147715103853763,118.0,1984.0,5.0,en,Unknown,5,2,7,333000000.0,19.62365305094772
18000000.0,16.705882371415992,105.0,1984.0,5.0,en,Unknown,5,1,0,87000000.0,18.28141868811311
14500000.0,16.489659276356317,93.0,1984.0,6.0,en,Unknown,5,1,4,8089290.0,15.906051646133578
30000000.0,17.216707972959764,107.0,1984.0,6.0,en,Unknown,5,3,1,295212467.0,19.503205885571045
11000000.0,16.213405921671733,106.0,1984.0,6.0,en,Unknown,5,2,1,153083102.0,18.846491488763156
9000000.0,16.012735246411598,90.0,1984.0,6.0,en,Unknown,5,1,0,20458340.0,16.833901230156197
28000000.0,17.147715103853763,111.0,1984.0,6.0,en,Unknown,5,1,2,21435321.0,16.8805506800614
8000000.0,15.894952224644102,126.0,1984.0,6.0,en,Unknown,5,3,3,90815558.0,18.324341183517546
6000000.0,15.607270193858982,105.0,1984.0,6.0,en,Unknown,5,3,0,38435947.0,17.464503725480057
18000000.0,16.705882371415992,103.0,1984.0,6.0,en,Unknown,5,2,4,100000000.0,18.420680753952364
15000000.0,16.52356082573315,101.0,1984.0,7.0,en,Unknown,5,2,0,28733290.0,17.17356697364686
18000000.0,16.705882371415992,94.0,1984.0,7.0,en,Unknown,5,2,0,19265302.0,16.773816263922864
7200000.0,15.789591722875162,111.0,1984.0,7.0,en,Unknown,5,3,0,68392977.0,18.040780716504084
4200000.0,15.250595321348806,114.0,1984.0,8.0,en,Unknown,5,2,2,38376497.0,17.462955798940374
25000000.0,17.034386422832473,117.0,1984.0,8.0,en,Unknown,5,3,4,5778353.0,15.56962942500593
1250000.0,14.038654909278163,88.0,1984.0,8.0,en,Unknown,5,2,0,3412497.0,15.042955132394594
7000000.0,15.76142084987672,105.0,1984.0,8.0,en,Unknown,5,1,0,8914881.0,16.00323257307288
6000000.0,15.607270193858982,101.0,1984.0,9.0,en,Unknown,5,2,3,21821347.0,16.898399314646156
9000000.0,16.012735246411598,100.0,1984.0,10.0,en,Unknown,5,1,0,10364904.0,16.15393613834933
10000000.0,16.118095750958314,114.0,1984.0,10.0,en,Unknown,5,2,5,8801940.0,15.990482823308668
6400000.0,15.671808704579888,108.0,1984.0,10.0,en,Unknown,5,5,0,78371200.0,18.176967083653235
18000000.0,16.705882371415992,160.0,1984.0,10.0,en,Unknown,5,1,1,51973029.0,17.766235488152116
14400000.0,16.48273883399067,141.0,1984.0,11.0,en,Unknown,5,3,0,34700291.0,17.362258659867273
1000000.0,13.815511557963774,81.0,1984.0,11.0,en,Unknown,5,1,0,35000000.0,17.370858648025116
1800000.0,14.403297778421795,91.0,1984.0,11.0,en,Unknown,5,2,1,25504513.0,17.054366014070375
1200000.0,13.997832948091215,88.0,1984.0,11.0,en,Unknown,5,2,0,4978922.0,15.420724160551934
3000000.0,14.914123179965662,95.0,1984.0,11.0,en,Unknown,5,3,0,14418922.0,16.48405199909837
1500000.0,14.220976332738882,101.0,1984.0,11.0,en,Unknown,5,1,1,22812411.0,16.9428153317653
35000000.0,17.370858648025116,124.0,1984.0,11.0,en,Unknown,5,4,1,14296438.0,16.475521043240242
15000000.0,16.52356082573315,105.0,1984.0,11.0,en,Unknown,5,2,0,316360478.0,19.572392877712208
18000000.0,16.705882371415992,122.0,1984.0,12.0,en,Unknown,5,1,2,11500000.0,16.257857680289998
25000000.0,17.034386422832473,93.0,1984.0,12.0,en,Unknown,5,3,1,38348988.0,17.462238722978935
28000000.0,17.147715103853763,116.0,1984.0,12.0,en,Unknown,5,1,1,40400657.0,17.51435662992746
22000000.0,16.906553056777135,115.0,1984.0,12.0,en,Unknown,5,3,4,28744356.0,17.173952027681665
8000000.0,15.894952224644102,163.0,1984.0,12.0,en,Unknown,5,4,3,27187653.0,17.118273531164952
58000000.0,17.87595358575207,127.0,1984.0,12.0,en,Unknown,5,3,6,25928721.0,17.07086186975954
40000000.0,17.50439003707821,137.0,1984.0,12.0,en,Unknown,5,1,2,30925690.0,17.247097820374762
12000000.0,16.300417291085605,120.0,1984.0,12.0,en,Unknown,5,1,2,1400000.0,14.151983508870947
2000000.0,14.508658238524095,87.0,1984.0,12.0,ja,Unknown,5,1,0,4100000.0,15.226497775576945
15000000.0,16.52356082573315,107.0,1985.0,1.0,en,Unknown,5,0,0,3360800.0,15.027689896385468
12000000.0,16.300417291085605,113.0,1985.0,2.0,en,Unknown,5,1,3,68706993.0,18.04536155695986
1000000.0,13.815511557963774,97.0,1985.0,2.0,en,Unknown,5,3,1,51525171.0,17.757581022920572
11400000.0,16.249124001084017,115.0,1985.0,2.0,en,Unknown,5,1,4,6700000.0,15.717618233614914
15000000.0,16.52356082573315,82.0,1985.0,3.0,en,Unknown,5,1,7,10631333.0,16.17931623632966
2410000.0,14.69513772040451,100.0,1985.0,3.0,en,Unknown,5,2,0,10755447.0,16.190922974860587
12500000.0,16.341239282272525,100.0,1985.0,3.0,en,Unknown,5,3,4,238227.0,12.380983477273837
10000000.0,16.118095750958314,108.0,1985.0,3.0,en,Unknown,5,3,0,25754284.0,17.064111578996773
2200000.0,14.603968372873895,92.0,1985.0,3.0,en,Unknown,5,2,0,21930418.0,16.9033852264587
9000000.0,16.012735246411598,92.0,1985.0,3.0,en,Unknown,5,3,0,20518905.0,16.836857263005452
20000000.0,16.811242881518265,121.0,1985.0,3.0,en,Unknown,5,2,2,18432000.0,16.729598896731225
5000000.0,15.424948670398354,104.0,1985.0,3.0,en,Unknown,5,1,0,27400000.0,17.126053607854647
17900000.0,16.700311326676903,89.0,1985.0,4.0,en,Unknown,5,3,5,6948633.0,15.754055651460538
2000000.0,14.508658238524095,104.0,1985.0,4.0,fr,Unknown,5,1,0,390659.0,12.875592895458963
8500000.0,15.955576839107596,90.0,1985.0,5.0,en,Unknown,5,1,1,5730596.0,15.561330271745355
4000000.0,15.201805169084134,91.0,1985.0,5.0,en,Unknown,5,3,0,14237000.0,16.471354837835396
5000000.0,15.424948670398354,121.0,1985.0,5.0,en,Unknown,5,4,1,502758.0,13.12786620901619
44000000.0,17.599700214609808,96.0,1985.0,5.0,en,Unknown,5,2,0,300400432.0,19.520626919264668
20000000.0,16.811242881518265,97.0,1985.0,5.0,en,Unknown,5,4,5,45833132.0,17.64051781548415
30000000.0,17.216707972959764,131.0,1985.0,5.0,en,Unknown,5,1,2,152427960.0,18.842202655516658
8000000.0,15.894952224644102,98.0,1985.0,5.0,en,Unknown,5,1,1,59612888.0,17.903382367044365
11500000.0,16.257857680289998,162.0,1985.0,6.0,ja,Unknown,5,3,2,4069653.0,15.219068541520016
19000000.0,16.759949589762293,114.0,1985.0,6.0,en,Unknown,5,2,3,61503218.0,17.934600072870396
19000000.0,16.759949589762293,115.0,1985.0,6.0,en,Unknown,5,3,1,12918858.0,16.374198739725436
25000000.0,17.034386422832473,109.0,1985.0,6.0,en,Unknown,5,2,0,11137801.0,16.22585546599403
12305523.0,16.325558825215925,107.0,1985.0,6.0,en,Unknown,5,1,2,36230219.0,17.405404135168585
19000000.0,16.759949589762293,116.0,1985.0,7.0,en,Unknown,5,3,2,381109762.0,19.758597983464
25000000.0,17.034386422832473,109.0,1985.0,7.0,en,Unknown,5,1,2,9873044.0,16.10531887446834
25000000.0,17.034386422832473,94.0,1985.0,7.0,en,Unknown,5,4,2,15502112.0,16.55648689517904
3500000.0,15.068273812173887,96.0,1985.0,7.0,en,Unknown,5,3,3,34000000.0,17.341871111992198
25000000.0,17.034386422832473,80.0,1985.0,7.0,en,Unknown,5,2,1,21288692.0,16.873686644661102
6000000.0,15.607270193858982,90.0,1985.0,7.0,en,Unknown,5,2,0,40940662.0,17.527634332497165
9000000.0,16.012735246411598,106.0,1985.0,8.0,en,Unknown,5,3,0,24922237.0,17.03127105523471
24000000.0,16.993564429978885,134.0,1985.0,8.0,en,Unknown,5,2,2,18707466.0,16.7444333069367
1000000.0,13.815511557963774,95.0,1985.0,8.0,en,Unknown,5,2,0,10499694.0,16.166856767086813
860000.0,13.664688831019712,97.0,1985.0,9.0,en,Unknown,5,3,0,2451545.0,14.71222940391941
4500000.0,15.319588176962746,97.0,1985.0,9.0,en,Unknown,5,2,3,10609321.0,16.177243606569082
350000.0,12.765691290604371,96.0,1985.0,10.0,en,Unknown,5,2,0,2400000.0,14.690979711984754
10000000.0,16.118095750958314,90.0,1985.0,10.0,en,Unknown,5,3,1,57500000.0,17.867295523158884
3400000.0,15.039286283703994,112.0,1985.0,10.0,en,Unknown,5,2,0,660537.0,13.400809933462202
900000.0,13.710151153416941,86.0,1985.0,10.0,en,Unknown,5,1,0,2023414.0,14.52029723599125
50000000.0,17.72753358339242,108.0,1985.0,10.0,en,Unknown,5,2,2,23717291.0,16.981714960315067
3000000.0,14.914123179965662,87.0,1985.0,10.0,en,Unknown,5,2,1,29999213.0,17.216681739283203
9000000.0,16.012735246411598,92.0,1985.0,11.0,en,Unknown,5,1,2,16945171.0,16.645493513458643
9000000.0,16.012735246411598,111.0,1985.0,11.0,en,Unknown,5,3,0,7936012.0,15.886921566050344
3200000.0,14.978661680269907,94.0,1985.0,11.0,en,Unknown,5,1,0,10000000.0,16.118095750958314
31000000.0,17.249497794707484,91.0,1985.0,11.0,en,Unknown,5,1,3,300473716.0,19.52087084388803
25000000.0,17.034386422832473,106.0,1985.0,12.0,en,Unknown,5,3,1,96773200.0,18.387880664743445
40000000.0,17.50439003707821,108.0,1985.0,12.0,en,Unknown,5,4,2,12303411.0,16.325387180248814
3000000.0,14.914123179965662,117.0,1985.0,12.0,en,Unknown,5,3,0,20966644.0,16.858443399615698
15000000.0,16.52356082573315,94.0,1985.0,12.0,en,Unknown,5,4,0,14643997.0,16.49954111664755
15000000.0,16.52356082573315,154.0,1985.0,12.0,en,Unknown,5,3,8,146292009.0,18.80111525069172
31000000.0,17.249497794707484,161.0,1985.0,12.0,en,Unknown,5,2,2,128499205.0,18.67143328329213
28000000.0,17.147715103853763,126.0,1985.0,12.0,en,Unknown,5,3,1,358574.0,12.789893122162415
13000000.0,16.380459992348886,107.0,1985.0,12.0,en,Unknown,5,1,3,30867525.0,17.245215250733555
12000000.0,16.300417291085605,100.0,1986.0,1.0,en,Unknown,5,1,2,4884663.0,15.401611059107761
1100000.0,13.910821646859095,82.0,1986.0,1.0,en,Unknown,5,2,0,5450815.0,15.511275880202435
14000000.0,16.454567959008102,103.0,1986.0,1.0,en,Unknown,5,2,2,62134225.0,17.944807538397242
6400000.0,15.671808704579888,107.0,1986.0,2.0,en,Unknown,5,1,8,40084041.0,17.50648885795943
17000000.0,16.648723960844016,117.0,1986.0,2.0,en,Unknown,5,5,1,6735922.0,15.722965403722574
6000000.0,15.607270193858982,97.0,1986.0,2.0,en,Unknown,5,3,0,5844868.0,15.581074740318925
16000000.0,16.588099342704055,116.0,1986.0,3.0,en,Unknown,5,2,1,5900000.0,15.59046307836746
10000000.0,16.118095750958314,91.0,1986.0,3.0,en,Unknown,5,2,2,54999651.0,17.822837415904
6000000.0,15.607270193858982,108.0,1986.0,3.0,en,Unknown,5,1,0,8200000.0,15.919644834185693
8700000.0,15.978833698567334,109.0,1986.0,4.0,en,Unknown,5,2,0,4865912.0,15.397764923004242
2000000.0,14.508658238524095,82.0,1986.0,4.0,en,Unknown,5,3,0,13167232.0,16.39324195293645
13000000.0,16.380459992348886,100.0,1986.0,4.0,en,Unknown,5,1,6,8475466.0,15.952686312957498
6500000.0,15.687312888712007,111.0,1986.0,4.0,en,Unknown,5,1,0,2347000.0,14.668648900908911
40000000.0,17.50439003707821,124.0,1986.0,5.0,en,Unknown,5,3,2,1641825.0,14.311319595048166
15000000.0,16.52356082573315,110.0,1986.0,5.0,en,Unknown,5,1,0,356830601.0,19.69277172292949
19000000.0,16.759949589762293,91.0,1986.0,5.0,en,Unknown,5,1,0,40996665.0,17.529001304289
25000000.0,17.034386422832473,99.0,1986.0,5.0,en,Unknown,5,2,5,11000000.0,16.213405921671733
4500000.0,15.319588176962746,86.0,1986.0,6.0,en,Unknown,5,2,1,1261000.0,14.047416407968154
18000000.0,16.705882371415992,107.0,1986.0,6.0,en,Unknown,5,1,0,9697739.0,16.087403426636573
8500000.0,15.955576839107596,106.0,1986.0,6.0,en,Unknown,5,3,0,16209459.0,16.60110558038708
6000000.0,15.607270193858982,103.0,1986.0,6.0,en,Unknown,5,1,2,70136369.0,18.065952047701455
18000000.0,16.705882371415992,118.0,1986.0,6.0,en,Unknown,5,1,0,3900000.0,15.176487367510099
113.0,4.736198448394496,113.0,1986.0,6.0,en,Unknown,5,2,4,115103979.0,18.561346451721565
25000000.0,17.034386422832473,101.0,1986.0,6.0,en,Unknown,5,4,1,12729917.0,16.359465529036015
14000000.0,16.454567959008102,74.0,1986.0,7.0,en,Unknown,5,2,0,38625550.0,17.4694245584526
15000000.0,16.52356082573315,96.0,1986.0,7.0,en,Unknown,5,1,2,12308521.0,16.325802425964444
18500000.0,16.733281344102608,137.0,1986.0,7.0,en,Unknown,5,3,1,183316455.0,19.026724485103248
1900000.0,14.45736497045232,93.0,1986.0,7.0,en,Unknown,5,2,0,4790926.0,15.382234478846652
10000000.0,16.118095750958314,97.0,1986.0,7.0,en,Unknown,5,1,0,7433663.0,15.821529431077773
6000000.0,15.607270193858982,120.0,1986.0,8.0,en,Unknown,5,1,3,8551228.0,15.96158557327301
3000000.0,14.914123179965662,86.0,1986.0,8.0,en,Unknown,5,1,0,19472057.0,16.784491072841
37000000.0,17.426428497635523,110.0,1986.0,8.0,en,Unknown,5,2,1,37962774.0,17.452116632300683
6000000.0,15.607270193858982,84.0,1986.0,8.0,en,Unknown,5,4,0,5849647.0,15.581892046457524
15000000.0,16.52356082573315,119.0,1986.0,8.0,en,Unknown,5,2,1,8620929.0,15.969703525451406
15000000.0,16.52356082573315,96.0,1986.0,8.0,en,Unknown,5,2,3,60629159.0,17.920286523424476
12000000.0,16.300417291085605,88.0,1986.0,8.0,en,Unknown,5,3,2,15945534.0,16.58468941070129
4700000.0,15.363073279446223,101.0,1986.0,8.0,en,Unknown,5,1,3,8025872.0,15.898181006110418
8000000.0,15.894952224644102,89.0,1986.0,8.0,en,Unknown,5,4,1,52287414.0,17.772266269103728
20000000.0,16.811242881518265,130.0,1986.0,9.0,en,Unknown,5,4,1,77200000.0,18.161910027948373
5000000.0,15.424948670398354,97.0,1986.0,9.0,en,Unknown,5,2,0,328203506.0,19.60914442212076
24500000.0,17.01418371633128,126.0,1986.0,9.0,en,Unknown,5,5,1,17218023.0,16.661467300089182
18000000.0,16.705882371415992,103.0,1986.0,10.0,en,Unknown,5,2,7,41382841.0,17.53837690844526
13800000.0,16.440179222591198,119.0,1986.0,10.0,en,Unknown,5,2,4,52293982.0,17.772391874615497
4000000.0,15.201805169084134,111.0,1986.0,11.0,en,Unknown,5,3,1,2826523.0,14.854558246128123
9000000.0,16.012735246411598,114.0,1986.0,11.0,en,Unknown,5,2,0,28607524.0,17.16918035307033
9000000.0,16.012735246411598,80.0,1986.0,11.0,en,Unknown,5,2,1,84542002.0,18.25275904574867
2700000.0,14.80876270134486,93.0,1986.0,11.0,en,Unknown,5,3,0,3500000.0,15.068273812173887
10000000.0,16.118095750958314,105.0,1986.0,11.0,en,Unknown,5,1,5,4711220.0,15.36545766806563
24000000.0,16.993564429978885,119.0,1986.0,11.0,en,Unknown,5,1,1,133000000.0,18.705859693704824
25000000.0,17.034386422832473,94.0,1986.0,11.0,en,Unknown,5,2,0,1579260.0,14.272467574068333
25000000.0,17.034386422832473,94.0,1986.0,12.0,en,Unknown,5,1,2,79817939.0,18.195258849183674
15000000.0,16.52356082573315,130.0,1986.0,12.0,en,Unknown,5,2,6,42724017.0,17.5702718025005
6000000.0,15.607270193858982,120.0,1986.0,12.0,en,Unknown,5,2,1,138530565.0,18.746601552383314
25000000.0,17.034386422832473,94.0,1986.0,12.0,en,Unknown,5,2,0,38748395.0,17.472599919358508
2000000.0,14.508658238524095,111.0,1986.0,12.0,en,Unknown,5,2,0,1301121.0,14.078737527118118
2500000.0,14.731801689838349,128.0,1987.0,1.0,de,Unknown,5,3,2,3200000.0,14.978661680269907
25000000.0,17.034386422832473,93.0,1987.0,2.0,en,Unknown,5,3,0,16057580.0,16.59169163247315
6000000.0,15.607270193858982,89.0,1987.0,2.0,en,Unknown,5,1,0,42721196.0,17.57020577188659
5000000.0,15.424948670398354,96.0,1987.0,2.0,en,Unknown,5,2,0,44793222.0,17.617567413620975
6000000.0,15.607270193858982,94.0,1987.0,3.0,en,Unknown,5,2,0,29180280.0,17.18900373089603
17000000.0,16.648723960844016,113.0,1987.0,3.0,en,Unknown,5,4,3,17185632.0,16.659584302036347
15000000.0,16.52356082573315,110.0,1987.0,3.0,en,Unknown,5,2,4,120207127.0,18.604726879471862
3600000.0,15.096444681204078,84.0,1987.0,3.0,en,Unknown,5,2,1,5923044.0,15.594361232731508
18000000.0,16.705882371415992,95.0,1987.0,3.0,en,Unknown,5,5,6,39321715.0,17.48728749420347
12000000.0,16.300417291085605,111.0,1987.0,4.0,en,Unknown,5,1,2,110996879.0,18.52501265077346
250000.0,12.429220196836383,88.0,1987.0,4.0,en,Unknown,5,1,0,154323.0,11.946809567409579
18000000.0,16.705882371415992,108.0,1987.0,4.0,en,Unknown,5,4,0,18532286.0,16.73502501212442
3500000.0,15.068273812173887,92.0,1987.0,5.0,en,Unknown,5,2,0,14000000.0,16.454567959008102
55000000.0,17.822843761378564,107.0,1987.0,5.0,en,Unknown,5,1,0,14375181.0,16.481013805437104
20000000.0,16.811242881518265,100.0,1987.0,5.0,en,Unknown,5,3,1,299965036.0,19.51917648249544
3000000.0,14.914123179965662,92.0,1987.0,5.0,en,Unknown,5,2,0,23509382.0,16.972910176020445
25000000.0,17.034386422832473,119.0,1987.0,6.0,en,Unknown,5,1,7,76270454.0,18.149796199770982
18000000.0,16.705882371415992,107.0,1987.0,6.0,en,Unknown,5,5,0,98235548.0,18.40287871392627
22700000.0,16.937875526504495,96.0,1987.0,6.0,en,Unknown,5,2,4,38119483.0,17.45623610045719
20000000.0,16.811242881518265,106.0,1987.0,6.0,en,Unknown,5,1,0,66673516.0,18.01531838556527
17000000.0,16.648723960844016,116.0,1987.0,6.0,en,Unknown,5,3,7,46357676.0,17.651897467328787
40000000.0,17.50439003707821,130.0,1987.0,6.0,en,Unknown,5,2,3,191185897.0,19.068756800631398
7200000.0,15.789591722875162,99.0,1987.0,7.0,en,Unknown,5,2,0,2300000.0,14.648420115681892
13000000.0,16.380459992348886,102.0,1987.0,7.0,en,Unknown,5,1,0,53000000.0,17.78580249038432
23000000.0,16.951004817371683,89.0,1987.0,7.0,en,Unknown,5,1,0,51881013.0,17.7644634623256
17000000.0,16.648723960844016,90.0,1987.0,7.0,en,Unknown,5,4,0,19300000.0,16.775615705688583
6500000.0,15.687312888712007,108.0,1987.0,7.0,en,Unknown,5,2,0,54215416.0,17.808475872457105
8500000.0,15.955576839107596,97.0,1987.0,7.0,en,Unknown,5,1,0,32222567.0,17.28817763458548
8000000.0,15.894952224644102,83.0,1987.0,8.0,en,Unknown,4,0,0,3261638.0,14.997740387737252
12000000.0,16.300417291085605,83.0,1987.0,8.0,en,Unknown,5,1,1,5669831.0,15.55067004563534
22000000.0,16.906553056777135,106.0,1987.0,8.0,en,Unknown,5,3,0,17336370.0,16.668317222523104
1800000.0,14.403297778421795,94.0,1987.0,8.0,en,Unknown,5,3,2,31623833.0,17.269421634767042
15000000.0,16.52356082573315,114.0,1987.0,8.0,en,Unknown,5,1,1,35509515.0,17.385311274862993
12000000.0,16.300417291085605,82.0,1987.0,8.0,en,Unknown,5,4,0,3769990.0,15.14258317215344
6000000.0,15.607270193858982,100.0,1987.0,8.0,en,Unknown,5,2,0,213954274.0,19.18127288193152
4000000.0,15.201805169084134,132.0,1987.0,8.0,en,Unknown,5,0,0,1680358.0,14.334518019027074
3000000.0,14.914123179965662,100.0,1987.0,9.0,en,Unknown,5,2,0,3221568.0,14.985379065925281
1000000.0,13.815511557963774,94.0,1987.0,9.0,en,Unknown,5,4,0,14564027.0,16.494065210824363
14000000.0,16.454567959008102,119.0,1987.0,9.0,en,Unknown,5,1,2,320145693.0,19.584286743893294
6000000.0,15.607270193858982,107.0,1987.0,9.0,en,Unknown,5,1,1,1432687.0,14.17506295805243
15000000.0,16.52356082573315,81.0,1987.0,9.0,en,Unknown,5,3,0,13290368.0,16.402550195541
5000000.0,15.424948670398354,110.0,1987.0,9.0,en,Unknown,5,2,0,858250.0,13.662651876480925
16000000.0,16.588099342704055,98.0,1987.0,9.0,en,Unknown,5,3,2,30857814.0,17.2449005987633
1100000.0,13.910821646859095,99.0,1987.0,9.0,en,Unknown,5,1,0,1400000.0,14.151983508870947
17000000.0,16.648723960844016,106.0,1987.0,10.0,en,Unknown,5,1,3,10278549.0,16.145569757459068
23000000.0,16.951004817371683,163.0,1987.0,10.0,en,Unknown,5,5,1,43984230.0,17.59934174128316
3000000.0,14.914123179965662,101.0,1987.0,10.0,en,Unknown,5,4,6,14182492.0,16.467518874616722
5000000.0,15.424948670398354,110.0,1987.0,10.0,en,Unknown,5,1,0,125400.0,11.73927188163082
1.0,0.6931471805599453,98.0,1987.0,11.0,en,Unknown,5,3,0,12396383.0,16.33291537514473
10000000.0,16.118095750958314,99.0,1987.0,11.0,en,Unknown,5,2,0,14000.0,9.546884034617925
27000000.0,17.11134746100564,101.0,1987.0,11.0,en,Unknown,5,4,1,38122105.0,17.456304881813956
5800000.0,15.573368647930426,94.0,1987.0,12.0,en,Unknown,5,3,2,257043.0,12.457002555448925
35000000.0,17.370858648025116,153.0,1987.0,12.0,en,Unknown,5,2,9,22238696.0,16.91734443750081
15000000.0,16.52356082573315,126.0,1987.0,12.0,en,Unknown,5,1,2,43848069.0,17.596241262130825
14000000.0,16.454567959008102,88.0,1987.0,12.0,en,Unknown,5,1,0,57915972.0,17.874503776690926
1880006.0,14.446786058203456,106.0,1987.0,12.0,en,Unknown,5,3,0,26713187.0,17.1006679340102
20000000.0,16.811242881518265,133.0,1987.0,12.0,en,Unknown,5,4,0,51249404.0,17.7522145661593
13000000.0,16.380459992348886,121.0,1987.0,12.0,en,Unknown,5,2,1,123922370.0,18.635165887201662
6200000.0,15.64006001130563,89.0,1988.0,1.0,en,Unknown,5,1,0,9205924.0,16.035357856465396
7000000.0,15.76142084987672,98.0,1988.0,2.0,en,Unknown,5,1,2,19595031.0,16.790786622684195
17000000.0,16.648723960844016,171.0,1988.0,2.0,en,Unknown,5,1,2,10006806.0,16.118776119387157
7000000.0,15.76142084987672,96.0,1988.0,2.0,en,Unknown,5,2,0,20256975.0,16.82400978601961
20000000.0,16.811242881518265,120.0,1988.0,2.0,en,Unknown,5,2,3,17637950.0,16.68556344533365
1500000.0,14.220976332738882,92.0,1988.0,2.0,en,Unknown,5,1,0,11806119.0,16.28412859905434
15000000.0,16.52356082573315,92.0,1988.0,2.0,en,Unknown,5,2,1,73326666.0,18.110434906971
1300000.0,14.077875591662238,102.0,1988.0,3.0,en,Unknown,5,1,0,354704.0,12.779041737081869
12000000.0,16.300417291085605,102.0,1988.0,3.0,en,Unknown,5,2,0,7242035.0,15.795412940297854
700000.0,13.45883704259595,88.0,1988.0,3.0,es,Unknown,5,1,0,7179298.0,15.786712303946084
20000000.0,16.811242881518265,106.0,1988.0,3.0,en,Unknown,5,2,3,51684798.0,17.760674273034528
7500000.0,15.830413711839864,99.0,1988.0,4.0,en,Unknown,5,1,0,18869631.0,16.75306441529977
4000000.0,15.201805169084134,86.0,1988.0,4.0,en,Unknown,5,1,0,9797098.0,16.09759687940995
6000000.0,15.607270193858982,120.0,1988.0,4.0,en,Unknown,5,1,0,46616067.0,17.6574558465306
5000000.0,15.424948670398354,94.0,1988.0,4.0,en,Unknown,5,1,2,807947.0,13.602252978996624
8000000.0,15.894952224644102,91.0,1988.0,4.0,en,Unknown,5,0,0,1893139.0,14.453747384139314
16000000.0,16.588099342704055,102.0,1988.0,4.0,en,Unknown,5,3,7,4594452.0,15.340360264248378
4500000.0,15.319588176962746,86.0,1988.0,4.0,en,Unknown,5,2,0,3813293.0,15.154003940509305
2500000.0,14.731801689838349,99.0,1988.0,4.0,en,Unknown,0,3,0,589244.0,13.286597335399627
35000000.0,17.370858648025116,126.0,1988.0,5.0,en,Unknown,5,3,1,57269863.0,17.863285109650963
2800000.0,14.845130332288226,88.0,1988.0,5.0,en,Unknown,5,1,1,19170001.0,16.768857219351503
210000.0,12.25486757159303,81.0,1988.0,5.0,en,Unknown,5,1,0,107352.0,11.583877748887568
63000000.0,17.958645300228824,102.0,1988.0,5.0,en,Unknown,5,2,0,189015611.0,19.057340172787065
18000000.0,16.705882371415992,104.0,1988.0,6.0,en,Unknown,5,3,0,151668774.0,18.837209589249397
3500000.0,15.068273812173887,86.0,1988.0,6.0,en,Unknown,5,2,0,4385516.0,15.29381807877696
10500000.0,16.166885910365842,98.0,1988.0,6.0,en,Unknown,5,1,1,14144000.0,16.46480113456092
7000000.0,15.76142084987672,108.0,1988.0,6.0,en,Unknown,5,2,0,50888000.0,17.745137716991774
29000000.0,17.182806422433504,104.0,1988.0,6.0,en,Unknown,5,4,6,34994648.0,17.37070572205119
24000000.0,16.993564429978885,91.0,1988.0,6.0,en,Unknown,5,2,0,43455230.0,17.587241793683546
70000000.0,18.064005814299346,104.0,1988.0,6.0,en,Unknown,5,4,3,329803958.0,19.61400897226272
39000000.0,17.479072229734946,116.0,1988.0,6.0,en,Unknown,5,2,5,288752301.0,19.48107979206287
8000000.0,15.894952224644102,90.0,1988.0,7.0,en,Unknown,5,2,0,22433275.0,16.926055950222928
5000000.0,15.424948670398354,100.0,1988.0,7.0,en,Unknown,5,1,2,3569939.0,15.088059346891898
3000000.0,14.914123179965662,97.0,1988.0,7.0,en,Unknown,5,3,1,7282851.0,15.801033101697403
28000000.0,17.147715103853763,131.0,1988.0,7.0,en,Unknown,5,3,1,140767956.0,18.762623397663386
7500000.0,15.830413711839864,108.0,1988.0,7.0,en,Unknown,5,2,0,62493712.0,17.950576517646915
8000000.0,15.894952224644102,124.0,1988.0,7.0,ja,Unknown,5,5,0,553171.0,13.223424262885848
30000000.0,17.216707972959764,126.0,1988.0,7.0,en,Unknown,5,2,1,38413606.0,17.463922303749523
20000000.0,16.811242881518265,104.0,1988.0,7.0,en,Unknown,5,1,2,171504781.0,18.96012170756346
7000000.0,15.76142084987672,113.0,1988.0,7.0,en,Unknown,5,1,4,5344577.0,15.491593147032525
19000000.0,16.759949589762293,95.0,1988.0,8.0,en,Unknown,5,2,1,8247943.0,15.925474515131151
1884000.0,14.448908264903867,99.0,1988.0,8.0,en,Unknown,5,2,0,1883811.0,14.448807941453548
7000000.0,15.76142084987672,164.0,1988.0,8.0,en,Unknown,5,2,5,8373585.0,15.940592785600137
13000000.0,16.380459992348886,107.0,1988.0,8.0,en,Unknown,5,2,0,44726644.0,17.616079967006883
7000000.0,15.76142084987672,99.0,1988.0,8.0,en,Unknown,5,1,1,72500000.0,18.099097133618006
10000000.0,16.118095750958314,104.0,1988.0,8.0,en,Unknown,5,3,1,21486757.0,16.88294739637253
9000000.0,16.012735246411598,88.0,1988.0,8.0,en,Unknown,5,1,0,6436211.0,15.677450726266018
10000000.0,16.118095750958314,100.0,1988.0,9.0,en,Unknown,5,3,0,3916303.0,15.180658909854401
17500000.0,16.677711496036597,116.0,1988.0,9.0,en,Unknown,5,2,0,25024919.0,17.035382686357252
2500000.0,14.731801689838349,93.0,1988.0,9.0,en,Unknown,5,1,2,1189315.0,13.988888909916694
2000000.0,14.508658238524095,103.0,1988.0,9.0,en,Unknown,5,2,0,725131.0,13.494108986229786
13000000.0,16.380459992348886,115.0,1988.0,9.0,en,Unknown,5,3,4,8038508.0,15.899754176196392
4000000.0,15.201805169084134,124.0,1988.0,9.0,en,Unknown,5,0,0,670774.0,13.416189039304069
9000000.0,16.012735246411598,82.0,1988.0,10.0,en,Unknown,5,2,0,1964253.0,14.490623087436656
16000000.0,16.588099342704055,91.0,1988.0,10.0,en,Unknown,5,2,0,32155047.0,17.286080010319385
15000000.0,16.52356082573315,123.0,1988.0,10.0,en,Unknown,5,1,1,21032267.0,16.861568387798307
1200000.0,13.997832948091215,90.0,1988.0,10.0,en,Unknown,5,3,0,3109904.0,14.950102737065064
5000000.0,15.424948670398354,88.0,1988.0,10.0,en,Unknown,5,1,0,17768757.0,16.692952304609978
9000000.0,16.012735246411598,87.0,1988.0,11.0,en,Unknown,5,1,1,44196684.0,17.604160344235286
15000000.0,16.52356082573315,120.0,1988.0,11.0,en,Unknown,5,4,0,6908797.0,15.748306229816711
6000000.0,15.607270193858982,95.0,1988.0,11.0,en,Unknown,5,1,1,28202109.0,17.154907355804298
31000000.0,17.249497794707484,74.0,1988.0,11.0,en,Unknown,5,2,0,74151346.0,18.12161879226319
12300000.0,16.325109901643454,69.0,1988.0,11.0,en,Unknown,5,5,2,84460846.0,18.251798635835605
4000000.0,15.201805169084134,94.0,1988.0,11.0,en,Unknown,5,3,7,13008928.0,16.38114652580879
12000000.0,16.300417291085605,85.0,1988.0,12.0,en,Unknown,5,1,0,78756177.0,18.181867283386566
7000000.0,15.76142084987672,87.0,1988.0,12.0,en,Unknown,5,1,0,136203.0,11.821909040841925
46630000.0,17.657754690229925,126.0,1988.0,12.0,en,Unknown,5,4,2,8083123.0,15.905288989437109
15000000.0,16.52356082573315,128.0,1988.0,12.0,en,Unknown,5,1,4,34604000.0,17.359479869180795
20000000.0,16.811242881518265,108.0,1988.0,12.0,en,Unknown,5,2,3,13854000.0,16.444084629746005
15000000.0,16.52356082573315,107.0,1988.0,12.0,en,Unknown,5,1,2,216614388.0,19.193629321534313
25000000.0,17.034386422832473,133.0,1988.0,12.0,en,Unknown,5,2,2,412800000.0,19.838473774554107
14000000.0,16.454567959008102,119.0,1988.0,12.0,en,Unknown,5,3,1,34670720.0,17.36140611352227
28000000.0,17.147715103853763,114.0,1988.0,12.0,en,Unknown,5,1,4,103173635.0,18.451923913258685
4000000.0,15.201805169084134,110.0,1988.0,12.0,en,Unknown,5,2,3,3468572.0,15.059253828147932
3000000.0,14.914123179965662,97.0,1988.0,12.0,en,Unknown,5,4,0,12090735.0,16.307950097495713
8000000.0,15.894952224644102,95.0,1988.0,12.0,en,Unknown,5,1,1,784990.0,13.573427531730669
16000000.0,16.588099342704055,105.0,1988.0,12.0,en,Unknown,5,3,2,4192440.0,15.248793699831522
15000000.0,16.52356082573315,96.0,1989.0,1.0,en,Unknown,5,2,0,40590000.0,17.51903231345169
13000000.0,16.380459992348886,109.0,1989.0,2.0,en,Unknown,5,1,1,22030000.0,16.90791576417117
11000000.0,16.213405921671733,107.0,1989.0,2.0,en,Unknown,5,2,0,49797148.0,17.72346829136011
18000000.0,16.705882371415992,101.0,1989.0,2.0,en,Unknown,5,1,3,36602000.0,17.415613469008274
10000000.0,16.118095750958314,90.0,1989.0,2.0,en,Unknown,5,1,1,40485039.0,17.51644308112212
16000000.0,16.588099342704055,117.0,1989.0,3.0,en,Unknown,5,5,3,2420917.0,14.699657365045056
8045760.0,15.900655926849847,95.0,1989.0,3.0,en,Unknown,5,2,3,35150960.0,17.37516251581877
25000000.0,17.034386422832473,98.0,1989.0,3.0,en,Unknown,5,3,1,15704614.0,16.569465176168567
10000000.0,16.118095750958314,96.0,1989.0,4.0,en,Unknown,5,1,0,7825000.0,15.87283442218601
500000.0,13.122365377402328,86.0,1989.0,4.0,en,Unknown,5,2,1,10166459.0,16.134604624834065
1500000.0,14.220976332738882,97.0,1989.0,4.0,en,Unknown,5,1,0,14697005.0,16.50315435753532
11500000.0,16.257857680289998,103.0,1989.0,4.0,en,Unknown,5,1,0,57469467.0,17.866764373437423
17000000.0,16.648723960844016,101.0,1989.0,4.0,en,Unknown,5,2,0,78247647.0,18.175389329424814
18000000.0,16.705882371415992,103.0,1989.0,5.0,en,Unknown,5,1,3,46908987.0,17.663719856846612
3000000.0,14.914123179965662,87.0,1989.0,5.0,en,Unknown,5,2,1,1145404.0,13.951268844219602
15000000.0,16.52356082573315,114.0,1989.0,5.0,en,Unknown,5,3,0,30050028.0,17.21837418400326
48000000.0,17.6867115897055,127.0,1989.0,5.0,en,Unknown,5,2,10,474171806.0,19.977080276011176
16400000.0,16.612791953770035,129.0,1989.0,6.0,en,Unknown,5,2,4,235860116.0,19.278749462682956
8000000.0,15.894952224644102,93.0,1989.0,6.0,en,Unknown,5,2,0,16093651.0,16.593935466489356
30000000.0,17.216707972959764,107.0,1989.0,6.0,en,Unknown,5,1,0,70200000.0,18.066858883241053
37000000.0,17.426428497635523,108.0,1989.0,6.0,en,Unknown,5,1,3,215394738.0,19.18798289806145
32000000.0,17.281246492014,93.0,1989.0,6.0,en,Unknown,5,1,0,222724172.0,19.221444671464976
35000000.0,17.370858648025116,126.0,1989.0,6.0,en,Unknown,5,3,2,411348924.0,19.8349523782295
6500000.0,15.687312888712007,120.0,1989.0,6.0,en,Unknown,5,2,0,37295445.0,17.4343817860075
6500000.0,15.687312888712007,97.0,1989.0,7.0,en,Unknown,5,1,1,30218387.0,17.223961171228613
25000000.0,17.034386422832473,114.0,1989.0,7.0,en,Unknown,5,2,5,227853986.0,19.244215573875252
32000000.0,17.281246492014,133.0,1989.0,7.0,en,Unknown,5,1,4,156167015.0,18.8664366078985
645180.0,13.377286176566477,103.0,1989.0,7.0,en,Unknown,5,3,0,14743391.0,16.50630554036812
16000000.0,16.588099342704055,96.0,1989.0,7.0,en,Unknown,5,2,3,92823546.0,18.346210904794216
5000000.0,15.424948670398354,100.0,1989.0,7.0,en,Unknown,5,3,0,14000000.0,16.454567959008102
6900000.0,15.747032114495013,103.0,1989.0,7.0,ja,Unknown,5,2,1,18172849.0,16.715439280026143
24000000.0,16.993564429978885,115.0,1989.0,8.0,en,Unknown,5,4,0,22099847.0,16.911081288636275
70000000.0,18.064005814299346,139.0,1989.0,8.0,en,Unknown,5,3,2,90000098.0,18.315321328293933
8000000.0,15.894952224644102,89.0,1989.0,8.0,en,Unknown,5,1,0,22168359.0,16.914176605017776
15000000.0,16.52356082573315,100.0,1989.0,8.0,en,Unknown,5,2,3,79258538.0,18.188225712551375
22500000.0,16.929025911619092,113.0,1989.0,8.0,en,Unknown,5,1,8,18671317.0,16.742499107562917
5000000.0,15.424948670398354,83.0,1989.0,8.0,en,Unknown,5,0,0,8153677.0,15.913979671760645
7000000.0,15.76142084987672,102.0,1989.0,8.0,en,Unknown,5,0,0,793775.0,13.584556584558086
160000.0,11.982935344196433,91.0,1989.0,9.0,en,Unknown,4,2,0,6706368.0,15.718568229844903
2500000.0,14.731801689838349,100.0,1989.0,9.0,en,Unknown,5,1,0,4729352.0,15.369298964642649
20000000.0,16.811242881518265,94.0,1989.0,9.0,en,Unknown,5,3,7,7237794.0,15.79482715996364
19000000.0,16.759949589762293,113.0,1989.0,9.0,en,Unknown,5,1,2,110879513.0,18.523954710279376
5000000.0,15.424948670398354,100.0,1989.0,9.0,en,Unknown,5,1,0,117463.0,11.673887182642774
30000000.0,17.216707972959764,125.0,1989.0,9.0,en,Unknown,5,3,4,45892212.0,17.641806009222222
5000000.0,15.424948670398354,96.0,1989.0,10.0,en,Unknown,5,1,0,11642254.0,16.270151710026955
7500000.0,15.830413711839864,93.0,1989.0,10.0,en,Unknown,5,2,1,296000000.0,19.505870015666712
19000000.0,16.759949589762293,104.0,1989.0,10.0,en,Unknown,5,2,9,18254702.0,16.719933303424323
12000000.0,16.300417291085605,108.0,1989.0,10.0,en,Unknown,5,1,1,15942628.0,16.58450714871794
19000000.0,16.759949589762293,117.0,1989.0,10.0,en,Unknown,5,2,0,19738015.0,16.79805708033287
5000000.0,15.424948670398354,109.0,1989.0,10.0,en,Unknown,5,3,3,16554699.0,16.62218060738582
40000000.0,17.50439003707821,83.0,1989.0,11.0,en,Unknown,5,2,1,222300000.0,19.21953838343285
13800000.0,16.440179222591198,89.0,1989.0,11.0,en,Unknown,5,3,0,27100027.0,17.11504531905973
33000000.0,17.312018149733785,137.0,1989.0,11.0,en,Unknown,5,2,2,1132112.0,13.939596356084804
30000000.0,17.216707972959764,116.0,1989.0,11.0,en,Unknown,5,1,0,60864870.0,17.924166735378915
40000000.0,17.50439003707821,108.0,1989.0,11.0,en,Unknown,5,3,4,332000000.0,19.620645529892812
27000000.0,17.11134746100564,97.0,1989.0,12.0,en,Unknown,5,2,0,71320000.0,18.082687364980526
7500000.0,15.830413711839864,99.0,1989.0,12.0,en,Unknown,5,3,0,145793296.0,18.797700402545097
18000000.0,16.705882371415992,122.0,1989.0,12.0,en,Unknown,5,2,0,26828365.0,17.104970318571805
6000000.0,15.607270193858982,100.0,1989.0,12.0,en,Unknown,5,1,0,14278900.0,16.474293551129765
14000000.0,16.454567959008102,145.0,1989.0,12.0,en,Unknown,5,2,4,161001698.0,18.89692547568809
55000000.0,17.822843761378564,104.0,1989.0,12.0,en,Unknown,5,1,1,63408614.0,17.965110293456913
31000000.0,17.249497794707484,122.0,1989.0,12.0,en,Unknown,5,3,11,74134790.0,18.121395494249064
11000000.0,16.213405921671733,96.0,1990.0,1.0,en,Unknown,5,2,0,48572000.0,17.69855781174384
7000000.0,15.76142084987672,91.0,1990.0,1.0,en,Unknown,5,4,1,9229401.0,16.03790481564776
10000000.0,16.118095750958314,96.0,1990.0,2.0,en,Unknown,5,1,1,47410000.0,17.6743437559709
23000000.0,16.951004817371683,104.0,1990.0,2.0,en,Unknown,5,2,4,5820015.0,15.576813568844734
1500000.0,14.220976332738882,94.0,1990.0,2.0,en,Unknown,5,1,3,5585154.0,15.535622743009913
11000000.0,16.213405921671733,102.0,1990.0,2.0,en,Unknown,5,2,1,8862354.0,15.997323088616744
30000000.0,17.216707972959764,134.0,1990.0,3.0,en,Unknown,5,3,2,199200000.0,19.109819908134853
2500000.0,14.731801689838349,100.0,1990.0,3.0,en,Unknown,5,1,0,26386000.0,17.088344162324745
500000.0,13.122365377402328,71.0,1990.0,3.0,en,Unknown,5,0,0,3779620.0,15.14513429801868
14000000.0,16.454567959008102,119.0,1990.0,3.0,en,Unknown,5,2,1,463000000.0,19.953237614210334
13500000.0,16.41820031748273,93.0,1990.0,3.0,en,Unknown,5,2,0,202000000.0,19.123778260315973
11000000.0,16.213405921671733,85.0,1990.0,4.0,en,Unknown,5,2,1,8266343.0,15.927702889447257
10000000.0,16.118095750958314,98.0,1990.0,4.0,en,Unknown,5,3,0,22424195.0,16.925651112423598
3000000.0,14.914123179965662,100.0,1990.0,4.0,en,Unknown,4,2,0,15369573.0,16.54790039880016
9500000.0,16.066802461833923,124.0,1990.0,5.0,en,Unknown,5,1,4,14560247.0,16.49380563355479
3500000.0,15.068273812173887,93.0,1990.0,5.0,en,Unknown,5,3,0,16324573.0,16.60818213783989
5200000.0,15.46416937585933,99.0,1990.0,5.0,en,Unknown,5,2,3,2459895.0,14.715629630592108
40000000.0,17.50439003707821,118.0,1990.0,5.0,en,Unknown,5,3,5,244527583.0,19.314838678511638
2500000.0,14.731801689838349,85.0,1990.0,6.0,en,Unknown,5,2,0,205068.0,12.231101786854252
65000000.0,17.989897843244528,113.0,1990.0,6.0,en,Unknown,5,3,1,261317921.0,19.381248315968882
6000000.0,15.607270193858982,105.0,1990.0,6.0,en,Unknown,5,2,0,24078196.0,16.996817300186308
38000000.0,17.453096744006448,95.0,1990.0,6.0,en,Unknown,5,1,8,153518974.0,18.84933473298692
47000000.0,17.665658180950928,103.0,1990.0,6.0,en,Unknown,5,1,1,103738726.0,18.457386055749968
50000000.0,17.72753358339242,106.0,1990.0,6.0,en,Unknown,5,2,4,41482207.0,17.540775170381426
35000000.0,17.370858648025116,117.0,1990.0,6.0,en,Unknown,5,1,3,45681173.0,17.63719682350717
60000000.0,17.909855136853043,107.0,1990.0,6.0,en,Unknown,5,2,2,157920733.0,18.877603781561643
70000000.0,18.064005814299346,124.0,1990.0,7.0,en,Unknown,5,3,2,240031094.0,19.296279035413768
49000000.0,17.707330876483063,104.0,1990.0,7.0,en,Unknown,5,2,3,20423389.0,16.83219137063409
22000000.0,16.906553056777135,127.0,1990.0,7.0,en,Unknown,5,1,1,505000000.0,20.040068989219833
1000000.0,13.815511557963774,103.0,1990.0,7.0,en,Unknown,5,4,0,2554476.0,14.75335806399353
22000000.0,16.906553056777135,127.0,1990.0,7.0,en,Unknown,5,2,2,221303188.0,19.215044215220207
10000000.0,16.118095750958314,129.0,1990.0,8.0,en,Unknown,5,2,1,16153593.0,16.597653121574567
31000000.0,17.249497794707484,103.0,1990.0,8.0,en,Unknown,5,3,0,53208180.0,17.789722720684708
26000000.0,17.073607134447293,115.0,1990.0,8.0,en,Unknown,5,2,2,61489265.0,17.934373180958097
19000000.0,16.759949589762293,138.0,1990.0,8.0,en,Unknown,5,1,0,10000000.0,16.118095750958314
16000000.0,16.588099342704055,96.0,1990.0,8.0,en,Unknown,5,2,2,48878502.0,17.704848246335715
25000000.0,17.034386422832473,145.0,1990.0,9.0,en,Unknown,5,1,6,46836394.0,17.66217112959868
22000000.0,16.906553056777135,101.0,1990.0,9.0,en,Unknown,5,1,5,39071603.0,17.48090652070607
4000000.0,15.201805169084134,93.0,1990.0,9.0,en,Unknown,5,4,0,16853487.0,16.640068196307848
1500000.0,14.220976332738882,93.0,1990.0,9.0,en,Unknown,5,3,0,5728953.0,15.561043524033991
14000000.0,16.454567959008102,115.0,1990.0,9.0,en,Unknown,5,2,1,5080409.0,15.440902524959313
12000000.0,16.300417291085605,94.0,1990.0,10.0,en,Unknown,5,3,1,46044400.0,17.645116728040065
20000000.0,16.811242881518265,110.0,1990.0,10.0,en,Unknown,5,1,0,15379253.0,16.54853001631402
4200000.0,15.250595321348806,88.0,1990.0,10.0,en,Unknown,5,2,0,5835247.0,15.579427324941848
42000000.0,17.553180200057167,104.0,1990.0,10.0,en,Unknown,5,1,5,119946358.0,18.602555192474977
25000000.0,17.034386422832473,138.0,1990.0,10.0,en,Unknown,5,1,2,2075084.0,14.545512674663362
32000000.0,17.281246492014,89.0,1990.0,10.0,en,Unknown,5,4,1,16283667.0,16.605673200286137
10500000.0,16.166885910365842,89.0,1990.0,10.0,en,Unknown,5,3,0,11582891.0,16.26503973986169
25000000.0,17.034386422832473,113.0,1990.0,11.0,en,Unknown,5,2,3,25965144.0,17.072265619685556
18000000.0,16.705882371415992,103.0,1990.0,11.0,en,Unknown,5,2,0,476684675.0,19.982365773654585
13000000.0,16.380459992348886,84.0,1990.0,11.0,en,Unknown,5,1,0,35763605.0,17.39244134211186
22000000.0,16.906553056777135,181.0,1990.0,11.0,en,Unknown,5,2,0,424208848.0,19.865736460320466
37931000.0,17.4512793040366,77.0,1990.0,11.0,en,Unknown,5,3,0,47431461.0,17.67479632175146
35000000.0,17.370858648025116,108.0,1990.0,11.0,en,Unknown,5,4,1,57120318.0,17.8606704607139
20000000.0,16.811242881518265,107.0,1990.0,11.0,en,Unknown,5,3,4,61276872.0,17.93091305402675
20000000.0,16.811242881518265,105.0,1990.0,12.0,en,Unknown,5,1,3,53000000.0,17.78580249038432
10000000.0,16.118095750958314,120.0,1990.0,12.0,en,Unknown,5,2,7,21633874.0,16.88977093121355
40000000.0,17.50439003707821,144.0,1990.0,12.0,en,Unknown,5,2,3,9243140.0,16.03939232091797
31000000.0,17.249497794707484,110.0,1990.0,12.0,en,Unknown,5,1,4,35419397.0,17.382770194127097
15000000.0,16.52356082573315,111.0,1990.0,12.0,en,Unknown,5,2,4,201957688.0,19.123568773029547
47000000.0,17.665658180950928,125.0,1990.0,12.0,en,Unknown,5,1,9,15691192.0,16.56861015751017
54000000.0,17.804494623047066,162.0,1990.0,12.0,en,Unknown,5,1,8,136766062.0,18.733782454891035
13000000.0,16.380459992348886,95.0,1991.0,1.0,en,Unknown,5,1,0,3752426.0,15.137913388602993
14000000.0,16.454567959008102,107.0,1991.0,1.0,en,Unknown,5,3,2,34793160.0,17.364931402443023
30000000.0,17.216707972959764,91.0,1991.0,1.0,en,Unknown,5,1,2,15556340.0,16.559978894819782
5000000.0,15.424948670398354,90.0,1991.0,2.0,en,Unknown,5,0,0,485772.0,13.093496715578334
19000000.0,16.759949589762293,119.0,1991.0,2.0,en,Unknown,5,2,2,272742922.0,19.424040235503067
16000000.0,16.588099342704055,91.0,1991.0,2.0,en,Unknown,5,2,0,4409328.0,15.299233081651394
19000000.0,16.759949589762293,99.0,1991.0,2.0,en,Unknown,5,1,0,174999005.0,18.980290851871658
40000000.0,17.50439003707821,94.0,1991.0,2.0,en,Unknown,5,2,0,8479793.0,15.953196715020189
3000000.0,14.914123179965662,89.0,1991.0,2.0,en,Unknown,5,2,3,9563393.0,16.07345324294307
38000000.0,17.453096744006448,140.0,1991.0,3.0,en,Unknown,5,4,5,34416893.0,17.354058106442366
18000.0,9.798182590890704,150.0,1991.0,3.0,ml,Unknown,5,1,0,700000.0,13.45883704259595
4000000.0,15.201805169084134,94.0,1991.0,3.0,en,Unknown,2,2,0,259012.0,12.46463353247224
8500000.0,15.955576839107596,97.0,1991.0,3.0,en,Unknown,5,3,0,47624253.0,17.67885272724646
10000000.0,16.118095750958314,87.0,1991.0,3.0,en,Unknown,5,1,0,14061361.0,16.45894131020991
25000000.0,17.034386422832473,88.0,1991.0,3.0,en,Unknown,5,2,0,78000000.0,18.17221939747438
26000000.0,17.073607134447293,116.0,1991.0,4.0,en,Unknown,5,1,0,12454768.0,16.33761415973806
250000.0,12.429220196836383,85.0,1991.0,4.0,en,Unknown,5,1,0,609524.0,13.320435244289515
14000000.0,16.454567959008102,91.0,1991.0,4.0,en,Unknown,5,3,1,39673161.0,17.496185496901628
4000000.0,15.201805169084134,99.0,1991.0,4.0,fr,Unknown,5,5,0,1794187.0,14.400063109867364
6788000.0,15.730667052655042,103.0,1991.0,4.0,en,Unknown,5,1,0,13878334.0,16.44583954907521
35000000.0,17.370858648025116,109.0,1991.0,4.0,en,Unknown,5,3,6,23562716.0,16.975176232679168
8000000.0,15.894952224644102,115.0,1991.0,5.0,en,Unknown,5,2,0,10400000.0,16.15731646026544
4.0,1.6094379124341003,119.0,1991.0,5.0,en,Unknown,5,2,0,29.0,3.4011973816621555
35000000.0,17.370858648025116,100.0,1991.0,5.0,en,Unknown,5,2,1,63710000.0,17.969852109788793
7000000.0,15.76142084987672,127.0,1991.0,5.0,en,Unknown,5,4,0,191125.0,12.16068817539557
65000000.0,17.989897843244528,100.0,1991.0,5.0,en,Unknown,5,2,1,17218080.0,16.66147061056811
75000000.0,18.132998684833918,137.0,1991.0,5.0,en,Unknown,5,3,2,152368585.0,18.841813051360475
16000000.0,16.588099342704055,130.0,1991.0,5.0,en,Unknown,5,3,5,45361000.0,17.63016328504151
200000.0,12.206077645517674,109.0,1991.0,6.0,en,Unknown,5,1,0,300000.0,12.611541086966115
10000000.0,16.118095750958314,105.0,1991.0,6.0,en,Unknown,5,5,2,25196249.0,17.042205731884607
14000000.0,16.454567959008102,132.0,1991.0,6.0,en,Unknown,5,2,2,32482682.0,17.296217674525977
27000000.0,17.11134746100564,112.0,1991.0,6.0,en,Unknown,5,3,1,179033791.0,19.003085128110833
6000000.0,15.607270193858982,107.0,1991.0,6.0,en,Unknown,5,2,0,869325.0,13.67547347774217
48000000.0,17.6867115897055,143.0,1991.0,6.0,en,Unknown,5,2,0,390493908.0,19.782922929171022
42000000.0,17.553180200057167,108.0,1991.0,6.0,en,Unknown,5,1,1,62000000.0,17.9426449591384
23000000.0,16.951004817371683,85.0,1991.0,6.0,en,Unknown,5,1,1,86930411.0,18.28061849448955
100000000.0,18.420680753952364,137.0,1991.0,7.0,en,Unknown,5,5,3,520000000.0,20.069339371462824
24000000.0,16.993564429978885,120.0,1991.0,7.0,en,Unknown,5,3,0,83531958.0,18.24073985910882
6500000.0,15.687312888712007,112.0,1991.0,7.0,en,Unknown,5,1,0,57504069.0,17.867366285871302
17000000.0,16.648723960844016,107.0,1991.0,7.0,en,Unknown,5,2,1,4603929.0,15.342420844538038
12000000.0,16.300417291085605,122.0,1991.0,7.0,en,Unknown,5,1,0,38120905.0,17.45627340351926
23000000.0,16.951004817371683,104.0,1991.0,7.0,en,Unknown,5,1,0,20246790.0,16.82350686982346
15000000.0,16.52356082573315,110.0,1991.0,7.0,en,Unknown,5,1,1,30102717.0,17.220126024645715
26000000.0,17.073607134447293,84.0,1991.0,7.0,en,Unknown,5,1,1,181096164.0,19.014538746483648
9000000.0,16.012735246411598,116.0,1991.0,8.0,en,Unknown,5,3,2,6153939.0,15.632603085060339
18000000.0,16.705882371415992,77.0,1991.0,8.0,en,Unknown,5,3,1,11657385.0,16.271450528504637
11000000.0,16.213405921671733,98.0,1991.0,8.0,en,Unknown,5,2,0,2807854.0,14.847931404617905
18000000.0,16.705882371415992,96.0,1991.0,8.0,en,Unknown,5,1,1,5546827.0,15.528736790804682
17010000.0,16.64931202316099,96.0,1991.0,8.0,en,Unknown,5,3,0,24941969.0,17.03206248467163
8000000.0,15.894952224644102,79.0,1991.0,8.0,en,Unknown,5,2,4,2275557.0,14.637735855017535
23000000.0,16.951004817371683,98.0,1991.0,8.0,en,Unknown,5,3,0,7434726.0,15.821672418977649
13000000.0,16.380459992348886,90.0,1991.0,8.0,en,Unknown,5,1,0,20560255.0,16.83887044983559
11000000.0,16.213405921671733,89.0,1991.0,9.0,en,Unknown,5,1,0,34872033.0,17.367195747894154
24000000.0,16.993564429978885,137.0,1991.0,9.0,en,Unknown,5,1,3,41895491.0,17.550688789605395
7500000.0,15.830413711839864,112.0,1991.0,9.0,en,Unknown,5,2,1,6266621.0,15.650748011447092
34000000.0,17.341871111992198,111.0,1991.0,9.0,en,Unknown,5,4,0,18634643.0,16.74053298687615
3500000.0,15.068273812173887,129.0,1991.0,10.0,en,Unknown,5,5,0,2015810.0,14.51653215377859
22000000.0,16.906553056777135,84.0,1991.0,10.0,en,Unknown,5,3,1,11000863.0,16.21348437313266
1227401.0,14.020410298396454,100.0,1991.0,10.0,en,Unknown,5,1,0,1277401.0,14.060338885788688
22000000.0,16.906553056777135,98.0,1991.0,10.0,en,Unknown,5,2,3,11511031.0,16.25881643784295
6000000.0,15.607270193858982,91.0,1991.0,10.0,en,Unknown,5,4,0,1193062.0,13.992034507732697
25000000.0,17.034386422832473,84.0,1991.0,11.0,en,Unknown,5,3,0,377350553.0,19.74868516482711
35000000.0,17.370858648025116,128.0,1991.0,11.0,en,Unknown,5,4,7,182300000.0,19.021164245134354
9000000.0,16.012735246411598,94.0,1991.0,11.0,en,Unknown,5,1,1,26055.0,10.16800334695607
30000000.0,17.216707972959764,99.0,1991.0,11.0,en,Unknown,5,3,0,191502426.0,19.07041104013391
40000000.0,17.50439003707821,138.0,1991.0,11.0,en,Unknown,5,1,3,23202444.0,16.959768219014656
14000000.0,16.454567959008102,85.0,1991.0,12.0,en,Unknown,5,1,10,2735731.0,14.821909599710475
27000000.0,17.11134746100564,113.0,1991.0,12.0,en,Unknown,5,1,1,96900000.0,18.38919008718091
36000000.0,17.399029524198163,189.0,1991.0,12.0,en,Unknown,5,2,0,1345903.0,14.112576464206395
30000000.0,17.216707972959764,134.0,1991.0,12.0,en,Unknown,5,2,3,49114016.0,17.709655030638555
29000000.0,17.182806422433504,105.0,1991.0,12.0,en,Unknown,5,3,3,59509925.0,17.901653680131773
70000000.0,18.064005814299346,144.0,1991.0,12.0,en,Unknown,5,2,12,300854823.0,19.522138394070804
40000000.0,17.50439003707821,189.0,1991.0,12.0,en,Unknown,5,4,6,205405498.0,19.14049662725226
30000000.0,17.216707972959764,132.0,1991.0,12.0,en,Unknown,5,1,1,74787599.0,18.130162653801374
11000000.0,16.213405921671733,130.0,1991.0,12.0,en,Unknown,5,1,0,119418501.0,18.59814470504196
11700000.0,16.275099485238066,110.0,1992.0,1.0,en,Unknown,5,3,1,88036683.0,18.29326414921534
10000000.0,16.118095750958314,89.0,1992.0,1.0,cn,Unknown,5,3,0,8359717.0,15.93893525243453
5000000.0,15.424948670398354,96.0,1992.0,1.0,en,Unknown,5,1,0,20146880.0,16.818560045294014
400000.0,12.899222326086994,105.0,1992.0,2.0,zh,Unknown,5,1,0,152322.0,11.933758545209391
20000000.0,16.811242881518265,94.0,1992.0,2.0,en,Unknown,5,1,0,121697323.0,18.617047569219704
35000000.0,17.370858648025116,114.0,1992.0,2.0,en,Unknown,5,3,6,4651977.0,15.352803063460756
3.0,1.3862943611198906,100.0,1992.0,2.0,en,Unknown,5,0,0,232.0,5.4510384535657
40000000.0,17.50439003707821,99.0,1992.0,2.0,en,Unknown,5,5,8,14358033.0,16.479820204133592
10000000.0,16.118095750958314,108.0,1992.0,3.0,en,Unknown,5,2,0,32101000.0,17.284397771414664
18000000.0,16.705882371415992,100.0,1992.0,3.0,en,Unknown,5,1,1,6375979.0,15.668048362684408
11000000.0,16.213405921671733,120.0,1992.0,3.0,en,Unknown,5,3,1,64088552.0,17.975776325600318
12000000.0,16.300417291085605,101.0,1992.0,3.0,en,Unknown,5,2,2,2280148.0,14.63975134967254
49000000.0,17.707330876483063,127.0,1992.0,3.0,en,Unknown,5,3,2,352927224.0,19.681772432170284
8000000.0,15.894952224644102,124.0,1992.0,4.0,en,Unknown,5,4,2,21706101.0,16.89310397713858
27000000.0,17.11134746100564,132.0,1992.0,4.0,en,Unknown,5,4,2,14683921.0,16.50226371168064
2000000.0,14.508658238524095,105.0,1992.0,4.0,es,Unknown,5,2,0,21665468.0,16.891230260740898
7.0,2.0794415416798357,90.0,1992.0,5.0,en,Unknown,5,4,0,5.0,1.791759469228055
35000000.0,17.370858648025116,118.0,1992.0,5.0,en,Unknown,5,2,7,321731527.0,19.589227991759024
50000000.0,17.72753358339242,114.0,1992.0,5.0,en,Unknown,5,2,0,159773545.0,18.88926803316192
60000000.0,17.909855136853043,140.0,1992.0,5.0,en,Unknown,5,2,3,137783840.0,18.74119664551691
31000000.0,17.249497794707484,100.0,1992.0,5.0,en,Unknown,5,1,1,231605150.0,19.26054454434843
10000000.0,16.118095750958314,134.0,1992.0,6.0,en,Unknown,5,3,5,4160851.0,15.241230418959521
45000000.0,17.622173069956816,117.0,1992.0,6.0,en,Unknown,5,2,1,178051587.0,18.99758388649131
80000000.0,18.197537205138154,126.0,1992.0,6.0,en,Unknown,5,2,4,280000000.0,19.450300164704952
23000000.0,16.951004817371683,117.0,1992.0,6.0,en,Unknown,5,3,1,57138719.0,17.860992553395935
40000000.0,17.50439003707821,117.0,1992.0,6.0,en,Unknown,5,1,1,70100000.0,18.065433366270153
40000000.0,17.50439003707821,128.0,1992.0,7.0,en,Unknown,5,2,1,107458785.0,18.49261794597426
900000.0,13.710151153416941,95.0,1992.0,7.0,cn,Unknown,5,2,0,20483423.0,16.83512653166131
30000000.0,17.216707972959764,102.0,1992.0,7.0,en,Unknown,5,2,4,14110589.0,16.462436137270892
40000000.0,17.50439003707821,89.0,1992.0,7.0,en,Unknown,5,2,3,58662452.0,17.887310437891223
30.0,3.4339872044851463,100.0,1992.0,7.0,en,Unknown,5,4,1,4.0,1.6094379124341003
7000000.0,15.76142084987672,86.0,1992.0,7.0,en,Unknown,5,3,0,16624456.0,16.626385482318653
10000000.0,16.118095750958314,95.0,1992.0,7.0,en,Unknown,5,1,2,14356479.0,16.479711966188034
55000000.0,17.822843761378564,104.0,1992.0,7.0,en,Unknown,5,1,6,149022650.0,18.819608872490072
14000000.0,16.454567959008102,131.0,1992.0,8.0,en,Unknown,5,2,8,159157447.0,18.88540450921501
12000000.0,16.300417291085605,91.0,1992.0,8.0,en,Unknown,5,2,10,37170057.0,17.43101410267039
3000000.0,14.914123179965662,104.0,1992.0,8.0,en,Unknown,5,3,0,242623.0,12.399268198876007
25000000.0,17.034386422832473,87.0,1992.0,8.0,en,Unknown,5,2,2,10736401.0,16.18915058160585
17000000.0,16.648723960844016,98.0,1992.0,8.0,en,Unknown,5,2,4,4836637.0,15.391730409227764
16000000.0,16.588099342704055,107.0,1992.0,8.0,en,Unknown,5,1,1,48017402.0,17.687074065662262
3000000.0,14.914123179965662,94.0,1992.0,8.0,en,Unknown,5,3,0,33946224.0,17.340288212855807
13000000.0,16.380459992348886,89.0,1992.0,8.0,en,Unknown,5,4,0,3721911.0,15.129748072702249
40000000.0,17.50439003707821,120.0,1992.0,8.0,fr,Unknown,5,1,5,8251071.0,15.92585368926341
8000000.0,15.894952224644102,100.0,1992.0,8.0,en,Unknown,5,2,1,17092453.0,16.65414763752762
5000000.0,15.424948670398354,139.0,1992.0,9.0,en,Unknown,5,5,4,1862805.0,14.43759451104287
3705538.0,15.12533928521359,112.0,1992.0,9.0,en,Unknown,5,5,0,62548947.0,17.9514599761906
1200000.0,13.997832948091215,99.0,1992.0,9.0,en,Unknown,5,3,0,14661007.0,16.500702010585623
220000.0,12.301387370778713,81.0,1992.0,9.0,es,Unknown,5,1,0,2040920.0,14.528911734526451
11000000.0,16.213405921671733,82.0,1992.0,9.0,en,Unknown,5,1,1,1659542.0,14.322052821225574
29000000.0,17.182806422433504,126.0,1992.0,9.0,en,Unknown,5,2,1,5519569.0,15.523810516668304
250000.0,12.429220196836383,82.0,1992.0,9.0,en,Unknown,2,0,0,340147.0,12.737136095996991
5000000.0,15.424948670398354,93.0,1992.0,9.0,en,Unknown,5,3,0,12534961.0,16.344032258058167
12500000.0,16.341239282272525,100.0,1992.0,9.0,en,Unknown,5,3,1,10725228.0,16.188109374531756
1000000.0,13.815511557963774,96.0,1992.0,9.0,en,Unknown,5,1,1,2019469.0,14.518345658713097
130000.0,11.775297421715827,105.0,1992.0,9.0,en,Unknown,5,1,0,799674.0,13.591960674108178
24000000.0,16.993564429978885,100.0,1992.0,9.0,en,Unknown,5,2,1,22518097.0,16.92982989940964
43000000.0,17.57671069691365,119.0,1992.0,9.0,en,Unknown,5,3,0,13300000.0,16.40327466837995
40000000.0,17.50439003707821,112.0,1992.0,9.0,en,Unknown,5,1,2,75505856.0,18.13972078736932
8000000.0,15.894952224644102,95.0,1992.0,9.0,en,Unknown,5,3,2,6739141.0,15.72344317508193
10000000.0,16.118095750958314,101.0,1992.0,10.0,en,Unknown,5,1,3,50752337.0,17.742468243790547
35000000.0,17.370858648025116,103.0,1992.0,10.0,en,Unknown,5,4,1,156563139.0,18.868969937059454
47000000.0,17.665658180950928,154.0,1992.0,10.0,en,Unknown,5,5,6,7191399.0,15.788396425624528
6000000.0,15.607270193858982,99.0,1992.0,10.0,en,Unknown,5,3,0,25792310.0,17.065586982218274
18000000.0,16.705882371415992,99.0,1992.0,10.0,en,Unknown,5,3,3,21591728.0,16.88782088265642
15000000.0,16.52356082573315,84.0,1992.0,11.0,en,Unknown,5,1,0,44065653.0,17.60119121611687
20000000.0,16.811242881518265,124.0,1992.0,11.0,en,Unknown,5,1,0,11390479.0,16.24828847676543
40000000.0,17.50439003707821,128.0,1992.0,11.0,en,Unknown,5,3,9,215862692.0,19.190153082962333
34000000.0,17.341871111992198,202.0,1992.0,11.0,en,Unknown,5,3,3,48169908.0,17.690245089462
18000000.0,16.705882371415992,120.0,1992.0,11.0,en,Unknown,5,2,1,358991681.0,19.69880977626769
25000000.0,17.034386422832473,129.0,1992.0,11.0,en,Unknown,5,3,0,411006740.0,19.83412017378586
28000000.0,17.147715103853763,90.0,1992.0,11.0,en,Unknown,5,1,2,504050219.0,20.038186463928767
40000000.0,17.50439003707821,138.0,1992.0,12.0,en,Unknown,5,1,5,243240178.0,19.309559904114614
31000000.0,17.249497794707484,157.0,1992.0,12.0,en,Unknown,5,2,2,134095253.0,18.714060956126733
25000000.0,17.034386422832473,93.0,1993.0,1.0,en,Unknown,5,1,8,2438031.0,14.706701714449931
900000.0,13.710151153416941,92.0,1993.0,1.0,en,Unknown,5,1,0,8556940.0,15.962253324436606
2500000.0,14.731801689838349,95.0,1993.0,1.0,en,Unknown,5,3,0,764083.0,13.546433009748837
32000000.0,17.281246492014,120.0,1993.0,1.0,en,Unknown,5,2,1,36733909.0,17.419210864621338
30000000.0,17.216707972959764,101.0,1993.0,1.0,en,Unknown,5,1,0,13273595.0,16.401287356787144
900000.0,13.710151153416941,92.0,1993.0,1.0,en,Unknown,5,3,0,6980986.0,15.758700868753412
14600000.0,16.496532155171714,101.0,1993.0,2.0,en,Unknown,5,1,3,70906973.0,18.076879350557753
25000000.0,17.034386422832473,113.0,1993.0,2.0,en,Unknown,5,4,3,40903593.0,17.526728490013074
19885552.0,16.805504046144204,109.0,1993.0,3.0,en,Unknown,5,1,1,19724334.0,16.797363710566426
21000000.0,16.860033043306743,96.0,1993.0,3.0,en,Unknown,5,3,0,42000000.0,17.553180200057167
6000000.0,15.607270193858982,89.0,1993.0,4.0,en,Unknown,5,2,0,13609396.0,16.42627106798852
38000000.0,17.453096744006448,117.0,1993.0,4.0,en,Unknown,5,1,4,266614059.0,19.40131270250282
22000000.0,16.906553056777135,104.0,1993.0,4.0,en,Unknown,5,1,1,10696210.0,16.18540012457009
15000000.0,16.52356082573315,122.0,1993.0,4.0,en,Unknown,5,2,5,10611160.0,16.17741692967437
14000000.0,16.454567959008102,120.0,1993.0,5.0,en,Unknown,5,2,0,63513743.0,17.96676688138784
7000000.0,15.76142084987672,121.0,1993.0,5.0,en,Unknown,5,4,0,116700000.0,18.575117105825765
25000000.0,17.034386422832473,86.0,1993.0,5.0,en,Unknown,5,2,2,133752825.0,18.711504072489138
40000000.0,17.50439003707821,108.0,1993.0,5.0,en,Unknown,5,2,2,116300000.0,18.571683626087346
1000000.0,13.815511557963774,83.0,1993.0,5.0,fr,Unknown,5,1,0,1753979.0,14.377398049340705
3500000.0,15.068273812173887,97.0,1993.0,5.0,en,Unknown,5,1,0,27900000.0,17.14413728263389
70000000.0,18.064005814299346,112.0,1993.0,5.0,en,Unknown,5,5,4,255000211.0,19.356774934494904
1000000.0,13.815511557963774,124.0,1993.0,5.0,en,Unknown,5,5,0,2691899.0,14.80575782195426
48000000.0,17.6867115897055,104.0,1993.0,5.0,en,Unknown,5,5,0,20915465.0,16.85599944327004
13000000.0,16.380459992348886,87.0,1993.0,6.0,en,Unknown,5,3,2,428868.0,12.968906789972536
63000000.0,17.958645300228824,127.0,1993.0,6.0,en,Unknown,5,2,13,920100000.0,20.63999291883943
13000000.0,16.380459992348886,71.0,1993.0,6.0,en,Unknown,5,2,0,6582052.0,15.699857260716753
85000000.0,18.258161826219297,130.0,1993.0,6.0,en,Unknown,5,2,3,137298489.0,18.73766787286272
35000000.0,17.370858648025116,94.0,1993.0,6.0,en,Unknown,5,3,1,117270765.0,18.579996058350766
21000000.0,16.860033043306743,105.0,1993.0,6.0,en,Unknown,5,1,0,227799884.0,19.243978104148432
42000000.0,17.553180200057167,154.0,1993.0,6.0,en,Unknown,5,3,4,270248367.0,19.414851975612443
40000000.0,17.50439003707821,128.0,1993.0,7.0,en,Unknown,5,2,4,176997168.0,18.99164429605991
8000000.0,15.894952224644102,98.0,1993.0,7.0,en,Unknown,5,2,0,2000000.0,14.508658238524095
20000000.0,16.811242881518265,112.0,1993.0,7.0,en,Unknown,5,5,1,153698625.0,18.850504268976348
28000000.0,17.147715103853763,96.0,1993.0,7.0,en,Unknown,5,1,0,39514713.0,17.492183666837207
14000000.0,16.454567959008102,109.0,1993.0,7.0,en,Unknown,5,1,1,27515786.0,17.13027047064736
20000000.0,16.811242881518265,104.0,1993.0,7.0,en,Unknown,5,3,5,35739755.0,17.391774240587754
20000000.0,16.811242881518265,93.0,1993.0,7.0,en,Unknown,5,1,0,11585483.0,16.265263493137347
1000000.0,13.815511557963774,109.0,1993.0,8.0,zh,Unknown,5,2,1,6933459.0,15.751869525067326
44000000.0,17.599700214609808,130.0,1993.0,8.0,en,Unknown,5,1,2,368875760.0,19.725970454254732
3000000.0,14.914123179965662,87.0,1993.0,8.0,en,Unknown,5,2,0,15938065.0,16.58422089397781
13500000.0,16.41820031748273,104.0,1993.0,8.0,en,Unknown,5,1,11,11285588.0,16.23903716004854
18000000.0,16.705882371415992,97.0,1993.0,8.0,en,Unknown,5,3,0,74189677.0,18.122135587948716
6000000.0,15.607270193858982,99.0,1993.0,8.0,en,Unknown,5,2,2,3283371.0,15.004381501060564
9000000.0,16.012735246411598,117.0,1993.0,9.0,en,Unknown,5,2,0,2395231.0,14.688990652611697
13000000.0,16.380459992348886,90.0,1993.0,9.0,en,Unknown,5,2,0,2570145.0,14.759473264596334
11000000.0,16.213405921671733,139.0,1993.0,9.0,en,Unknown,5,1,0,32861136.0,17.307801271313796
12500000.0,16.341239282272525,120.0,1993.0,9.0,en,Unknown,5,4,4,12281551.0,16.32360885706226
11000000.0,16.213405921671733,100.0,1993.0,9.0,en,Unknown,5,1,0,1044824.0,13.859359965242536
11500000.0,16.257857680289998,100.0,1993.0,9.0,en,Unknown,5,3,0,3275585.0,15.002007342342903
22000000.0,16.906553056777135,121.0,1993.0,9.0,en,Unknown,5,2,0,17287898.0,16.665517334949108
12000000.0,16.300417291085605,120.0,1993.0,9.0,en,Unknown,5,0,0,212483.0,12.266621970394217
2600000.0,14.77102238760702,91.0,1993.0,9.0,en,Unknown,5,0,0,2850263.0,14.86292217953374
34000000.0,17.341871111992198,139.0,1993.0,9.0,en,Unknown,5,1,8,32255440.0,17.289197300153884
12000000.0,16.300417291085605,114.0,1993.0,9.0,en,Unknown,5,1,1,22750363.0,16.940091703233236
6900000.0,15.747032114495013,102.0,1993.0,9.0,en,Unknown,5,3,0,7993039.0,15.894081720974466
17000000.0,16.648723960844016,87.0,1993.0,9.0,en,Unknown,5,1,1,44456478.0,17.610021268582425
14000000.0,16.454567959008102,98.0,1993.0,9.0,en,Unknown,5,1,0,154864401.0,18.858060466193653
30000000.0,17.216707972959764,94.0,1993.0,10.0,en,Unknown,5,2,1,11146270.0,16.22661556047117
2000000.0,14.508658238524095,97.0,1993.0,10.0,en,Unknown,5,1,0,54207.0,10.900583778011725
1500000.0,14.220976332738882,96.0,1993.0,10.0,en,Unknown,5,1,0,418961.0,12.94553550266739
57000000.0,17.858561843342684,115.0,1993.0,10.0,en,Unknown,5,2,0,159055768.0,18.88476544711433
10000000.0,16.118095750958314,98.0,1993.0,10.0,en,Unknown,5,1,0,18.0,2.9444389791664403
800000.0,13.592368256649284,114.0,1993.0,10.0,en,Unknown,5,2,0,1001437.0,13.816947525032393
18000000.0,16.705882371415992,76.0,1993.0,10.0,en,Unknown,5,3,0,75634409.0,18.141421896326605
11500000.0,16.257857680289998,134.0,1993.0,11.0,en,Unknown,5,2,1,23237911.0,16.961295640817006
12000000.0,16.300417291085605,104.0,1993.0,11.0,en,Unknown,5,2,0,1703282.0,14.348068123173018
30000000.0,17.216707972959764,144.0,1993.0,11.0,en,Unknown,5,3,11,36516012.0,17.41326143467537
30000000.0,17.216707972959764,105.0,1993.0,11.0,en,Unknown,5,2,4,53898845.0,17.802619625631475
5000000.0,15.424948670398354,97.0,1993.0,11.0,en,Unknown,5,1,0,2970.0,7.9966538754626075
6000000.0,15.607270193858982,97.0,1993.0,11.0,en,Unknown,5,2,1,12974636.0,16.378507009746254
30000000.0,17.216707972959764,138.0,1993.0,11.0,en,Unknown,5,2,9,135130999.0,18.7217552362681
25000000.0,17.034386422832473,125.0,1993.0,11.0,en,Unknown,5,2,2,441286195.0,19.905204193442355
19000000.0,16.759949589762293,93.0,1993.0,11.0,en,Unknown,5,1,2,2119994.0,14.566924288154848
18000000.0,16.705882371415992,96.0,1993.0,11.0,en,Unknown,5,3,0,1528163.0,14.239577572792099
22000000.0,16.906553056777135,195.0,1993.0,11.0,en,Unknown,5,2,14,321365567.0,19.58808987422816
35000000.0,17.370858648025116,140.0,1993.0,12.0,en,Unknown,5,1,3,4858139.0,15.396166206572815
38000000.0,17.453096744006448,107.0,1993.0,12.0,en,Unknown,5,1,1,57319029.0,17.86414323824093
35000000.0,17.370858648025116,115.0,1993.0,12.0,en,Unknown,5,1,9,18635620.0,16.74058541472984
13000000.0,16.380459992348886,133.0,1993.0,12.0,en,Unknown,5,2,1,65796862.0,18.00208272038703
15000000.0,16.52356082573315,89.0,1993.0,12.0,en,Unknown,5,2,2,118243066.0,18.588252953596367
45000000.0,17.622173069956816,141.0,1993.0,12.0,en,Unknown,5,1,4,195268056.0,19.089883823841983
11000000.0,16.213405921671733,118.0,1993.0,12.0,en,Unknown,5,1,0,10032765.0,16.121366894601774
26000000.0,17.073607134447293,125.0,1993.0,12.0,en,Unknown,5,2,3,206678440.0,19.14667471829307
25000000.0,17.034386422832473,130.0,1993.0,12.0,en,Unknown,5,2,2,56505065.0,17.849840855813934
6000000.0,15.607270193858982,76.0,1993.0,12.0,en,Unknown,5,2,0,5617391.0,15.541378057222628
600000.0,13.304686600863562,95.0,1994.0,1.0,en,Unknown,5,1,0,185898.0,12.132958794458919
17080000.0,16.653418804872704,107.0,1994.0,1.0,en,Unknown,5,5,2,21011500.0,16.860580512439707
5000000.0,15.424948670398354,95.0,1994.0,1.0,en,Unknown,5,2,0,1702394.0,14.347546641095073
45000000.0,17.622173069956816,98.0,1994.0,1.0,en,Unknown,5,1,4,21355893.0,16.87683832511359
10700000.0,16.185754392890075,89.0,1994.0,1.0,en,Unknown,5,1,0,1238080.0,14.029073158196208
15000000.0,16.52356082573315,86.0,1994.0,2.0,en,Unknown,5,2,0,107217396.0,18.490369078881876
11500000.0,16.257857680289998,99.0,1994.0,2.0,en,Unknown,5,2,0,20079850.0,16.815227432441546
50000000.0,17.72753358339242,102.0,1994.0,2.0,en,Unknown,5,1,0,49000000.0,17.707330876483063
26000000.0,17.073607134447293,89.0,1994.0,3.0,en,Unknown,5,3,0,8009329.0,15.896117670102871
6000000.0,15.607270193858982,117.0,1994.0,3.0,en,Unknown,5,3,0,254700832.0,19.355600210458668
11000000.0,16.213405921671733,97.0,1994.0,3.0,en,Unknown,5,2,0,11439193.0,16.252556086888433
30000000.0,17.216707972959764,83.0,1994.0,3.0,en,Unknown,5,1,0,51132598.0,17.74993279697887
28000000.0,17.147715103853763,87.0,1994.0,3.0,en,Unknown,5,2,2,11373501.0,16.246796821821402
19000000.0,16.759949589762293,89.0,1994.0,4.0,en,Unknown,5,1,0,7411659.0,15.818564993775622
2000000.0,14.508658238524095,85.0,1994.0,4.0,en,Unknown,5,1,0,2260622.0,14.631150996977022
13000000.0,16.380459992348886,95.0,1994.0,4.0,en,Unknown,5,2,2,7820688.0,15.872283216057143
7400000.0,15.816990693309524,96.0,1994.0,4.0,en,Unknown,5,1,1,7690013.0,15.855433162026333
20000000.0,16.811242881518265,118.0,1994.0,4.0,en,Unknown,5,4,0,15340000.0,16.54597441909243
9000000.0,16.012735246411598,79.0,1994.0,4.0,en,Unknown,5,1,0,4350774.0,15.285864548115635
2800000.0,14.845130332288226,135.0,1994.0,5.0,ru,Unknown,5,3,0,2616503.0,14.777349633553024
15000000.0,16.52356082573315,102.0,1994.0,5.0,en,Unknown,5,5,0,94000000.0,18.358805350872576
50000000.0,17.72753358339242,104.0,1994.0,5.0,en,Unknown,5,2,7,119208989.0,18.596388729214706
46000000.0,17.6441519761925,91.0,1994.0,5.0,en,Unknown,5,3,0,341631208.0,19.649242376946724
40000000.0,17.50439003707821,128.0,1994.0,6.0,en,Unknown,5,2,2,24332324.0,17.007316271229797
30000000.0,17.216707972959764,116.0,1994.0,6.0,en,Unknown,5,1,0,350448145.0,19.674723310555624
45000000.0,17.622173069956816,89.0,1994.0,6.0,en,Unknown,5,2,0,788241776.0,20.485315424365478
63000000.0,17.958645300228824,191.0,1994.0,6.0,en,Unknown,5,4,0,25052000.0,17.036464262544413
45000000.0,17.622173069956816,123.0,1994.0,6.0,en,Unknown,5,2,0,61947267.0,17.94179406498628
25000000.0,17.034386422832473,108.0,1994.0,7.0,en,Unknown,5,1,3,48063435.0,17.6880322796829
50000000.0,17.72753358339242,99.0,1994.0,7.0,en,Unknown,5,1,1,16671505.0,16.629211592578002
55000000.0,17.822843761378564,142.0,1994.0,7.0,en,Unknown,5,1,7,677945399.0,20.334577311688424
115000000.0,18.560442695023177,141.0,1994.0,7.0,en,Unknown,5,2,4,378882411.0,19.752736456331352
12000000.0,16.300417291085605,107.0,1994.0,7.0,en,Unknown,5,1,1,15826984.0,16.57722695256745
45000000.0,17.622173069956816,119.0,1994.0,7.0,en,Unknown,5,3,4,117615211.0,18.582928938804823
23000000.0,16.951004817371683,101.0,1994.0,7.0,en,Unknown,5,2,2,351583407.0,19.67795753267319
62000000.0,17.9426449591384,141.0,1994.0,8.0,en,Unknown,5,2,3,215887717.0,19.19026900641899
40000000.0,17.50439003707821,121.0,1994.0,8.0,en,Unknown,5,2,0,19726050.0,16.79745070591299
34000000.0,17.341871111992198,119.0,1994.0,8.0,en,Unknown,5,5,7,50282766.0,17.733172971993923
10500000.0,16.166885910365842,99.0,1994.0,9.0,en,Unknown,5,1,1,123509.0,11.72407740343206
5000000.0,15.424948670398354,99.0,1994.0,9.0,en,Unknown,5,4,1,3049135.0,14.930368829764083
20000000.0,16.811242881518265,107.0,1994.0,9.0,en,Unknown,5,5,1,305070.0,12.628299815384132
8000000.0,15.894952224644102,154.0,1994.0,9.0,en,Unknown,5,3,1,213928762.0,19.18115363439065
700000.0,13.45883704259595,171.0,1994.0,9.0,en,Unknown,3,2,0,7830611.0,15.87355122583212
27000.0,10.203629181337648,92.0,1994.0,9.0,en,Unknown,5,2,0,3151130.0,14.963271993978692
16000000.0,16.588099342704055,110.0,1994.0,9.0,fr,Unknown,5,2,1,45284974.0,17.628485857731853
27000000.0,17.11134746100564,99.0,1994.0,9.0,en,Unknown,5,5,3,101646581.0,18.437012472288835
25000000.0,17.034386422832473,142.0,1994.0,9.0,en,Unknown,5,2,0,28341469.0,17.1598366610298
50000000.0,17.72753358339242,102.0,1994.0,9.0,en,Unknown,5,4,1,16478900.0,16.617591393328727
18000000.0,16.705882371415992,127.0,1994.0,9.0,en,Unknown,5,1,5,5887457.0,15.588334883523403
7000000.0,15.76142084987672,119.0,1994.0,9.0,en,Unknown,5,0,0,20851521.0,16.85293750114681
3000000.0,14.914123179965662,106.0,1994.0,9.0,en,Unknown,5,3,0,15119639.0,16.5315051189084
2700000.0,14.80876270134486,117.0,1994.0,10.0,it,Unknown,0,0,2,4635143.0,15.349177824460659
25000000.0,17.034386422832473,97.0,1994.0,10.0,en,Unknown,5,2,0,22200000.0,16.915602891887552
45000000.0,17.622173069956816,110.0,1994.0,10.0,en,Unknown,5,3,0,170362582.0,18.953439564914206
23000000.0,16.951004817371683,76.0,1994.0,10.0,en,Unknown,5,2,3,71368.0,11.17561888037753
14000000.0,16.454567959008102,112.0,1994.0,10.0,en,Unknown,5,1,4,18090181.0,16.710879918127944
55000000.0,17.822843761378564,121.0,1994.0,10.0,en,Unknown,5,3,0,196567262.0,19.096515236043995
30000000.0,17.216707972959764,101.0,1994.0,10.0,en,Unknown,5,2,1,3180674.0,14.972603996382455
45000000.0,17.622173069956816,123.0,1994.0,11.0,en,Unknown,5,2,0,112006296.0,18.53406565089319
3500000.0,15.068273812173887,89.0,1994.0,11.0,en,Unknown,5,1,0,2341309.0,14.666221159747886
22000000.0,16.906553056777135,97.0,1994.0,11.0,en,Unknown,5,2,0,189833357.0,19.061657182121934
60000000.0,17.909855136853043,123.0,1994.0,11.0,en,Unknown,5,1,1,223664608.0,19.22565820652359
38000000.0,17.453096744006448,118.0,1994.0,11.0,en,Unknown,5,1,0,120000000.0,18.603002309079653
35000000.0,17.370858648025116,89.0,1994.0,11.0,en,Unknown,5,1,0,9771658.0,16.094996815130763
60000000.0,17.909855136853043,109.0,1994.0,11.0,en,Unknown,5,2,5,37000000.0,17.426428497635523
27000000.0,17.11134746100564,80.0,1994.0,11.0,en,Unknown,5,2,2,13670688.0,16.43076460977087
10000000.0,16.118095750958314,100.0,1994.0,11.0,en,Unknown,5,2,0,29392418.0,17.196247341915182
8500000.0,15.955576839107596,95.0,1994.0,11.0,en,Unknown,5,0,0,250993.0,12.433184313445736
26000000.0,17.073607134447293,99.0,1994.0,11.0,en,Unknown,5,4,0,36800000.0,17.421008430313073
55000000.0,17.822843761378564,123.0,1994.0,12.0,en,Unknown,5,2,4,214015089.0,19.181557084518822
8000000.0,15.894952224644102,95.0,1994.0,12.0,en,Unknown,5,1,9,8946600.0,16.006784241581354
30000000.0,17.216707972959764,133.0,1994.0,12.0,en,Unknown,5,3,1,160638883.0,18.894669447232353
16000000.0,16.588099342704055,107.0,1994.0,12.0,en,Unknown,5,2,0,247275374.0,19.32601315211921
35000000.0,17.370858648025116,102.0,1994.0,12.0,en,Unknown,5,2,0,99423521.0,18.414899283471048
31000000.0,17.249497794707484,112.0,1994.0,12.0,en,Unknown,5,3,1,106683817.0,18.485380045914006
15000000.0,16.52356082573315,133.0,1994.0,12.0,en,Unknown,5,1,3,11300653.0,16.240371158114005
4000000.0,15.201805169084134,90.0,1995.0,1.0,en,Unknown,5,3,0,389503.0,12.872629413816588
2800000.0,14.845130332288226,175.0,1995.0,1.0,hi,Unknown,5,1,0,14000000.0,16.454567959008102
10500000.0,16.166885910365842,113.0,1995.0,1.0,en,Unknown,5,2,0,26325256.0,17.086039378519754
500000.0,13.122365377402328,89.0,1995.0,1.0,en,Unknown,5,2,0,1148752.0,13.9541875641829
6.0,1.9459101490553132,95.0,1995.0,1.0,en,Unknown,5,1,0,5.0,1.791759469228055
2500000.0,14.731801689838349,105.0,1995.0,1.0,en,Unknown,5,2,1,5535405.0,15.526675472834972
7500000.0,15.830413711839864,91.0,1995.0,1.0,cn,Unknown,5,2,1,32392047.0,17.293423518540404
21000000.0,16.860033043306743,115.0,1995.0,2.0,en,Unknown,5,5,3,23450000.0,16.970381095500485
32000000.0,17.281246492014,107.0,1995.0,2.0,en,Unknown,5,1,3,18552460.0,16.73611300668165
10000000.0,16.118095750958314,89.0,1995.0,2.0,en,Unknown,5,1,0,26488734.0,17.092230106238617
22000000.0,16.906553056777135,108.0,1995.0,3.0,sv,Unknown,5,3,3,12400000.0,16.333207111220425
15000000.0,16.52356082573315,103.0,1995.0,3.0,en,Unknown,5,1,1,12201255.0,16.317049455224087
50000000.0,17.72753358339242,127.0,1995.0,3.0,en,Unknown,5,4,5,189859560.0,19.061795204185188
17000000.0,16.648723960844016,106.0,1995.0,3.0,en,Unknown,5,1,0,7603766.0,15.844154340353498
14000000.0,16.454567959008102,139.0,1995.0,3.0,en,Unknown,5,2,2,2474000.0,14.721347236138207
25000000.0,17.034386422832473,98.0,1995.0,3.0,en,Unknown,5,1,1,4064495.0,15.21780030803739
19000000.0,16.759949589762293,118.0,1995.0,4.0,en,Unknown,5,2,0,141407024.0,18.76715299194654
28000000.0,17.147715103853763,74.0,1995.0,4.0,en,Unknown,5,2,4,3983912.0,15.19777506009879
28000000.0,17.147715103853763,139.0,1995.0,4.0,en,Unknown,5,2,0,31596911.0,17.268569952263096
17000000.0,16.648723960844016,103.0,1995.0,4.0,en,Unknown,5,2,1,182057016.0,19.019830476198848
3500000.0,15.068273812173887,91.0,1995.0,4.0,en,Unknown,5,1,0,28215918.0,17.155396880182252
6000000.0,15.607270193858982,86.0,1995.0,4.0,en,Unknown,5,0,0,5093707.0,15.443516610538543
11000000.0,16.213405921671733,113.0,1995.0,5.0,en,Unknown,5,1,0,2832826.0,14.856785710940283
53000000.0,17.78580249038432,116.0,1995.0,5.0,en,Unknown,5,2,5,157387195.0,18.874219543751828
18000000.0,16.705882371415992,108.0,1995.0,5.0,fr,Unknown,5,5,1,1738611.0,14.368597651708424
90000000.0,18.31532023940565,128.0,1995.0,5.0,en,Unknown,5,2,4,366101666.0,19.71842163148081
20000000.0,16.811242881518265,106.0,1995.0,5.0,en,Unknown,5,2,1,21284514.0,16.873490370985255
6000000.0,15.607270193858982,98.0,1995.0,5.0,en,Unknown,5,2,0,12000000.0,16.300417291085605
72000000.0,18.09217669086922,177.0,1995.0,5.0,en,Unknown,5,3,0,210000000.0,19.162618093443648
25000000.0,17.034386422832473,97.0,1995.0,5.0,en,Unknown,5,2,0,19075720.0,16.7639269325856
50000000.0,17.72753358339242,100.0,1995.0,5.0,en,Unknown,5,3,0,287928194.0,19.478221684097427
24000000.0,16.993564429978885,135.0,1995.0,5.0,en,Unknown,5,3,10,182016617.0,19.019608548565085
11000000.0,16.213405921671733,91.0,1995.0,6.0,en,Unknown,5,1,1,178104.0,12.090128542999349
50000000.0,17.72753358339242,109.0,1995.0,6.0,en,Unknown,5,2,2,152022101.0,18.839536476134583
150000.0,11.918397239722838,94.0,1995.0,6.0,en,Unknown,5,1,0,472370.0,13.0655199727673
7000000.0,15.76142084987672,112.0,1995.0,6.0,en,Unknown,5,1,1,8349430.0,15.937703950792574
55000000.0,17.822843761378564,81.0,1995.0,6.0,en,Unknown,5,2,0,346079773.0,19.66217986714061
100000000.0,18.420680753952364,121.0,1995.0,6.0,en,Unknown,5,2,5,336529144.0,19.63419531548269
90000000.0,18.31532023940565,96.0,1995.0,6.0,en,Unknown,5,2,0,113493481.0,18.547255965923945
52000000.0,17.76675429577647,140.0,1995.0,6.0,en,Unknown,5,2,4,355237933.0,19.688298359551155
15000000.0,16.52356082573315,92.0,1995.0,6.0,en,Unknown,5,3,0,66000000.0,18.005165315142214
35000000.0,17.370858648025116,108.0,1995.0,7.0,en,Unknown,5,1,3,113374103.0,18.5462035633915
55000000.0,17.822843761378564,134.0,1995.0,7.0,en,Unknown,5,2,2,127600435.0,18.664414345797027
60000000.0,17.909855136853043,100.0,1995.0,7.0,en,Unknown,5,5,1,104324083.0,18.46301280414933
30000000.0,17.216707972959764,89.0,1995.0,7.0,en,Unknown,5,2,0,254134910.0,19.35337582964417
6000000.0,15.607270193858982,106.0,1995.0,7.0,en,Unknown,5,2,0,23341568.0,16.96574640621366
4000000.0,15.201805169084134,113.0,1995.0,7.0,en,Unknown,5,4,1,851545.0,13.65480879993929
22000000.0,16.906553056777135,114.0,1995.0,7.0,en,Unknown,5,1,0,110627965.0,18.521683472232386
1500000.0,14.220976332738882,91.0,1995.0,7.0,en,Unknown,5,1,0,7412216.0,15.818640142807183
175000000.0,18.980296537602072,135.0,1995.0,7.0,en,Unknown,5,4,2,264218220.0,19.392285914366305
30000000.0,17.216707972959764,106.0,1995.0,8.0,en,Unknown,5,1,2,24048000.0,16.99556243255839
20000000.0,16.811242881518265,103.0,1995.0,8.0,en,Unknown,5,2,1,50012507.0,17.727783692107625
18000000.0,16.705882371415992,101.0,1995.0,8.0,en,Unknown,5,2,0,122195920.0,18.621136224439255
7000000.0,15.76142084987672,104.0,1995.0,8.0,en,Unknown,5,2,1,25405445.0,17.050474118455163
8.0,2.1972245773362196,98.0,1995.0,9.0,en,Unknown,5,1,0,16.0,2.833213344056216
14000000.0,16.454567959008102,99.0,1995.0,9.0,en,Unknown,5,3,0,5780000.0,15.569914413658926
20000000.0,16.811242881518265,108.0,1995.0,9.0,en,Unknown,5,5,0,5781885.0,15.570240485002937
15000000.0,16.52356082573315,95.0,1995.0,9.0,en,Unknown,5,2,12,6700000.0,15.717618233614914
20000000.0,16.811242881518265,107.0,1995.0,9.0,en,Unknown,5,2,0,7563728.0,15.838874880514219
27000000.0,17.11134746100564,102.0,1995.0,9.0,en,Unknown,5,2,0,16140822.0,16.59686221083196
25000000.0,17.034386422832473,128.0,1995.0,9.0,en,Unknown,5,2,4,13071518.0,16.385946299199293
2000000.0,14.508658238524095,83.0,1995.0,9.0,en,Unknown,5,2,0,1275000.0,14.058457520888082
35000000.0,17.370858648025116,135.0,1995.0,9.0,en,Unknown,5,3,0,15000000.0,16.52356082573315
45000000.0,17.622173069956816,128.0,1995.0,9.0,en,Unknown,5,3,3,20350754.0,16.828628569901763
33000000.0,17.312018149733785,127.0,1995.0,9.0,en,Unknown,5,3,1,327311859.0,19.606423974684137
500000.0,13.122365377402328,157.0,1995.0,9.0,en,Unknown,5,0,0,500000.0,13.122365377402328
2.0,1.0986122886681098,95.0,1995.0,9.0,en,Unknown,5,3,0,1.0,0.6931471805599453
5000000.0,15.424948670398354,88.0,1995.0,9.0,en,Unknown,5,1,0,15116634.0,16.531306351037035
25000000.0,17.034386422832473,113.0,1995.0,9.0,en,Unknown,5,1,3,6278139.0,15.652584316230964
50.0,3.9318256327243257,98.0,1995.0,10.0,en,Unknown,5,3,0,83.0,4.430816798843313
10000000.0,16.118095750958314,116.0,1995.0,10.0,en,Unknown,5,2,0,23574130.0,16.975660524722755
50000000.0,17.72753358339242,132.0,1995.0,10.0,en,Unknown,5,5,8,30303072.0,17.22675968447894
50000000.0,17.72753358339242,135.0,1995.0,10.0,en,Unknown,5,2,3,10382407.0,16.155623393383497
50000000.0,17.72753358339242,95.0,1995.0,10.0,en,Unknown,5,1,3,9851610.0,16.10314555307438
42000000.0,17.553180200057167,145.0,1995.0,10.0,en,Unknown,5,1,1,7959291.0,15.889850609141131
6000000.0,15.607270193858982,94.0,1995.0,10.0,en,Unknown,5,4,1,2122561.0,14.56813440757729
6400000.0,15.671808704579888,86.0,1995.0,10.0,en,Unknown,5,1,0,6.0,1.9459101490553132
12000000.0,16.300417291085605,100.0,1995.0,10.0,en,Unknown,5,1,0,27400000.0,17.126053607854647
13200000.0,16.395727463314174,190.0,1995.0,10.0,hi,Unknown,5,1,0,100000000.0,18.420680753952364
30250000.0,17.225006775498976,105.0,1995.0,10.0,en,Unknown,5,2,2,115101622.0,18.561325974374626
14000000.0,16.454567959008102,100.0,1995.0,10.0,en,Unknown,5,1,5,19800000.0,16.801192546169812
3600000.0,15.096444681204078,112.0,1995.0,10.0,en,Unknown,5,2,0,49800000.0,17.723525562075203
30000000.0,17.216707972959764,81.0,1995.0,10.0,en,Unknown,5,1,0,373554033.0,19.73857322141759
50000000.0,17.72753358339242,91.0,1995.0,11.0,en,Unknown,5,2,0,11534477.0,16.260851194989943
30000000.0,17.216707972959764,90.0,1995.0,11.0,en,Unknown,5,3,0,212385533.0,19.173913737668016
58000000.0,17.87595358575207,130.0,1995.0,11.0,en,Unknown,5,2,1,352194034.0,19.679692817483186
62000000.0,17.9426449591384,106.0,1995.0,11.0,en,Unknown,5,2,6,107879496.0,18.496525393636873
60000000.0,17.909855136853043,103.0,1995.0,11.0,en,Unknown,5,1,2,35431113.0,17.38310091862791
8169363.0,15.915901618028812,90.0,1995.0,11.0,en,Unknown,5,1,3,8175346.0,15.916633720329946
52000000.0,17.76675429577647,178.0,1995.0,11.0,en,Unknown,5,4,9,116112375.0,18.570069038747533
8000000.0,15.894952224644102,116.0,1995.0,12.0,en,Unknown,5,1,0,529766.0,13.18019256622443
4000000.0,15.201805169084134,98.0,1995.0,12.0,en,Unknown,5,2,0,4300000.0,15.274125813221904
16500000.0,16.61887099947687,136.0,1995.0,12.0,en,Unknown,5,2,2,135000000.0,18.72078534381011
60000000.0,17.909855136853043,170.0,1995.0,12.0,en,Unknown,5,3,3,187436818.0,19.04895238125583
65000000.0,17.989897843244528,104.0,1995.0,12.0,en,Unknown,5,3,3,262797249.0,19.386893380288626
35000000.0,17.370858648025116,106.0,1995.0,12.0,en,Unknown,5,3,4,64350171.0,17.979850164885512
16000000.0,16.588099342704055,127.0,1995.0,12.0,en,Unknown,5,1,0,81452156.0,18.215526375166277
44000000.0,17.599700214609808,192.0,1995.0,12.0,en,Unknown,5,2,8,13681765.0,16.43157455539407
98000000.0,18.400478046838927,119.0,1995.0,12.0,en,Unknown,5,4,5,10017322.0,16.119826452257225
29500000.0,17.19990085520835,129.0,1995.0,12.0,en,Unknown,5,3,4,168840000.0,18.94446208480134
11000000.0,16.213405921671733,122.0,1995.0,12.0,en,Unknown,5,3,0,39363635.0,17.488353003930516
19000000.0,16.759949589762293,108.0,1996.0,1.0,en,Unknown,5,4,2,25836616.0,17.067303307255134
500000.0,13.122365377402328,88.0,1996.0,1.0,en,Unknown,5,1,0,431326.0,12.974621782114061
12500000.0,16.341239282272525,99.0,1996.0,1.0,en,Unknown,5,1,3,1227324.0,14.020347562295841
15000000.0,16.52356082573315,90.0,1996.0,1.0,en,Unknown,5,2,2,2042530.0,14.529700283079698
38000000.0,17.453096744006448,129.0,1996.0,2.0,en,Unknown,5,3,7,10300000.0,16.14765455028724
7000000.0,15.76142084987672,123.0,1996.0,2.0,en,Unknown,5,3,0,405000.0,12.91164481522143
50000000.0,17.72753358339242,108.0,1996.0,2.0,en,Unknown,5,3,1,150270147.0,18.82794521889528
12000000.0,16.300417291085605,92.0,1996.0,2.0,en,Unknown,5,3,0,41205099.0,17.534072593066618
7000000.0,15.76142084987672,91.0,1996.0,2.0,en,Unknown,5,2,0,560069.0,13.235817054899483
4000000.0,15.201805169084134,93.0,1996.0,2.0,en,Unknown,5,5,0,16491080.0,16.6183302472689
47000000.0,17.665658180950928,104.0,1996.0,2.0,en,Unknown,5,2,2,12379402.0,16.331544601117734
3000000.0,14.914123179965662,96.0,1996.0,2.0,en,Unknown,5,3,0,222559.0,12.31295200715727
25000000.0,17.034386422832473,95.0,1996.0,3.0,en,Unknown,5,5,3,1614266.0,14.294391541639703
31000000.0,17.249497794707484,117.0,1996.0,3.0,en,Unknown,5,1,6,185260553.0,19.037273792177565
4000000.0,15.201805169084134,86.0,1996.0,3.0,en,Unknown,5,3,0,16675000.0,16.629421209735973
55000000.0,17.822843761378564,133.0,1996.0,3.0,en,Unknown,5,2,0,121969216.0,18.619279251187436
7000000.0,15.76142084987672,92.0,1996.0,3.0,en,Unknown,5,1,0,14702438.0,16.50352395635338
12000000.0,16.300417291085605,108.0,1996.0,3.0,en,Unknown,5,2,5,4939939.0,15.412863743341358
5000000.0,15.424948670398354,89.0,1996.0,3.0,en,Unknown,5,3,0,42000000.0,17.553180200057167
30000000.0,17.216707972959764,129.0,1996.0,4.0,en,Unknown,5,1,0,102616183.0,18.44650621705291
13000000.0,16.380459992348886,91.0,1996.0,4.0,en,Unknown,5,2,4,9789900.0,16.096861902096013
7000000.0,15.76142084987672,98.0,1996.0,4.0,en,Unknown,5,2,3,60611975.0,17.920003055276915
38000000.0,17.453096744006448,79.0,1996.0,4.0,en,Unknown,5,2,1,28921264.0,17.180087695653675
25000000.0,17.034386422832473,105.0,1996.0,4.0,en,Unknown,5,1,5,10070000.0,16.125071363999606
30000000.0,17.216707972959764,95.0,1996.0,4.0,en,Unknown,5,4,1,57400547.0,17.865564408282548
15000000.0,16.52356082573315,101.0,1996.0,5.0,en,Unknown,5,1,1,24769466.0,17.025122283268747
3000000.0,14.914123179965662,102.0,1996.0,5.0,en,Unknown,5,1,0,2503829.0,14.7333321175236
4800000.0,15.38412668421143,99.0,1996.0,5.0,en,Unknown,5,1,0,3014000.0,14.918778989953527
92000000.0,18.33729914588288,113.0,1996.0,5.0,en,Unknown,5,4,1,494471524.0,20.019000123951457
25530000.0,17.05536482838727,95.0,1996.0,5.0,en,Unknown,5,3,1,20080020.0,16.815235898603987
80000000.0,18.197537205138154,110.0,1996.0,5.0,en,Unknown,5,2,12,457696359.0,19.94171655278473
4500000.0,15.319588176962746,142.0,1996.0,5.0,en,Unknown,5,4,0,13417292.0,16.412054955300924
25000000.0,17.034386422832473,115.0,1996.0,5.0,en,Unknown,5,3,0,14048372.0,16.458017146326863
57000000.0,17.858561843342684,103.0,1996.0,5.0,en,Unknown,5,1,1,115267375.0,18.562764996372575
75000000.0,18.132998684833918,136.0,1996.0,6.0,en,Unknown,5,2,1,335062621.0,19.62982800366314
45000000.0,17.622173069956816,100.0,1996.0,6.0,en,Unknown,5,3,2,17300889.0,16.66626850323146
47000000.0,17.665658180950928,96.0,1996.0,6.0,en,Unknown,5,1,1,102825796.0,18.448546823084033
100000000.0,18.420680753952364,115.0,1996.0,6.0,en,Unknown,5,2,3,242295562.0,19.305668873609182
100000000.0,18.420680753952364,91.0,1996.0,6.0,en,Unknown,5,1,1,100138851.0,18.42206830084989
5000000.0,15.424948670398354,135.0,1996.0,6.0,en,Unknown,5,3,1,13269963.0,16.401013693418502
75000000.0,18.132998684833918,145.0,1996.0,6.0,en,Unknown,5,2,1,816969268.0,20.521112037673753
54000000.0,17.804494623047066,95.0,1996.0,6.0,en,Unknown,5,2,1,128769345.0,18.673533346414363
15000000.0,16.52356082573315,93.0,1996.0,6.0,en,Unknown,4,5,4,76382.0,11.243515437305897
50000000.0,17.72753358339242,115.0,1996.0,6.0,en,Unknown,5,2,0,113309743.0,18.54563572406552
46000000.0,17.6441519761925,117.0,1996.0,7.0,en,Unknown,5,2,2,100860818.0,18.429252094746452
27000000.0,17.11134746100564,113.0,1996.0,7.0,en,Unknown,5,2,0,25023434.0,17.03532334374747
32000000.0,17.281246492014,123.0,1996.0,7.0,en,Unknown,5,1,2,152036382.0,18.83963041201018
500000.0,13.122365377402328,157.0,1996.0,7.0,en,Unknown,5,1,0,500000.0,13.122365377402328
30000000.0,17.216707972959764,110.0,1996.0,7.0,en,Unknown,5,2,2,29359216.0,17.195117092417636
25000000.0,17.034386422832473,98.0,1996.0,7.0,en,Unknown,5,1,1,17193231.0,16.660026375974724
40000000.0,17.50439003707821,149.0,1996.0,7.0,en,Unknown,5,2,6,152266007.0,18.8411396018843
13000000.0,16.380459992348886,78.0,1996.0,7.0,en,Unknown,5,0,0,4619014.0,15.345692036863628
6000000.0,15.607270193858982,121.0,1996.0,8.0,en,Unknown,5,3,0,22231658.0,16.917027912035675
36000000.0,17.399029524198163,98.0,1996.0,8.0,en,Unknown,5,2,1,33459416.0,17.325843829581558
50000000.0,17.72753358339242,107.0,1996.0,8.0,en,Unknown,5,3,4,60209334.0,17.913337964702674
45000000.0,17.622173069956816,113.0,1996.0,8.0,en,Unknown,5,3,10,58620973.0,17.886603108598578
50000000.0,17.72753358339242,97.0,1996.0,8.0,en,Unknown,5,2,10,42277365.0,17.55976241806633
2962051.0,14.901392829361386,108.0,1996.0,8.0,en,Unknown,5,3,0,3011195.0,14.917847899998245
55000000.0,17.822843761378564,116.0,1996.0,8.0,en,Unknown,5,2,6,18626419.0,16.740091560934392
45000000.0,17.622173069956816,135.0,1996.0,8.0,en,Unknown,5,2,1,53854588.0,17.801798176134508
15000000.0,16.52356082573315,87.0,1996.0,8.0,en,Unknown,5,3,0,5600000.0,15.53827733427679
6000000.0,15.607270193858982,117.0,1996.0,8.0,en,Unknown,5,1,0,12643776.0,16.352675715338325
40000000.0,17.50439003707821,96.0,1996.0,8.0,en,Unknown,5,1,4,49627779.0,17.720061315553693
3500000.0,15.068273812173887,96.0,1996.0,8.0,en,Unknown,5,1,0,9482579.0,16.06496698910333
13000000.0,16.380459992348886,84.0,1996.0,8.0,en,Unknown,5,1,0,17917287.0,16.7012766147724
1000000.0,13.815511557963774,135.0,1996.0,8.0,en,Unknown,5,1,0,24444121.0,17.011900335984325
16000000.0,16.588099342704055,125.0,1996.0,9.0,en,Unknown,5,1,3,1985001.0,14.501130479659595
2300000.0,14.648420115681892,88.0,1996.0,9.0,en,Unknown,5,1,0,49620.0,10.812169410206767
25000000.0,17.034386422832473,84.0,1996.0,9.0,en,Unknown,5,1,2,22611954.0,16.933989306681582
3000000.0,14.914123179965662,117.0,1996.0,9.0,en,Unknown,4,2,1,4109095.0,15.228713610941375
25000000.0,17.034386422832473,100.0,1996.0,9.0,en,Unknown,5,1,0,51702483.0,17.761016384746128
4500000.0,15.319588176962746,108.0,1996.0,9.0,en,Unknown,5,2,0,7011317.0,15.763036258456172
67000000.0,18.020203192280615,101.0,1996.0,9.0,en,Unknown,5,2,10,47267001.0,17.67132297786832
26000000.0,17.073607134447293,102.0,1996.0,9.0,en,Unknown,5,1,1,116400000.0,18.572543101852677
38000000.0,17.453096744006448,118.0,1996.0,9.0,en,Unknown,5,3,2,17380126.0,16.670837985024534
65000000.0,17.989897843244528,120.0,1996.0,10.0,en,Unknown,5,3,6,89456761.0,18.30926596036646
50000000.0,17.72753358339242,109.0,1996.0,10.0,en,Unknown,5,2,2,75000000.0,18.132998684833918
50000000.0,17.72753358339242,113.0,1996.0,10.0,en,Unknown,5,3,2,22540359.0,16.930818038054394
36000000.0,17.399029524198163,129.0,1996.0,10.0,en,Unknown,5,1,3,20300385.0,16.82615045860956
12.0,2.5649493574615367,84.0,1996.0,10.0,en,Unknown,5,1,1,1.0,0.6931471805599453
2400000.0,14.690979711984754,120.0,1996.0,10.0,en,Unknown,5,2,6,5731103.0,15.56141874028948
44000000.0,17.599700214609808,147.0,1996.0,10.0,en,Unknown,5,3,5,165615285.0,18.925178102418712
200000.0,12.206077645517674,94.0,1996.0,10.0,en,Unknown,5,3,0,4505922.0,15.320903311501644
28000000.0,17.147715103853763,132.0,1996.0,10.0,en,Unknown,5,2,2,16900000.0,16.642824239064897
14500000.0,16.489659276356317,120.0,1996.0,10.0,en,Unknown,5,2,1,147298761.0,18.80797347678111
7000000.0,15.76142084987672,80.0,1996.0,11.0,en,Unknown,5,1,0,1100000.0,13.910821646859095
9000000.0,16.012735246411598,118.0,1996.0,11.0,en,Unknown,5,1,1,41590886.0,17.543391638733798
80000000.0,18.197537205138154,117.0,1996.0,11.0,en,Unknown,5,2,5,309492681.0,19.55044500522134
27000000.0,17.11134746100564,162.0,1996.0,11.0,en,Unknown,5,2,0,231976425.0,19.262146312398762
80000000.0,18.197537205138154,88.0,1996.0,11.0,en,Unknown,5,3,0,250200000.0,19.33777115999389
60000000.0,17.909855136853043,89.0,1996.0,11.0,en,Unknown,5,2,1,129832389.0,18.681754868855283
54000000.0,17.804494623047066,103.0,1996.0,11.0,en,Unknown,5,2,5,320689294.0,19.585983284000235
46000000.0,17.6441519761925,111.0,1996.0,11.0,en,Unknown,5,2,0,150000000.0,18.826145858727198
80000000.0,18.197537205138154,115.0,1996.0,12.0,en,Unknown,5,2,2,159212469.0,18.88575015745272
50000000.0,17.72753358339242,139.0,1996.0,12.0,en,Unknown,5,2,0,273552592.0,19.42700445750065
70000000.0,18.064005814299346,106.0,1996.0,12.0,en,Unknown,5,1,6,101371017.0,18.43429778972702
40000000.0,17.50439003707821,124.0,1996.0,12.0,en,Unknown,5,1,3,48093211.0,17.688651602456126
3000000.0,14.914123179965662,104.0,1996.0,12.0,en,Unknown,5,2,0,153155.0,11.93921228877069
55000000.0,17.822843761378564,134.0,1996.0,12.0,en,Unknown,5,2,5,141047179.0,18.764605002302105
23000000.0,16.951004817371683,98.0,1996.0,12.0,en,Unknown,5,3,0,12803305.0,16.365213976790987
14000000.0,16.454567959008102,111.0,1996.0,12.0,en,Unknown,5,2,6,173046663.0,18.969071850194396
55000000.0,17.822843761378564,100.0,1997.0,1.0,en,Unknown,5,2,0,11466088.0,16.25490445449953
60000000.0,17.909855136853043,110.0,1997.0,1.0,en,Unknown,5,5,5,33956608.0,17.34059406165384
15000000.0,16.52356082573315,134.0,1997.0,1.0,en,Unknown,5,4,6,3675201.0,15.117118655104894
55000000.0,17.822843761378564,117.0,1997.0,1.0,en,Unknown,5,2,0,31987563.0,17.280857760229736
8000000.0,15.894952224644102,106.0,1997.0,1.0,en,Unknown,5,1,1,589304.0,13.286699155432807
12716953.0,16.358446621791025,113.0,1997.0,1.0,cn,Unknown,5,1,0,18814720.0,16.750150153305523
45000000.0,17.622173069956816,103.0,1997.0,1.0,en,Unknown,5,2,3,2154540.0,14.583088265794304
116000000.0,18.569100757691327,108.0,1997.0,2.0,en,Unknown,5,2,4,178127760.0,18.998011609217937
25000000.0,17.034386422832473,93.0,1997.0,2.0,en,Unknown,5,2,0,36400360.0,17.410089250140206
50000000.0,17.72753358339242,121.0,1997.0,2.0,en,Unknown,5,3,11,50068310.0,17.72889885096305
14000000.0,16.454567959008102,93.0,1997.0,2.0,en,Unknown,5,1,0,161001698.0,18.89692547568809
30000000.0,17.216707972959764,140.0,1997.0,2.0,en,Unknown,5,3,2,13130349.0,16.390436902435507
35000000.0,17.370858648025116,127.0,1997.0,2.0,en,Unknown,5,4,2,41954997.0,17.552108125616183
28000000.0,17.147715103853763,109.0,1997.0,3.0,en,Unknown,5,2,0,41230799.0,17.534696107841917
90000000.0,18.31532023940565,107.0,1997.0,3.0,en,Unknown,5,1,5,140807547.0,18.762904608205908
20000000.0,16.811242881518265,127.0,1997.0,3.0,en,Unknown,5,2,0,60000000.0,17.909855136853043
45000000.0,17.622173069956816,86.0,1997.0,3.0,en,Unknown,5,2,2,302710615.0,19.528287844404392
32000000.0,17.281246492014,75.0,1997.0,3.0,en,Unknown,5,3,0,3566637.0,15.087133973348548
10000000.0,16.118095750958314,99.0,1997.0,3.0,en,Unknown,5,3,0,17979739.0,16.704756126391516
4000000.0,15.201805169084134,100.0,1997.0,4.0,fr,Unknown,5,5,0,29456000.0,17.198408216403937
68000000.0,18.035018277846262,116.0,1997.0,4.0,en,Unknown,5,3,4,118063304.0,18.586731521625204
35000000.0,17.370858648025116,108.0,1997.0,4.0,en,Unknown,5,3,1,791830.0,13.582103264188609
250000.0,12.429220196836383,113.0,1997.0,4.0,en,Unknown,5,2,2,12021272.0,16.30218838828557
786675.0,13.575571752670081,85.0,1997.0,4.0,en,Unknown,5,2,0,861789.0,13.666766900476222
45000000.0,17.622173069956816,89.0,1997.0,4.0,en,Unknown,5,5,1,136885767.0,18.734657325760327
1000000.0,13.815511557963774,93.0,1997.0,4.0,en,Unknown,5,3,0,91549.0,11.424640550102657
16500000.0,16.61887099947687,94.0,1997.0,5.0,en,Unknown,5,3,0,67683989.0,18.030360225425238
36000000.0,17.399029524198163,95.0,1997.0,5.0,en,Unknown,5,3,0,50159144.0,17.730711408689118
90000000.0,18.31532023940565,126.0,1997.0,5.0,en,Unknown,5,2,2,263920180.0,19.391157270698248
5000000.0,15.424948670398354,112.0,1997.0,5.0,en,Unknown,5,2,0,3263585.0,14.998337148786192
2000000.0,14.508658238524095,108.0,1997.0,5.0,de,Unknown,4,1,0,2900000.0,14.88022163978423
73000000.0,18.105970012811294,129.0,1997.0,5.0,en,Unknown,5,2,15,229074524.0,19.249557945256704
75000000.0,18.132998684833918,115.0,1997.0,6.0,en,Unknown,5,5,0,224012234.0,19.227211228863382
500000.0,13.122365377402328,95.0,1997.0,6.0,en,Unknown,5,0,0,10300.0,9.239996256883693
160000000.0,18.8906843794481,121.0,1997.0,6.0,en,Unknown,5,2,2,164508066.0,18.91847016648098
38000000.0,17.453096744006448,105.0,1997.0,6.0,en,Unknown,5,1,1,299288605.0,19.516918903271026
125000000.0,18.643824303266577,125.0,1997.0,6.0,en,Unknown,5,2,7,238207122.0,19.28865111788086
85000000.0,18.258161826219297,93.0,1997.0,6.0,en,Unknown,5,1,3,252712101.0,19.347761461991276
80000000.0,18.197537205138154,138.0,1997.0,6.0,en,Unknown,5,5,2,245676146.0,19.31952475097158
90000000.0,18.31532023940565,98.0,1997.0,7.0,en,Unknown,5,3,3,589390539.0,20.1945995779185
18000000.0,16.705882371415992,85.0,1997.0,7.0,en,Unknown,5,3,0,251212670.0,19.34181043316515
90000000.0,18.31532023940565,150.0,1997.0,7.0,en,Unknown,5,2,8,171120329.0,18.95787755120781
28000000.0,17.147715103853763,86.0,1997.0,7.0,en,Unknown,5,2,5,8345056.0,15.937179945492133
26500000.0,17.0926553286923,134.0,1997.0,7.0,ja,Unknown,5,4,2,159375308.0,18.886772412698615
85000000.0,18.258161826219297,124.0,1997.0,7.0,en,Unknown,5,3,6,315156409.0,19.56857961323741
20000000.0,16.811242881518265,119.0,1997.0,7.0,en,Unknown,5,1,3,5716080.0,15.558793988680266
40000000.0,17.50439003707821,96.0,1997.0,7.0,en,Unknown,5,3,0,87840042.0,18.291028025251787
19000000.0,16.759949589762293,105.0,1997.0,8.0,en,Unknown,5,2,0,44332015.0,17.607217682790726
3000000.0,14.914123179965662,98.0,1997.0,8.0,en,Unknown,5,1,0,23144499.0,16.95726772927616
180000.0,12.100717685412471,89.0,1997.0,8.0,fa,Unknown,3,1,0,900000.0,13.710151153416941
75000000.0,18.132998684833918,135.0,1997.0,8.0,en,Unknown,5,3,9,136982834.0,18.7353661839719
3500000.0,15.068273812173887,91.0,1997.0,8.0,en,Unknown,5,3,0,257850122.0,19.367889055482653
15000000.0,16.52356082573315,104.0,1997.0,8.0,en,Unknown,5,3,0,44862187.0,17.619105859830366
60000000.0,17.909855136853043,96.0,1997.0,8.0,en,Unknown,5,3,1,26673242.0,17.099171486066183
16000000.0,16.588099342704055,97.0,1997.0,8.0,en,Unknown,5,3,0,1686429.0,14.338124426544764
50000000.0,17.72753358339242,125.0,1997.0,8.0,en,Unknown,5,5,8,48169156.0,17.690229477934274
30000000.0,17.216707972959764,105.0,1997.0,8.0,en,Unknown,5,2,0,25480490.0,17.05342365849827
3000000.0,14.914123179965662,109.0,1997.0,8.0,en,Unknown,5,5,0,302204.0,12.61886087401812
20000000.0,16.811242881518265,96.0,1997.0,8.0,en,Unknown,5,1,13,10686841.0,16.18452382308035
450.0,6.111467339502679,91.0,1997.0,8.0,fr,Unknown,5,3,0,288.0,5.666426688112432
6000000.0,15.607270193858982,114.0,1997.0,8.0,en,Unknown,5,1,2,6330054.0,15.660819482866183
60000000.0,17.909855136853043,105.0,1997.0,9.0,en,Unknown,5,2,0,16000000.0,16.588099342704055
36000000.0,17.399029524198163,106.0,1997.0,9.0,en,Unknown,5,2,0,12532777.0,16.343858010199725
1000000.0,13.815511557963774,84.0,1997.0,9.0,en,Unknown,5,1,1,2057193.0,14.536853476292995
10000000.0,16.118095750958314,110.0,1997.0,9.0,en,Unknown,5,4,0,13835130.0,16.44272163989704
250000.0,12.429220196836383,90.0,1997.0,9.0,en,Unknown,5,5,0,501818.0,13.12599477588836
15000000.0,16.52356082573315,155.0,1997.0,9.0,en,Unknown,5,3,1,43101594.0,17.57907056134979
50000000.0,17.72753358339242,129.0,1997.0,9.0,en,Unknown,5,3,2,109423648.0,18.510737594609065
70000000.0,18.064005814299346,136.0,1997.0,9.0,en,Unknown,5,4,2,131457682.0,18.69419555551126
2000000.0,14.508658238524095,93.0,1997.0,9.0,en,Unknown,5,2,0,458815.0,13.036404537212544
35000000.0,17.370858648025116,138.0,1997.0,9.0,en,Unknown,5,3,2,126216940.0,18.653512738364793
5000000.0,15.424948670398354,90.0,1997.0,9.0,en,Unknown,5,3,0,15719109.0,16.57038772758652
137731.0,11.833065046970544,83.0,1997.0,9.0,en,Unknown,5,0,0,1778391.0,14.391220143196454
18000000.0,16.705882371415992,112.0,1997.0,9.0,en,Unknown,5,3,3,8038061.0,15.899698567323068
62000000.0,17.9426449591384,137.0,1997.0,9.0,en,Unknown,5,2,5,1060056.0,13.873833238227409
27000000.0,17.11134746100564,115.0,1997.0,10.0,en,Unknown,5,2,1,60527873.0,17.918614544171575
19000000.0,16.759949589762293,125.0,1997.0,10.0,en,Unknown,5,4,9,6682098.0,15.71494271771246
25000000.0,17.034386422832473,99.0,1997.0,10.0,en,Unknown,5,2,0,11838218.0,16.286843753808267
1500000.0,14.220976332738882,85.0,1997.0,10.0,en,Unknown,5,1,0,626057.0,13.347198297547514
17000000.0,16.648723960844016,100.0,1997.0,10.0,en,Unknown,5,3,0,125586134.0,18.648502415777546
57000000.0,17.858561843342684,144.0,1997.0,10.0,en,Unknown,5,5,0,152944660.0,18.84558672111963
12000000.0,16.300417291085605,94.0,1997.0,10.0,en,Unknown,5,1,0,4000000.0,15.201805169084134
1300000.0,14.077875591662238,179.0,1997.0,10.0,hi,Unknown,5,1,0,11000000.0,16.213405921671733
37000000.0,17.426428497635523,118.0,1997.0,10.0,en,Unknown,5,3,0,6482195.0,15.684569899807476
105000000.0,18.46947091764561,129.0,1997.0,11.0,en,Unknown,5,3,4,121214377.0,18.6130712549265
20000.0,9.90353755128617,111.0,1997.0,11.0,ja,Unknown,5,1,0,99000.0,11.502885230075814
50000000.0,17.72753358339242,114.0,1997.0,11.0,en,Unknown,5,2,0,10541523.0,16.17083268265543
70000000.0,18.064005814299346,109.0,1997.0,11.0,en,Unknown,5,2,2,162000000.0,18.903106899369497
60000000.0,17.909855136853043,124.0,1997.0,11.0,en,Unknown,5,5,1,159330280.0,18.88648984470036
20000000.0,16.811242881518265,97.0,1997.0,11.0,en,Unknown,5,4,0,13801755.0,16.440306388409113
24000000.0,16.993564429978885,102.0,1997.0,11.0,en,Unknown,5,1,1,2642983.0,14.787419139841276
40000000.0,17.50439003707821,135.0,1997.0,11.0,en,Unknown,5,2,11,45916769.0,17.642340967780378
200000000.0,19.11382792951231,194.0,1997.0,11.0,en,Unknown,5,3,5,1845034188.0,21.33576364489052
53000000.0,17.78580249038432,94.0,1997.0,11.0,en,Unknown,5,5,5,139804348.0,18.75575449600687
30000000.0,17.216707972959764,95.0,1997.0,11.0,en,Unknown,5,2,0,51376861.0,17.754698473432903
35000000.0,17.370858648025116,155.0,1997.0,11.0,en,Unknown,5,2,12,25105255.0,17.03858778457083
80000000.0,18.197537205138154,93.0,1997.0,11.0,en,Unknown,5,2,0,177977226.0,18.997166161869323
36000000.0,17.399029524198163,155.0,1997.0,12.0,en,Unknown,5,1,16,74000000.0,18.119575664681957
10000000.0,16.118095750958314,126.0,1997.0,12.0,en,Unknown,5,3,2,225933435.0,19.235750982880344
24000000.0,16.993564429978885,120.0,1997.0,12.0,en,Unknown,5,4,7,172363301.0,18.965115028105572
110000000.0,18.5159909328476,119.0,1997.0,12.0,en,Unknown,5,1,0,333011068.0,19.623686287632513
35000000.0,17.370858648025116,115.0,1997.0,12.0,en,Unknown,5,4,1,31611225.0,17.269022868634234
32000000.0,17.281246492014,102.0,1997.0,12.0,en,Unknown,5,2,0,79082515.0,18.186002371643227
130000.0,11.775297421715827,70.0,1997.0,12.0,en,Unknown,5,2,0,1596.0,7.3758821482150125
25000000.0,17.034386422832473,93.0,1997.0,12.0,en,Unknown,5,1,0,100000000.0,18.420680753952364
2900000.0,14.88022163978423,117.0,1997.0,12.0,es,Unknown,5,5,0,368234.0,12.816476600297701
38000000.0,17.453096744006448,98.0,1997.0,12.0,en,Unknown,5,1,0,122417389.0,18.62294699311418
50000000.0,17.72753358339242,139.0,1997.0,12.0,en,Unknown,5,2,1,314178011.0,19.565470300433134
20000000.0,16.811242881518265,116.0,1997.0,12.0,it,Unknown,5,2,0,229400000.0,19.250977767018743
12000000.0,16.300417291085605,154.0,1997.0,12.0,en,Unknown,5,1,2,39673162.0,17.496185522107584
80000000.0,18.197537205138154,177.0,1997.0,12.0,en,Unknown,5,2,1,17626234.0,16.68489897512974
15000000.0,16.52356082573315,97.0,1997.0,12.0,en,Unknown,5,3,6,64256513.0,17.97839366181448
28000000.0,17.147715103853763,134.0,1997.0,12.0,en,Unknown,5,1,10,5684789.0,15.553304745170516
22000000.0,16.906553056777135,105.0,1997.0,12.0,en,Unknown,5,2,1,26570463.0,17.095310780887992
2900000.0,14.88022163978423,113.0,1998.0,1.0,pt,Unknown,5,3,0,5596708.0,15.537689304383212
70000000.0,18.064005814299346,97.0,1998.0,1.0,en,Unknown,5,5,0,19870567.0,16.804750199927184
8000000.0,15.894952224644102,82.0,1998.0,1.0,en,Unknown,5,1,1,17460020.0,16.675424311124146
25000000.0,17.034386422832473,111.0,1998.0,1.0,en,Unknown,5,2,0,55494066.0,17.831786672101455
1500000.0,14.220976332738882,110.0,1998.0,1.0,en,Unknown,5,0,0,2375097.0,14.680549257757473
10000000.0,16.118095750958314,105.0,1998.0,1.0,en,Unknown,5,3,0,6451628.0,15.679843215024052
5000000.0,15.424948670398354,116.0,1998.0,1.0,en,Unknown,5,3,0,1980338.0,14.498778600136808
45000000.0,17.622173069956816,106.0,1998.0,1.0,en,Unknown,5,3,0,11203026.0,16.231694567606688
1200000.0,13.997832948091215,96.0,1998.0,1.0,ja,Unknown,5,2,0,8690429.0,15.977732978180779
5000000.0,15.424948670398354,100.0,1998.0,2.0,en,Unknown,5,2,0,4710749.0,15.365357688984737
28000000.0,17.147715103853763,123.0,1998.0,2.0,en,Unknown,5,1,8,14051384.0,16.45823152539814
30000000.0,17.216707972959764,87.0,1998.0,2.0,en,Unknown,5,1,0,19204929.0,16.770677574871353
18000000.0,16.705882371415992,95.0,1998.0,2.0,en,Unknown,5,3,0,123306987.0,18.630187641305586
75000000.0,18.132998684833918,134.0,1998.0,2.0,en,Unknown,5,4,7,13100000.0,16.388122864507256
891000.0,13.700100828786772,89.0,1998.0,2.0,en,Unknown,1,0,0,229000.0,12.34148164933907
10000000.0,16.118095750958314,86.0,1998.0,2.0,en,Unknown,5,2,0,45779.0,10.731602593506558
27000000.0,17.11134746100564,100.0,1998.0,2.0,en,Unknown,5,2,1,27200316.0,17.118739185610078
1350000.0,14.115615891155079,105.0,1998.0,3.0,en,Unknown,5,5,0,3897569.0,15.175863839983704
70000000.0,18.064005814299346,115.0,1998.0,3.0,pt,Unknown,5,3,0,56702901.0,17.85333594904609
15000000.0,16.52356082573315,117.0,1998.0,3.0,en,Unknown,5,3,4,46189568.0,17.648264551339224
60000000.0,17.909855136853043,131.0,1998.0,3.0,en,Unknown,5,2,1,102367405.0,18.444078919119985
20000000.0,16.811242881518265,108.0,1998.0,3.0,en,Unknown,5,1,0,67200000.0,18.02318382037433
27000000.0,17.11134746100564,113.0,1998.0,3.0,en,Unknown,5,2,2,76000000.0,18.1462439114085
24000000.0,16.993564429978885,93.0,1998.0,3.0,en,Unknown,5,1,0,4562146.0,15.333303904016669
80000000.0,18.197537205138154,130.0,1998.0,4.0,en,Unknown,5,4,3,136159423.0,18.729336992463118
35000000.0,17.370858648025116,93.0,1998.0,4.0,en,Unknown,5,1,1,19165560.0,16.768625528478992
55000000.0,17.822843761378564,114.0,1998.0,4.0,en,Unknown,5,5,1,198685114.0,19.10723179278848
12500000.0,16.341239282272525,80.0,1998.0,4.0,fr,Unknown,5,4,2,78599508.0,18.179876010560584
15000000.0,16.52356082573315,111.0,1998.0,4.0,en,Unknown,5,1,0,46905889.0,17.663653811885148
6000000.0,15.607270193858982,99.0,1998.0,4.0,en,Unknown,5,4,0,58000000.0,17.87595358575207
13000000.0,16.380459992348886,91.0,1998.0,4.0,en,Unknown,5,1,0,27007143.0,17.11161198156275
2500000.0,14.731801689838349,117.0,1998.0,4.0,da,Unknown,5,2,0,7235.0,8.886823846515187
25000000.0,17.034386422832473,136.0,1998.0,5.0,en,Unknown,5,2,7,21567853.0,16.886714523383425
75000000.0,18.132998684833918,120.0,1998.0,5.0,en,Unknown,5,4,0,140464664.0,18.760466520446066
13000000.0,16.380459992348886,84.0,1998.0,5.0,en,Unknown,5,3,1,8026971.0,15.898317928880397
1500000.0,14.220976332738882,99.0,1998.0,5.0,en,Unknown,5,1,0,870751.0,13.677112485096124
60000000.0,17.909855136853043,170.0,1998.0,5.0,en,Unknown,5,2,0,186883563.0,19.04599632848393
30000000.0,17.216707972959764,108.0,1998.0,5.0,en,Unknown,5,1,2,29202884.0,17.18977806372784
40000000.0,17.50439003707821,86.0,1998.0,5.0,en,Unknown,5,1,0,38172500.0,17.45762594523667
130000000.0,18.683045016112164,139.0,1998.0,5.0,en,Unknown,5,5,2,379014294.0,19.753084480013506
5000000.0,15.424948670398354,105.0,1998.0,5.0,en,Unknown,5,0,0,5879254.0,15.586940611167329
18500000.0,16.733281344102608,118.0,1998.0,5.0,en,Unknown,5,5,5,10680275.0,16.183909233859037
10000.0,9.210440366976517,103.0,1998.0,5.0,sr,Unknown,5,2,0,150000.0,11.918397239722838
1070000.0,13.883170141017091,95.0,1998.0,5.0,en,Unknown,5,2,0,570000.0,13.25339339419516
60000000.0,17.909855136853043,103.0,1998.0,6.0,en,Unknown,5,2,5,264118201.0,19.391907295755736
60000000.0,17.909855136853043,107.0,1998.0,6.0,en,Unknown,5,2,5,128038368.0,18.667840534777994
10000000.0,16.118095750958314,100.0,1998.0,6.0,en,Unknown,5,1,0,25605015.0,17.058298827756545
70000000.0,18.064005814299346,98.0,1998.0,6.0,en,Unknown,5,4,6,164000000.0,18.915376991886035
90000000.0,18.31532023940565,88.0,1998.0,6.0,en,Unknown,5,2,0,304320254.0,19.533591175254703
66000000.0,18.005165315142214,121.0,1998.0,6.0,en,Unknown,5,2,1,189198313.0,19.05830630333727
71000000.0,18.078190449090098,85.0,1998.0,6.0,en,Unknown,5,3,1,294456605.0,19.50064220215159
48000000.0,17.6867115897055,123.0,1998.0,6.0,en,Unknown,5,2,0,77745568.0,18.168952117045908
140000000.0,18.757152987716434,151.0,1998.0,7.0,en,Unknown,5,3,2,553799566.0,20.13231338683012
140000000.0,18.757152987716434,127.0,1998.0,7.0,en,Unknown,5,3,10,285444603.0,19.469558536710146
40000000.0,17.50439003707821,110.0,1998.0,7.0,en,Unknown,5,3,5,54682547.0,17.817055167124987
60000.0,11.002116507732017,84.0,1998.0,7.0,en,Unknown,5,4,0,3221152.0,14.985249927961366
23000000.0,16.951004817371683,119.0,1998.0,7.0,en,Unknown,5,1,1,369884651.0,19.728701763646637
95000000.0,18.36938746009113,136.0,1998.0,7.0,en,Unknown,5,2,2,250288523.0,19.338124906369682
30000000.0,17.216707972959764,75.0,1998.0,7.0,ja,Unknown,5,5,0,163644662.0,18.913207946097362
15000000.0,16.52356082573315,84.0,1998.0,7.0,en,Unknown,5,5,0,17507368.0,16.67813243597632
10000000.0,16.118095750958314,84.0,1998.0,7.0,en,Unknown,5,2,3,19000000.0,16.759949589762293
70000000.0,18.064005814299346,169.0,1998.0,7.0,en,Unknown,5,5,17,481840909.0,19.99312455529168
50000000.0,17.72753358339242,140.0,1998.0,7.0,en,Unknown,5,2,2,44547681.0,17.612070679102047
26000000.0,17.073607134447293,121.0,1998.0,7.0,en,Unknown,5,1,0,65705772.0,18.000697348696555
17000000.0,16.648723960844016,86.0,1998.0,8.0,en,Unknown,5,1,3,55041738.0,17.823602346293733
300000.0,12.611541086966115,94.0,1998.0,8.0,en,Unknown,5,2,0,40542.0,10.610118418254732
73000000.0,18.105970012811294,98.0,1998.0,8.0,en,Unknown,5,4,13,103891409.0,18.458856777001973
60000000.0,17.909855136853043,89.0,1998.0,8.0,en,Unknown,5,2,1,48585416.0,17.6988339821148
20000000.0,16.811242881518265,124.0,1998.0,8.0,en,Unknown,5,1,0,37672350.0,17.444436988126935
1530000.0,14.240778946963175,81.0,1998.0,8.0,de,Unknown,5,2,0,7267585.0,15.798934744850484
45000000.0,17.622173069956816,120.0,1998.0,8.0,en,Unknown,5,4,0,131183530.0,18.692107900680593
5200000.0,15.46416937585933,163.0,1998.0,8.0,hi,Unknown,5,2,0,13000000.0,16.380459992348886
250.0,5.5254529391317835,72.0,1998.0,8.0,en,Unknown,3,1,0,203.0,5.318119993844216
13000000.0,16.380459992348886,106.0,1998.0,8.0,en,Unknown,5,4,0,16757163.0,16.634336426289675
18000000.0,16.705882371415992,131.0,1998.0,9.0,en,Unknown,5,2,0,9495408.0,16.0663189766036
20000000.0,16.811242881518265,114.0,1998.0,9.0,en,Unknown,5,2,0,18253415.0,16.719862798559333
30000000.0,17.216707972959764,100.0,1998.0,9.0,en,Unknown,5,4,0,9898412.0,16.107884999224613
12000000.0,16.300417291085605,121.0,1998.0,9.0,en,Unknown,5,2,1,22921898.0,16.9476032997818
25000000.0,17.034386422832473,117.0,1998.0,9.0,en,Unknown,5,2,0,777423.0,13.56374116906162
24554.0,10.108670778473344,95.0,1998.0,9.0,en,Unknown,4,0,0,140021.0,11.849554832102939
6000.0,8.699681400989514,69.0,1998.0,9.0,en,Unknown,5,2,0,48482.0,10.788968500016754
30000000.0,17.216707972959764,124.0,1998.0,9.0,en,Unknown,5,3,0,82150642.0,18.224065229562385
9000000.0,16.012735246411598,93.0,1998.0,9.0,en,Unknown,5,1,1,17096053.0,16.65435823460973
33000000.0,17.312018149733785,98.0,1998.0,9.0,en,Unknown,5,1,0,244386864.0,19.31426303995494
2000000.0,14.508658238524095,91.0,1998.0,9.0,en,Unknown,5,1,0,124494.0,11.732020833437868
14000000.0,16.454567959008102,99.0,1998.0,9.0,en,Unknown,5,4,0,72527595.0,18.099477681884736
55000000.0,17.822843761378564,122.0,1998.0,9.0,en,Unknown,5,2,5,41610884.0,17.54387234965868
17000000.0,16.648723960844016,81.0,1998.0,10.0,en,Unknown,5,2,0,30331165.0,17.227686322710852
85000000.0,18.258161826219297,113.0,1998.0,10.0,en,Unknown,5,1,0,71485043.0,18.084998810958957
1100000.0,13.910821646859095,86.0,1998.0,10.0,en,Unknown,5,2,0,631221.0,13.355412902152286
60000000.0,17.909855136853043,83.0,1998.0,10.0,en,Unknown,5,3,0,171757863.0,18.961596275500323
7300.0,8.895766604056085,87.0,1998.0,10.0,en,Unknown,5,0,0,13674.0,9.523324627290181
75000000.0,18.132998684833918,104.0,1998.0,10.0,en,Unknown,5,5,0,46683377.0,17.658898727802967
1530000.0,14.240778946963175,185.0,1998.0,10.0,hi,Unknown,5,0,0,15306000.0,16.543755531685857
25000000.0,17.034386422832473,89.0,1998.0,10.0,en,Unknown,5,2,0,50671850.0,17.740881107276284
3000000.0,14.914123179965662,139.0,1998.0,10.0,en,Unknown,5,2,0,2807390.0,14.847766140264016
75000000.0,18.132998684833918,99.0,1998.0,10.0,en,Unknown,5,4,2,14567883.0,16.494329937699998
12000000.0,16.300417291085605,100.0,1998.0,10.0,en,Unknown,5,2,0,12902790.0,16.372954202519335
20000000.0,16.811242881518265,119.0,1998.0,10.0,en,Unknown,5,3,0,23875127.0,16.98834780557324
70000000.0,18.064005814299346,116.0,1998.0,11.0,en,Unknown,5,3,3,116672912.0,18.57488496234641
23000000.0,16.951004817371683,90.0,1998.0,11.0,en,Unknown,5,1,1,185991646.0,19.041212322066905
90000000.0,18.31532023940565,178.0,1998.0,11.0,en,Unknown,5,2,3,142940100.0,18.777936226346036
65000000.0,17.989897843244528,100.0,1998.0,11.0,en,Unknown,5,3,1,40002112.0,17.50444283568302
90000000.0,18.31532023940565,132.0,1998.0,11.0,en,Unknown,5,4,7,250649836.0,19.339567451364378
30000000.0,17.216707972959764,79.0,1998.0,11.0,en,Unknown,5,3,0,100491683.0,18.425585535771088
15000000.0,16.52356082573315,93.0,1998.0,11.0,en,Unknown,5,3,0,10443316.0,16.16147281026287
120000000.0,18.603002309079653,95.0,1998.0,11.0,en,Unknown,5,2,1,363258859.0,19.71062625103256
90000000.0,18.31532023940565,92.0,1998.0,11.0,en,Unknown,5,1,3,69131860.0,18.0515262678542
3500000.0,15.068273812173887,90.0,1998.0,11.0,en,Unknown,5,1,0,9247881.0,16.039905110297322
60000000.0,17.909855136853043,105.0,1998.0,12.0,en,Unknown,5,2,3,37141130.0,17.43023556576766
70000000.0,18.064005814299346,103.0,1998.0,12.0,en,Unknown,5,1,1,118000000.0,18.586195190904515
25000000.0,17.034386422832473,122.0,1998.0,12.0,en,Unknown,5,3,0,289317794.0,19.483036278597357
70000000.0,18.064005814299346,99.0,1998.0,12.0,en,Unknown,5,2,0,218613188.0,19.20281446582997
65000000.0,17.989897843244528,119.0,1998.0,12.0,en,Unknown,5,1,1,250821495.0,19.340252072779037
50000000.0,17.72753358339242,115.0,1998.0,12.0,en,Unknown,5,4,3,202292902.0,19.125227219960564
15000000.0,16.52356082573315,104.0,1998.0,12.0,en,Unknown,5,2,3,40283321.0,17.511448095105113
52000000.0,17.76675429577647,170.0,1998.0,12.0,en,Unknown,5,3,0,98126565.0,18.401768693175168
20000000.0,16.811242881518265,121.0,1998.0,12.0,en,Unknown,5,4,0,3970078.0,15.194296551709717
5.0,1.791759469228055,141.0,1999.0,1.0,en,Unknown,0,0,0,135.0,4.912654885736052
75000000.0,18.132998684833918,99.0,1999.0,1.0,en,Unknown,5,5,0,14010690.0,16.455331239009823
10000000.0,16.118095750958314,118.0,1999.0,1.0,en,Unknown,5,4,4,10920544.0,16.206156435460557
6000000.0,15.607270193858982,108.0,1999.0,1.0,en,Unknown,5,3,0,30471.0,10.32456350815844
6000000.0,15.607270193858982,92.0,1999.0,1.0,ja,Unknown,5,0,1,18686644.0,16.74331965556014
10000000.0,16.118095750958314,95.0,1999.0,1.0,en,Unknown,5,3,0,103166989.0,18.451859495503143
3000000.0,14.914123179965662,87.0,1999.0,1.0,en,Unknown,5,3,0,3076820.0,14.939407479066372
6000000.0,15.607270193858982,95.0,1999.0,2.0,en,Unknown,5,3,0,4398989.0,15.296885527084354
90000000.0,18.31532023940565,100.0,1999.0,2.0,en,Unknown,5,2,0,161626121.0,18.90079633702756
65000000.0,17.989897843244528,94.0,1999.0,2.0,en,Unknown,5,1,0,36850101.0,17.422368944574078
35000000.0,17.370858648025116,112.0,1999.0,2.0,en,Unknown,5,3,2,40263020.0,17.51094401261859
10000000.0,16.118095750958314,89.0,1999.0,2.0,en,Unknown,5,2,0,12827813.0,16.36712634015779
80000000.0,18.197537205138154,131.0,1999.0,2.0,en,Unknown,5,3,1,118880016.0,18.593625281935058
6000000.0,15.607270193858982,101.0,1999.0,2.0,en,Unknown,5,1,0,6852450.0,15.740116956458575
40000000.0,17.50439003707821,123.0,1999.0,2.0,en,Unknown,5,3,8,96618699.0,18.38628286222875
10500000.0,16.166885910365842,97.0,1999.0,3.0,en,Unknown,5,3,0,75902208.0,18.144956346026664
80000000.0,18.197537205138154,103.0,1999.0,3.0,en,Unknown,5,4,4,176885658.0,18.991014087443567
21000000.0,16.860033043306743,104.0,1999.0,3.0,en,Unknown,5,2,0,17762705.0,16.692611648786816
38000000.0,17.453096744006448,106.0,1999.0,3.0,en,Unknown,5,2,0,28121100.0,17.152030777767568
75000000.0,18.132998684833918,105.0,1999.0,3.0,en,Unknown,5,2,0,93888180.0,18.357615068311834
12000000.0,16.300417291085605,97.0,1999.0,3.0,en,Unknown,5,3,4,36450736.0,17.411472235693267
25000000.0,17.034386422832473,110.0,1999.0,3.0,en,Unknown,5,2,3,15156200.0,16.533920313107114
25000000.0,17.034386422832473,87.0,1999.0,3.0,en,Unknown,5,5,1,12000000.0,16.300417291085605
12000000.0,16.300417291085605,117.0,1999.0,3.0,en,Unknown,5,4,0,21001563.0,16.86010746910496
50000000.0,17.72753358339242,92.0,1999.0,3.0,en,Unknown,5,1,0,13260050.0,16.40026638886844
16000000.0,16.588099342704055,97.0,1999.0,3.0,en,Unknown,5,3,0,53478166.0,17.794784035115494
63000000.0,17.958645300228824,136.0,1999.0,3.0,en,Unknown,5,4,1,463517383.0,19.95435444819997
20000000.0,16.811242881518265,95.0,1999.0,4.0,en,Unknown,5,1,1,1531251.0,14.24159625939677
75000000.0,18.132998684833918,90.0,1999.0,4.0,en,Unknown,5,2,0,29000000.0,17.182806422433504
25000000.0,17.034386422832473,107.0,1999.0,4.0,en,Unknown,5,4,1,84565230.0,18.253033759013107
6500000.0,15.687312888712007,98.0,1999.0,4.0,en,Unknown,5,1,1,28451622.0,17.16371576436114
15000000.0,16.52356082573315,97.0,1999.0,4.0,en,Unknown,5,5,5,2856712.0,14.865182221144215
14000000.0,16.454567959008102,97.0,1999.0,4.0,en,Unknown,5,2,0,18535191.0,16.735181753294004
80000000.0,18.197537205138154,124.0,1999.0,4.0,en,Unknown,5,2,1,415885488.0,19.845920513505746
16000000.0,16.588099342704055,100.0,1999.0,4.0,en,Unknown,5,2,0,18564088.0,16.736739573557095
80000000.0,18.197537205138154,108.0,1999.0,4.0,en,Unknown,5,2,1,73345029.0,18.110685302929753
8272296.0,15.928422779341124,101.0,1999.0,4.0,es,Unknown,5,2,1,67872296.0,18.03313851222099
6000000.0,15.607270193858982,97.0,1999.0,4.0,en,Unknown,5,1,0,10409377.0,16.15821768856588
1.0,0.6931471805599453,95.0,1999.0,4.0,en,Unknown,5,2,0,100.0,4.61512051684126
66000000.0,18.005165315142214,112.0,1999.0,4.0,en,Unknown,5,2,1,212404396.0,19.174002548624376
25000000.0,17.034386422832473,92.0,1999.0,4.0,en,Unknown,5,3,1,4152230.0,15.239156338118397
500000.0,13.122365377402328,157.0,1999.0,5.0,en,Unknown,5,0,0,500000.0,13.122365377402328
42000000.0,17.553180200057167,124.0,1999.0,5.0,en,Unknown,5,4,0,363889678.0,19.71236129999276
3800000.0,15.150511887854474,97.0,1999.0,5.0,en,Unknown,5,3,0,28200000.0,17.154832571369333
10000000.0,16.118095750958314,89.0,1999.0,5.0,en,Unknown,5,1,1,3193102.0,14.976503729241156
115000000.0,18.560442695023177,136.0,1999.0,5.0,en,Unknown,5,1,3,924317558.0,20.644566249133433
600000.0,13.304686600863562,99.0,1999.0,6.0,en,Unknown,5,2,0,4000000.0,15.201805169084134
8000000.0,15.894952224644102,126.0,1999.0,6.0,en,Unknown,4,0,2,1997807.0,14.507561137477014
33000000.0,17.312018149733785,95.0,1999.0,6.0,en,Unknown,5,2,1,310940086.0,19.555110805282574
150000000.0,18.826145858727198,88.0,1999.0,6.0,en,Unknown,5,1,0,448000000.0,19.920303792611403
60000000.0,17.909855136853043,116.0,1999.0,6.0,en,Unknown,5,4,1,149705852.0,18.824182946821935
34200000.0,17.3477362312726,93.0,1999.0,6.0,en,Unknown,5,1,1,234801895.0,19.274252720843023
170000000.0,18.951309000896888,106.0,1999.0,6.0,en,Unknown,5,4,4,222104681.0,19.21865936923679
11000000.0,16.213405921671733,95.0,1999.0,7.0,en,Unknown,5,4,0,235483004.0,19.277149303211587
60000.0,11.002116507732017,81.0,1999.0,7.0,en,Unknown,5,2,0,248000000.0,19.328939308161516
24000000.0,16.993564429978885,87.0,1999.0,7.0,en,Unknown,5,2,0,16290976.0,16.606121954224832
65000000.0,17.989897843244528,159.0,1999.0,7.0,en,Unknown,5,4,8,162091208.0,18.903669753279715
27000000.0,17.11134746100564,82.0,1999.0,7.0,en,Unknown,5,3,4,56870414.0,17.85628581660118
6000000.0,15.607270193858982,106.0,1999.0,7.0,en,Unknown,5,1,0,25059640.0,17.03676918171107
30000000.0,17.216707972959764,84.0,1999.0,7.0,ja,Unknown,5,5,1,133949270.0,18.712971711610855
10000000.0,16.118095750958314,98.0,1999.0,7.0,en,Unknown,5,3,0,10571408.0,16.173663650760066
80000000.0,18.197537205138154,113.0,1999.0,7.0,en,Unknown,5,2,3,91188905.0,18.328443802908396
450000.0,13.017005083966255,89.0,1999.0,7.0,en,Unknown,4,1,0,2049595.0,14.53315325852239
60000000.0,17.909855136853043,105.0,1999.0,7.0,en,Unknown,5,4,7,73648228.0,18.11481065441951
70000000.0,18.064005814299346,116.0,1999.0,7.0,en,Unknown,5,4,2,309457509.0,19.550331354719273
13000000.0,16.380459992348886,94.0,1999.0,8.0,en,Unknown,5,1,2,27500000.0,17.129696599000436
45000000.0,17.622173069956816,82.0,1999.0,8.0,en,Unknown,5,2,0,10667893.0,16.18274922797671
48000000.0,17.6867115897055,113.0,1999.0,8.0,en,Unknown,5,2,5,124305181.0,18.63825024507294
40000000.0,17.50439003707821,107.0,1999.0,8.0,en,Unknown,5,4,0,672806292.0,20.326968020027547
70000000.0,18.064005814299346,86.0,1999.0,8.0,en,Unknown,5,1,0,23159305.0,16.95790724476241
68000000.0,18.035018277846262,121.0,1999.0,8.0,en,Unknown,5,3,0,29762011.0,17.208743373170762
13000000.0,16.380459992348886,96.0,1999.0,8.0,en,Unknown,5,3,0,8946237.0,16.006743666689907
25000000.0,17.034386422832473,100.0,1999.0,8.0,en,Unknown,5,4,2,13000000.0,16.380459992348886
6500000.0,15.687312888712007,95.0,1999.0,8.0,en,Unknown,5,5,1,4217115.0,15.254662040057267
7000000.0,15.76142084987672,96.0,1999.0,8.0,en,Unknown,5,2,0,7292175.0,15.802312550528917
38000000.0,17.453096744006448,133.0,1999.0,8.0,en,Unknown,5,5,5,58401898.0,17.882858964393073
500000.0,13.122365377402328,157.0,1999.0,8.0,en,Unknown,5,0,0,500000.0,13.122365377402328
7000000.0,15.76142084987672,97.0,1999.0,8.0,en,Unknown,5,1,0,14011454.0,16.455385767310418
75000000.0,18.132998684833918,109.0,1999.0,8.0,en,Unknown,5,2,0,19598588.0,16.790968131813436
160000000.0,18.8906843794481,102.0,1999.0,8.0,en,Unknown,5,1,6,61698899.0,17.93777666051572
70000000.0,18.064005814299346,101.0,1999.0,9.0,en,Unknown,5,2,0,11263966.0,16.237119427688167
2000000.0,14.508658238524095,118.0,1999.0,9.0,en,Unknown,5,5,0,11540607.0,16.261382503964846
2600000.0,14.77102238760702,104.0,1999.0,9.0,en,Unknown,5,3,0,614202.0,13.328080771379405
10000000.0,16.118095750958314,98.0,1999.0,9.0,en,Unknown,5,2,2,5241315.0,15.472083169803756
12000000.0,16.300417291085605,99.0,1999.0,9.0,en,Unknown,5,1,0,21133087.0,16.866350521839156
29000000.0,17.182806422433504,103.0,1999.0,9.0,en,Unknown,5,2,0,50041732.0,17.728367875257465
1200000.0,13.997832948091215,85.0,1999.0,9.0,en,Unknown,5,1,0,2600000.0,14.77102238760702
10000000.0,16.118095750958314,106.0,1999.0,9.0,en,Unknown,5,4,0,929606.0,13.742517195171915
15000000.0,16.52356082573315,122.0,1999.0,9.0,en,Unknown,5,2,0,356296601.0,19.691274093623488
50000000.0,17.72753358339242,146.0,1999.0,9.0,en,Unknown,5,3,4,73956241.0,18.11898415194294
65000000.0,17.989897843244528,93.0,1999.0,9.0,en,Unknown,5,1,1,117758500.0,18.584146483583933
70000000.0,18.064005814299346,105.0,1999.0,9.0,en,Unknown,5,1,2,177841558.0,18.996403593888584
3000000.0,14.914123179965662,96.0,1999.0,9.0,es,Unknown,5,5,0,6000000.0,15.607270193858982
75000000.0,18.132998684833918,114.0,1999.0,9.0,en,Unknown,5,5,1,108000000.0,18.497641794347754
13000000.0,16.380459992348886,112.0,1999.0,9.0,en,Unknown,5,3,0,22863596.0,16.945056553034235
8000000.0,15.894952224644102,91.0,1999.0,10.0,en,Unknown,5,3,0,22593409.0,16.933168828800678
28000000.0,17.147715103853763,119.0,1999.0,10.0,en,Unknown,5,1,2,8888143.0,16.00022881179052
700000.0,13.45883704259595,107.0,1999.0,10.0,en,Unknown,5,1,0,10508.0,9.259987311865597
64000000.0,17.974393656948944,133.0,1999.0,10.0,en,Unknown,5,1,5,74608570.0,18.127765951335714
50000000.0,17.72753358339242,95.0,1999.0,10.0,en,Unknown,5,2,7,58900031.0,17.891352191915384
63000000.0,17.958645300228824,139.0,1999.0,10.0,en,Unknown,5,5,3,100853753.0,18.42918204527112
60000000.0,17.909855136853043,148.0,1999.0,10.0,fr,Unknown,5,2,3,66976317.0,18.019849652186014
9000000.0,16.012735246411598,120.0,1999.0,10.0,en,Unknown,5,2,0,34573780.0,17.358606178205207
2053648.0,14.535128768792003,102.0,1999.0,10.0,en,Unknown,5,3,0,500000.0,13.122365377402328
90000000.0,18.31532023940565,157.0,1999.0,10.0,en,Unknown,5,5,4,60289912.0,17.91467536743917
27000000.0,17.11134746100564,124.0,1999.0,10.0,en,Unknown,5,2,8,14859394.0,16.514142883100718
19000000.0,16.759949589762293,93.0,1999.0,10.0,en,Unknown,5,2,0,40846082.0,17.525321487279896
2000000.0,14.508658238524095,92.0,1999.0,10.0,en,Unknown,5,1,0,7.0,2.0794415416798357
90000000.0,18.31532023940565,92.0,1999.0,10.0,en,Unknown,5,1,2,497366869.0,20.02483848076224
73000000.0,18.105970012811294,118.0,1999.0,11.0,en,Unknown,5,2,5,151493655.0,18.836054307449473
51000000.0,17.747336210296442,101.0,1999.0,11.0,en,Unknown,5,3,0,36911617.0,17.424036910404105
7400000.0,15.816990693309524,169.0,1999.0,11.0,ta,Unknown,5,1,0,22000000.0,16.906553056777135
135000000.0,18.72078534381011,128.0,1999.0,11.0,en,Unknown,5,2,3,361832400.0,19.70669168191842
10000000.0,16.118095750958314,130.0,1999.0,11.0,en,Unknown,5,2,3,30652890.0,17.23823753889999
23000000.0,16.951004817371683,114.0,1999.0,11.0,en,Unknown,5,2,2,18653615.0,16.74155057265983
100000000.0,18.420680753952364,105.0,1999.0,11.0,en,Unknown,5,5,7,206071502.0,19.14373376846966
38000000.0,17.453096744006448,138.0,1999.0,11.0,en,Unknown,5,2,4,635096.0,13.361533022114346
100000000.0,18.420680753952364,121.0,1999.0,11.0,en,Unknown,5,1,6,211989043.0,19.172045152055585
312000.0,12.650761671914688,102.0,1999.0,11.0,en,Unknown,3,1,0,1281176.0,14.063289744635927
1700000.0,14.346139397261565,98.0,1999.0,12.0,en,Unknown,5,2,0,1943649.0,14.480078206640904
23000000.0,16.951004817371683,102.0,1999.0,12.0,en,Unknown,5,1,3,10827816.0,16.19762902894551
37000000.0,17.426428497635523,188.0,1999.0,12.0,en,Unknown,5,3,2,48451803.0,17.696080129869998
17000000.0,16.648723960844016,88.0,1999.0,12.0,en,Unknown,5,3,0,65535067.0,17.998095946648732
60000000.0,17.909855136853043,189.0,1999.0,12.0,en,Unknown,5,3,1,284600000.0,19.46659524713373
1000000.0,13.815511557963774,107.0,1999.0,12.0,ja,Unknown,5,1,0,10037390.0,16.12182777790048
55000000.0,17.822843761378564,163.0,1999.0,12.0,en,Unknown,5,3,10,100230832.0,18.42298641385148
133000000.0,18.705859693704824,84.0,1999.0,12.0,en,Unknown,5,3,0,300135367.0,19.519744157515003
100000000.0,18.420680753952364,131.0,1999.0,12.0,en,Unknown,5,5,3,93700000.0,18.355608757881008
24000000.0,16.993564429978885,126.0,1999.0,12.0,en,Unknown,5,3,1,88545092.0,18.299022505637886
80000000.0,18.197537205138154,74.0,1999.0,12.0,en,Unknown,5,1,0,90874570.0,18.324990773036525
82000000.0,18.22222981742365,118.0,1999.0,12.0,en,Unknown,5,1,4,47434430.0,17.674858915375093
14000000.0,16.454567959008102,104.0,1999.0,12.0,en,Unknown,5,2,0,206128.0,12.236257465374036
45000000.0,17.622173069956816,102.0,1999.0,12.0,en,Unknown,5,2,1,90683916.0,18.322890578524238
40000000.0,17.50439003707821,139.0,1999.0,12.0,en,Unknown,5,4,1,128798265.0,18.673757908810984
25.0,3.258096538021482,145.0,1999.0,12.0,en,Unknown,5,2,6,13.0,2.6390573296152584
24000000.0,16.993564429978885,124.0,1999.0,12.0,en,Unknown,5,1,2,8434146.0,15.947799142588968
11000000.0,16.213405921671733,98.0,2000.0,1.0,en,Unknown,5,1,0,59827328.0,17.906973121214072
90000000.0,18.31532023940565,91.0,2000.0,1.0,en,Unknown,5,4,11,14828081.0,16.5120333733157
10000000.0,16.118095750958314,93.0,2000.0,1.0,en,Unknown,5,5,0,26330482.0,17.08623787539843
36000000.0,17.399029524198163,95.0,2000.0,1.0,de,Unknown,5,5,1,3003296.0,14.915221243173978
1000000.0,13.815511557963774,94.0,2000.0,2.0,en,Unknown,5,0,0,1744858.0,14.372184308061719
500000.0,13.122365377402328,157.0,2000.0,2.0,en,Unknown,5,0,0,500000.0,13.122365377402328
40000000.0,17.50439003707821,116.0,2000.0,2.0,en,Unknown,5,3,9,161834276.0,18.9020833881125
10000000.0,16.118095750958314,101.0,2000.0,2.0,en,Unknown,5,2,0,1631839.0,14.305218770484345
40000000.0,17.50439003707821,119.0,2000.0,2.0,en,Unknown,5,1,1,144056873.0,18.785718737898097
30000000.0,17.216707972959764,77.0,2000.0,2.0,en,Unknown,5,1,0,45554533.0,17.634420715684733
200000.0,12.206077645517674,93.0,2000.0,2.0,en,Unknown,5,2,0,1160268.0,13.964162432750422
40000000.0,17.50439003707821,94.0,2000.0,2.0,en,Unknown,5,4,0,36037909.0,17.400081997901886
41300000.0,17.536373082144337,98.0,2000.0,2.0,en,Unknown,5,5,2,106371651.0,18.48244967080199
26000000.0,17.073607134447293,118.0,2000.0,2.0,en,Unknown,5,1,0,28780255.0,17.175200154449954
23000000.0,16.951004817371683,108.0,2000.0,2.0,en,Unknown,5,1,1,53187659.0,17.78933697251896
3900000.0,15.176487367510099,199.0,2000.0,2.0,ta,Unknown,5,1,0,4900000.0,15.404745967162468
42000000.0,17.553180200057167,124.0,2000.0,2.0,en,Unknown,5,2,6,32168970.0,17.286512912380974
6000000.0,15.607270193858982,82.0,2000.0,3.0,en,Unknown,5,0,0,9000000.0,16.012735246411598
16000000.0,16.588099342704055,96.0,2000.0,3.0,en,Unknown,5,2,0,15427192.0,16.5516422894493
25000000.0,17.034386422832473,108.0,2000.0,3.0,en,Unknown,5,2,3,24362772.0,17.008566828481705
90000000.0,18.31532023940565,114.0,2000.0,3.0,en,Unknown,5,4,14,60874615.0,17.92432683133892
120000000.0,18.603002309079653,130.0,2000.0,3.0,en,Unknown,5,3,7,325756637.0,19.601661151351784
23000000.0,16.951004817371683,98.0,2000.0,3.0,en,Unknown,5,3,0,53302314.0,17.791490321588743
52000000.0,17.76675429577647,131.0,2000.0,3.0,en,Unknown,5,1,2,256271286.0,19.36174715618618
30000000.0,17.216707972959764,113.0,2000.0,3.0,en,Unknown,5,2,3,47126295.0,17.668341704680554
25000000.0,17.034386422832473,115.0,2000.0,3.0,en,Unknown,5,2,0,91036760.0,18.326773949941376
8500000.0,15.955576839107596,105.0,2000.0,3.0,en,Unknown,5,3,0,327418.0,12.698995975222495
15000000.0,16.52356082573315,106.0,2000.0,3.0,en,Unknown,5,4,3,35007180.0,17.37106376983748
15000000.0,16.52356082573315,94.0,2000.0,3.0,en,Unknown,5,1,0,9902115.0,16.108259029639978
13000000.0,16.380459992348886,93.0,2000.0,3.0,en,Unknown,5,5,1,299792.0,12.610847515478778
95000000.0,18.36938746009113,89.0,2000.0,3.0,en,Unknown,5,2,0,76432727.0,18.151921539372882
24000000.0,16.993564429978885,107.0,2000.0,4.0,en,Unknown,5,2,0,12372410.0,16.330979632409907
24000000.0,16.993564429978885,115.0,2000.0,4.0,en,Unknown,5,2,0,36609995.0,17.41583187583665
60000000.0,17.909855136853043,128.0,2000.0,4.0,en,Unknown,5,3,4,71000000.0,18.078190449090098
7000000.0,15.76142084987672,102.0,2000.0,4.0,en,Unknown,5,3,0,34266564.0,17.34968065538676
2000000.0,14.508658238524095,156.0,2000.0,4.0,ta,Unknown,5,1,1,6000000.0,15.607270193858982
30000000.0,17.216707972959764,127.0,2000.0,4.0,en,Unknown,5,3,0,37036004.0,17.427401105553844
62000000.0,17.9426449591384,116.0,2000.0,4.0,en,Unknown,5,3,1,127666415.0,18.664931295028406
20000000.0,16.811242881518265,124.0,2000.0,4.0,en,Unknown,5,1,0,27728118.0,17.137957582619023
14000000.0,16.454567959008102,90.0,2000.0,4.0,en,Unknown,5,4,0,5108820.0,15.446479211488544
50000.0,10.819798284210286,90.0,2000.0,4.0,ko,Unknown,5,1,0,21075.0,9.955890231329176
15000000.0,16.52356082573315,120.0,2000.0,4.0,en,Unknown,5,2,0,33771174.0,17.335118185952478
7000000.0,15.76142084987672,90.0,2000.0,4.0,en,Unknown,5,2,0,3728888.0,15.131620892024438
83000000.0,18.234351177809064,90.0,2000.0,4.0,en,Unknown,5,2,2,59468275.0,17.90095355185615
31000000.0,17.249497794707484,118.0,2000.0,4.0,en,Unknown,5,1,1,68106245.0,18.036579484975572
103000000.0,18.450239555902648,155.0,2000.0,5.0,en,Unknown,5,5,9,457640427.0,19.941594342029514
500000.0,13.122365377402328,157.0,2000.0,5.0,ta,Unknown,5,0,0,500000.0,13.122365377402328
44000000.0,17.599700214609808,118.0,2000.0,5.0,en,Unknown,5,5,0,21400000.0,16.87890152672105
2000000.0,14.508658238524095,112.0,2000.0,5.0,en,Unknown,5,2,0,1568749.0,14.26578968186223
18000000.0,16.705882371415992,115.0,2000.0,5.0,en,Unknown,5,1,1,17200925.0,16.660473777543814
8000000.0,15.894952224644102,92.0,2000.0,5.0,en,Unknown,5,1,0,8279017.0,15.929234920294205
12800000.0,16.36495580701484,140.0,2000.0,5.0,en,Unknown,5,5,1,40031879.0,17.505186694642365
5000000.0,15.424948670398354,110.0,2000.0,5.0,en,Unknown,5,5,0,110000000.0,18.5159909328476
127500000.0,18.663626930405893,82.0,2000.0,5.0,en,Unknown,5,2,0,354248063.0,19.685507971453088
16000000.0,16.588099342704055,93.0,2000.0,5.0,en,Unknown,5,2,0,119754278.0,18.600952526393517
125000000.0,18.643824303266577,123.0,2000.0,5.0,en,Unknown,5,3,3,546388105.0,20.118840098048352
55000000.0,17.822843761378564,110.0,2000.0,5.0,en,Unknown,5,3,0,56932305.0,17.857373505991344
30000000.0,17.216707972959764,98.0,2000.0,5.0,en,Unknown,5,2,2,173959438.0,18.97433272080923
90000000.0,18.31532023940565,118.0,2000.0,6.0,en,Unknown,5,2,1,237202299.0,19.28442392149952
6900000.0,15.747032114495013,162.0,2000.0,6.0,hi,Unknown,5,1,0,15000000.0,16.52356082573315
46000000.0,17.6441519761925,99.0,2000.0,6.0,en,Unknown,5,2,3,107196498.0,18.490174147485583
75000000.0,18.132998684833918,94.0,2000.0,6.0,en,Unknown,5,3,6,36754634.0,17.419774898119332
16000000.0,16.588099342704055,94.0,2000.0,6.0,en,Unknown,5,1,1,20627372.0,16.842129538112207
2000000.0,14.508658238524095,154.0,2000.0,6.0,es,Unknown,5,2,0,20908467.0,16.855664802340982
1200000.0,13.997832948091215,85.0,2000.0,6.0,en,Unknown,5,1,0,1404.0,7.247792581767846
45000000.0,17.622173069956816,84.0,2000.0,6.0,en,Unknown,5,4,0,224834564.0,19.23087542306092
51000000.0,17.747336210296442,116.0,2000.0,6.0,en,Unknown,5,2,2,149270999.0,18.82127400385676
110000000.0,18.5159909328476,165.0,2000.0,6.0,en,Unknown,5,4,3,215294342.0,19.187516687024235
76000000.0,18.1462439114085,88.0,2000.0,6.0,en,Unknown,5,4,0,35134820.0,17.37470324796048
19000000.0,16.759949589762293,88.0,2000.0,7.0,en,Unknown,5,4,1,278019771.0,19.443202791428
65000000.0,17.989897843244528,104.0,2000.0,7.0,en,Unknown,5,1,3,69700000.0,18.059710890077955
16000000.0,16.588099342704055,93.0,2000.0,7.0,ja,Unknown,3,5,2,68411275.0,18.041048222807053
16000000.0,16.588099342704055,93.0,2000.0,7.0,ja,Unknown,3,5,3,68411275.0,18.041048222807053
16000000.0,16.588099342704055,93.0,2000.0,7.0,ja,Unknown,3,5,4,68411275.0,18.041048222807053
16000000.0,16.588099342704055,93.0,2000.0,7.0,ja,Unknown,3,5,5,68411275.0,18.041048222807053
75000000.0,18.132998684833918,104.0,2000.0,7.0,en,Unknown,5,5,1,296339527.0,19.507016408978526
15000000.0,16.52356082573315,105.0,2000.0,7.0,en,Unknown,5,1,2,5217498.0,15.467528726270801
100000000.0,18.420680753952364,130.0,2000.0,7.0,en,Unknown,5,3,9,155464351.0,18.861927015713892
84000000.0,18.24632736871235,106.0,2000.0,7.0,en,Unknown,5,2,1,123307945.0,18.630195410502562
45000000.0,17.622173069956816,100.0,2000.0,7.0,en,Unknown,5,2,0,113916474.0,18.550976062382347
65000000.0,17.989897843244528,130.0,2000.0,7.0,en,Unknown,5,5,13,128884132.0,18.674424364909743
95000000.0,18.36938746009113,112.0,2000.0,8.0,en,Unknown,5,2,5,190213455.0,19.063657452155688
1900000.0,14.45736497045232,104.0,2000.0,8.0,pt,Unknown,4,3,0,2070806.0,14.543448944340271
33000000.0,17.312018149733785,107.0,2000.0,8.0,en,Unknown,5,5,0,104155843.0,18.461398835474892
40000000.0,17.50439003707821,117.0,2000.0,8.0,en,Unknown,5,4,1,30199105.0,17.223322879257925
28000000.0,17.147715103853763,98.0,2000.0,8.0,en,Unknown,5,1,0,90449929.0,18.32030699589704
26000000.0,17.073607134447293,106.0,2000.0,8.0,en,Unknown,5,5,5,71868327.0,18.09034622494693
10000000.0,16.118095750958314,103.0,2000.0,9.0,en,Unknown,5,3,1,83557872.0,18.241050039565618
25000000.0,17.034386422832473,87.0,2000.0,9.0,en,Unknown,5,2,0,15843608.0,16.578276759307847
6.0,1.9459101490553132,122.0,2000.0,9.0,en,Unknown,5,2,0,8.0,2.1972245773362196
1000000.0,13.815511557963774,170.0,2000.0,9.0,hi,Unknown,5,0,0,623791.0,13.343572258450328
8500000.0,15.955576839107596,119.0,2000.0,9.0,en,Unknown,5,0,0,19125401.0,16.766527957063808
12000000.0,16.300417291085605,114.0,2000.0,9.0,ja,Unknown,5,5,0,15250000.0,16.540090126591462
32000000.0,17.281246492014,129.0,2000.0,9.0,en,Unknown,5,1,0,48814909.0,17.703546356944624
120000.0,11.695255355062795,87.0,2000.0,9.0,en,Unknown,5,0,0,14904.0,9.609452006112171
30.0,3.4339872044851463,78.0,2000.0,9.0,it,Unknown,5,3,0,103.0,4.6443908991413725
60000000.0,17.909855136853043,122.0,2000.0,9.0,en,Unknown,5,3,1,47383689.0,17.67378863462478
14000000.0,16.454567959008102,97.0,2000.0,9.0,en,Unknown,5,3,0,38574362.0,17.468098442791344
10000000.0,16.118095750958314,140.0,2000.0,9.0,en,Unknown,5,5,0,5164404.0,15.45730045544891
25000000.0,17.034386422832473,110.0,2000.0,9.0,en,Unknown,5,2,4,260562.0,12.470599953546714
16000000.0,16.588099342704055,113.0,2000.0,9.0,en,Unknown,5,4,2,109130.0,11.600304274448273
30000000.0,17.216707972959764,113.0,2000.0,9.0,en,Unknown,5,4,0,136706683.0,18.733348195890205
17000000.0,16.648723960844016,120.0,2000.0,10.0,zh,Unknown,5,5,5,213525736.0,19.179267931376994
55000000.0,17.822843761378564,108.0,2000.0,10.0,en,Unknown,5,4,3,330444045.0,19.615947901863972
63600000.0,17.968124044033623,102.0,2000.0,10.0,en,Unknown,5,4,0,19412993.0,16.781453193636224
85000000.0,18.258161826219297,100.0,2000.0,10.0,en,Unknown,5,2,1,183611771.0,19.028334151742275
9000000.0,16.012735246411598,113.0,2000.0,10.0,en,Unknown,5,4,1,39723096.0,17.49744336489725
40000000.0,17.50439003707821,122.0,2000.0,10.0,en,Unknown,5,2,1,55707411.0,17.835623766062437
24000000.0,16.993564429978885,84.0,2000.0,10.0,en,Unknown,5,1,2,13700000.0,16.432906463791053
48000000.0,17.6867115897055,93.0,2000.0,10.0,en,Unknown,5,3,5,90383208.0,18.31956906695994
4500000.0,15.319588176962746,102.0,2000.0,10.0,en,Unknown,5,1,1,7390108.0,15.815653042477315
22000000.0,16.906553056777135,95.0,2000.0,10.0,en,Unknown,5,1,1,13555988.0,16.422339000259946
80000000.0,18.197537205138154,126.0,2000.0,11.0,en,Unknown,5,5,1,39459427.0,17.49078356276184
92000000.0,18.33729914588288,98.0,2000.0,11.0,en,Unknown,5,1,0,264105545.0,19.391859376668226
80000000.0,18.197537205138154,106.0,2000.0,11.0,en,Unknown,5,5,0,33463969.0,17.325979895617994
75000000.0,18.132998684833918,106.0,2000.0,11.0,en,Unknown,5,4,1,248118121.0,19.32941548912228
35000000.0,17.370858648025116,106.0,2000.0,11.0,en,Unknown,5,1,1,36779296.0,17.42044566330906
123000000.0,18.627694921466773,104.0,2000.0,11.0,en,Unknown,5,2,6,345141403.0,19.659464757689904
82000000.0,18.22222981742365,123.0,2000.0,11.0,en,Unknown,5,1,1,96085477.0,18.38074874909822
13500000.0,16.41820031748273,124.0,2000.0,11.0,en,Unknown,5,5,3,7060876.0,15.770079822717813
1000000.0,13.815511557963774,88.0,2000.0,12.0,en,Unknown,5,0,0,779137.0,13.565943459356196
35000000.0,17.370858648025116,107.0,2000.0,12.0,en,Unknown,5,3,0,15185241.0,16.535834593114714
75000000.0,18.132998684833918,124.0,2000.0,12.0,en,Unknown,5,2,3,215663859.0,19.189231549802027
100000000.0,18.420680753952364,78.0,2000.0,12.0,en,Unknown,5,2,1,169327687.0,18.947346377736228
45000000.0,17.622173069956816,111.0,2000.0,12.0,en,Unknown,5,4,1,212000000.0,19.17209683735327
25000000.0,17.034386422832473,121.0,2000.0,12.0,en,Unknown,5,3,2,152500343.0,18.8426774097469
70000000.0,18.064005814299346,127.0,2000.0,12.0,en,Unknown,5,4,0,374111707.0,19.740064995273453
13000000.0,16.380459992348886,83.0,2000.0,12.0,en,Unknown,5,2,0,73180723.0,18.108442610919898
4500000.0,15.319588176962746,114.0,2000.0,12.0,ja,Unknown,5,5,0,25000000.0,17.034386422832473
43000000.0,17.57671069691365,136.0,2000.0,12.0,en,Unknown,5,4,4,80049764.0,18.198159061737478
90000000.0,18.31532023940565,143.0,2000.0,12.0,en,Unknown,5,4,10,429632142.0,19.878439919123498
10000000.0,16.118095750958314,111.0,2000.0,12.0,en,Unknown,5,2,4,12008642.0,16.301137198496722
28000000.0,17.147715103853763,99.0,2000.0,12.0,en,Unknown,5,3,0,33000337.0,17.312028361802543
80000000.0,18.197537205138154,145.0,2000.0,12.0,en,Unknown,5,2,5,34566746.0,17.358402708540517
48000000.0,17.6867115897055,147.0,2000.0,12.0,en,Unknown,5,5,3,207515725.0,19.150717682715072
1900000.0,14.45736497045232,102.0,2000.0,12.0,zh,Unknown,5,0,0,240093.0,12.388785792309427
35000000.0,17.370858648025116,123.0,2001.0,1.0,en,Unknown,5,5,1,29400000.0,17.196505266322514
13000000.0,16.380459992348886,112.0,2001.0,1.0,en,Unknown,5,2,1,91038276.0,18.326790602416278
30000000.0,17.216707972959764,108.0,2001.0,1.0,en,Unknown,5,4,1,18195610.0,16.716690969118606
500000.0,13.122365377402328,157.0,2001.0,1.0,ta,Unknown,5,1,0,500000.0,13.122365377402328
3000000.0,14.914123179965662,100.0,2001.0,1.0,en,Unknown,5,2,0,18492362.0,16.7328683940079
6000000.0,15.607270193858982,113.0,2001.0,1.0,en,Unknown,5,4,0,1270522.0,14.054939184687509
25697387.0,17.061899910459093,87.0,2001.0,1.0,cn,Unknown,5,0,0,3849941.0,15.163568641215425
1500000.0,14.220976332738882,98.0,2001.0,1.0,en,Unknown,5,2,0,416925.0,12.940664026999826
8000000.0,15.894952224644102,107.0,2001.0,1.0,pl,Unknown,5,5,0,8826094.0,15.993223232406546
700000.0,13.45883704259595,97.0,2001.0,1.0,en,Unknown,5,0,0,1667192.0,14.32665193187594
11000000.0,16.213405921671733,81.0,2001.0,1.0,en,Unknown,5,1,0,13276953.0,16.40154030823394
100000.0,11.51293546492023,86.0,2001.0,1.0,en,Unknown,3,5,3,490475.0,13.103131627126851
35000000.0,17.370858648025116,103.0,2001.0,1.0,en,Unknown,5,5,0,94728529.0,18.36652577994392
10000000.0,16.118095750958314,83.0,2001.0,1.0,en,Unknown,5,2,0,44460850.0,17.610119607117863
29000000.0,17.182806422433504,137.0,2001.0,1.0,fr,Unknown,5,5,0,70752904.0,18.074704153715352
14000000.0,16.454567959008102,86.0,2001.0,2.0,en,Unknown,5,1,1,10424470.0,16.159666580956372
12560000.0,16.346027798622156,105.0,2001.0,2.0,fr,Unknown,5,5,1,42700000.0,17.569709501618057
87000000.0,18.28141868811311,131.0,2001.0,2.0,en,Unknown,5,4,10,351692268.0,19.678267115399933
22000000.0,16.906553056777135,90.0,2001.0,2.0,en,Unknown,5,3,2,19351569.0,16.778284111099545
21000000.0,16.860033043306743,109.0,2001.0,2.0,en,Unknown,5,2,4,28008462.0,17.148017272471147
40000000.0,17.50439003707821,119.0,2001.0,2.0,en,Unknown,5,2,0,65754228.0,18.00143454634538
75000000.0,18.132998684833918,93.0,2001.0,2.0,en,Unknown,5,3,2,5409517.0,15.503670552583664
62000000.0,17.9426449591384,125.0,2001.0,2.0,en,Unknown,5,3,0,18720175.0,16.745112430678926
57000000.0,17.858561843342684,123.0,2001.0,3.0,en,Unknown,5,4,1,147845033.0,18.811675215602623
60000000.0,17.909855136853043,120.0,2001.0,3.0,en,Unknown,5,4,0,56359980.0,17.84726990787617
52500000.0,17.77632374660947,127.0,2001.0,3.0,en,Unknown,5,2,2,179213434.0,19.004088027793053
68000000.0,18.035018277846262,131.0,2001.0,3.0,en,Unknown,5,5,3,96976270.0,18.389976877675156
50000000.0,17.72753358339242,101.0,2001.0,3.0,en,Unknown,5,3,1,79958599.0,18.197019558688815
35000000.0,17.370858648025116,88.0,2001.0,3.0,en,Unknown,5,3,4,147934180.0,18.812278009836827
11000000.0,16.213405921671733,95.0,2001.0,3.0,en,Unknown,5,2,0,23430766.0,16.969560545756966
1000000.0,13.815511557963774,119.0,2001.0,3.0,en,Unknown,3,1,0,852206.0,13.655584734048478
53000000.0,17.78580249038432,124.0,2001.0,4.0,en,Unknown,5,1,2,83282296.0,18.237746563542878
60000000.0,17.909855136853043,104.0,2001.0,4.0,en,Unknown,5,5,0,105178561.0,18.47117005423129
17700000.0,16.68907525404123,91.0,2001.0,4.0,en,Unknown,5,2,0,30987695.0,17.24910078043668
21150000.0,16.867150510737883,92.0,2001.0,4.0,en,Unknown,5,3,3,39438674.0,17.49025749179969
7000000.0,15.76142084987672,113.0,2001.0,4.0,en,Unknown,4,1,0,4720371.0,15.367398168015434
25000000.0,17.034386422832473,97.0,2001.0,4.0,en,Unknown,5,5,0,281929795.0,19.457168647554493
4500000.0,15.319588176962746,106.0,2001.0,4.0,es,Unknown,5,5,1,6459020.0,15.680988316286612
1000000.0,13.815511557963774,97.0,2001.0,4.0,en,Unknown,5,5,0,10013424.0,16.119437250610915
600000.0,13.304686600863562,105.0,2001.0,4.0,en,Unknown,5,0,0,1023156.0,13.838403503344148
10000000.0,16.118095750958314,122.0,2001.0,4.0,fr,Unknown,5,5,3,173921954.0,18.974117222074366
94000000.0,18.358805350872576,116.0,2001.0,4.0,en,Unknown,5,4,8,54744738.0,17.818191830719616
90000000.0,18.31532023940565,104.0,2001.0,4.0,en,Unknown,5,1,0,10372291.0,16.154648577963272
98000000.0,18.400478046838927,130.0,2001.0,4.0,en,Unknown,5,3,2,433013274.0,19.886278943695427
15000000.0,16.52356082573315,111.0,2001.0,5.0,en,Unknown,5,1,0,163169.0,12.002547881085116
65000000.0,17.989897843244528,132.0,2001.0,5.0,en,Unknown,5,4,1,117487473.0,18.58184228161053
3000000.0,14.914123179965662,131.0,2001.0,5.0,fr,Unknown,5,5,0,9801375.0,16.09803334194776
53000000.0,17.78580249038432,102.0,2001.0,5.0,en,Unknown,5,5,2,29700000.0,17.206657637442962
15000000.0,16.52356082573315,147.0,2001.0,5.0,en,Unknown,5,5,7,20117339.0,16.817092687696285
60000000.0,17.909855136853043,90.0,2001.0,5.0,en,Unknown,5,3,0,484409218.0,19.998440601254018
6000000.0,15.607270193858982,96.0,2001.0,5.0,en,Unknown,5,5,0,705308.0,13.466391283642292
140000000.0,18.757152987716434,183.0,2001.0,5.0,en,Unknown,5,2,3,449220945.0,19.923025409305108
14500000.0,16.489659276356317,108.0,2001.0,5.0,ja,Unknown,5,5,0,95789342.0,18.37766199458203
22000000.0,16.906553056777135,84.0,2001.0,6.0,en,Unknown,5,2,0,84772742.0,18.255484622206644
120000000.0,18.603002309079653,95.0,2001.0,6.0,en,Unknown,5,2,2,186053725.0,19.041546039430866
102000000.0,18.440483381052466,99.0,2001.0,6.0,en,Unknown,5,5,2,147080413.0,18.806490029188055
80000000.0,18.197537205138154,101.0,2001.0,6.0,en,Unknown,5,3,7,98376292.0,18.404310408198693
5000000.0,15.424948670398354,106.0,2001.0,6.0,es,Unknown,5,3,1,33616692.0,17.330533317037673
500000.0,13.122365377402328,157.0,2001.0,6.0,en,Unknown,4,1,0,500000.0,13.122365377402328
115000000.0,18.560442695023177,100.0,2001.0,6.0,en,Unknown,5,5,2,274703340.0,19.43120231335048
5200000.0,15.46416937585933,224.0,2001.0,6.0,hi,Unknown,5,1,0,8100000.0,15.90737474309945
38000000.0,17.453096744006448,106.0,2001.0,6.0,en,Unknown,5,4,4,207283925.0,19.149600034602248
70000000.0,18.064005814299346,87.0,2001.0,6.0,en,Unknown,5,3,1,176104344.0,18.986587246643026
16000000.0,16.588099342704055,130.0,2001.0,6.0,en,Unknown,5,2,4,29381649.0,17.19588088778656
100000000.0,18.420680753952364,146.0,2001.0,6.0,en,Unknown,5,4,18,235926552.0,19.279031098450407
13000000.0,16.380459992348886,99.0,2001.0,6.0,en,Unknown,5,2,0,16929123.0,16.64454601030164
10000000.0,16.118095750958314,90.0,2001.0,7.0,en,Unknown,5,5,0,59217789.0,17.89673256146788
137000000.0,18.73549149109167,106.0,2001.0,7.0,en,Unknown,5,3,0,85131830.0,18.259711565910393
60000000.0,17.909855136853043,87.0,2001.0,7.0,en,Unknown,5,5,0,93375151.0,18.352135829260643
45000000.0,17.622173069956816,83.0,2001.0,7.0,en,Unknown,5,4,2,141220678.0,18.765834324141753
25000000.0,17.034386422832473,98.0,2001.0,7.0,en,Unknown,5,5,0,64437847.0,17.981211720308828
68000000.0,18.035018277846262,124.0,2001.0,7.0,en,Unknown,5,3,2,71069884.0,18.079174246678793
5000000.0,15.424948670398354,94.0,2001.0,7.0,en,Unknown,5,1,0,5476060.0,15.51589660484633
18000000.0,16.705882371415992,96.0,2001.0,7.0,en,Unknown,5,2,0,141774679.0,18.769749594764306
93000000.0,18.34811006187022,92.0,2001.0,7.0,en,Unknown,5,2,4,368780809.0,19.725713014670358
15000000.0,16.52356082573315,125.0,2001.0,7.0,ja,Unknown,5,1,3,274925095.0,19.43200924034735
11000000.0,16.213405921671733,91.0,2001.0,7.0,en,Unknown,5,3,0,16951798.0,16.645884521851954
2079000.0,14.547398047840515,183.0,2001.0,7.0,en,Unknown,5,1,0,4099000.0,15.226253843448387
100000000.0,18.420680753952364,119.0,2001.0,7.0,en,Unknown,5,3,8,362211740.0,19.707739518680587
400000.0,12.899222326086994,97.0,2001.0,7.0,en,Unknown,5,0,0,43719.0,10.685560942290476
5000000.0,15.424948670398354,97.0,2001.0,7.0,en,Unknown,5,1,0,295206.0,12.59543208416444
48000000.0,17.6867115897055,112.0,2001.0,7.0,en,Unknown,5,3,3,85498534.0,18.264009799257266
42000000.0,17.553180200057167,118.0,2001.0,8.0,en,Unknown,5,5,0,35402320.0,17.382287940926467
90000000.0,18.31532023940565,90.0,2001.0,8.0,en,Unknown,5,1,1,347325802.0,19.66577381095219
7000000.0,15.76142084987672,114.0,2001.0,8.0,en,Unknown,5,3,3,3646994.0,15.109414098800023
37000000.0,17.426428497635523,115.0,2001.0,8.0,en,Unknown,5,3,3,165335153.0,18.923485208057233
75000000.0,18.132998684833918,95.0,2001.0,8.0,en,Unknown,5,3,3,13596911.0,16.425353266100995
30000000.0,17.216707972959764,108.0,2001.0,8.0,en,Unknown,5,3,0,287553595.0,19.476919821697035
1500000.0,14.220976332738882,100.0,2001.0,8.0,en,Unknown,5,3,0,373967.0,12.83192551123875
35000000.0,17.370858648025116,94.0,2001.0,8.0,en,Unknown,5,1,2,13678913.0,16.431366081042533
57000000.0,17.858561843342684,131.0,2001.0,8.0,en,Unknown,5,2,1,62112895.0,17.944464190400666
34000000.0,17.341871111992198,108.0,2001.0,8.0,en,Unknown,5,2,0,19693891.0,16.79581909487112
22000000.0,16.906553056777135,104.0,2001.0,8.0,en,Unknown,5,3,4,33788161.0,17.335621062419666
28000000.0,17.147715103853763,98.0,2001.0,8.0,en,Unknown,5,3,11,14010832.0,16.455341374075996
250000.0,12.429220196836383,91.0,2001.0,8.0,en,Unknown,5,0,0,4186931.0,15.247478804124235
57000000.0,17.858561843342684,105.0,2001.0,9.0,en,Unknown,5,5,6,16991902.0,16.64824749443877
15000000.0,16.52356082573315,92.0,2001.0,9.0,en,Unknown,5,1,0,12000000.0,16.300417291085605
40000000.0,17.50439003707821,104.0,2001.0,9.0,en,Unknown,5,5,7,27053815.0,17.11333862539576
31000000.0,17.249497794707484,101.0,2001.0,9.0,en,Unknown,5,3,0,24185781.0,17.001275497807864
32000000.0,17.281246492014,106.0,2001.0,9.0,en,Unknown,5,4,1,40222729.0,17.509942816683534
30000000.0,17.216707972959764,106.0,2001.0,9.0,en,Unknown,5,1,0,23619609.0,16.977587857166185
300000.0,12.611541086966115,101.0,2001.0,9.0,en,Unknown,0,4,0,2074000.0,14.544990149931571
22000000.0,16.906553056777135,104.0,2001.0,9.0,en,Unknown,5,5,0,5271666.0,15.477857189284885
50000000.0,17.72753358339242,113.0,2001.0,9.0,en,Unknown,5,5,2,100020092.0,18.420881653768635
28000000.0,17.147715103853763,89.0,2001.0,9.0,en,Unknown,5,5,2,60780981.0,17.922787501952875
344.0,5.84354441703136,104.0,2001.0,9.0,en,Unknown,5,3,0,4.0,1.6094379124341003
21000000.0,16.860033043306743,110.0,2001.0,10.0,en,Unknown,5,1,2,71441250.0,18.084386005577407
23000000.0,16.951004817371683,97.0,2001.0,10.0,en,Unknown,5,5,2,36642838.0,17.416728578392956
12000000.0,16.300417291085605,86.0,2001.0,10.0,en,Unknown,5,2,1,17292381.0,16.665776615666065
28000000.0,17.147715103853763,90.0,2001.0,10.0,en,Unknown,5,3,1,77516304.0,18.16599885929209
45000000.0,17.622173069956816,122.0,2001.0,10.0,en,Unknown,5,5,1,104876233.0,18.468291489070978
75000000.0,18.132998684833918,123.0,2001.0,10.0,en,Unknown,5,5,8,67631903.0,18.029590382341286
11000000.0,16.213405921671733,86.0,2001.0,10.0,en,Unknown,5,2,0,23978402.0,16.99266410818165
15000000.0,16.52356082573315,99.0,2001.0,10.0,en,Unknown,5,0,0,23000.0,10.043292972227004
48000000.0,17.6867115897055,132.0,2001.0,10.0,en,Unknown,5,1,4,35743308.0,17.391873648748355
72000000.0,18.09217669086922,131.0,2001.0,10.0,en,Unknown,5,1,0,27642707.0,17.134872526015407
35000000.0,17.370858648025116,122.0,2001.0,10.0,en,Unknown,5,2,1,74558115.0,18.12708945978202
48000000.0,17.6867115897055,120.0,2001.0,10.0,en,Unknown,5,4,1,50315140.0,17.73381660369087
10000000.0,16.118095750958314,96.0,2001.0,10.0,en,Unknown,5,1,3,7316658.0,15.805664360980805
75000000.0,18.132998684833918,89.0,2001.0,10.0,en,Unknown,5,1,3,54249294.0,17.809100554908696
115000000.0,18.560442695023177,92.0,2001.0,11.0,en,Unknown,5,2,0,562816256.0,20.148463768714823
40000000.0,17.50439003707821,114.0,2001.0,11.0,en,Unknown,5,1,4,141069860.0,18.764765793723765
49000000.0,17.707330876483063,87.0,2001.0,11.0,en,Unknown,5,4,1,72700000.0,18.101851956258905
19800000.0,16.801192546169812,137.0,2001.0,11.0,en,Unknown,5,1,5,87754044.0,18.290048516113917
4000000.0,15.201805169084134,111.0,2001.0,11.0,en,Unknown,5,2,0,44909486.0,17.62015962215299
7000000.0,15.76142084987672,93.0,2001.0,11.0,en,Unknown,5,1,1,10229331.0,16.140769837653075
125000000.0,18.643824303266577,152.0,2001.0,11.0,en,Unknown,5,3,4,976475550.0,20.699460270589174
11000000.0,16.213405921671733,100.0,2001.0,11.0,en,Unknown,5,3,0,13110448.0,16.388920103818553
40000000.0,17.50439003707821,106.0,2001.0,11.0,en,Unknown,5,2,0,91753202.0,18.334612954371355
92000000.0,18.33729914588288,126.0,2001.0,11.0,en,Unknown,5,5,8,143049560.0,18.778701708598643
24000000.0,16.993564429978885,89.0,2001.0,11.0,en,Unknown,5,4,0,14782676.0,16.508966580222893
6000000.0,15.607270193858982,95.0,2001.0,11.0,en,Unknown,5,1,0,2025238.0,14.521198276249768
1000000.0,13.815511557963774,107.0,2001.0,11.0,en,Unknown,5,1,1,2402459.0,14.692003770364362
85000000.0,18.258161826219297,116.0,2001.0,12.0,en,Unknown,5,5,4,450717150.0,19.926350541074843
28.0,3.367295829986474,93.0,2001.0,12.0,en,Unknown,5,5,1,14.0,2.70805020110221
16000000.0,16.588099342704055,89.0,2001.0,12.0,en,Unknown,5,3,0,66468332.0,18.01223619672028
68000000.0,18.035018277846262,136.0,2001.0,12.0,en,Unknown,5,3,2,203388341.0,19.130627724301913
107000000.0,18.488339401771974,157.0,2001.0,12.0,en,Unknown,5,1,5,87713825.0,18.289590096000023
60000000.0,17.909855136853043,135.0,2001.0,12.0,en,Unknown,5,3,7,313542341.0,19.563444971118127
35866397.0,17.395311426289474,98.0,2001.0,12.0,fr,Unknown,2,5,0,20217080.0,16.822038399117595
93000000.0,18.34811006187022,178.0,2001.0,12.0,en,Unknown,5,3,3,871368364.0,20.585575367339324
12000000.0,16.300417291085605,93.0,2001.0,12.0,en,Unknown,5,3,0,31155435.0,17.25449929840595
72000000.0,18.09217669086922,152.0,2001.0,12.0,en,Unknown,5,4,2,37317558.0,17.43497452451595
25000000.0,17.034386422832473,83.0,2001.0,12.0,en,Unknown,5,3,0,80936232.0,18.20917215568155
92000000.0,18.33729914588288,144.0,2001.0,12.0,en,Unknown,5,3,11,172989651.0,18.968742335644162
22000000.0,16.906553056777135,132.0,2001.0,12.0,en,Unknown,5,1,0,92542418.0,18.34317768114903
18000000.0,16.705882371415992,103.0,2002.0,1.0,en,Unknown,5,3,0,676698.0,13.42498184445951
200000.0,12.206077645517674,95.0,2002.0,1.0,sr,Unknown,5,1,0,286000.0,12.563750586299374
55000000.0,17.822843761378564,96.0,2002.0,1.0,en,Unknown,5,1,1,6416302.0,15.674352653099175
1000000.0,13.815511557963774,92.0,2002.0,1.0,en,Unknown,5,0,0,464000.0,13.047641986378483
4000000.0,15.201805169084134,104.0,2002.0,1.0,en,Unknown,5,2,0,9304609.0,16.046020534230088
8000000.0,15.894952224644102,93.0,2002.0,1.0,en,Unknown,5,3,0,16856124.0,16.640224650195666
500000.0,13.122365377402328,93.0,2002.0,1.0,en,Unknown,5,2,0,150277.0,11.92024219110853
6500000.0,15.687312888712007,105.0,2002.0,1.0,en,Unknown,5,3,1,12633747.0,16.35188220406487
40000.0,10.596659732783579,93.0,2002.0,1.0,en,Unknown,5,3,0,1434436.0,14.176282995697772
35000000.0,17.370858648025116,131.0,2002.0,1.0,en,Unknown,5,4,4,75395048.0,18.138252167692293
11000000.0,16.213405921671733,101.0,2002.0,1.0,en,Unknown,5,4,1,41227069.0,17.534605637399192
32000000.0,17.281246492014,119.0,2002.0,1.0,en,Unknown,5,1,0,55157539.0,17.82570401236043
14000000.0,16.454567959008102,86.0,2002.0,2.0,en,Unknown,5,2,0,6413915.0,15.673980562797748
1934000.0,14.475101472058325,172.0,2002.0,2.0,en,Unknown,5,1,0,3786801.0,15.14703242138715
3300000.0,15.009433329466965,130.0,2002.0,2.0,pt,Unknown,5,5,0,30641770.0,17.23787470142739
85000000.0,18.258161826219297,108.0,2002.0,2.0,en,Unknown,5,4,6,78382433.0,18.177110404093863
15000000.0,16.52356082573315,88.0,2002.0,2.0,en,Unknown,5,1,0,52970014.0,17.78523655669983
35000000.0,17.370858648025116,101.0,2002.0,2.0,en,Unknown,5,5,1,45479110.0,17.632763679601915
20000000.0,16.811242881518265,72.0,2002.0,2.0,en,Unknown,5,5,0,109862682.0,18.51474180757216
12000000.0,16.300417291085605,93.0,2002.0,2.0,en,Unknown,5,2,2,61141030.0,17.928693737222304
70000000.0,18.064005814299346,125.0,2002.0,2.0,en,Unknown,5,4,2,32287044.0,17.290176624146017
36000000.0,17.399029524198163,116.0,2002.0,2.0,en,Unknown,5,3,0,102244770.0,18.44288021221522
60000000.0,17.909855136853043,104.0,2002.0,2.0,en,Unknown,5,5,4,52322400.0,17.772935154733055
5000000.0,15.424948670398354,95.0,2002.0,2.0,en,Unknown,5,5,0,368744044.0,19.725613316335362
75000000.0,18.132998684833918,138.0,2002.0,3.0,en,Unknown,5,3,0,114660784.0,18.55748863174935
80000000.0,18.197537205138154,96.0,2002.0,3.0,en,Unknown,5,2,0,123729176.0,18.633605678587983
14000000.0,16.454567959008102,95.0,2002.0,3.0,en,Unknown,5,1,0,25482931.0,17.05351945269176
59000000.0,17.893048018819147,81.0,2002.0,3.0,en,Unknown,5,3,0,383257136.0,19.764216697852003
9285469.0,16.043961370766237,112.0,2002.0,3.0,es,Unknown,5,4,2,51001550.0,17.747366601990876
85000000.0,18.258161826219297,95.0,2002.0,3.0,en,Unknown,5,5,1,77741732.0,18.16890277539612
33000000.0,17.312018149733785,100.0,2002.0,3.0,en,Unknown,5,4,3,102984862.0,18.45009257422901
26000000.0,17.073607134447293,94.0,2002.0,3.0,en,Unknown,5,3,2,38793283.0,17.47375769682771
26000000.0,17.073607134447293,94.0,2002.0,3.0,en,Unknown,5,3,3,38793283.0,17.47375769682771
26000000.0,17.073607134447293,94.0,2002.0,3.0,en,Unknown,5,3,4,38793283.0,17.47375769682771
26000000.0,17.073607134447293,94.0,2002.0,3.0,en,Unknown,5,3,5,38793283.0,17.47375769682771
54000000.0,17.804494623047066,117.0,2002.0,3.0,en,Unknown,5,5,2,155010032.0,18.859000401820946
20000000.0,16.811242881518265,127.0,2002.0,3.0,en,Unknown,5,3,0,75597042.0,18.140927726628185
4000000.0,15.201805169084134,121.0,2002.0,3.0,ko,Unknown,5,2,0,1954937.0,14.48586903734373
5000000.0,15.424948670398354,92.0,2002.0,3.0,en,Unknown,5,2,0,38275483.0,17.46032014475792
48000000.0,17.6867115897055,111.0,2002.0,3.0,en,Unknown,5,2,4,196397415.0,19.095650796975278
12000000.0,16.300417291085605,102.0,2002.0,4.0,en,Unknown,5,1,0,75781642.0,18.143366644502066
42000000.0,17.553180200057167,115.0,2002.0,4.0,en,Unknown,5,5,1,63781810.0,17.970978613624098
40000000.0,17.50439003707821,85.0,2002.0,4.0,en,Unknown,5,1,5,8493890.0,15.954857757185307
45000000.0,17.622173069956816,89.0,2002.0,4.0,en,Unknown,5,1,1,94935764.0,18.36871106297223
3500159.0,15.06831923970049,112.0,2002.0,4.0,en,Unknown,5,4,0,76578641.0,18.15382877076661
43000000.0,17.57671069691365,84.0,2002.0,4.0,en,Unknown,5,1,1,68696770.0,18.04521275463237
1500000.0,14.220976332738882,156.0,2002.0,4.0,hi,Unknown,5,1,1,6000000.0,15.607270193858982
60000000.0,17.909855136853043,92.0,2002.0,4.0,en,Unknown,5,4,4,165333180.0,18.923473274649698
50000000.0,17.72753358339242,120.0,2002.0,4.0,en,Unknown,5,3,2,56714147.0,17.853534261381615
40000000.0,17.50439003707821,103.0,2002.0,4.0,en,Unknown,5,5,7,16872671.0,16.64120582965057
27000000.0,17.11134746100564,101.0,2002.0,4.0,en,Unknown,5,1,1,129000000.0,18.675322970077882
139000000.0,18.749984498289212,121.0,2002.0,5.0,en,Unknown,5,2,5,821708551.0,20.526896330538627
1300000.0,14.077875591662238,97.0,2002.0,5.0,ru,Unknown,5,2,0,809000.0,13.603555432133808
350000.0,12.765691290604371,151.0,2002.0,5.0,hi,Unknown,5,2,0,6100000.0,15.623799493077952
50000000.0,17.72753358339242,124.0,2002.0,5.0,en,Unknown,5,4,6,119137784.0,18.59579123841905
120000000.0,18.603002309079653,142.0,2002.0,5.0,en,Unknown,5,1,4,649398328.0,20.291556844485267
800000.0,13.592368256649284,88.0,2002.0,5.0,en,Unknown,5,0,0,2816116.0,14.850869543692419
5300000.0,15.483217567201578,122.0,2002.0,5.0,fr,Unknown,5,1,0,3897799.0,15.17592284937006
38000000.0,17.453096744006448,114.0,2002.0,5.0,en,Unknown,5,1,4,51801187.0,17.762923641329657
80000000.0,18.197537205138154,83.0,2002.0,5.0,en,Unknown,5,2,0,122563539.0,18.624140147351437
46000000.0,17.6441519761925,118.0,2002.0,5.0,en,Unknown,5,3,2,113714830.0,18.549204389967976
25000000.0,17.034386422832473,86.0,2002.0,5.0,en,Unknown,5,1,1,41604473.0,17.543718267525534
68000000.0,18.035018277846262,124.0,2002.0,5.0,en,Unknown,5,5,0,193000000.0,19.078200752050506
70000000.0,18.064005814299346,116.0,2002.0,6.0,en,Unknown,5,3,9,65977295.0,18.004821240809125
3000000.0,14.914123179965662,155.0,2002.0,6.0,hi,Unknown,5,0,0,6000000.0,15.607270193858982
60000000.0,17.909855136853043,119.0,2002.0,6.0,en,Unknown,5,5,2,214034224.0,19.181646490105244
84000000.0,18.24632736871235,88.0,2002.0,6.0,en,Unknown,5,3,3,275650703.0,19.434645056960065
115000000.0,18.560442695023177,134.0,2002.0,6.0,en,Unknown,5,2,4,77628265.0,18.1674421714069
102000000.0,18.440483381052466,145.0,2002.0,6.0,en,Unknown,5,5,19,358372926.0,19.69708469770741
80000000.0,18.197537205138154,85.0,2002.0,6.0,en,Unknown,5,2,0,145771527.0,18.79755107726184
250000.0,12.429220196836383,101.0,2002.0,6.0,en,Unknown,5,4,0,144008.0,11.877631076605095
50000000.0,17.72753358339242,96.0,2002.0,6.0,en,Unknown,5,4,0,171269535.0,18.95874910743223
13000000.0,16.380459992348886,94.0,2002.0,7.0,en,Unknown,5,1,1,37664855.0,17.444238016056605
140000000.0,18.757152987716434,88.0,2002.0,7.0,en,Unknown,5,4,6,441818803.0,19.906410410289904
10000000.0,16.118095750958314,77.0,2002.0,7.0,en,Unknown,5,3,0,11411644.0,16.250144883225648
60000000.0,17.909855136853043,101.0,2002.0,7.0,en,Unknown,5,5,2,43061982.0,17.578151100860566
80000000.0,18.197537205138154,117.0,2002.0,7.0,en,Unknown,5,3,1,181001478.0,19.014015760467434
120000000.0,18.603002309079653,78.0,2002.0,7.0,en,Unknown,5,2,1,169956806.0,18.95105488626105
100000000.0,18.420680753952364,138.0,2002.0,7.0,en,Unknown,5,5,3,35168966.0,17.375674632395267
63000000.0,17.958645300228824,94.0,2002.0,7.0,en,Unknown,5,5,4,296655431.0,19.508081861642356
3000000.0,14.914123179965662,113.0,2002.0,8.0,en,Unknown,1,0,0,19184015.0,16.76958799027744
5000000.0,15.424948670398354,113.0,2002.0,8.0,ru,Unknown,5,0,0,340312.0,12.73762106134617
72000000.0,18.09217669086922,106.0,2002.0,8.0,en,Unknown,5,3,2,408247917.0,19.827385189985556
2000000.0,14.508658238524095,96.0,2002.0,8.0,en,Unknown,5,3,5,2506446.0,14.734376770439196
50000000.0,17.72753358339242,110.0,2002.0,8.0,en,Unknown,5,2,14,26199517.0,17.081251571615535
38000000.0,17.453096744006448,100.0,2002.0,8.0,en,Unknown,5,1,5,119723358.0,18.600694297688488
25000000.0,17.034386422832473,104.0,2002.0,8.0,en,Unknown,5,4,1,51842679.0,17.763724306202885
70000000.0,18.064005814299346,124.0,2002.0,8.0,en,Unknown,5,3,5,277448382.0,19.44114546664207
40000000.0,17.50439003707821,101.0,2002.0,8.0,en,Unknown,5,5,1,18902015.0,16.754779141008054
100000000.0,18.420680753952364,95.0,2002.0,8.0,en,Unknown,5,4,2,7103973.0,15.776164903737536
29000000.0,17.182806422433504,100.0,2002.0,8.0,en,Unknown,5,1,3,16930185.0,16.644608740463617
12000000.0,16.300417291085605,96.0,2002.0,8.0,en,Unknown,5,2,0,52223306.0,17.771039447456843
20000000.0,16.811242881518265,96.0,2002.0,8.0,en,Unknown,5,2,12,12398628.0,16.33309645994643
12000000.0,16.300417291085605,123.0,2002.0,8.0,en,Unknown,5,4,0,56298474.0,17.846178005709312
1300000.0,14.077875591662238,97.0,2002.0,8.0,en,Unknown,5,4,0,447741.0,13.011972452649996
13500000.0,16.41820031748273,107.0,2002.0,9.0,en,Unknown,5,1,1,29027914.0,17.18376851116863
3000000.0,14.914123179965662,89.0,2002.0,9.0,en,Unknown,0,4,1,13308.0,9.496195777086555
8500000.0,15.955576839107596,84.0,2002.0,9.0,en,Unknown,5,5,0,34411240.0,17.35389384222069
40000000.0,17.50439003707821,108.0,2002.0,9.0,en,Unknown,5,5,2,22433915.0,16.926084478863633
35000000.0,17.370858648025116,132.0,2002.0,9.0,en,Unknown,5,5,1,29882645.0,17.212788468525066
13000000.0,16.380459992348886,81.0,2002.0,9.0,en,Unknown,5,1,10,97837138.0,18.398814807296677
21000000.0,16.860033043306743,117.0,2002.0,9.0,en,Unknown,5,5,2,10011050.0,16.11920014078481
9000000.0,16.012735246411598,97.0,2002.0,9.0,en,Unknown,5,1,0,4777465.0,15.37942083837841
7500000.0,15.830413711839864,102.0,2002.0,9.0,en,Unknown,5,0,0,4245870.0,15.261457539248248
30000000.0,17.216707972959764,106.0,2002.0,9.0,en,Unknown,5,3,3,6916869.0,15.749473913131132
70000000.0,18.064005814299346,91.0,2002.0,9.0,en,Unknown,5,5,0,19924033.0,16.807437299658496
35000000.0,17.370858648025116,150.0,2002.0,9.0,en,Unknown,5,5,6,120072577.0,18.603606934585102
30000000.0,17.216707972959764,108.0,2002.0,9.0,en,Unknown,5,1,1,180622424.0,19.01191936067399
4000000.0,15.201805169084134,113.0,2002.0,9.0,es,Unknown,5,5,0,146402.0,11.894118372102673
78000000.0,18.17221939747438,124.0,2002.0,9.0,en,Unknown,5,2,2,209196298.0,19.158783598793963
20000000.0,16.811242881518265,94.0,2002.0,10.0,en,Unknown,5,2,0,8586376.0,15.965687435491247
21000000.0,16.860033043306743,92.0,2002.0,10.0,en,Unknown,5,4,0,43928932.0,17.59808372701597
25000000.0,17.034386422832473,102.0,2002.0,10.0,en,Unknown,5,3,1,10113733.0,16.129404860098237
8000000.0,15.894952224644102,109.0,2002.0,10.0,en,Unknown,5,0,1,27362712.0,17.124691805159387
4000000.0,15.201805169084134,120.0,2002.0,10.0,en,Unknown,5,5,2,35564473.0,17.38685777621893
10000000.0,16.118095750958314,89.0,2002.0,10.0,en,Unknown,5,3,2,598645.0,13.302425717422175
15000000.0,16.52356082573315,90.0,2002.0,10.0,en,Unknown,5,1,0,19158074.0,16.768234855730967
25000000.0,17.034386422832473,99.0,2002.0,10.0,en,Unknown,5,3,0,10719357.0,16.187561823753867
48000000.0,17.6867115897055,115.0,2002.0,10.0,en,Unknown,5,3,2,249348933.0,19.334363814831967
7000000.0,15.76142084987672,104.0,2002.0,10.0,en,Unknown,5,3,3,2062066.0,14.539219435756674
5000000.0,15.424948670398354,87.0,2002.0,10.0,en,Unknown,5,4,0,64282312.0,17.978795081384714
25000000.0,17.034386422832473,95.0,2002.0,10.0,en,Unknown,5,3,3,17000000.0,16.648723960844016
35000000.0,17.370858648025116,91.0,2002.0,10.0,en,Unknown,5,5,0,68349884.0,18.040150438616358
65000000.0,17.989897843244528,104.0,2002.0,10.0,en,Unknown,5,3,0,172855065.0,18.967964032551535
5000000.0,15.424948670398354,113.0,2002.0,10.0,en,Unknown,5,2,2,82719885.0,18.23097059058031
70000000.0,18.064005814299346,97.0,2002.0,10.0,en,Unknown,5,1,2,33561137.0,17.32887934840434
150000.0,11.918397239722838,78.0,2002.0,11.0,en,Unknown,5,4,0,2891288.0,14.877212981412168
5000000.0,15.424948670398354,129.0,2002.0,11.0,ja,Unknown,5,1,0,7338987.0,15.808711516425713
35000000.0,17.370858648025116,114.0,2002.0,11.0,en,Unknown,5,2,15,16838910.0,16.63920289722899
3.0,1.3862943611198906,101.0,2002.0,11.0,pt,Unknown,5,1,0,3.0,1.3862943611198906
41000000.0,17.529082649058825,110.0,2002.0,11.0,en,Unknown,5,2,3,215000000.0,19.186148590743098
100000000.0,18.420680753952364,161.0,2002.0,11.0,en,Unknown,5,3,5,876688482.0,20.591662279709666
140000000.0,18.757152987716434,133.0,2002.0,11.0,en,Unknown,5,1,1,431971116.0,19.88386928517694
30000000.0,17.216707972959764,101.0,2002.0,11.0,en,Unknown,5,3,6,27674124.0,17.136008419076312
20000000.0,16.811242881518265,85.0,2002.0,11.0,en,Unknown,5,1,0,33526835.0,17.327856750733133
140000000.0,18.757152987716434,95.0,2002.0,11.0,en,Unknown,5,2,4,109578115.0,18.51214824100833
47000000.0,17.665658180950928,99.0,2002.0,11.0,en,Unknown,5,2,6,30002758.0,17.216799902064423
40000000.0,17.50439003707821,93.0,2002.0,11.0,en,Unknown,5,3,2,10959475.0,16.209715028122222
500000.0,13.122365377402328,157.0,2002.0,12.0,en,Unknown,5,1,0,500000.0,13.122365377402328
19000000.0,16.759949589762293,114.0,2002.0,12.0,en,Unknown,5,5,1,32801173.0,17.305974865396756
20000000.0,16.811242881518265,107.0,2002.0,12.0,en,Unknown,5,2,0,5359645.0,15.494408486089814
60000000.0,17.909855136853043,96.0,2002.0,12.0,en,Unknown,5,5,6,55003135.0,17.82290075975309
2500000.0,14.731801689838349,104.0,2002.0,12.0,ru,Unknown,4,0,3,57862.0,10.96583342647739
4000000.0,15.201805169084134,90.0,2002.0,12.0,en,Unknown,5,1,0,18591272.0,16.73820283502931
55000000.0,17.822843761378564,105.0,2002.0,12.0,en,Unknown,5,1,3,154906693.0,18.85833351943076
60000000.0,17.909855136853043,117.0,2002.0,12.0,en,Unknown,5,1,2,67312826.0,18.024861370807802
30000000.0,17.216707972959764,125.0,2002.0,12.0,en,Unknown,5,2,1,105834556.0,18.477387649766793
20000000.0,16.811242881518265,118.0,2002.0,12.0,en,Unknown,5,1,0,57588485.0,17.86883320985095
100000000.0,18.420680753952364,167.0,2002.0,12.0,en,Unknown,5,3,11,193772504.0,19.08219537429099
15000000.0,16.52356082573315,118.0,2002.0,12.0,en,Unknown,5,5,3,9237470.0,16.038778704856128
15000000.0,16.52356082573315,135.0,2002.0,12.0,en,Unknown,5,2,8,13060843.0,16.38512930453304
79000000.0,18.184958423089522,179.0,2002.0,12.0,en,Unknown,5,3,4,926287400.0,20.64669511270673
12500000.0,16.341239282272525,120.0,2002.0,12.0,en,Unknown,5,2,0,23367586.0,16.966860449151664
60000000.0,17.909855136853043,101.0,2002.0,12.0,en,Unknown,5,4,0,93354918.0,18.351919120725473
31000000.0,17.249497794707484,99.0,2002.0,12.0,zh,Unknown,5,2,1,177394432.0,18.993886246287605
52000000.0,17.76675429577647,141.0,2002.0,12.0,en,Unknown,5,3,20,352114312.0,19.67946643368249
40000000.0,17.50439003707821,108.0,2002.0,12.0,it,Unknown,5,3,1,41323171.0,17.536933965968235
45000000.0,17.622173069956816,113.0,2002.0,12.0,en,Unknown,5,3,0,306776732.0,19.54163078690228
25000000.0,17.034386422832473,114.0,2002.0,12.0,en,Unknown,5,3,1,41597830.0,17.54355858444911
30000000.0,17.216707972959764,113.0,2002.0,12.0,en,Unknown,5,3,0,33013805.0,17.312436395577453
30000000.0,17.216707972959764,113.0,2002.0,12.0,en,Unknown,5,3,1,33013805.0,17.312436395577453
30000000.0,17.216707972959764,113.0,2002.0,12.0,en,Unknown,5,3,2,33013805.0,17.312436395577453
30000000.0,17.216707972959764,113.0,2002.0,12.0,en,Unknown,5,3,3,33013805.0,17.312436395577453
3000000.0,14.914123179965662,120.0,2003.0,1.0,ko,Unknown,5,2,1,14980005.0,16.522226936587312
2500000.0,14.731801689838349,112.0,2003.0,1.0,en,Unknown,5,0,2,1062253.0,13.875903623561872
18000000.0,16.705882371415992,95.0,2003.0,1.0,en,Unknown,5,3,1,101564935.0,18.436208915431457
20000000.0,16.811242881518265,101.0,2003.0,1.0,en,Unknown,5,2,0,17432163.0,16.673827563547654
800000.0,13.592368256649284,94.0,2003.0,1.0,en,Unknown,5,0,0,62852.0,11.048553945576122
300000.0,12.611541086966115,112.0,2003.0,1.0,en,Unknown,1,2,0,7808524.0,15.87072664354415
500000.0,13.122365377402328,88.0,2003.0,1.0,en,Unknown,5,2,0,8679814.0,15.976510773045344
14500000.0,16.489659276356317,82.0,2003.0,1.0,fr,Unknown,5,1,0,65497208.0,17.997518089010597
8000000.0,15.894952224644102,101.0,2003.0,1.0,en,Unknown,5,1,0,41400000.0,17.538791462950133
24000000.0,16.993564429978885,110.0,2003.0,1.0,en,Unknown,5,1,0,23510601.0,16.972962026313475
26000000.0,17.073607134447293,90.0,2003.0,1.0,en,Unknown,5,2,0,90426405.0,18.3200468844789
50000000.0,17.72753358339242,115.0,2003.0,2.0,en,Unknown,5,5,0,88323487.0,18.296516632466865
20000000.0,16.811242881518265,72.0,2003.0,2.0,en,Unknown,5,4,0,135680000.0,18.72580973737815
50000000.0,17.72753358339242,116.0,2003.0,2.0,en,Unknown,5,1,2,177371441.0,18.993756634046676
4800000.0,15.38412668421143,121.0,2003.0,2.0,de,Unknown,5,3,0,79384880.0,18.18981849246888
78000000.0,18.17221939747438,103.0,2003.0,2.0,en,Unknown,5,5,1,179179718.0,19.003899876877092
56000000.0,17.840862266556567,214.0,2003.0,2.0,en,Unknown,5,3,0,12923936.0,16.374591731262836
50000000.0,17.72753358339242,130.0,2003.0,2.0,en,Unknown,5,5,7,38955598.0,17.4779330683456
24000000.0,16.993564429978885,91.0,2003.0,2.0,en,Unknown,5,2,1,87055349.0,18.2820546812216
25000000.0,17.034386422832473,101.0,2003.0,2.0,en,Unknown,5,2,2,56489558.0,17.84956638257952
20000000.0,16.811242881518265,105.0,2003.0,3.0,en,Unknown,5,2,2,132675402.0,18.703416124171266
70000000.0,18.064005814299346,121.0,2003.0,3.0,en,Unknown,5,4,2,85632458.0,18.265574963161356
55000000.0,17.822843761378564,94.0,2003.0,3.0,en,Unknown,5,2,5,34234008.0,17.34873012313425
28000000.0,17.147715103853763,102.0,2003.0,3.0,en,Unknown,5,5,0,58795814.0,17.889581236866515
7500000.0,15.830413711839864,100.0,2003.0,3.0,en,Unknown,5,4,0,209151.0,12.250816539339565
68000000.0,18.035018277846262,136.0,2003.0,3.0,en,Unknown,5,5,1,75715436.0,18.1424926209999
60000000.0,17.909855136853043,136.0,2003.0,3.0,en,Unknown,5,5,2,74208267.0,18.122386130501337
36000000.0,17.399029524198163,109.0,2003.0,4.0,en,Unknown,5,4,3,44350926.0,17.607644168417995
40000000.0,17.50439003707821,88.0,2003.0,4.0,en,Unknown,5,2,2,160583018.0,18.894321619141916
400000.0,12.899222326086994,96.0,2003.0,4.0,en,Unknown,5,0,0,7888102.0,15.880866232988687
13000000.0,16.380459992348886,92.0,2003.0,4.0,en,Unknown,5,3,6,17040871.0,16.651125251765034
75000000.0,18.132998684833918,106.0,2003.0,4.0,en,Unknown,5,3,2,195745823.0,19.092327559274295
7000000.0,15.76142084987672,89.0,2003.0,4.0,en,Unknown,5,2,0,16829545.0,16.6386465901644
7000000.0,15.76142084987672,90.0,2003.0,4.0,en,Unknown,5,4,0,13818181.0,16.441495819170076
6000000.0,15.607270193858982,91.0,2003.0,4.0,en,Unknown,5,1,1,18750246.0,16.74671748362726
50000000.0,17.72753358339242,98.0,2003.0,4.0,en,Unknown,5,2,7,42792561.0,17.571874860402925
110000000.0,18.5159909328476,133.0,2003.0,4.0,en,Unknown,5,5,2,407711549.0,19.826070497042362
30000000.0,17.216707972959764,90.0,2003.0,4.0,en,Unknown,5,2,1,90259536.0,18.318199822724445
17000000.0,16.648723960844016,94.0,2003.0,4.0,en,Unknown,5,2,1,55534455.0,17.832514214911
18000000.0,16.705882371415992,113.0,2003.0,4.0,en,Unknown,5,4,1,58878723.0,17.89099036095442
60000000.0,17.909855136853043,92.0,2003.0,5.0,en,Unknown,5,3,2,164433867.0,18.91801902910162
1.0,0.6931471805599453,140.0,2003.0,5.0,ta,Unknown,5,0,0,3.0,1.3862943611198906
35000000.0,17.370858648025116,101.0,2003.0,5.0,en,Unknown,5,5,1,20298207.0,16.826043164253402
2000000.0,14.508658238524095,89.0,2003.0,5.0,it,Unknown,3,1,0,33700.0,10.425282789490705
150000000.0,18.826145858727198,138.0,2003.0,5.0,en,Unknown,5,5,0,738599701.0,20.42026665691664
3000000.0,14.914123179965662,81.0,2003.0,5.0,en,Unknown,5,2,5,10012022.0,16.11929722877447
7800000.0,15.86963441986494,102.0,2003.0,5.0,en,Unknown,5,5,0,22441323.0,16.926414638660763
10000000.0,16.118095750958314,178.0,2003.0,5.0,da,Unknown,5,5,2,16680836.0,16.629771133492024
8000000.0,15.894952224644102,99.0,2003.0,5.0,fr,Unknown,5,5,0,3432342.0,15.04875367632109
80000000.0,18.197537205138154,101.0,2003.0,5.0,en,Unknown,5,4,5,484572835.0,19.99877831029767
10000000.0,16.118095750958314,127.0,2003.0,5.0,en,Unknown,5,0,0,25800.0,10.158168529848494
12600000.0,16.349207451286784,84.0,2003.0,5.0,en,Unknown,5,5,0,28650575.0,17.17068410563497
94000000.0,18.358805350872576,100.0,2003.0,5.0,en,Unknown,5,1,0,940335536.0,20.661747323790628
60000000.0,17.909855136853043,110.0,2003.0,5.0,en,Unknown,5,2,4,176070171.0,18.986393178086345
76000000.0,18.1462439114085,107.0,2003.0,6.0,en,Unknown,5,4,5,236350661.0,19.28082711613042
4361898.0,15.288418070959365,92.0,2003.0,6.0,en,Unknown,5,1,0,3031801.0,14.924667720181958
75000000.0,18.132998684833918,116.0,2003.0,6.0,en,Unknown,5,2,4,51142659.0,17.75012954055363
8000000.0,15.894952224644102,80.0,2003.0,6.0,fr,Unknown,5,3,0,1477676.0,14.205981818041623
19000000.0,16.759949589762293,85.0,2003.0,6.0,en,Unknown,5,1,0,39267515.0,17.485908170160883
30000000.0,17.216707972959764,96.0,2003.0,6.0,en,Unknown,5,4,8,15368897.0,16.547856414831138
137000000.0,18.73549149109167,138.0,2003.0,6.0,en,Unknown,5,4,6,245360480.0,19.318239038153088
12000000.0,16.300417291085605,90.0,2003.0,6.0,en,Unknown,5,1,2,4922166.0,15.409259438654587
120000000.0,18.603002309079653,106.0,2003.0,6.0,en,Unknown,5,4,1,259175788.0,19.373017111443918
200000000.0,19.11382792951231,109.0,2003.0,7.0,en,Unknown,5,5,2,435000000.0,19.89085659135181
60000000.0,17.909855136853043,86.0,2003.0,7.0,en,Unknown,5,1,0,26288320.0,17.08463533007934
45000000.0,17.622173069956816,95.0,2003.0,7.0,en,Unknown,5,3,1,124914842.0,18.64314280710626
140000000.0,18.757152987716434,143.0,2003.0,7.0,en,Unknown,5,2,3,655011224.0,20.30016293085726
850000.0,13.652992804936396,107.0,2003.0,7.0,en,Unknown,5,1,0,819939.0,13.61698644583162
17000000.0,16.648723960844016,98.0,2003.0,7.0,en,Unknown,5,2,11,1569918.0,14.266534583636872
78000000.0,18.17221939747438,110.0,2003.0,7.0,en,Unknown,5,5,1,179265204.0,19.004376859508994
130000000.0,18.683045016112164,147.0,2003.0,7.0,en,Unknown,5,2,4,273339556.0,19.426225378807437
95000000.0,18.36938746009113,117.0,2003.0,7.0,en,Unknown,5,5,4,156505388.0,18.86860100185642
87000000.0,18.28141868811311,141.0,2003.0,7.0,en,Unknown,5,5,0,148336445.0,18.8149935355119
38000000.0,17.453096744006448,84.0,2003.0,7.0,en,Unknown,5,1,6,197011982.0,19.098775112263517
55000000.0,17.822843761378564,103.0,2003.0,8.0,en,Unknown,5,4,1,231449203.0,19.25987098624791
54000000.0,17.804494623047066,121.0,2003.0,8.0,en,Unknown,5,3,4,7266209.0,15.798745393079741
700000.0,13.45883704259595,110.0,2003.0,8.0,ru,Unknown,5,2,0,1600000.0,14.285514812209815
26000000.0,17.073607134447293,97.0,2003.0,8.0,en,Unknown,5,3,2,110230332.0,18.51808267089112
17000000.0,16.648723960844016,104.0,2003.0,8.0,en,Unknown,5,4,1,63102666.0,17.960273592862308
80000000.0,18.197537205138154,117.0,2003.0,8.0,en,Unknown,5,5,0,116643346.0,18.57463152094324
30000000.0,17.216707972959764,97.0,2003.0,8.0,en,Unknown,5,5,2,114908830.0,18.55964959800306
1500000.0,14.220976332738882,93.0,2003.0,8.0,en,Unknown,5,5,0,30553394.0,17.234986366703712
20000000.0,16.811242881518265,92.0,2003.0,8.0,en,Unknown,5,2,1,37095657.0,17.429010485688096
1.0,0.6931471805599453,132.0,2003.0,8.0,hi,Unknown,5,1,0,2.0,1.0986122886681098
2000000.0,14.508658238524095,100.0,2003.0,8.0,en,Unknown,5,4,0,4601043.0,15.341793792230327
20000000.0,16.811242881518265,84.0,2003.0,8.0,en,Unknown,5,1,6,1675706.0,14.331745723738806
5000000.0,15.424948670398354,105.0,2003.0,8.0,en,Unknown,5,5,0,4856298.0,15.39578718313728
22000000.0,16.906553056777135,139.0,2003.0,8.0,en,Unknown,5,4,2,68296293.0,18.039366062453922
4000000.0,15.201805169084134,102.0,2003.0,8.0,en,Unknown,5,1,1,119723856.0,18.60069845726911
15000000.0,16.52356082573315,115.0,2003.0,9.0,en,Unknown,5,3,4,15121165.0,16.53160604214446
62000000.0,17.9426449591384,116.0,2003.0,9.0,en,Unknown,5,5,12,65565672.0,17.998562839517874
60000000.0,17.909855136853043,100.0,2003.0,9.0,en,Unknown,5,4,6,119940815.0,18.602508979083197
10000000.0,16.118095750958314,108.0,2003.0,9.0,en,Unknown,5,2,1,96542059.0,18.385489326274328
35000000.0,17.370858648025116,102.0,2003.0,9.0,en,Unknown,5,3,2,11560806.0,16.263131228460505
5000000.0,15.424948670398354,98.0,2003.0,9.0,en,Unknown,5,1,0,742898.0,13.518315379062804
20000000.0,16.811242881518265,124.0,2003.0,9.0,en,Unknown,5,3,1,60427839.0,17.916960483863072
40000000.0,17.50439003707821,135.0,2003.0,9.0,en,Unknown,5,4,0,244931766.0,19.31649022767929
12000000.0,16.300417291085605,119.0,2003.0,9.0,en,Unknown,5,2,1,23.0,3.1780538303479458
15000000.0,16.52356082573315,112.0,2003.0,9.0,en,Unknown,5,1,6,2281585.0,14.640381373138407
10000000.0,16.118095750958314,125.0,2003.0,9.0,en,Unknown,5,3,0,4069090.0,15.218930190951005
29000000.0,17.182806422433504,102.0,2003.0,9.0,en,Unknown,5,3,7,98185582.0,18.402369949919375
2000000.0,14.508658238524095,120.0,2003.0,9.0,en,Unknown,2,0,0,1672730.0,14.32996817803923
15000000.0,16.52356082573315,122.0,2003.0,9.0,en,Unknown,5,1,3,30238577.0,17.22462908436043
22000000.0,16.906553056777135,121.0,2003.0,9.0,en,Unknown,5,5,0,95708457.0,18.376817232873147
6400000.0,15.671808704579888,93.0,2003.0,9.0,en,Unknown,5,1,0,2500000.0,14.731801689838349
85000000.0,18.258161826219297,104.0,2003.0,9.0,en,Unknown,5,5,1,80916492.0,18.208928230224306
40000000.0,17.50439003707821,89.0,2003.0,9.0,en,Unknown,5,2,2,19322135.0,16.77676193964366
35000000.0,17.370858648025116,108.0,2003.0,10.0,en,Unknown,5,5,4,131282949.0,18.692865475547876
50000000.0,17.72753358339242,105.0,2003.0,10.0,en,Unknown,5,3,2,55495563.0,17.831813647594327
8256269.0,15.926483469657105,97.0,2003.0,10.0,en,Unknown,5,5,0,460978.0,13.041107767795873
25000000.0,17.034386422832473,138.0,2003.0,10.0,en,Unknown,5,4,15,156822020.0,18.87062209607082
60000000.0,17.909855136853043,127.0,2003.0,10.0,en,Unknown,5,3,3,80154140.0,18.199462101312164
32000000.0,17.281246492014,97.0,2003.0,10.0,en,Unknown,5,3,1,173398518.0,18.97110308132845
30000000.0,17.216707972959764,111.0,2003.0,10.0,en,Unknown,5,3,3,180949000.0,19.013725787096668
9500000.0,16.066802461833923,98.0,2003.0,10.0,en,Unknown,5,5,0,107071655.0,18.48900885053208
7000000.0,15.76142084987672,109.0,2003.0,10.0,en,Unknown,5,1,0,10000000.0,16.118095750958314
218.0,5.389071729816501,91.0,2003.0,10.0,en,Unknown,5,0,0,1162014.0,13.965666125088646
5000000.0,15.424948670398354,104.0,2003.0,10.0,en,Unknown,5,1,0,2466444.0,14.718288400603335
32000000.0,17.281246492014,109.0,2003.0,10.0,en,Unknown,5,2,1,52277485.0,17.77207635834142
48000000.0,17.6867115897055,84.0,2003.0,10.0,en,Unknown,5,2,2,220673217.0,19.21219351361422
150000000.0,18.826145858727198,129.0,2003.0,11.0,en,Unknown,5,4,1,424988211.0,19.86757199003344
150000000.0,18.826145858727198,138.0,2003.0,11.0,en,Unknown,5,4,6,212011111.0,19.172149246357
80000000.0,18.197537205138154,90.0,2003.0,11.0,en,Unknown,5,5,6,68514844.0,18.042560995081548
6000000.0,15.607270193858982,94.0,2003.0,11.0,en,Unknown,5,3,0,2944752.0,14.895535500582715
8000000.0,15.894952224644102,110.0,2003.0,11.0,en,Unknown,5,1,0,60378584.0,17.916145047056144
40000000.0,17.50439003707821,98.0,2003.0,11.0,en,Unknown,5,3,0,141591324.0,18.768455473222875
18000000.0,16.705882371415992,94.0,2003.0,11.0,en,Unknown,5,3,0,62646763.0,17.953022585937223
90000000.0,18.31532023940565,87.0,2003.0,11.0,en,Unknown,5,3,2,182290266.0,19.021110848207137
23000000.0,16.951004817371683,91.0,2003.0,11.0,en,Unknown,5,3,0,76488889.0,18.15265605949188
80000000.0,18.197537205138154,116.0,2003.0,11.0,en,Unknown,5,5,11,43935763.0,17.59823921608603
94000000.0,18.358805350872576,201.0,2003.0,12.0,en,Unknown,5,2,5,1118888979.0,20.83560204777065
140000000.0,18.757152987716434,154.0,2003.0,12.0,en,Unknown,5,4,4,456758981.0,19.939666418053665
55000000.0,17.822843761378564,118.0,2003.0,12.0,en,Unknown,5,2,5,33828318.0,17.33680884989773
80000000.0,18.197537205138154,128.0,2003.0,12.0,en,Unknown,5,3,1,266728738.0,19.401742741127066
16500000.0,16.61887099947687,126.0,2003.0,12.0,en,Unknown,5,3,0,16942795.0,16.6453532866971
40000000.0,17.50439003707821,98.0,2003.0,12.0,en,Unknown,5,2,2,190212113.0,19.063650396899124
79000000.0,18.184958423089522,154.0,2003.0,12.0,en,Unknown,5,5,2,173013509.0,18.968880241898542
70000000.0,18.064005814299346,125.0,2003.0,12.0,en,Unknown,5,4,9,122919055.0,18.627036615405334
100000000.0,18.420680753952364,113.0,2003.0,12.0,en,Unknown,5,4,2,121975011.0,18.619326762046985
60000000.0,17.909855136853043,119.0,2003.0,12.0,en,Unknown,5,5,5,96269812.0,18.38266535929875
2600000.0,14.77102238760702,103.0,2004.0,1.0,it,Unknown,5,2,0,1479042.0,14.20690581496875
23000000.0,16.951004817371683,111.0,2004.0,1.0,en,Unknown,5,5,0,12.0,2.5649493574615367
6500000.0,15.687312888712007,112.0,2004.0,1.0,en,Unknown,5,5,0,98410061.0,18.404653612892243
500000.0,13.122365377402328,90.0,2004.0,1.0,en,Unknown,5,1,0,603943.0,13.31123675738684
42000000.0,17.553180200057167,90.0,2004.0,1.0,en,Unknown,5,2,0,171963386.0,18.962792145839416
40000000.0,17.50439003707821,84.0,2004.0,1.0,en,Unknown,5,3,0,46546197.0,17.6559558827341
65000.0,11.082157933374816,100.0,2004.0,1.0,en,Unknown,5,1,0,28575078.0,17.168045532295746
3000000.0,14.914123179965662,101.0,2004.0,1.0,en,Unknown,5,3,0,2037545.0,14.527256700529422
18000000.0,16.705882371415992,106.0,2004.0,1.0,en,Unknown,5,1,1,65070412.0,17.990980518461935
3000000.0,14.914123179965662,111.0,2004.0,1.0,en,Unknown,5,1,0,13954476.0,16.451310946643662
13000000.0,16.380459992348886,113.0,2004.0,1.0,en,Unknown,5,5,0,96060858.0,18.38049249648868
17000000.0,16.648723960844016,95.0,2004.0,1.0,en,Unknown,5,1,1,16980098.0,16.647552569219172
17820000.0,16.695832036123658,94.0,2004.0,1.0,fr,Unknown,5,1,0,14054361.0,16.45844336819393
50000000.0,17.72753358339242,88.0,2004.0,1.0,en,Unknown,5,3,0,6808550.0,15.733689880155417
18000000.0,16.705882371415992,92.0,2004.0,2.0,en,Unknown,5,5,1,16702864.0,16.631090819559013
28000000.0,17.147715103853763,135.0,2004.0,2.0,en,Unknown,5,1,1,64445708.0,17.981333706389798
5000000.0,15.424948670398354,101.0,2004.0,2.0,en,Unknown,5,5,1,8203235.0,15.920039268533248
2700000.0,14.80876270134486,80.0,2004.0,2.0,en,Unknown,5,3,5,15992615.0,16.587637673680156
20000000.0,16.811242881518265,99.0,2004.0,2.0,cn,Unknown,5,1,0,100914445.0,18.42978364653267
75000000.0,18.132998684833918,99.0,2004.0,2.0,en,Unknown,5,4,3,196482882.0,19.096085876064585
15000000.0,16.52356082573315,89.0,2004.0,2.0,en,Unknown,5,1,0,29331068.0,17.194157887613006
25000000.0,17.034386422832473,93.0,2004.0,2.0,en,Unknown,5,3,0,20796847.0,16.850311994726894
39000000.0,17.479072229734946,106.0,2004.0,2.0,en,Unknown,5,5,0,6614280.0,15.704741657257914
30000000.0,17.216707972959764,110.0,2004.0,2.0,en,Unknown,5,4,3,14000000.0,16.454567959008102
30000000.0,17.216707972959764,127.0,2004.0,2.0,en,Unknown,5,2,1,611899420.0,20.232078482199277
8500000.0,15.955576839107596,104.0,2004.0,2.0,en,Unknown,5,3,1,5001655.0,15.425279615563761
25000000.0,17.034386422832473,86.0,2004.0,2.0,en,Unknown,5,5,0,27685016.0,17.136401922289945
50000000.0,17.72753358339242,97.0,2004.0,2.0,en,Unknown,5,5,4,25195000.0,17.04215615978725
60000000.0,17.909855136853043,101.0,2004.0,3.0,en,Unknown,5,5,2,170268750.0,18.952888634961454
100000000.0,18.420680753952364,136.0,2004.0,3.0,en,Unknown,5,3,5,108103450.0,18.498599206244183
40000000.0,17.50439003707821,96.0,2004.0,3.0,en,Unknown,5,4,1,92913171.0,18.34717598060086
19250000.0,16.773021670646116,102.0,2004.0,3.0,en,Unknown,5,5,1,8112712.0,15.908942895427925
5000000.0,15.424948670398354,106.0,2004.0,3.0,es,Unknown,5,3,3,40266982.0,17.511042410726287
28000000.0,17.147715103853763,101.0,2004.0,3.0,en,Unknown,5,5,0,102356381.0,18.443971222792964
20000000.0,16.811242881518265,108.0,2004.0,3.0,en,Unknown,5,3,1,72258126.0,18.095755363059983
45000000.0,17.622173069956816,103.0,2004.0,3.0,en,Unknown,5,3,1,65470529.0,17.997110675695335
35000000.0,17.370858648025116,102.0,2004.0,3.0,en,Unknown,5,4,5,36098382.0,17.40175863005614
3000000.0,14.914123179965662,88.0,2004.0,3.0,en,Unknown,5,5,4,5923000.0,15.59435380409245
110000000.0,18.5159909328476,76.0,2004.0,4.0,en,Unknown,5,1,0,103951461.0,18.459434636623456
66000000.0,18.005165315142214,122.0,2004.0,4.0,en,Unknown,5,5,3,99318987.0,18.413847329265177
56000000.0,17.840862266556567,86.0,2004.0,4.0,en,Unknown,5,5,1,57223890.0,17.86248204397335
28000000.0,17.147715103853763,90.0,2004.0,4.0,en,Unknown,5,4,3,30016165.0,17.21724666115659
40000000.0,17.50439003707821,98.0,2004.0,4.0,en,Unknown,5,5,2,26155781.0,17.07958083302083
74500000.0,18.126309696772605,109.0,2004.0,4.0,en,Unknown,5,5,4,62172050.0,17.94541611588955
12000000.0,16.300417291085605,97.0,2004.0,4.0,en,Unknown,5,4,0,31179516.0,17.255271930774757
145000000.0,18.7922443072814,137.0,2004.0,4.0,en,Unknown,5,2,1,25819961.0,17.066658471654346
31000000.0,17.249497794707484,96.0,2004.0,4.0,en,Unknown,5,2,0,27388767.0,17.125643560307957
4000000.0,15.201805169084134,99.0,2004.0,4.0,en,Unknown,5,5,0,30039392.0,17.218020178264577
25000000.0,17.034386422832473,108.0,2004.0,4.0,en,Unknown,5,4,1,30411183.0,17.230320993456615
37000000.0,17.426428497635523,98.0,2004.0,4.0,en,Unknown,5,3,1,96455697.0,18.384594372813115
33000000.0,17.312018149733785,124.0,2004.0,4.0,en,Unknown,5,5,0,54700105.0,17.81737620523311
20000000.0,16.811242881518265,98.0,2004.0,4.0,en,Unknown,5,4,1,11341016.0,16.243936534782325
30000000.0,17.216707972959764,136.0,2004.0,4.0,en,Unknown,5,3,4,152159461.0,18.840439621003263
10000000.0,16.118095750958314,101.0,2004.0,4.0,ja,Unknown,5,5,0,1461989.0,14.195309079323188
70000000.0,18.064005814299346,146.0,2004.0,4.0,en,Unknown,5,5,9,130293714.0,18.685301806089065
6000000.0,15.607270193858982,141.0,2004.0,4.0,ja,Unknown,5,0,0,1530216.0,14.240920113377046
17000000.0,16.648723960844016,97.0,2004.0,4.0,en,Unknown,5,3,3,129042871.0,18.67565524819815
25000000.0,17.034386422832473,102.0,2004.0,4.0,en,Unknown,5,4,0,30114487.0,17.22051694282116
6000000.0,15.607270193858982,90.0,2004.0,5.0,en,Unknown,3,0,3,293793.0,12.59063412045756
12000000.0,16.300417291085605,103.0,2004.0,5.0,en,Unknown,5,2,5,163536.0,12.004794543411721
160000000.0,18.8906843794481,132.0,2004.0,5.0,en,Unknown,5,3,3,300257475.0,19.52015091786501
27000000.0,17.11134746100564,106.0,2004.0,5.0,en,Unknown,5,5,9,21148829.0,16.867095142777465
175000000.0,18.980296537602072,163.0,2004.0,5.0,en,Unknown,5,5,8,497409852.0,20.024924898144217
150000000.0,18.826145858727198,93.0,2004.0,5.0,en,Unknown,5,3,1,919838758.0,20.639708950690668
12000000.0,16.300417291085605,129.0,2004.0,5.0,zh,Unknown,5,4,0,19271312.0,16.774128175069848
16000000.0,16.588099342704055,97.0,2004.0,5.0,en,Unknown,5,4,0,174318.0,12.068642233025637
125000000.0,18.643824303266577,124.0,2004.0,5.0,en,Unknown,5,5,4,544272402.0,20.114960420300196
50000000.0,17.72753358339242,119.0,2004.0,5.0,en,Unknown,5,3,4,49718611.0,17.72188990788566
16000000.0,16.588099342704055,86.0,2004.0,5.0,en,Unknown,5,1,0,14822346.0,16.511646532365
9000000.0,16.012735246411598,88.0,2004.0,5.0,en,Unknown,5,1,1,23936908.0,16.990932135305314
130000000.0,18.683045016112164,141.0,2004.0,5.0,en,Unknown,5,3,2,789804554.0,20.487296074083048
50000000.0,17.72753358339242,80.0,2004.0,6.0,en,Unknown,5,3,0,200804534.0,19.117842530188174
90000000.0,18.31532023940565,93.0,2004.0,6.0,en,Unknown,5,3,3,102000000.0,18.440483381052466
105000000.0,18.46947091764561,119.0,2004.0,6.0,en,Unknown,5,2,2,115772733.0,18.567139637692993
400000.0,12.899222326086994,95.0,2004.0,6.0,en,Unknown,5,5,0,46118097.0,17.646716012271884
30000000.0,17.216707972959764,104.0,2004.0,6.0,en,Unknown,5,1,1,21800302.0,16.897434426745296
110000000.0,18.5159909328476,120.0,2004.0,6.0,en,Unknown,5,5,2,72178895.0,18.09465826196635
60000000.0,17.909855136853043,128.0,2004.0,6.0,en,Unknown,5,3,21,219417255.0,19.206485753578583
20000000.0,16.811242881518265,92.0,2004.0,6.0,en,Unknown,5,3,0,167722310.0,18.93782025908915
37000000.0,17.426428497635523,109.0,2004.0,6.0,en,Unknown,5,4,3,113086475.0,18.5436633583398
26000000.0,17.073607134447293,100.0,2004.0,6.0,en,Unknown,5,5,0,28818995.0,17.176545311010024
6000000.0,15.607270193858982,122.0,2004.0,6.0,en,Unknown,5,2,3,119114517.0,18.595595924461694
200000000.0,19.11382792951231,127.0,2004.0,6.0,en,Unknown,5,3,6,783766341.0,20.47962150073071
29000000.0,17.182806422433504,123.0,2004.0,6.0,en,Unknown,5,1,1,115603229.0,18.565674454988674
4200000.0,15.250595321348806,114.0,2004.0,6.0,ru,Unknown,5,4,0,32000000.0,17.281246492014
4500000.0,15.319588176962746,117.0,2004.0,7.0,de,Unknown,5,3,0,3764219.0,15.14105122643845
120000000.0,18.603002309079653,126.0,2004.0,7.0,en,Unknown,5,4,3,203567857.0,19.131509961808767
26000000.0,17.073607134447293,94.0,2004.0,7.0,en,Unknown,5,1,0,90574188.0,18.321679840799725
1300000.0,14.077875591662238,162.0,2004.0,7.0,hi,Unknown,5,0,0,11000000.0,16.213405921671733
2600000.0,14.77102238760702,105.0,2004.0,7.0,en,Unknown,5,0,0,3166000.0,14.967979835279014
19000000.0,16.759949589762293,95.0,2004.0,7.0,en,Unknown,5,4,1,70067909.0,18.064975472586333
120000000.0,18.603002309079653,115.0,2004.0,7.0,en,Unknown,5,5,2,347234916.0,19.665512103090222
1000000.0,13.815511557963774,66.0,2004.0,7.0,en,Unknown,5,1,1,1574623.0,14.26952707158256
100000000.0,18.420680753952364,104.0,2004.0,7.0,en,Unknown,5,5,0,82102379.0,18.22347756304024
75000000.0,18.132998684833918,108.0,2004.0,7.0,en,Unknown,5,5,0,288500217.0,19.480206399544723
57000000.0,17.858561843342684,95.0,2004.0,7.0,en,Unknown,5,3,6,28283637.0,17.157794032868882
6500000.0,15.687312888712007,96.0,2004.0,7.0,en,Unknown,5,2,0,1548955.0,14.25309171357271
3300000.0,15.009433329466965,105.0,2004.0,7.0,ru,Unknown,5,3,0,2011837.0,14.514559290061499
2500000.0,14.731801689838349,102.0,2004.0,7.0,en,Unknown,5,5,0,26781723.0,17.10323027255553
80000000.0,18.197537205138154,129.0,2004.0,7.0,en,Unknown,5,3,4,96105964.0,18.380961942773837
60000000.0,17.909855136853043,108.0,2004.0,7.0,en,Unknown,5,3,3,256697520.0,19.36340898860736
8000000.0,15.894952224644102,138.0,2004.0,7.0,en,Unknown,5,1,9,365134.0,12.808022427195864
65000000.0,17.989897843244528,120.0,2004.0,8.0,en,Unknown,5,4,6,217764291.0,19.19892380644542
40000000.0,17.50439003707821,113.0,2004.0,8.0,en,Unknown,5,1,5,95149435.0,18.370959224205944
35000000.0,17.370858648025116,111.0,2004.0,8.0,en,Unknown,5,2,0,22034832.0,16.90813507737768
130000.0,11.775297421715827,79.0,2004.0,8.0,en,Unknown,5,1,0,54667954.0,17.816788263915836
15000000.0,16.52356082573315,103.0,2004.0,8.0,en,Unknown,5,4,0,14867514.0,16.514689189474435
70000000.0,18.064005814299346,101.0,2004.0,8.0,en,Unknown,5,5,4,171183863.0,18.958248764893437
20000000.0,16.811242881518265,90.0,2004.0,8.0,en,Unknown,0,5,0,29170410.0,17.18866543156295
19000000.0,16.759949589762293,95.0,2004.0,8.0,en,Unknown,5,2,1,69631118.0,18.058722137448797
80000000.0,18.197537205138154,114.0,2004.0,8.0,en,Unknown,5,2,10,78000586.0,18.172226910266573
20000000.0,16.811242881518265,97.0,2004.0,8.0,en,Unknown,5,2,3,70992898.0,18.07809041591934
27000000.0,17.11134746100564,99.0,2004.0,8.0,en,Unknown,5,4,1,13000000.0,16.380459992348886
1500000.0,14.220976332738882,124.0,2004.0,8.0,hi,Unknown,5,1,0,12000000.0,16.300417291085605
23000000.0,16.951004817371683,141.0,2004.0,9.0,en,Unknown,5,2,2,16123851.0,16.59581022431326
16000000.0,16.588099342704055,97.0,2004.0,9.0,en,Unknown,5,1,0,12.0,2.5649493574615367
12806000.0,16.365424447149277,125.0,2004.0,9.0,es,Unknown,5,5,1,38535221.0,17.467083238174133
30000000.0,17.216707972959764,114.0,2004.0,9.0,en,Unknown,5,3,0,13001257.0,16.38055667997474
20000000.0,16.811242881518265,84.0,2004.0,9.0,en,Unknown,5,3,0,16605763.0,16.625260421972424
25000000.0,17.034386422832473,94.0,2004.0,9.0,en,Unknown,5,1,1,56422687.0,17.848381905083148
18339750.0,16.724581447819293,156.0,2004.0,9.0,de,Unknown,5,5,0,92180910.0,18.339263628045728
45000000.0,17.622173069956816,94.0,2004.0,9.0,en,Unknown,5,2,0,129394835.0,18.67837903197046
17500000.0,16.677711496036597,121.0,2004.0,9.0,en,Unknown,5,5,0,38000000.0,17.453096744006448
15000000.0,16.52356082573315,89.0,2004.0,9.0,en,Unknown,5,4,3,1914166.0,14.464793099017449
2000000.0,14.508658238524095,90.0,2004.0,9.0,en,Unknown,5,0,0,120620.0,11.7004086774697
31000000.0,17.249497794707484,98.0,2004.0,9.0,en,Unknown,5,1,0,41512007.0,17.541493292745052
74050.0,11.212509323993688,98.0,2004.0,9.0,en,Unknown,5,5,0,176153.0,12.07911389143095
70000000.0,18.064005814299346,107.0,2004.0,9.0,en,Unknown,5,5,0,57958696.0,17.87524119414266
75000000.0,18.132998684833918,90.0,2004.0,9.0,en,Unknown,5,3,0,367275019.0,19.721621498675873
45000000.0,17.622173069956816,91.0,2004.0,9.0,en,Unknown,5,3,1,14793624.0,16.50970690269458
42000000.0,17.553180200057167,91.0,2004.0,9.0,en,Unknown,5,3,3,117575636.0,18.582592403599122
2224000.0,14.614818383992796,100.0,2004.0,9.0,sv,Unknown,5,4,0,28000000.0,17.147715103853763
6500000.0,15.687312888712007,105.0,2004.0,9.0,en,Unknown,5,2,0,11850214.0,16.287856568840738
3000000.0,14.914123179965662,94.0,2004.0,9.0,en,Unknown,5,0,1,6804016.0,15.733023731025044
1200000.0,13.997832948091215,103.0,2004.0,10.0,en,Unknown,5,4,0,103911669.0,18.459051769300107
60000000.0,17.909855136853043,115.0,2004.0,10.0,en,Unknown,5,5,1,74541707.0,18.126869365624614
25000000.0,17.034386422832473,97.0,2004.0,10.0,en,Unknown,5,3,1,36609966.0,17.41583108370295
30000000.0,17.216707972959764,118.0,2004.0,10.0,en,Unknown,5,4,2,61255921.0,17.930571088429634
7000.0,8.853808274977197,77.0,2004.0,10.0,en,Unknown,5,1,0,424760.0,12.959281936785658
32000000.0,17.281246492014,98.0,2004.0,10.0,en,Unknown,5,2,0,50907422.0,17.745519305858394
50000000.0,17.72753358339242,107.0,2004.0,10.0,en,Unknown,5,1,2,170128460.0,18.952064362593777
25000000.0,17.034386422832473,106.0,2004.0,10.0,en,Unknown,5,2,1,116766556.0,18.57568726030419
10000000.0,16.118095750958314,92.0,2004.0,10.0,en,Unknown,5,5,0,183474602.0,19.02758681261053
16000000.0,16.588099342704055,126.0,2004.0,10.0,en,Unknown,5,3,2,109502303.0,18.51145614809536
60000000.0,17.909855136853043,103.0,2004.0,10.0,en,Unknown,5,2,1,13395939.0,16.410462233937263
40000000.0,17.50439003707821,152.0,2004.0,10.0,en,Unknown,5,4,1,124731534.0,18.641674265608383
92000000.0,18.33729914588288,115.0,2004.0,11.0,en,Unknown,5,2,1,631442092.0,20.263516798004815
12000000.0,16.300417291085605,84.0,2004.0,11.0,fr,Unknown,5,3,0,9584131.0,16.075619372197448
165000000.0,18.92145603792546,100.0,2004.0,11.0,en,Unknown,5,3,11,305875730.0,19.538689469589396
50000000.0,17.72753358339242,108.0,2004.0,11.0,en,Unknown,5,5,0,40203020.0,17.509452700019416
12000000.0,16.300417291085605,87.0,2004.0,11.0,en,Unknown,5,1,0,24829644.0,17.02754886016104
60000000.0,17.909855136853043,97.0,2004.0,11.0,en,Unknown,5,3,3,61347797.0,17.93206983605651
7000000.0,15.76142084987672,192.0,2004.0,11.0,hi,Unknown,5,1,1,29385320.0,17.19600582191001
3500000.0,15.068273812173887,159.0,2004.0,11.0,hi,Unknown,5,0,0,9250000.0,16.04013421759671
30000000.0,17.216707972959764,87.0,2004.0,11.0,en,Unknown,5,3,0,140161792.0,18.75830797759336
100000000.0,18.420680753952364,131.0,2004.0,11.0,en,Unknown,5,4,4,347451894.0,19.6661367817319
24000000.0,16.993564429978885,119.0,2004.0,11.0,ja,Unknown,5,5,4,234710455.0,19.273863210318897
155000000.0,18.858935681335133,175.0,2004.0,11.0,en,Unknown,5,5,11,167298192.0,18.935288364942355
7500000.0,15.830413711839864,110.0,2004.0,11.0,en,Unknown,5,0,0,3347647.0,15.02376856766872
27000000.0,17.11134746100564,104.0,2004.0,12.0,en,Unknown,5,1,7,115505027.0,18.564824619446146
823258.0,13.621026132459448,105.0,2004.0,12.0,en,Unknown,5,4,0,823258.0,13.621026132459448
70000000.0,18.064005814299346,143.0,2004.0,12.0,en,Unknown,5,4,12,154648887.0,18.856667866639498
350000.0,12.765691290604371,85.0,2004.0,12.0,en,Unknown,5,5,0,3515061.0,15.072567721762665
65000000.0,17.989897843244528,123.0,2004.0,12.0,en,Unknown,5,5,0,128905366.0,18.674589103970472
110000000.0,18.5159909328476,125.0,2004.0,12.0,en,Unknown,5,5,7,362744280.0,19.70920868392545
50000000.0,17.72753358339242,119.0,2004.0,12.0,en,Unknown,5,2,3,34808403.0,17.365369409842533
30000000.0,17.216707972959764,132.0,2004.0,12.0,en,Unknown,5,5,16,216763646.0,19.194318133580623
140000000.0,18.757152987716434,108.0,2004.0,12.0,en,Unknown,5,5,3,209073645.0,19.15819712106597
116000000.0,18.569100757691327,170.0,2004.0,12.0,en,Unknown,5,5,12,102000000.0,18.440483381052466
45000000.0,17.622173069956816,113.0,2004.0,12.0,en,Unknown,5,4,1,21009180.0,16.860470090623977
80000000.0,18.197537205138154,130.0,2004.0,12.0,en,Unknown,5,2,2,55041367.0,17.823595605931654
80000000.0,18.197537205138154,115.0,2004.0,12.0,en,Unknown,5,4,5,516642939.0,20.062862555574338
4000000.0,15.201805169084134,72.0,2004.0,12.0,ru,Unknown,5,1,0,1730000.0,14.363632544508476
1000000.0,13.815511557963774,99.0,2005.0,1.0,en,Unknown,5,4,0,27762648.0,17.13920211412224
1823152.0,14.416077977730959,137.0,2005.0,1.0,hi,Unknown,5,2,0,7133082.0,15.780254097250236
1700000.0,14.346139397261565,90.0,2005.0,1.0,en,Unknown,5,3,0,12762.0,9.45430563898269
30000000.0,17.216707972959764,102.0,2005.0,1.0,en,Unknown,5,1,1,93772522.0,18.35638243929384
4800000.0,15.38412668421143,94.0,2005.0,1.0,en,Unknown,5,5,1,80578934.0,18.204747820961057
10000000.0,16.118095750958314,101.0,2005.0,1.0,en,Unknown,5,5,1,91196419.0,18.32852619988812
43000000.0,17.57671069691365,97.0,2005.0,1.0,en,Unknown,5,5,3,56681566.0,17.852959618840732
30000000.0,17.216707972959764,136.0,2005.0,1.0,en,Unknown,5,3,2,76669806.0,18.15501853825005
950000.0,13.76421831620775,103.0,2005.0,1.0,en,Unknown,5,1,0,7022209.0,15.764588541273023
50000000.0,17.72753358339242,109.0,2005.0,1.0,en,Unknown,5,4,0,104478416.0,18.464491072152498
20000000.0,16.811242881518265,106.0,2005.0,1.0,en,Unknown,5,5,0,10289.0,9.238927828828094
30000000.0,17.216707972959764,109.0,2005.0,1.0,en,Unknown,5,4,0,35294470.0,17.379236880740756
32000000.0,17.281246492014,95.0,2005.0,1.0,en,Unknown,5,3,3,97918663.0,18.399647732844365
250000.0,12.429220196836383,71.0,2005.0,1.0,en,Unknown,5,0,0,245000.0,12.409017571151187
4000000.0,15.201805169084134,101.0,2005.0,1.0,en,Unknown,5,2,0,866999.0,13.672794255762678
8000000.0,15.894952224644102,80.0,2005.0,1.0,fr,Unknown,4,5,0,127392239.0,18.66278138872916
25000000.0,17.034386422832473,101.0,2005.0,1.0,en,Unknown,5,4,1,122644820.0,18.624803101931334
20000000.0,16.811242881518265,96.0,2005.0,1.0,en,Unknown,5,5,1,10442808.0,16.16142416553095
475000.0,13.07107218827772,110.0,2005.0,1.0,en,Unknown,5,1,0,3919254.0,15.181412142684254
500.0,6.2166061010848646,78.0,2005.0,2.0,en,Unknown,5,0,0,41.0,3.7376696182833684
45000000.0,17.622173069956816,103.0,2005.0,2.0,en,Unknown,5,5,1,50871113.0,17.7448058155173
20000000.0,16.811242881518265,89.0,2005.0,2.0,en,Unknown,5,4,1,67192859.0,18.02307754984845
15000000.0,16.52356082573315,88.0,2005.0,2.0,en,Unknown,5,3,0,47175038.0,17.66937547592761
100000000.0,18.420680753952364,121.0,2005.0,2.0,en,Unknown,5,5,0,230884728.0,19.257429135281804
70000000.0,18.064005814299346,118.0,2005.0,2.0,en,Unknown,5,2,2,368100420.0,19.723866342059544
2000000.0,14.508658238524095,92.0,2005.0,2.0,en,Unknown,4,0,1,653621.0,13.390284481692177
35000000.0,17.370858648025116,126.0,2005.0,2.0,en,Unknown,5,3,1,25224242.0,17.043316113842838
14000000.0,16.454567959008102,106.0,2005.0,2.0,en,Unknown,5,1,4,32645546.0,17.301219018474132
35000000.0,17.370858648025116,97.0,2005.0,2.0,en,Unknown,5,4,10,19294901.0,16.775351473904937
29000000.0,17.182806422433504,103.0,2005.0,3.0,en,Unknown,5,5,0,21126225.0,16.866025765026475
53000000.0,17.78580249038432,118.0,2005.0,3.0,en,Unknown,5,4,5,95226116.0,18.371764800373036
56000000.0,17.840862266556567,95.0,2005.0,3.0,en,Unknown,5,2,3,113006880.0,18.54295926862797
3500000.0,15.068273812173887,126.0,2005.0,3.0,ru,Unknown,5,0,0,8262833.0,15.927278185925672
75000000.0,18.132998684833918,91.0,2005.0,3.0,en,Unknown,5,2,1,260696994.0,19.378869352178302
52000000.0,17.76675429577647,113.0,2005.0,3.0,en,Unknown,5,5,0,77944725.0,18.17151049242349
25000000.0,17.034386422832473,98.0,2005.0,3.0,en,Unknown,5,3,0,27645491.0,17.1349732346658
50000000.0,17.72753358339242,110.0,2005.0,3.0,en,Unknown,5,3,2,161451538.0,18.899715587486085
1500000.0,14.220976332738882,111.0,2005.0,3.0,en,Unknown,5,4,0,712294.0,13.47624743042756
35000000.0,17.370858648025116,105.0,2005.0,3.0,en,Unknown,5,4,2,68915888.0,18.048397318976686
35000000.0,17.370858648025116,76.0,2005.0,3.0,en,Unknown,5,2,0,19478106.0,16.784801674865335
40000000.0,17.50439003707821,124.0,2005.0,4.0,en,Unknown,5,3,8,158733820.0,18.88273927558276
30000000.0,17.216707972959764,103.0,2005.0,4.0,en,Unknown,5,5,6,50451307.0,17.73651923108786
130000000.0,18.683045016112164,124.0,2005.0,4.0,en,Unknown,5,5,0,119269486.0,18.596896087380177
80000000.0,18.197537205138154,128.0,2005.0,4.0,en,Unknown,5,5,6,162944923.0,18.90892281210294
19000000.0,16.759949589762293,90.0,2005.0,4.0,en,Unknown,5,4,0,108047131.0,18.498078097297885
24000000.0,16.993564429978885,128.0,2005.0,4.0,fr,Unknown,5,4,1,11875866.0,16.290018915746156
7500000.0,15.830413711839864,97.0,2005.0,4.0,en,Unknown,5,3,3,143000.0,11.870606902224587
30000000.0,17.216707972959764,107.0,2005.0,4.0,en,Unknown,5,4,2,42886719.0,17.574072778865997
60000000.0,17.909855136853043,101.0,2005.0,4.0,en,Unknown,5,3,2,71073932.0,18.07923120307771
40000000.0,17.50439003707821,113.0,2005.0,4.0,en,Unknown,5,3,0,68766121.0,18.04622176883788
130000000.0,18.683045016112164,144.0,2005.0,5.0,en,Unknown,5,5,13,211643158.0,19.170412202178735
1549000.0,14.25312076497659,107.0,2005.0,5.0,cn,Unknown,5,4,0,7096000.0,15.775041943896007
10000000.0,16.118095750958314,96.0,2005.0,5.0,en,Unknown,5,1,0,17297244.0,16.666057798231698
4750000.0,15.373655386537118,98.0,2005.0,5.0,en,Unknown,5,2,0,206871.0,12.239855523497743
8000000.0,15.894952224644102,112.0,2005.0,5.0,en,Unknown,5,1,1,852872.0,13.656365929105448
43000000.0,17.57671069691365,101.0,2005.0,5.0,en,Unknown,5,4,2,154749918.0,18.857320946103965
45000000.0,17.622173069956816,95.0,2005.0,5.0,en,Unknown,5,1,2,56070433.0,17.842119208394493
80000000.0,18.197537205138154,110.0,2005.0,5.0,en,Unknown,5,5,8,5989640.0,15.605542035073528
1601792.0,14.286634184778514,96.0,2005.0,5.0,es,Unknown,5,3,0,253527.0,12.443229549562735
14200000.0,16.468752592994022,139.0,2005.0,5.0,da,Unknown,5,5,3,674918.0,13.42234796265409
10000000.0,16.118095750958314,105.0,2005.0,5.0,en,Unknown,5,3,1,45742101.0,17.638529700903078
113000000.0,18.542898385526172,140.0,2005.0,5.0,en,Unknown,5,1,5,850000000.0,20.560746908625106
82000000.0,18.22222981742365,113.0,2005.0,5.0,en,Unknown,5,5,4,190320568.0,19.064220413656063
30000000.0,17.216707972959764,117.0,2005.0,5.0,en,Unknown,5,1,4,251495.0,12.435182363822888
75000000.0,18.132998684833918,86.0,2005.0,5.0,en,Unknown,5,3,1,532680671.0,20.093432688142816
25000000.0,17.034386422832473,119.0,2005.0,6.0,en,Unknown,5,3,1,39053061.0,17.48043184346782
25000000.0,17.034386422832473,105.0,2005.0,6.0,en,Unknown,5,1,1,36351350.0,17.40874192769056
88000000.0,18.292847383806116,144.0,2005.0,6.0,en,Unknown,5,5,8,108539911.0,18.502628515838193
25000000.0,17.034386422832473,107.0,2005.0,6.0,en,Unknown,5,2,1,13411957.0,16.411657255039344
30000000.0,17.216707972959764,118.0,2005.0,6.0,en,Unknown,5,3,2,27610873.0,17.133720238602713
110000000.0,18.5159909328476,120.0,2005.0,6.0,en,Unknown,5,5,3,478207520.0,19.985555340593802
150000000.0,18.826145858727198,140.0,2005.0,6.0,en,Unknown,5,5,3,374218673.0,19.740350874353872
50000000.0,17.72753358339242,92.0,2005.0,6.0,en,Unknown,5,1,9,69425966.0,18.05577151976017
13000000.0,16.380459992348886,129.0,2005.0,6.0,fr,Unknown,5,5,1,23727301.0,16.982136926204312
85000000.0,18.258161826219297,102.0,2005.0,6.0,en,Unknown,5,3,2,131426169.0,18.693955807045985
50000000.0,17.72753358339242,101.0,2005.0,6.0,en,Unknown,5,2,0,66002004.0,18.005195678317154
2000000.0,14.508658238524095,90.0,2005.0,6.0,ru,Unknown,5,1,0,696681.0,13.454084344600055
15000000.0,16.52356082573315,93.0,2005.0,6.0,en,Unknown,5,4,6,46770602.0,17.660765422499008
30000000.0,17.216707972959764,105.0,2005.0,6.0,en,Unknown,5,4,1,25473093.0,17.053133315824564
132000000.0,18.6983124881264,116.0,2005.0,6.0,en,Unknown,5,4,22,591739379.0,20.198576859429263
100000000.0,18.420680753952364,106.0,2005.0,6.0,en,Unknown,5,5,2,330579719.0,19.616358398456935
45000000.0,17.622173069956816,103.0,2005.0,7.0,en,Unknown,5,3,3,16809014.0,16.637425907594217
1900000.0,14.45736497045232,123.0,2005.0,7.0,hi,Unknown,5,1,2,5900000.0,15.59046307836746
750000.0,13.527829818844937,98.0,2005.0,7.0,en,Unknown,4,0,0,4000000.0,15.201805169084134
150000000.0,18.826145858727198,115.0,2005.0,7.0,en,Unknown,5,5,10,474968763.0,19.978759599836632
40000000.0,17.50439003707821,119.0,2005.0,7.0,en,Unknown,5,3,1,285176741.0,19.468619693389428
126000000.0,18.65179247285226,136.0,2005.0,7.0,en,Unknown,5,3,5,162949164.0,18.908948838963468
30000000.0,17.216707972959764,98.0,2005.0,7.0,en,Unknown,5,3,1,58405313.0,17.882917436809514
8000000.0,15.894952224644102,116.0,2005.0,7.0,en,Unknown,5,1,0,23563727.0,16.97521913852535
300000.0,12.611541086966115,88.0,2005.0,7.0,en,Unknown,5,1,0,1750211.0,14.375247481419636
30000000.0,17.216707972959764,113.0,2005.0,7.0,en,Unknown,5,1,6,34252847.0,17.34928027250014
135000000.0,18.72078534381011,121.0,2005.0,7.0,en,Unknown,5,5,6,76932943.0,18.158444743258723
43000000.0,17.57671069691365,104.0,2005.0,7.0,en,Unknown,5,5,2,91974818.0,18.337025391027108
35000000.0,17.370858648025116,100.0,2005.0,7.0,en,Unknown,5,3,2,86369815.0,18.274148820884857
32000000.0,17.281246492014,87.0,2005.0,8.0,en,Unknown,5,5,2,85167639.0,18.260132107446047
26000000.0,17.073607134447293,85.0,2005.0,8.0,en,Unknown,5,3,11,57891803.0,17.87408637811931
8.0,2.1972245773362196,133.0,2005.0,8.0,ko,Unknown,5,1,0,33579813.0,17.329435670587014
50000000.0,17.72753358339242,104.0,2005.0,8.0,en,Unknown,5,4,2,110803676.0,18.523270517647394
22000000.0,16.906553056777135,83.0,2005.0,8.0,en,Unknown,5,3,0,22400154.0,16.924578436444186
45000000.0,17.622173069956816,109.0,2005.0,8.0,en,Unknown,5,2,6,92374674.0,18.341363418958522
26000000.0,17.073607134447293,116.0,2005.0,8.0,en,Unknown,5,2,0,109449237.0,18.51097141982577
6000000.0,15.607270193858982,108.0,2005.0,8.0,th,Unknown,5,3,0,27165581.0,17.117461362365535
80000000.0,18.197537205138154,132.0,2005.0,8.0,en,Unknown,5,2,3,10166502.0,16.134608854419294
3000000.0,14.914123179965662,94.0,2005.0,8.0,af,Unknown,5,4,0,9879971.0,16.106020235711938
39000000.0,17.479072229734946,119.0,2005.0,8.0,en,Unknown,5,2,0,38869464.0,17.475719538905537
30000000.0,17.216707972959764,97.0,2005.0,8.0,en,Unknown,5,5,0,15007991.0,16.52409341717896
9000000.0,16.012735246411598,97.0,2005.0,8.0,en,Unknown,5,3,0,1046166.0,13.86064356669511
88000000.0,18.292847383806116,118.0,2005.0,8.0,en,Unknown,5,5,6,105316267.0,18.47247845709938
25000000.0,17.034386422832473,129.0,2005.0,8.0,en,Unknown,5,5,1,82466670.0,18.227904781801033
2000000.0,14.508658238524095,88.0,2005.0,9.0,en,Unknown,5,2,0,16344.0,9.70167731915831
14000000.0,16.454567959008102,134.0,2005.0,9.0,en,Unknown,5,4,7,178043761.0,18.99753993197182
14000000.0,16.454567959008102,104.0,2005.0,9.0,en,Unknown,5,0,0,6856989.0,15.740779127901723
9600000.0,16.077273760604726,144.0,2005.0,9.0,en,Unknown,5,1,0,4386236.0,15.293982242067818
30000000.0,17.216707972959764,85.0,2005.0,9.0,en,Unknown,5,2,1,192452832.0,19.07536165829236
6500000.0,15.687312888712007,92.0,2005.0,9.0,en,Unknown,5,2,0,24793509.0,17.02609248333909
15000000.0,16.52356082573315,103.0,2005.0,9.0,en,Unknown,5,2,0,15785148.0,16.574580119270827
20000000.0,16.811242881518265,100.0,2005.0,9.0,en,Unknown,5,3,2,7535331.0,15.835113450120515
19000000.0,16.759949589762293,122.0,2005.0,9.0,en,Unknown,5,3,0,144216468.0,18.786825985725066
30000000.0,17.216707972959764,108.0,2005.0,9.0,en,Unknown,5,5,3,18618284.0,16.73965472030809
40000000.0,17.50439003707821,77.0,2005.0,9.0,en,Unknown,5,4,11,117195061.0,18.57935030111376
12000000.0,16.300417291085605,120.0,2005.0,9.0,en,Unknown,5,1,7,566611.0,13.247430045116513
12000000.0,16.300417291085605,92.0,2005.0,9.0,en,Unknown,5,0,0,84967.0,11.350029994001375
2000000.0,14.508658238524095,120.0,2005.0,9.0,en,Unknown,5,1,0,5967038.0,15.601761382430572
400000.0,12.899222326086994,90.0,2005.0,9.0,en,Unknown,5,1,1,95687.0,11.468848177729301
15500000.0,16.5563506464056,93.0,2005.0,9.0,en,Unknown,5,4,0,1237615.0,14.028697506405647
3000000.0,14.914123179965662,100.0,2005.0,9.0,en,Unknown,5,1,2,11718595.0,16.276687539715276
900000.0,13.710151153416941,96.0,2005.0,9.0,en,Unknown,5,1,1,381420.0,12.851659030936835
28000000.0,17.147715103853763,136.0,2005.0,9.0,en,Unknown,5,5,2,186438883.0,19.04361404361095
58000000.0,17.87595358575207,95.0,2005.0,9.0,en,Unknown,5,3,4,102854431.0,18.448825265016193
42000000.0,17.553180200057167,122.0,2005.0,9.0,en,Unknown,5,5,1,24127895.0,16.998879239435702
1000000.0,13.815511557963774,90.0,2005.0,9.0,en,Unknown,5,1,0,10047674.0,16.12285182242179
7000000.0,15.76142084987672,106.0,2005.0,9.0,en,Unknown,5,4,0,2697930.0,14.807995740923175
28000000.0,17.147715103853763,135.0,2005.0,9.0,en,Unknown,5,5,0,121147947.0,18.612523067402805
7000000.0,15.76142084987672,93.0,2005.0,9.0,en,Unknown,5,5,4,54600000.0,17.81554445903015
9500000.0,16.066802461833923,139.0,2005.0,9.0,ru,Unknown,5,5,0,24000000.0,16.993564429978885
50000000.0,17.72753358339242,127.0,2005.0,9.0,en,Unknown,5,5,10,22944502.0,16.948588945083998
55000000.0,17.822843761378564,98.0,2005.0,9.0,en,Unknown,5,2,0,223387299.0,19.224417594281547
50000000.0,17.72753358339242,130.0,2005.0,9.0,en,Unknown,5,3,7,42093706.0,17.555408810045066
32000000.0,17.281246492014,96.0,2005.0,9.0,en,Unknown,5,3,6,60740827.0,17.92212664936252
50000000.0,17.72753358339242,99.0,2005.0,9.0,en,Unknown,5,3,2,8342132.0,15.936829497030777
25000000.0,17.034386422832473,120.0,2005.0,9.0,en,Unknown,5,1,1,15431177.0,16.55190056620812
7000000.0,15.76142084987672,114.0,2005.0,9.0,en,Unknown,5,5,0,49084830.0,17.709060604095804
50000000.0,17.72753358339242,110.0,2005.0,9.0,en,Unknown,5,3,2,44434439.0,17.609525402397228
818418.0,13.615129709381346,152.0,2005.0,9.0,en,Unknown,5,4,0,4851244.0,15.394745931002522
1500000.0,14.220976332738882,81.0,2005.0,10.0,en,Unknown,5,3,0,11098131.0,16.222287363832212
57000000.0,17.858561843342684,123.0,2005.0,10.0,en,Unknown,5,4,3,52034889.0,17.767425013090104
2000000.0,14.508658238524095,104.0,2005.0,10.0,en,Unknown,5,5,0,5048693.0,15.434640153943825
35000000.0,17.370858648025116,122.0,2005.0,10.0,en,Unknown,5,2,2,30526509.0,17.234106044387026
3000000.0,14.914123179965662,94.0,2005.0,10.0,en,Unknown,5,2,0,18637690.0,16.740696486158217
18000000.0,16.705882371415992,100.0,2005.0,10.0,en,Unknown,5,2,1,46201432.0,17.648521372886957
60000000.0,17.909855136853043,105.0,2005.0,10.0,en,Unknown,5,5,3,55987321.0,17.84063583021155
20000000.0,16.811242881518265,101.0,2005.0,10.0,en,Unknown,5,3,4,12482775.0,16.339860332067794
6500000.0,15.687312888712007,100.0,2005.0,10.0,en,Unknown,5,0,0,2025032.0,14.52109655468629
25000000.0,17.034386422832473,97.0,2005.0,10.0,en,Unknown,5,5,0,122489822.0,18.623538506946904
10284523.0,16.14615079900646,104.0,2005.0,10.0,en,Unknown,5,4,0,11588205.0,16.26549841472407
25000000.0,17.034386422832473,95.0,2005.0,10.0,en,Unknown,5,1,2,2405420.0,14.693235498177241
75000000.0,18.132998684833918,129.0,2005.0,10.0,en,Unknown,5,2,4,142400065.0,18.774151020425187
8000000.0,15.894952224644102,124.0,2005.0,10.0,fr,Unknown,5,0,0,2019009.0,14.518117850229713
15000000.0,16.52356082573315,124.0,2005.0,10.0,en,Unknown,5,1,14,85306374.0,18.261759745894384
4000000.0,15.201805169084134,92.0,2005.0,10.0,en,Unknown,5,5,0,152925093.0,18.845458777773114
150000000.0,18.826145858727198,81.0,2005.0,11.0,en,Unknown,5,2,2,314432665.0,19.56628051261324
72000000.0,18.09217669086922,125.0,2005.0,11.0,en,Unknown,5,4,2,96889998.0,18.389086862040205
150000000.0,18.826145858727198,157.0,2005.0,11.0,en,Unknown,5,3,3,895921036.0,20.61336283870746
65000000.0,17.989897843244528,101.0,2005.0,11.0,en,Unknown,5,4,2,64321501.0,17.97940453455238
22000000.0,16.906553056777135,116.0,2005.0,11.0,fr,Unknown,5,5,0,17709155.0,16.689592351932266
40000000.0,17.50439003707821,117.0,2005.0,11.0,en,Unknown,5,3,2,46442528.0,17.653726170675558
22000000.0,16.906553056777135,108.0,2005.0,11.0,en,Unknown,5,3,0,57479076.0,17.86693156128695
15000000.0,16.52356082573315,121.0,2005.0,11.0,en,Unknown,5,2,0,12036149.0,16.30342517926658
50000000.0,17.72753358339242,128.0,2005.0,11.0,en,Unknown,5,5,1,94000000.0,18.358805350872576
40000000.0,17.50439003707821,135.0,2005.0,11.0,en,Unknown,5,3,6,31670620.0,17.270900026784847
45000000.0,17.622173069956816,90.0,2005.0,11.0,en,Unknown,5,5,4,72028752.0,18.092575944484672
750000.0,13.527829818844937,108.0,2005.0,11.0,en,Unknown,5,0,0,1720953.0,14.358389346190323
62000000.0,17.9426449591384,93.0,2005.0,11.0,en,Unknown,5,5,0,52304001.0,17.77258344618412
169000.0,12.037659911047468,103.0,2005.0,12.0,en,Unknown,5,1,0,18564702.0,16.736772647619944
85000000.0,18.258161826219297,145.0,2005.0,12.0,en,Unknown,5,4,1,162242962.0,18.904605541267387
180000000.0,19.00846741441004,143.0,2005.0,12.0,en,Unknown,5,2,2,748806957.0,20.43399177528534
207000000.0,19.14822935606056,187.0,2005.0,12.0,en,Unknown,5,4,6,550000000.0,20.125428838008972
15000000.0,16.52356082573315,80.0,2005.0,12.0,en,Unknown,5,3,0,51053787.0,17.74839030158511
100000000.0,18.420680753952364,90.0,2005.0,12.0,en,Unknown,5,3,2,202026112.0,19.123907519287766
60000000.0,17.909855136853043,94.0,2005.0,12.0,en,Unknown,5,3,4,129181830.0,18.676731512488896
7500000.0,15.830413711839864,107.0,2005.0,12.0,zh,Unknown,5,5,2,3752325.0,15.1378864723274
70000000.0,18.064005814299346,164.0,2005.0,12.0,en,Unknown,5,5,23,130358911.0,18.685802065780365
70000000.0,18.064005814299346,97.0,2005.0,12.0,en,Unknown,5,4,9,88933562.0,18.303400165793068
1000000.0,13.815511557963774,103.0,2005.0,12.0,en,Unknown,5,2,0,13350369.0,16.407054657782275
30000000.0,17.216707972959764,135.0,2005.0,12.0,en,Unknown,5,5,1,30536013.0,17.23441733188234
45000000.0,17.622173069956816,134.0,2005.0,12.0,en,Unknown,5,2,0,38058335.0,17.454630698435103
2196531.0,14.602390310923765,107.0,2005.0,12.0,fi,Unknown,5,1,0,2411594.0,14.695798912282914
4200000.0,15.250595321348806,132.0,2006.0,1.0,ru,Unknown,5,3,1,38862717.0,17.475545942854158
17000000.0,16.648723960844016,122.0,2006.0,1.0,en,Unknown,5,4,0,9500000.0,16.066802461833923
50000000.0,17.72753358339242,106.0,2006.0,1.0,en,Unknown,5,2,1,111340801.0,18.528106343855182
45000000.0,17.622173069956816,112.0,2006.0,1.0,en,Unknown,5,1,5,38399961.0,17.463567027974133
35000000.0,17.370858648025116,93.0,2006.0,1.0,es,Unknown,5,5,0,10496317.0,16.16653508696315
1000000.0,13.815511557963774,100.0,2006.0,1.0,en,Unknown,5,3,1,46243000.0,17.64942068074148
2200000.0,14.603968372873895,157.0,2006.0,1.0,hi,Unknown,5,2,0,11502151.0,16.258044706261547
40000000.0,17.50439003707821,99.0,2006.0,1.0,en,Unknown,5,5,1,138259062.0,18.74463975137178
26000000.0,17.073607134447293,108.0,2006.0,1.0,en,Unknown,5,1,0,17496992.0,16.677539595558095
1000000.0,13.815511557963774,81.0,2006.0,1.0,en,Unknown,5,1,0,7202.0,8.882252884889363
15000000.0,16.52356082573315,87.0,2006.0,2.0,en,Unknown,5,2,3,66966987.0,18.01971033951271
1380000.0,14.137594781770806,78.0,2006.0,2.0,fi,Unknown,5,1,0,1615018.0,14.294857279275572
3500000.0,15.068273812173887,98.0,2006.0,2.0,en,Unknown,5,2,0,113783.0,11.642057193250064
12000000.0,16.300417291085605,112.0,2006.0,2.0,en,Unknown,5,2,0,1381665.0,14.13880057537426
45000000.0,17.622173069956816,105.0,2006.0,2.0,en,Unknown,5,5,1,82800000.0,18.231938631432783
50000000.0,17.72753358339242,86.0,2006.0,2.0,en,Unknown,5,3,0,69834815.0,18.06164323993655
25000000.0,17.034386422832473,93.0,2006.0,2.0,en,Unknown,5,5,2,117719158.0,18.58381233723335
6000000.0,15.607270193858982,105.0,2006.0,2.0,fr,Unknown,5,5,3,9524340.0,16.069361290231846
37665000.0,17.444241865791778,113.0,2006.0,2.0,en,Unknown,5,2,0,14655628.0,16.50033505171102
40000000.0,17.50439003707821,120.0,2006.0,2.0,en,Unknown,5,5,3,120455994.0,18.606795057476084
20000000.0,16.811242881518265,83.0,2006.0,2.0,en,Unknown,5,3,0,48548426.0,17.698072352588678
8000000.0,15.894952224644102,107.0,2006.0,2.0,en,Unknown,5,1,0,143451.0,11.873755763452438
1300000.0,14.077875591662238,135.0,2006.0,2.0,vi,Unknown,5,0,0,639000.0,13.367661298303675
27000000.0,17.11134746100564,110.0,2006.0,2.0,en,Unknown,5,5,1,56308881.0,17.84636284265615
6000000.0,15.607270193858982,110.0,2006.0,2.0,en,Unknown,5,1,0,57231524.0,17.862615440893798
2000000.0,14.508658238524095,90.0,2006.0,2.0,en,Unknown,5,1,0,30.0,3.4339872044851463
55000000.0,17.822843761378564,105.0,2006.0,3.0,en,Unknown,5,5,12,65664721.0,18.000072383382445
994000.0,13.809493491674422,89.0,2006.0,3.0,en,Unknown,5,3,0,165000.0,12.013706813470414
30000000.0,17.216707972959764,87.0,2006.0,3.0,en,Unknown,5,2,1,31070211.0,17.251760104648174
12000000.0,16.300417291085605,104.0,2006.0,3.0,en,Unknown,5,2,0,23006849.0,16.951302555638996
17000000.0,16.648723960844016,107.0,2006.0,3.0,en,Unknown,5,2,0,7314027.0,15.805304705958678
80000000.0,18.197537205138154,94.0,2006.0,3.0,en,Unknown,5,5,0,37384046.0,17.43675462058395
50000000.0,17.72753358339242,98.0,2006.0,3.0,en,Unknown,5,3,2,61112916.0,17.928233809327043
50000000.0,17.72753358339242,97.0,2006.0,3.0,en,Unknown,5,3,2,128406887.0,18.670714592641115
15000000.0,16.52356082573315,107.0,2006.0,3.0,en,Unknown,5,4,0,69623713.0,18.058615785664124
2000000.0,14.508658238524095,137.0,2006.0,3.0,de,Unknown,5,4,0,70000000.0,18.064005814299346
54000000.0,17.804494623047066,132.0,2006.0,3.0,en,Unknown,5,5,0,132511035.0,18.70217649048812
4500000.0,15.319588176962746,65.0,2006.0,3.0,ru,Unknown,3,1,0,3468423.0,15.059210870078317
12899867.0,16.372727636721407,121.0,2006.0,3.0,es,Unknown,5,1,4,85582407.0,18.26499030597238
18000000.0,16.705882371415992,105.0,2006.0,3.0,fr,Unknown,5,4,0,1831348.0,14.420563411719694
13000000.0,16.380459992348886,125.0,2006.0,3.0,en,Unknown,5,5,6,2636637.0,14.785015178703096
30000000.0,17.216707972959764,108.0,2006.0,3.0,en,Unknown,5,2,0,34742066.0,17.363461816143673
20000000.0,16.811242881518265,105.0,2006.0,3.0,en,Unknown,5,2,0,33889159.0,17.338605757203467
80000000.0,18.197537205138154,91.0,2006.0,3.0,en,Unknown,5,2,0,660940780.0,20.309174803787407
45000000.0,17.622173069956816,129.0,2006.0,3.0,en,Unknown,5,3,10,184376254.0,19.032489091814853
9000000.0,16.012735246411598,100.0,2006.0,3.0,en,Unknown,5,4,0,27105095.0,17.115232312452264
70000000.0,18.064005814299346,114.0,2006.0,3.0,en,Unknown,5,4,3,38629478.0,17.469526247624255
20000000.0,16.811242881518265,105.0,2006.0,3.0,en,Unknown,5,1,0,21170563.0,16.868122284229955
25000000.0,17.034386422832473,96.0,2006.0,4.0,en,Unknown,5,2,3,5549200.0,15.529164511394848
31000000.0,17.249497794707484,125.0,2006.0,4.0,en,Unknown,5,5,5,28000000.0,17.147715103853763
900000.0,13.710151153416941,86.0,2006.0,4.0,en,Unknown,5,0,0,82701.0,11.322999064516216
45000000.0,17.622173069956816,83.0,2006.0,4.0,en,Unknown,5,1,3,178262620.0,18.99876841980121
60000000.0,17.909855136853043,108.0,2006.0,4.0,en,Unknown,5,5,1,77920346.0,18.17119767057406
50000000.0,17.72753358339242,125.0,2006.0,4.0,en,Unknown,5,4,1,97607453.0,18.396464421417875
80000000.0,18.197537205138154,83.0,2006.0,4.0,en,Unknown,5,2,0,343397247.0,19.65439849241767
50000000.0,17.72753358339242,99.0,2006.0,4.0,en,Unknown,5,5,7,87528173.0,18.287471288072076
1000000.0,13.815511557963774,78.0,2006.0,4.0,en,Unknown,5,2,0,10018.0,9.212238569259263
2000000.0,14.508658238524095,87.0,2006.0,4.0,en,Unknown,5,0,1,265198.0,12.488235766547671
15000000.0,16.52356082573315,111.0,2006.0,4.0,en,Unknown,5,4,1,76286096.0,18.150001264710504
500000.0,13.122365377402328,92.0,2006.0,4.0,en,Unknown,5,2,0,745327.0,13.521579668928354
8000000.0,15.894952224644102,112.0,2006.0,4.0,en,Unknown,5,5,0,18948425.0,16.757231425356963
150000000.0,18.826145858727198,126.0,2006.0,5.0,en,Unknown,5,5,0,397850012.0,19.80158564046345
160000000.0,18.8906843794481,99.0,2006.0,5.0,en,Unknown,5,5,9,181674817.0,19.017728932677564
28000000.0,17.147715103853763,103.0,2006.0,5.0,en,Unknown,5,3,4,38159905.0,17.457295941228956
17000000.0,16.648723960844016,144.0,2006.0,5.0,en,Unknown,5,5,1,374743.0,12.83399840516289
13000000.0,16.380459992348886,120.0,2006.0,5.0,fr,Unknown,5,3,0,4857367.0,15.396007285392034
125000000.0,18.643824303266577,149.0,2006.0,5.0,en,Unknown,5,4,9,767820459.0,20.4590664877404
4000000.0,15.201805169084134,102.0,2006.0,5.0,en,Unknown,5,3,6,8059140.0,15.902317533120838
2000000.0,14.508658238524095,101.0,2006.0,5.0,en,Unknown,5,3,0,5179037.0,15.460129882702919
210000000.0,19.162618093443648,104.0,2006.0,5.0,en,Unknown,5,5,4,459359555.0,19.94534380777439
40000000.0,17.50439003707821,123.0,2006.0,5.0,en,Unknown,5,5,2,60474340.0,17.917729717336087
5000000.0,15.424948670398354,97.0,2006.0,5.0,en,Unknown,5,2,6,26888376.0,17.10720466941345
14500000.0,16.489659276356317,128.0,2006.0,5.0,fr,Unknown,5,1,0,22963701.0,16.94942535335216
8700000.0,15.978833698567334,100.0,2006.0,5.0,en,Unknown,5,4,7,7659918.0,15.851511967248332
5300000.0,15.483217567201578,168.0,2006.0,5.0,hi,Unknown,5,1,0,22175908.0,16.914517077427995
19000000.0,16.759949589762293,118.0,2006.0,5.0,es,Unknown,5,3,4,83258226.0,18.237457504764997
52000000.0,17.76675429577647,106.0,2006.0,6.0,en,Unknown,5,3,2,204999686.0,19.138519010272248
50000.0,10.819798284210286,110.0,2006.0,6.0,hi,Unknown,5,0,0,300000.0,12.611541086966115
85000000.0,18.258161826219297,104.0,2006.0,6.0,en,Unknown,5,1,1,158468292.0,18.88106508710607
25000000.0,17.034386422832473,110.0,2006.0,6.0,en,Unknown,5,2,2,119188334.0,18.596215447068595
450000.0,13.017005083966255,84.0,2006.0,6.0,en,Unknown,5,2,0,973525.0,13.788679811193267
120000000.0,18.603002309079653,117.0,2006.0,6.0,en,Unknown,5,2,3,461983149.0,19.951038976519428
40000000.0,17.50439003707821,99.0,2006.0,6.0,en,Unknown,5,4,0,114830111.0,18.55896430710677
32000000.0,17.281246492014,92.0,2006.0,6.0,en,Unknown,5,3,1,80197993.0,18.2000090600551
20000000.0,16.811242881518265,126.0,2006.0,6.0,ja,Unknown,5,1,0,27793200.0,17.140301980403827
200000000.0,19.11382792951231,151.0,2006.0,6.0,en,Unknown,5,3,5,1065659812.0,20.78685998699344
2000000.0,14.508658238524095,115.0,2006.0,6.0,bm,Unknown,5,2,0,111000.0,11.6172944892629
82500000.0,18.228308863426122,107.0,2006.0,6.0,en,Unknown,5,4,3,237681299.0,19.286441258642544
6500000.0,15.687312888712007,124.0,2006.0,6.0,en,Unknown,5,5,0,22889018.0,16.9461678338675
79000.0,11.277215789596893,85.0,2006.0,6.0,en,Unknown,5,1,0,245000.0,12.409017571151187
5000000.0,15.424948670398354,84.0,2006.0,6.0,en,Unknown,5,4,0,25900.0,10.16203685698089
270000000.0,19.413932520666354,154.0,2006.0,6.0,en,Unknown,5,4,3,391081192.0,19.784425751123838
2000000.0,14.508658238524095,90.0,2006.0,6.0,en,Unknown,5,4,1,300000.0,12.611541086966115
35000000.0,17.370858648025116,109.0,2006.0,6.0,en,Unknown,5,5,1,326551094.0,19.60409698754572
8000000.0,15.894952224644102,116.0,2006.0,7.0,fr,Unknown,5,2,0,12671300.0,16.354850230530072
54000000.0,17.804494623047066,108.0,2006.0,7.0,en,Unknown,5,3,0,130431368.0,18.686357738342906
75000000.0,18.132998684833918,110.0,2006.0,7.0,en,Unknown,5,3,4,42285169.0,17.55994699152856
40000000.0,17.50439003707821,93.0,2006.0,7.0,en,Unknown,5,3,2,23937870.0,16.990972323479554
75000000.0,18.132998684833918,91.0,2006.0,7.0,en,Unknown,5,5,0,140175006.0,18.758402249911587
8000000.0,15.894952224644102,102.0,2006.0,7.0,en,Unknown,5,3,0,100523181.0,18.425898925530607
18000000.0,16.705882371415992,87.0,2006.0,7.0,en,Unknown,5,5,3,41009669.0,17.529318450518016
50000000.0,17.72753358339242,88.0,2006.0,7.0,en,Unknown,5,4,1,55181129.0,17.82613160497795
11000000.0,16.213405921671733,119.0,2006.0,7.0,ko,Unknown,5,4,0,88489643.0,18.298396086181988
4000000.0,15.201805169084134,96.0,2006.0,7.0,en,Unknown,5,4,15,31584901.0,17.268189779571482
135000000.0,18.72078534381011,134.0,2006.0,7.0,en,Unknown,5,5,7,163794509.0,18.914123212338037
22000000.0,16.906553056777135,115.0,2006.0,7.0,ja,Unknown,5,5,0,68000000.0,18.035018277846262
1000000.0,13.815511557963774,92.0,2006.0,8.0,en,Unknown,3,3,0,1678874.0,14.333634484211377
72500000.0,18.099097133618006,116.0,2006.0,8.0,en,Unknown,5,2,1,162966177.0,18.909053240308054
51000000.0,17.747336210296442,90.0,2006.0,8.0,en,Unknown,5,3,1,72779000.0,18.102938023755648
33000000.0,17.312018149733785,105.0,2006.0,8.0,en,Unknown,5,1,2,62022014.0,17.942999960628313
63000000.0,17.958645300228824,128.0,2006.0,8.0,en,Unknown,5,4,12,162945894.0,18.908928771153906
1333333.0,14.10319313041593,170.0,2006.0,8.0,te,Unknown,5,1,0,5333333.0,15.489487116535939
35000000.0,17.370858648025116,83.0,2006.0,8.0,en,Unknown,5,2,1,12506188.0,16.341734199741065
38000000.0,17.453096744006448,90.0,2006.0,8.0,en,Unknown,5,1,0,29907685.0,17.21362606218365
1000000.0,13.815511557963774,108.0,2006.0,8.0,en,Unknown,5,0,0,11455.0,9.346268889200427
7400000.0,15.816990693309524,193.0,2006.0,8.0,hi,Unknown,5,2,1,17000000.0,16.648723960844016
700000.0,13.45883704259595,107.0,2006.0,8.0,en,Unknown,5,5,0,4911725.0,15.407135965494298
12000000.0,16.300417291085605,104.0,2006.0,8.0,en,Unknown,5,4,0,114194847.0,18.553416740333148
40000000.0,17.50439003707821,110.0,2006.0,8.0,en,Unknown,5,5,0,86915017.0,18.280441394636647
23000000.0,16.951004817371683,93.0,2006.0,8.0,en,Unknown,5,2,0,38505009.0,17.466298920661984
3.0,1.3862943611198906,113.0,2006.0,8.0,ko,Unknown,5,1,0,4.0,1.6094379124341003
17500000.0,16.677711496036597,110.0,2006.0,8.0,en,Unknown,5,1,3,19179969.0,16.769377063289042
16800000.0,16.636889503897294,122.0,2006.0,8.0,en,Unknown,5,3,1,2281089.0,14.640163956866925
12000000.0,16.300417291085605,88.0,2006.0,8.0,en,Unknown,5,4,0,42931041.0,17.575105711976995
64000000.0,17.974393656948944,98.0,2006.0,8.0,en,Unknown,5,2,4,101595121.0,18.43650608014503
5800000.0,15.573368647930426,95.0,2006.0,9.0,en,Unknown,5,3,0,7000000.0,15.76142084987672
24000000.0,16.993564429978885,145.0,2006.0,9.0,es,Unknown,5,4,0,23321954.0,16.964905749551935
6000000.0,15.607270193858982,121.0,2006.0,9.0,en,Unknown,5,5,0,48027970.0,17.687294128318122
40000000.0,17.50439003707821,102.0,2006.0,9.0,en,Unknown,5,5,2,38755073.0,17.47277224712697
21000000.0,16.860033043306743,145.0,2006.0,9.0,nl,Unknown,5,5,6,26193068.0,17.08100539174919
30000000.0,17.216707972959764,84.0,2006.0,9.0,en,Unknown,5,2,1,495303.0,13.112926994457307
12000000.0,16.300417291085605,122.0,2006.0,9.0,en,Unknown,5,2,3,20138836.0,16.818160697807794
35000000.0,17.370858648025116,96.0,2006.0,9.0,en,Unknown,5,5,2,15304890.0,16.543683008480688
6500000.0,15.687312888712007,88.0,2006.0,9.0,en,Unknown,5,1,1,13368437.0,16.408407113532103
21000000.0,16.860033043306743,87.0,2006.0,9.0,en,Unknown,5,5,0,480314.0,13.082197417646205
8000000.0,15.894952224644102,91.0,2006.0,9.0,en,Unknown,5,3,0,426224.0,12.962722654833431
2000000.0,14.508658238524095,96.0,2006.0,9.0,en,Unknown,5,1,0,622806.0,13.34199195844208
25000000.0,17.034386422832473,143.0,2006.0,9.0,en,Unknown,5,4,2,135330182.0,18.72322815030183
20000000.0,16.811242881518265,97.0,2006.0,9.0,en,Unknown,5,1,11,37597471.0,17.44244737205726
30000000.0,17.216707972959764,113.0,2006.0,9.0,en,Unknown,5,2,3,53653224.0,17.79805213707031
10000000.0,16.118095750958314,126.0,2006.0,9.0,en,Unknown,5,1,0,7177143.0,15.78641209030456
35000000.0,17.370858648025116,118.0,2006.0,9.0,en,Unknown,5,2,14,42064105.0,17.554705345918194
55000000.0,17.822843761378564,125.0,2006.0,9.0,en,Unknown,5,5,1,9450897.0,16.061620321410224
2380000.0,14.682611465815636,101.0,2006.0,9.0,en,Unknown,5,4,0,8176544.0,15.916780247716764
50000000.0,17.72753358339242,147.0,2006.0,9.0,en,Unknown,5,5,1,132180323.0,18.69967763920648
18000000.0,16.705882371415992,115.0,2006.0,9.0,en,Unknown,5,1,0,1196307.0,13.994750705422433
8.0,2.1972245773362196,92.0,2006.0,9.0,en,Unknown,5,5,0,21.0,3.091042453358316
47000000.0,17.665658180950928,75.0,2006.0,9.0,en,Unknown,5,4,0,38085778.0,17.45535151582692
50000000.0,17.72753358339242,121.0,2006.0,9.0,en,Unknown,5,5,16,49111202.0,17.709597733744726
15000000.0,16.52356082573315,103.0,2006.0,9.0,en,Unknown,5,5,4,123384128.0,18.630813046901476
30000000.0,17.216707972959764,125.0,2006.0,9.0,en,Unknown,5,1,0,41480851.0,17.540742481133943
3250000.0,14.99416586199818,107.0,2006.0,9.0,en,Unknown,5,4,0,32788.0,10.397848372270873
11000000.0,16.213405921671733,95.0,2006.0,9.0,en,Unknown,5,1,1,72778712.0,18.10293406656242
60000000.0,17.909855136853043,140.0,2006.0,9.0,en,Unknown,5,4,1,17800000.0,16.694709071442087
76000000.0,18.1462439114085,109.0,2006.0,9.0,en,Unknown,5,3,3,69959751.0,18.063430663225603
70000000.0,18.064005814299346,139.0,2006.0,9.0,en,Unknown,5,5,7,55011732.0,17.823057047718446
85000000.0,18.258161826219297,83.0,2006.0,9.0,en,Unknown,5,1,0,197309027.0,19.100281727675338
20000000.0,16.811242881518265,100.0,2006.0,9.0,en,Unknown,5,1,3,17807569.0,16.6951342057549
100000.0,11.51293546492023,111.0,2006.0,9.0,en,Unknown,5,1,0,10178331.0,16.135771704974037
4000000.0,15.201805169084134,109.0,2006.0,10.0,en,Unknown,5,3,2,13401952.0,16.41091100056984
90000000.0,18.31532023940565,151.0,2006.0,10.0,en,Unknown,5,5,13,289847354.0,19.484864980298685
12000000.0,16.300417291085605,103.0,2006.0,10.0,en,Unknown,5,1,0,38368909.0,17.46275805420952
5000000.0,15.424948670398354,95.0,2006.0,10.0,en,Unknown,5,1,0,3833507.0,15.159290868844698
26000000.0,17.073607134447293,136.0,2006.0,10.0,en,Unknown,5,3,0,14821658.0,16.511600114886868
20000000.0,16.811242881518265,115.0,2006.0,10.0,en,Unknown,5,2,9,41237648.0,17.534862207728573
20000000.0,16.811242881518265,102.0,2006.0,10.0,en,Unknown,5,3,1,39143839.0,17.482753624470845
20000000.0,16.811242881518265,123.0,2006.0,10.0,en,Unknown,5,1,0,13391174.0,16.41010646587114
20000000.0,16.811242881518265,92.0,2006.0,10.0,en,Unknown,5,3,0,22165608.0,16.914052501533895
25000000.0,17.034386422832473,116.0,2006.0,10.0,en,Unknown,5,4,4,11772461.0,16.281273633233095
13000000.0,16.380459992348886,104.0,2006.0,10.0,en,Unknown,5,1,1,11130889.0,16.22523468411587
90000000.0,18.31532023940565,132.0,2006.0,10.0,en,Unknown,5,4,17,65900249.0,18.003652793092247
40000000.0,17.50439003707821,130.0,2006.0,10.0,en,Unknown,5,3,4,109676311.0,18.513043967561824
500000.0,13.122365377402328,157.0,2006.0,10.0,en,Unknown,5,1,1,500000.0,13.122365377402328
15000000.0,16.52356082573315,95.0,2006.0,10.0,en,Unknown,5,3,1,21000000.0,16.860033043306743
25000000.0,17.034386422832473,111.0,2006.0,10.0,en,Unknown,5,2,0,16158487.0,16.59795604232337
110000000.0,18.5159909328476,108.0,2006.0,10.0,en,Unknown,5,4,3,574480841.0,20.168977307438567
149000000.0,18.819456870621142,85.0,2006.0,10.0,en,Unknown,5,2,0,64459316.0,17.981544838577157
2000000.0,14.508658238524095,97.0,2006.0,10.0,en,Unknown,4,0,0,167000.0,12.025755079404917
12000000.0,16.300417291085605,116.0,2006.0,10.0,en,Unknown,5,1,0,6754898.0,15.725778577377165
10000000.0,16.118095750958314,108.0,2006.0,10.0,en,Unknown,5,3,1,163876815.0,18.914625581603822
18000000.0,16.705882371415992,82.0,2006.0,11.0,en,Unknown,5,2,0,261572744.0,19.382222986339787
12000000.0,16.300417291085605,98.0,2006.0,11.0,en,Unknown,5,4,2,84500122.0,18.252263547947646
3700000.0,15.123843647884687,98.0,2006.0,11.0,en,Unknown,5,1,0,3338228.0,15.020950984805237
50000000.0,17.72753358339242,114.0,2006.0,11.0,en,Unknown,5,4,5,9448082.0,16.061322421748777
15000000.0,16.52356082573315,85.0,2006.0,11.0,en,Unknown,5,5,0,11992014.0,16.299751569597678
150000000.0,18.826145858727198,144.0,2006.0,11.0,en,Unknown,5,3,5,599045960.0,20.21084888268541
13000000.0,16.380459992348886,110.0,2006.0,11.0,en,Unknown,5,4,1,1151330.0,13.956429222382813
100000000.0,18.420680753952364,108.0,2006.0,11.0,en,Unknown,5,2,4,384335608.0,19.76702671062315
4000000.0,15.201805169084134,84.0,2006.0,11.0,en,Unknown,5,1,0,4630045.0,15.348077361218246
6500000.0,15.687312888712007,89.0,2006.0,11.0,en,Unknown,5,0,1,1325092.0,14.096993203618595
22000000.0,16.906553056777135,93.0,2006.0,11.0,en,Unknown,5,2,0,13405595.0,16.411182789685842
12000000.0,16.300417291085605,86.0,2006.0,11.0,en,Unknown,5,1,2,5542025.0,15.527870695841187
75000000.0,18.132998684833918,126.0,2006.0,11.0,en,Unknown,5,3,11,180557550.0,19.01156012702313
800000.0,13.592368256649284,100.0,2006.0,11.0,en,Unknown,5,0,0,1328612.0,14.09964609890122
11000000.0,16.213405921671733,147.0,2006.0,11.0,en,Unknown,5,1,1,46396427.0,17.65273303147454
30000000.0,17.216707972959764,92.0,2006.0,12.0,en,Unknown,5,1,1,35078241.0,17.373091610187423
40000000.0,17.50439003707821,139.0,2006.0,12.0,en,Unknown,5,3,2,120175290.0,18.60446199321006
100000000.0,18.420680753952364,143.0,2006.0,12.0,en,Unknown,5,5,5,170877916.0,18.956459923820983
32000000.0,17.281246492014,108.0,2006.0,12.0,en,Unknown,5,3,8,5914908.0,15.592986670660895
85000000.0,18.258161826219297,136.0,2006.0,12.0,en,Unknown,5,4,2,194168700.0,19.084237931934354
15000000.0,16.52356082573315,116.0,2006.0,12.0,en,Unknown,5,1,1,10903846.0,16.204626220712008
65000000.0,17.989897843244528,117.0,2006.0,12.0,en,Unknown,5,5,1,422610419.0,19.8619613197282
17000000.0,16.648723960844016,109.0,2006.0,12.0,en,Unknown,5,5,2,57103895.0,17.86038290347198
85000000.0,18.258161826219297,167.0,2006.0,12.0,en,Unknown,5,3,1,59908565.0,17.908330057869783
65000000.0,17.989897843244528,124.0,2006.0,12.0,en,Unknown,5,4,2,43545364.0,17.589313826207274
86000000.0,18.26985786584569,94.0,2006.0,12.0,en,Unknown,5,4,4,107944236.0,18.497125327673245
55000000.0,17.822843761378564,117.0,2006.0,12.0,en,Unknown,5,4,0,307077295.0,19.542610052362214
100000000.0,18.420680753952364,104.0,2006.0,12.0,en,Unknown,5,5,0,249288105.0,19.334119837768803
800000.0,13.592368256649284,83.0,2006.0,12.0,nl,Unknown,5,3,0,966214.0,13.781141655718015
85000000.0,18.258161826219297,97.0,2006.0,12.0,en,Unknown,5,2,2,144000000.0,18.78532386448472
19000000.0,16.759949589762293,141.0,2006.0,12.0,en,Unknown,5,4,18,68673228.0,18.044870001480582
24000000.0,16.993564429978885,102.0,2006.0,12.0,en,Unknown,5,4,4,155721132.0,18.863577356559844
15000000.0,16.52356082573315,92.0,2006.0,12.0,en,Unknown,5,5,0,49469904.0,17.716875062846277
9000000.0,16.012735246411598,84.0,2006.0,12.0,en,Unknown,5,1,0,21510851.0,16.88406810994344
70000000.0,18.064005814299346,134.0,2006.0,12.0,en,Unknown,5,3,1,154937680.0,18.85853353597199
15500000.0,16.5563506464056,95.0,2006.0,12.0,en,Unknown,5,5,1,7385434.0,15.815020375395019
16000000.0,16.588099342704055,100.0,2007.0,1.0,en,Unknown,5,3,2,18928871.0,16.756198933454446
5000000.0,15.424948670398354,90.0,2007.0,1.0,en,Unknown,5,2,17,782102.0,13.569741724408967
20000000.0,16.811242881518265,84.0,2007.0,1.0,en,Unknown,5,1,3,10337477.0,16.151286490137696
21000000.0,16.860033043306743,123.0,2007.0,1.0,en,Unknown,5,3,1,41170784.0,17.53323946084631
45000000.0,17.622173069956816,99.0,2007.0,1.0,en,Unknown,5,4,1,30822861.0,17.24376724532292
4700000.0,15.363073279446223,166.0,2007.0,1.0,hi,Unknown,5,1,2,31000000.0,17.249497794707484
10000000.0,16.118095750958314,84.0,2007.0,1.0,en,Unknown,5,3,0,25399945.0,17.050257606002255
4000000.0,15.201805169084134,96.0,2007.0,1.0,en,Unknown,5,2,1,6870249.0,15.74271105363832
20000000.0,16.811242881518265,86.0,2007.0,1.0,en,Unknown,5,4,1,86865564.0,18.279872251634806
15000000.0,16.52356082573315,93.0,2007.0,1.0,en,Unknown,5,3,0,20380.0,9.922358373286379
500000.0,13.122365377402328,88.0,2007.0,1.0,en,Unknown,5,2,0,220151.0,12.3020734958576
16000000.0,16.588099342704055,90.0,2007.0,2.0,en,Unknown,5,5,0,1109660.0,13.919565121237383
50000000.0,17.72753358339242,121.0,2007.0,2.0,en,Unknown,5,5,0,82169884.0,18.22429943036885
70000000.0,18.064005814299346,90.0,2007.0,2.0,ko,Unknown,5,2,0,53587404.0,17.796824617085306
60000000.0,17.909855136853043,101.0,2007.0,2.0,en,Unknown,5,3,3,95673607.0,18.376453039914907
20000000.0,16.811242881518265,96.0,2007.0,2.0,en,Unknown,5,3,0,84146832.0,18.248073842717584
700000.0,13.45883704259595,77.0,2007.0,2.0,en,Unknown,5,3,0,31576.0,10.36018428646371
4000000.0,15.201805169084134,90.0,2007.0,2.0,en,Unknown,5,5,4,2426851.0,14.702105502214815
9000000.0,16.012735246411598,90.0,2007.0,2.0,en,Unknown,5,5,4,46.0,3.8501476017100584
1000000.0,13.815511557963774,87.0,2007.0,2.0,en,Unknown,5,0,2,18479.0,9.824444345195674
40000000.0,17.50439003707821,96.0,2007.0,2.0,en,Unknown,5,4,1,145896422.0,18.79840749640015
10000000.0,16.118095750958314,100.0,2007.0,2.0,en,Unknown,5,2,1,31609243.0,17.26896016742367
30000000.0,17.216707972959764,108.0,2007.0,2.0,en,Unknown,5,3,1,16930884.0,16.644650026812776
12000000.0,16.300417291085605,121.0,2007.0,2.0,en,Unknown,5,5,1,80573774.0,18.204683782323396
8000000.0,15.894952224644102,95.0,2007.0,2.0,en,Unknown,5,0,1,60641.0,11.012743001302718
110000000.0,18.5159909328476,114.0,2007.0,2.0,en,Unknown,5,5,2,228738393.0,19.248089524220738
60000000.0,17.909855136853043,96.0,2007.0,2.0,en,Unknown,5,3,0,137587063.0,18.73976746741624
50000.0,10.819798284210286,103.0,2007.0,2.0,en,Unknown,5,0,0,249905.0,12.42884012613866
10000000.0,16.118095750958314,84.0,2007.0,2.0,en,Unknown,5,5,0,20342161.0,16.828206235954667
30000000.0,17.216707972959764,101.0,2007.0,2.0,en,Unknown,5,3,13,77566815.0,18.16665026482817
65000000.0,17.989897843244528,157.0,2007.0,3.0,en,Unknown,5,3,5,84785914.0,18.255639990268435
16500000.0,16.61887099947687,120.0,2007.0,3.0,en,Unknown,5,3,0,37311672.0,17.434816784717363
16000000.0,16.588099342704055,99.0,2007.0,3.0,en,Unknown,5,2,0,5367030.0,15.49578542718104
17000000.0,16.648723960844016,96.0,2007.0,3.0,en,Unknown,5,3,4,2626800.0,14.781277313990218
2500.0,7.824445930877619,78.0,2007.0,3.0,en,Unknown,5,0,0,15425.0,9.643809676493944
11000000.0,16.213405921671733,90.0,2007.0,3.0,en,Unknown,5,1,0,13196245.0,16.39544295316958
20000000.0,16.811242881518265,89.0,2007.0,3.0,en,Unknown,5,3,1,22217407.0,16.916386683706257
25000000.0,17.034386422832473,90.0,2007.0,3.0,en,Unknown,5,2,0,229736344.0,19.252442883266216
61000000.0,17.926384438531027,124.0,2007.0,3.0,en,Unknown,5,3,4,95696996.0,18.376697476620496
20000000.0,16.811242881518265,124.0,2007.0,3.0,en,Unknown,5,5,0,22222308.0,16.91660725216847
34000000.0,17.341871111992198,90.0,2007.0,3.0,en,Unknown,5,5,0,95608995.0,18.375777474012875
150000000.0,18.826145858727198,95.0,2007.0,3.0,en,Unknown,5,2,0,169332978.0,18.94737762435277
160000.0,11.982935344196433,85.0,2007.0,3.0,en,Unknown,5,3,0,20710513.0,16.846152051991837
50000000.0,17.72753358339242,107.0,2007.0,4.0,en,Unknown,5,4,3,32017803.0,17.281802681044816
40000000.0,17.50439003707821,99.0,2007.0,4.0,en,Unknown,5,5,5,62771059.0,17.955004697199083
1500000.0,14.220976332738882,78.0,2007.0,4.0,es,Unknown,5,1,0,30448000.0,17.231530901360948
60795000.0,17.923018123161377,109.0,2007.0,4.0,en,Unknown,5,2,4,73090611.0,18.10721048965999
20000000.0,16.811242881518265,105.0,2007.0,4.0,en,Unknown,5,4,3,117760134.0,18.584160359343638
10000000.0,16.118095750958314,97.0,2007.0,4.0,en,Unknown,5,3,0,17500000.0,16.677711496036597
1000000.0,13.815511557963774,112.0,2007.0,4.0,ru,Unknown,5,2,0,404785.0,12.911113811377081
67000000.0,18.020203192280615,102.0,2007.0,4.0,en,Unknown,5,4,0,25303038.0,17.046435065061164
19000000.0,16.759949589762293,80.0,2007.0,4.0,en,Unknown,5,2,0,35300645.0,17.379411822019364
5000000.0,15.424948670398354,108.0,2007.0,4.0,it,Unknown,5,4,0,6463286.0,15.6816485698814
15000000.0,16.52356082573315,90.0,2007.0,4.0,en,Unknown,5,3,0,109000000.0,18.50685844936773
70000000.0,18.064005814299346,96.0,2007.0,4.0,en,Unknown,5,5,3,76066841.0,18.147123011717103
15000000.0,16.52356082573315,100.0,2007.0,4.0,en,Unknown,5,5,0,64238440.0,17.978112358939683
30000000.0,17.216707972959764,102.0,2007.0,4.0,en,Unknown,5,5,1,26810113.0,17.104289762347825
4000000.0,15.201805169084134,110.0,2007.0,4.0,en,Unknown,5,1,1,333912.0,12.718635758986363
8000000.0,15.894952224644102,99.0,2007.0,4.0,en,Unknown,5,1,1,458232.0,13.035133067359698
1000000.0,13.815511557963774,106.0,2007.0,4.0,en,Unknown,4,1,0,274661.0,12.5232965297879
258000000.0,19.36847014676186,139.0,2007.0,5.0,en,Unknown,5,3,7,890871626.0,20.607710897613856
3000000.0,14.914123179965662,80.0,2007.0,5.0,en,Unknown,5,2,0,1449945.0,14.187036872323969
24000000.0,16.993564429978885,97.0,2007.0,5.0,en,Unknown,5,3,2,9576495.0,16.07482232103563
13000000.0,16.380459992348886,114.0,2007.0,5.0,en,Unknown,5,1,0,75511123.0,18.139790541114458
10000000.0,16.118095750958314,111.0,2007.0,5.0,en,Unknown,5,4,1,21786738.0,16.89681203991584
160000000.0,18.8906843794481,93.0,2007.0,5.0,en,Unknown,5,2,0,798958165.0,20.49881914441239
9000000.0,16.012735246411598,123.0,2007.0,5.0,en,Unknown,5,1,4,24538513.0,17.01575444121633
15000000.0,16.52356082573315,85.0,2007.0,5.0,en,Unknown,4,2,1,22730842.0,16.939233282690495
300000000.0,19.519293035953808,169.0,2007.0,5.0,en,Unknown,5,3,6,961000000.0,20.68348496797515
25000000.0,17.034386422832473,113.0,2007.0,5.0,en,Unknown,5,4,5,25037897.0,17.035901154985634
14000000.0,16.454567959008102,112.0,2007.0,5.0,fr,Unknown,5,5,1,19777647.0,16.800062969100857
4000000.0,15.201805169084134,96.0,2007.0,5.0,en,Unknown,5,3,4,907456.0,13.718401461078427
2000000.0,14.508658238524095,108.0,2007.0,5.0,en,Unknown,5,1,0,22179430.0,16.91467588581532
11000000.0,16.213405921671733,150.0,2007.0,5.0,hi,Unknown,5,1,0,12000000.0,16.300417291085605
21000000.0,16.860033043306743,117.0,2007.0,5.0,en,Unknown,5,3,0,54926886.0,17.821513531584714
20000000.0,16.811242881518265,120.0,2007.0,6.0,en,Unknown,5,4,0,41637263.0,17.54450609350043
9000000.0,16.012735246411598,97.0,2007.0,6.0,en,Unknown,5,2,2,2955039.0,14.899022745109738
30000000.0,17.216707972959764,129.0,2007.0,6.0,en,Unknown,5,2,1,219076518.0,19.204931628580656
4000000.0,15.201805169084134,159.0,2007.0,6.0,ru,Unknown,5,2,1,7537453.0,15.835395017179719
85000000.0,18.258161826219297,122.0,2007.0,6.0,en,Unknown,5,4,9,311312624.0,19.556308190323495
10200000.0,16.13789837629371,93.0,2007.0,6.0,en,Unknown,5,3,2,35619521.0,17.38840441630846
85000000.0,18.258161826219297,85.0,2007.0,6.0,en,Unknown,5,2,0,149044513.0,18.81975557097019
175000000.0,18.980296537602072,96.0,2007.0,6.0,en,Unknown,5,5,6,173000000.0,18.9688021582424
130000000.0,18.683045016112164,92.0,2007.0,6.0,en,Unknown,5,5,3,289047763.0,19.48210250577697
12000000.0,16.300417291085605,185.0,2007.0,6.0,ta,Unknown,5,1,1,19000000.0,16.759949589762293
110000000.0,18.5159909328476,128.0,2007.0,6.0,en,Unknown,5,5,2,383531464.0,19.764932222342033
150000000.0,18.826145858727198,111.0,2007.0,6.0,en,Unknown,5,2,0,623722818.0,20.251216627327
150000000.0,18.826145858727198,144.0,2007.0,6.0,en,Unknown,5,5,6,709709780.0,20.38036668527991
150000000.0,18.826145858727198,138.0,2007.0,6.0,en,Unknown,5,2,0,938212738.0,20.65948728189478
35000000.0,17.370858648025116,91.0,2007.0,7.0,en,Unknown,5,5,2,69307224.0,18.05405971558002
25000000.0,17.034386422832473,104.0,2007.0,7.0,en,Unknown,5,3,1,94679598.0,18.366009107282117
85000000.0,18.258161826219297,115.0,2007.0,7.0,en,Unknown,5,2,3,186072214.0,19.041645409015075
50000000.0,17.72753358339242,117.0,2007.0,7.0,en,Unknown,5,4,5,90450008.0,18.32030786930806
22000000.0,16.906553056777135,97.0,2007.0,7.0,en,Unknown,5,2,1,413454.0,12.932303960437933
28000000.0,17.147715103853763,104.0,2007.0,7.0,en,Unknown,5,5,1,92601050.0,18.343811049444007
75000000.0,18.132998684833918,87.0,2007.0,7.0,en,Unknown,5,2,0,527068851.0,20.08284174692816
39000000.0,17.479072229734946,86.0,2007.0,7.0,en,Unknown,5,2,0,26820641.0,17.104682372891492
12000000.0,16.300417291085605,105.0,2007.0,7.0,en,Unknown,5,2,0,9620399.0,16.079396401819043
2000000.0,14.508658238524095,102.0,2007.0,7.0,en,Unknown,4,0,0,1431623.0,14.174320022192832
70000000.0,18.064005814299346,115.0,2007.0,8.0,en,Unknown,5,5,2,442824138.0,19.908683271766375
140000000.0,18.757152987716434,91.0,2007.0,8.0,en,Unknown,5,1,5,258022233.0,19.36855631746733
6000000.0,15.607270193858982,89.0,2007.0,8.0,en,Unknown,5,2,0,18197398.0,16.716789229746205
70000000.0,18.064005814299346,127.0,2007.0,8.0,en,Unknown,5,5,1,135560026.0,18.724925103876902
20000000.0,16.811242881518265,113.0,2007.0,8.0,en,Unknown,5,2,0,121463226.0,18.615122116498355
80000000.0,18.197537205138154,99.0,2007.0,8.0,en,Unknown,5,4,1,15071514.0,16.528317096405797
70000000.0,18.064005814299346,110.0,2007.0,8.0,en,Unknown,5,5,3,86658558.0,18.277486345935618
2500000.0,14.731801689838349,118.0,2007.0,8.0,ru,Unknown,5,0,4,4684165.0,15.359698442866817
14000000.0,16.454567959008102,94.0,2007.0,8.0,en,Unknown,5,3,0,9216.0,9.128804883993665
25000000.0,17.034386422832473,103.0,2007.0,8.0,en,Unknown,5,5,0,40452643.0,17.51564256398031
20000000.0,16.811242881518265,106.0,2007.0,8.0,en,Unknown,5,2,0,47738099.0,17.681240379172195
852510.0,13.655941391282369,113.0,2007.0,8.0,ro,Unknown,5,5,0,1185783.0,13.985914717163867
2500000.0,14.731801689838349,100.0,2007.0,8.0,en,Unknown,5,5,0,71904.0,11.18310108232048
30000000.0,17.216707972959764,123.0,2007.0,8.0,en,Unknown,5,4,1,129266061.0,18.677383334424874
15000000.0,16.52356082573315,109.0,2007.0,8.0,en,Unknown,5,3,1,80253908.0,18.200706029068467
20000000.0,16.811242881518265,105.0,2007.0,8.0,en,Unknown,5,5,2,16974459.0,16.647220419415557
23000000.0,16.951004817371683,124.0,2007.0,8.0,en,Unknown,5,5,1,29541790.0,17.20131646288431
4002313.0,15.202383251817546,98.0,2007.0,8.0,en,Unknown,5,1,0,6.0,1.9459101490553132
20000000.0,16.811242881518265,108.0,2007.0,9.0,en,Unknown,5,5,0,6819587.0,15.735309617437668
30000000.0,17.216707972959764,160.0,2007.0,9.0,en,Unknown,5,5,0,14711793.0,16.504160042993167
4000000.0,15.201805169084134,85.0,2007.0,9.0,en,Unknown,5,1,0,6101046.0,15.623970953759455
3500000.0,15.068273812173887,102.0,2007.0,9.0,it,Unknown,5,5,1,54947.0,10.914142562445095
5000000.0,15.424948670398354,91.0,2007.0,9.0,ru,Unknown,4,0,0,1413000.0,14.161226369380497
55000000.0,17.822843761378564,122.0,2007.0,9.0,en,Unknown,5,4,3,70016220.0,18.064237501740145
10000000.0,16.118095750958314,100.0,2007.0,9.0,en,Unknown,5,3,0,33000000.0,17.312018149733785
5000000.0,15.424948670398354,97.0,2007.0,9.0,en,Unknown,5,2,0,346592.0,12.755906459868122
27500000.0,17.129696599000436,120.0,2007.0,9.0,en,Unknown,5,3,1,24748670.0,17.024282348567542
8000000.0,15.894952224644102,99.0,2007.0,9.0,en,Unknown,5,3,0,908847.0,13.71993314245567
2000000.0,14.508658238524095,95.0,2007.0,9.0,en,Unknown,5,1,7,5364858.0,15.495380652247706
55000000.0,17.822843761378564,114.0,2007.0,9.0,en,Unknown,5,3,2,74237563.0,18.122780833403876
130000.0,11.775297421715827,80.0,2007.0,9.0,en,Unknown,3,0,0,1677.0,7.425357887027151
15000000.0,16.52356082573315,148.0,2007.0,9.0,en,Unknown,5,4,2,56255142.0,17.845408025980344
20000000.0,16.811242881518265,97.0,2007.0,9.0,en,Unknown,5,1,0,8380329.0,15.941397851157856
15000.0,9.61587214452889,86.0,2007.0,9.0,en,Unknown,5,2,0,193355800.0,19.080042578153495
70000000.0,18.064005814299346,122.0,2007.0,9.0,en,Unknown,5,3,4,69766619.0,18.060666229851574
51500000.0,17.75709238505144,100.0,2007.0,9.0,en,Unknown,5,5,7,55112356.0,17.82488451395229
1400000.0,14.151983508870947,90.0,2007.0,9.0,en,Unknown,0,0,1,435000.0,12.983103608918753
3800000.0,15.150511887854474,121.0,2007.0,9.0,ja,Unknown,5,2,0,2725258.0,14.818074027434468
18000000.0,16.705882371415992,120.0,2007.0,9.0,ru,Unknown,5,5,0,26527510.0,17.093692903393823
45000000.0,17.622173069956816,94.0,2007.0,9.0,en,Unknown,5,4,5,148412065.0,18.815503192669926
2600000.0,14.77102238760702,92.0,2007.0,9.0,es,Unknown,5,4,0,553198.0,13.223473071106609
4000000.0,15.201805169084134,105.0,2007.0,9.0,en,Unknown,5,2,0,46474.0,10.746669812589644
25000000.0,17.034386422832473,101.0,2007.0,9.0,en,Unknown,5,5,0,59192128.0,17.89629913493371
16500000.0,16.61887099947687,108.0,2007.0,9.0,en,Unknown,5,3,0,13620075.0,16.42705543869944
5200000.0,15.46416937585933,118.0,2007.0,9.0,pl,Unknown,5,3,0,14723313.0,16.504942781795293
16000000.0,16.588099342704055,113.0,2007.0,9.0,en,Unknown,5,4,0,2849142.0,14.862528805270609
18000000.0,16.705882371415992,117.0,2007.0,9.0,en,Unknown,5,5,7,25005257.0,17.034596680718323
3800000.0,15.150511887854474,122.0,2007.0,9.0,de,Unknown,5,5,0,17804565.0,16.694965499221425
22000000.0,16.906553056777135,110.0,2007.0,9.0,en,Unknown,5,3,1,147880543.0,18.81191537068431
25000000.0,17.034386422832473,119.0,2007.0,9.0,en,Unknown,5,3,0,92991835.0,18.34802226231797
440141.0,12.994852681101927,160.0,2007.0,9.0,te,Unknown,5,1,0,2640850.0,14.786611771664237
16000000.0,16.588099342704055,91.0,2007.0,9.0,en,Unknown,5,2,4,24377151.0,17.009156858130588
20000000.0,16.811242881518265,135.0,2007.0,10.0,en,Unknown,5,5,2,4001121.0,15.202085379751395
1500000.0,14.220976332738882,86.0,2007.0,10.0,en,Unknown,5,2,0,173066.0,12.061434081742114
45000000.0,17.622173069956816,139.0,2007.0,10.0,en,Unknown,5,2,4,4607608.0,15.343219625327137
60000000.0,17.909855136853043,116.0,2007.0,10.0,en,Unknown,5,4,7,127766650.0,18.66571611906331
16000000.0,16.588099342704055,124.0,2007.0,10.0,en,Unknown,5,1,0,34786960.0,17.364753190625102
12000000.0,16.300417291085605,106.0,2007.0,10.0,en,Unknown,5,3,0,11293663.0,16.23975241846247
15000000.0,16.52356082573315,113.0,2007.0,10.0,en,Unknown,5,1,2,55184721.0,17.826196697575636
20000000.0,16.811242881518265,128.0,2007.0,10.0,en,Unknown,5,5,4,73276047.0,18.10974434674486
30000000.0,17.216707972959764,113.0,2007.0,10.0,en,Unknown,5,4,1,75505973.0,18.139722336916783
6000000.0,15.607270193858982,135.0,2007.0,10.0,ru,Unknown,5,1,0,11171900.0,16.22891234456863
19000000.0,16.759949589762293,113.0,2007.0,10.0,en,Unknown,5,2,0,34619699.0,17.359933442163527
15000000.0,16.52356082573315,112.0,2007.0,10.0,en,Unknown,5,4,1,7938872.0,15.887281883602348
35000000.0,17.370858648025116,92.0,2007.0,10.0,en,Unknown,5,5,2,63215872.0,17.962065982646223
10000000.0,16.118095750958314,93.0,2007.0,10.0,en,Unknown,5,2,2,139352633.0,18.7525182137588
2300000.0,14.648420115681892,145.0,2007.0,10.0,hi,Unknown,5,1,0,4600000.0,15.341567078850604
25000000.0,17.034386422832473,98.0,2007.0,10.0,en,Unknown,5,3,0,68377859.0,18.040559645985212
150000000.0,18.826145858727198,91.0,2007.0,10.0,en,Unknown,5,3,0,287594577.0,19.477062331060434
100000000.0,18.420680753952364,157.0,2007.0,11.0,en,Unknown,5,5,15,266465037.0,19.400753603470644
100000000.0,18.420680753952364,116.0,2007.0,11.0,en,Unknown,5,4,2,97838349.0,18.398827184932795
70000000.0,18.064005814299346,115.0,2007.0,11.0,en,Unknown,5,4,12,195735876.0,19.092276742084234
9100000.0,16.02378508137718,170.0,2007.0,11.0,hi,Unknown,5,1,0,37707444.0,17.445368113027712
25000000.0,17.034386422832473,122.0,2007.0,11.0,en,Unknown,5,4,7,171600000.0,18.960676750845643
8000000.0,15.894952224644102,98.0,2007.0,11.0,en,Unknown,5,1,0,7766240.0,15.865296821498916
30000000.0,17.216707972959764,126.0,2007.0,11.0,en,Unknown,5,3,2,156835339.0,18.870707023138788
9000000.0,16.012735246411598,100.0,2007.0,11.0,en,Unknown,5,0,0,706000.0,13.467371932904971
85000000.0,18.258161826219297,107.0,2007.0,11.0,en,Unknown,5,4,2,340487652.0,19.64588942151606
24000000.0,16.993564429978885,89.0,2007.0,11.0,en,Unknown,5,5,0,99965753.0,18.42033822529955
25000000.0,17.034386422832473,114.0,2007.0,11.0,en,Unknown,5,3,0,66122026.0,18.007012486829534
18000000.0,16.705882371415992,126.0,2007.0,11.0,en,Unknown,5,2,3,57096190.0,17.860247964870545
12000000.0,16.300417291085605,94.0,2007.0,11.0,en,Unknown,5,5,0,5285197.0,15.48042064110693
86000000.0,18.26985786584569,84.0,2007.0,11.0,en,Unknown,5,3,0,14373825.0,16.48091947174733
180000000.0,19.00846741441004,113.0,2007.0,12.0,en,Unknown,5,4,2,372234864.0,19.73503557054199
7500000.0,15.830413711839864,96.0,2007.0,12.0,en,Unknown,5,2,1,231411584.0,19.259708436293465
60000000.0,17.909855136853043,92.0,2007.0,12.0,en,Unknown,5,4,2,361366633.0,19.70540360756584
130000000.0,18.683045016112164,124.0,2007.0,12.0,en,Unknown,5,5,5,457363168.0,19.94098831379226
150000000.0,18.826145858727198,101.0,2007.0,12.0,en,Unknown,5,5,1,585349010.0,20.1877188273011
38000000.0,17.453096744006448,93.0,2007.0,12.0,en,Unknown,5,5,0,5410749.0,15.503898273376775
75000000.0,18.132998684833918,102.0,2007.0,12.0,en,Unknown,5,3,8,119000410.0,18.594637504851352
50000000.0,17.72753358339242,116.0,2007.0,12.0,en,Unknown,5,5,12,152000000.0,18.839391085389497
35000000.0,17.370858648025116,96.0,2007.0,12.0,en,Unknown,5,2,2,18317151.0,16.723348446610046
2600000.0,14.77102238760702,165.0,2007.0,12.0,hi,Unknown,5,4,0,28430000.0,17.162955518801294
5000000.0,15.424948670398354,125.0,2007.0,12.0,ru,Unknown,5,1,2,55635037.0,17.834323740596982
45000000.0,17.622173069956816,97.0,2007.0,12.0,en,Unknown,5,3,10,175372502.0,18.98242285822424
40000000.0,17.50439003707821,94.0,2007.0,12.0,en,Unknown,5,4,0,41797066.0,17.54833672756902
40000000.0,17.50439003707821,112.0,2007.0,12.0,en,Unknown,5,4,2,103071443.0,18.450932936811025
15000000.0,16.52356082573315,126.0,2007.0,12.0,en,Unknown,5,3,1,30226144.0,17.224217836295164
25000000.0,17.034386422832473,158.0,2007.0,12.0,en,Unknown,5,3,4,77208711.0,18.162022858368886
20000000.0,16.811242881518265,98.0,2008.0,1.0,en,Unknown,5,4,0,21972336.0,16.905294811029556
14000000.0,16.454567959008102,135.0,2008.0,1.0,hi,Unknown,5,1,0,25000000.0,17.034386422832473
11000000.0,16.213405921671733,106.0,2008.0,1.0,fr,Unknown,5,5,0,53191886.0,17.789416442682565
30000000.0,17.216707972959764,111.0,2008.0,1.0,en,Unknown,5,3,1,160259319.0,18.892303811200243
97250400.0,18.392799663847644,116.0,2008.0,1.0,fr,Unknown,5,5,0,132900000.0,18.70510753120793
25000000.0,17.034386422832473,85.0,2008.0,1.0,en,Unknown,5,2,0,170764026.0,18.955793202382242
11500000.0,16.257857680289998,93.0,2008.0,1.0,en,Unknown,5,2,0,69564.0,11.150016846275976
15000000.0,16.52356082573315,111.0,2008.0,1.0,en,Unknown,5,5,2,5926410.0,15.594929360093731
5000000.0,15.424948670398354,102.0,2008.0,1.0,en,Unknown,5,3,1,16174377.0,16.598938943206903
19000000.0,16.759949589762293,130.0,2008.0,1.0,fr,Unknown,5,5,2,23550000.0,16.974636420889546
35000000.0,17.370858648025116,101.0,2008.0,1.0,en,Unknown,5,3,3,32483410.0,17.296240086216603
50000000.0,17.72753358339242,92.0,2008.0,1.0,en,Unknown,5,5,5,113244290.0,18.545057910460734
30000000.0,17.216707972959764,84.0,2008.0,1.0,en,Unknown,5,2,2,84646831.0,18.253998241153198
4000000.0,15.201805169084134,115.0,2008.0,1.0,sv,Unknown,5,1,0,10785801.0,16.193741197581204
560000.0,13.235693848424024,102.0,2008.0,1.0,nl,Unknown,5,0,0,1500000.0,14.220976332738882
55000000.0,17.822843761378564,141.0,2008.0,1.0,en,Unknown,5,3,19,113020255.0,18.54307761724923
40000000.0,17.50439003707821,90.0,2008.0,2.0,en,Unknown,5,5,0,151161491.0,18.83385930673292
12000000.0,16.300417291085605,98.0,2008.0,2.0,en,Unknown,5,2,0,56309766.0,17.84637855941368
28000000.0,17.147715103853763,99.0,2008.0,2.0,en,Unknown,5,5,1,92380927.0,18.341431108380664
10000000.0,16.118095750958314,100.0,2008.0,2.0,en,Unknown,5,3,0,22896728.0,16.946504619894142
70000000.0,18.064005814299346,112.0,2008.0,2.0,en,Unknown,5,2,3,111231041.0,18.5271200555006
35000000.0,17.370858648025116,114.0,2008.0,2.0,en,Unknown,5,2,2,43650785.0,17.591731846960617
15000000.0,16.52356082573315,107.0,2008.0,2.0,en,Unknown,5,5,0,34533783.0,17.357448649229443
3500000.0,15.068273812173887,97.0,2008.0,2.0,en,Unknown,5,3,0,1115493.0,13.924807914086337
6000000.0,15.607270193858982,138.0,2008.0,2.0,en,Unknown,5,2,0,1300000.0,14.077875591662238
85000000.0,18.258161826219297,88.0,2008.0,2.0,en,Unknown,5,3,4,222231186.0,19.21922878085644
23000000.0,16.951004817371683,98.0,2008.0,2.0,en,Unknown,5,3,0,150816700.0,18.831575756742744
90000000.0,18.31532023940565,95.0,2008.0,2.0,en,Unknown,5,2,5,162839667.0,18.90827664278587
8376800.0,15.94097665733271,213.0,2008.0,2.0,hi,Unknown,5,2,1,13000000.0,16.380459992348886
25000000.0,17.034386422832473,93.0,2008.0,2.0,en,Unknown,5,5,1,226830568.0,19.23971390468595
105000000.0,18.46947091764561,109.0,2008.0,2.0,en,Unknown,5,5,5,266000000.0,19.39900687050537
500000.0,13.122365377402328,90.0,2008.0,2.0,tr,Unknown,4,0,0,5330000.0,15.48886198375927
3500000.0,15.068273812173887,75.0,2008.0,2.0,en,Unknown,5,3,0,5231128.0,15.470137682725413
20000000.0,16.811242881518265,112.0,2008.0,2.0,en,Unknown,5,5,6,64822796.0,17.987167905008995
85000000.0,18.258161826219297,88.0,2008.0,3.0,en,Unknown,5,3,0,297138014.0,19.50970728579847
20000000.0,16.811242881518265,115.0,2008.0,3.0,en,Unknown,5,3,1,41627431.0,17.54426993098455
400000.0,12.899222326086994,80.0,2008.0,3.0,en,Unknown,3,0,0,5255.0,8.567125560164447
7500000.0,15.830413711839864,107.0,2008.0,3.0,de,Unknown,5,1,1,19000000.0,16.759949589762293
7000000.0,15.76142084987672,97.0,2008.0,3.0,en,Unknown,5,2,0,8900000.0,16.001561947061912
30000000.0,17.216707972959764,108.0,2008.0,3.0,en,Unknown,5,5,0,22211426.0,16.91611744414433
58000000.0,17.87595358575207,114.0,2008.0,3.0,en,Unknown,5,4,5,41299492.0,17.536360781826854
35000000.0,17.370858648025116,85.0,2008.0,3.0,en,Unknown,5,1,0,25871834.0,17.06866548322767
35000000.0,17.370858648025116,123.0,2008.0,3.0,en,Unknown,5,2,3,69823199.0,18.06147689073069
5940000.0,15.597219859688982,117.0,2008.0,3.0,it,Unknown,5,2,0,4250000.0,15.26242977619469
25000000.0,17.034386422832473,113.0,2008.0,3.0,en,Unknown,5,4,1,11207130.0,16.232060830088717
18000000.0,16.705882371415992,120.0,2008.0,3.0,de,Unknown,5,1,0,40239.0,10.602616804773621
37000000.0,17.426428497635523,96.0,2008.0,4.0,en,Unknown,5,1,0,100076342.0,18.421443882687914
20000000.0,16.811242881518265,109.0,2008.0,4.0,en,Unknown,5,4,1,65569869.0,17.998626849623836
7000000.0,15.76142084987672,95.0,2008.0,4.0,en,Unknown,5,5,0,10569964.0,16.17352704658266
30000000.0,17.216707972959764,111.0,2008.0,4.0,en,Unknown,5,2,0,105173115.0,18.47111827427828
55000000.0,17.822843761378564,104.0,2008.0,4.0,en,Unknown,5,4,3,127906624.0,18.666811063487494
3500000.0,15.068273812173887,90.0,2008.0,4.0,en,Unknown,4,1,0,7700000.0,15.856731016694035
30000000.0,17.216707972959764,99.0,2008.0,4.0,en,Unknown,5,2,0,63833449.0,17.971787905591434
50000000.0,17.72753358339242,115.0,2008.0,4.0,en,Unknown,5,5,0,7033683.0,15.76622116635523
25000000.0,17.034386422832473,107.0,2008.0,4.0,en,Unknown,5,5,0,17741298.0,16.691405756516684
12000000.0,16.300417291085605,107.0,2008.0,4.0,en,Unknown,5,1,0,43493123.0,17.588113414599178
5000000.0,15.424948670398354,106.0,2008.0,4.0,en,Unknown,5,0,0,1296184.0,14.074935892620566
140000000.0,18.757152987716434,126.0,2008.0,4.0,en,Unknown,5,2,3,585174222.0,20.18742017795144
40000000.0,17.50439003707821,101.0,2008.0,5.0,en,Unknown,5,2,0,84601681.0,18.253464706175503
12500000.0,16.341239282272525,94.0,2008.0,5.0,en,Unknown,5,3,0,20416563.0,16.83185709013693
35000000.0,17.370858648025116,99.0,2008.0,5.0,da,Unknown,5,5,1,170000000.0,18.951309000896888
120000000.0,18.603002309079653,135.0,2008.0,5.0,en,Unknown,5,5,2,93945766.0,18.358228226927913
65000000.0,17.989897843244528,145.0,2008.0,5.0,en,Unknown,5,3,0,415252786.0,19.84439801805466
15000000.0,16.52356082573315,120.0,2008.0,5.0,en,Unknown,5,4,4,377910544.0,19.750168072137864
25000000.0,17.034386422832473,121.0,2008.0,5.0,en,Unknown,5,5,2,19844979.0,16.803461636388263
225000000.0,19.23161096461314,150.0,2008.0,5.0,en,Unknown,5,5,3,419651413.0,19.854934957961998
1000000.0,13.815511557963774,106.0,2008.0,5.0,en,Unknown,3,0,0,57.0,4.060443010546419
185000000.0,19.035866388448003,122.0,2008.0,5.0,en,Unknown,5,2,24,786636033.0,20.48327622672714
7275000.0,15.799954508478866,110.0,2008.0,5.0,it,Unknown,5,1,0,11260366.0,16.236799773395113
9000000.0,16.012735246411598,86.0,2008.0,5.0,en,Unknown,5,3,0,82391145.0,18.22698853765007
130000000.0,18.683045016112164,90.0,2008.0,6.0,en,Unknown,5,1,0,631744560.0,20.263995694777233
6000000.0,15.607270193858982,96.0,2008.0,6.0,fr,Unknown,5,5,0,276891.0,12.531382817445195
90000000.0,18.31532023940565,113.0,2008.0,6.0,en,Unknown,5,4,4,201596308.0,19.12177778546214
2000000.0,14.508658238524095,123.0,2008.0,6.0,ru,Unknown,5,1,0,38135878.0,17.45666610300672
60000000.0,17.909855136853043,91.0,2008.0,6.0,en,Unknown,5,5,5,163403799.0,18.911734995933717
150000000.0,18.826145858727198,114.0,2008.0,6.0,en,Unknown,5,4,3,163712074.0,18.91361980260207
80000000.0,18.197537205138154,110.0,2008.0,6.0,en,Unknown,5,5,5,230685453.0,19.256565669574005
75000000.0,18.132998684833918,110.0,2008.0,6.0,en,Unknown,5,5,3,258270008.0,19.3695161421495
62000000.0,17.9426449591384,87.0,2008.0,6.0,en,Unknown,5,3,0,41819064.0,17.548862893991245
180000000.0,19.00846741441004,98.0,2008.0,6.0,en,Unknown,5,3,1,521311860.0,20.071859002213046
2000000.0,14.508658238524095,90.0,2008.0,6.0,he,Unknown,4,3,0,11125849.0,16.224781787592285
145000000.0,18.7922443072814,112.0,2008.0,7.0,en,Unknown,5,5,7,401128639.0,19.809792731831152
150000000.0,18.826145858727198,92.0,2008.0,7.0,en,Unknown,5,5,4,624029371.0,20.25170799573874
2000000.0,14.508658238524095,93.0,2008.0,7.0,ru,Unknown,5,0,0,273137.0,12.517732440953283
6000000.0,15.607270193858982,99.0,2008.0,7.0,en,Unknown,5,2,0,2899975.0,14.880213019060388
40000000.0,17.50439003707821,125.0,2008.0,7.0,zh,Unknown,4,5,2,7400000.0,15.816990693309524
52000000.0,17.76675429577647,108.0,2008.0,7.0,en,Unknown,5,5,0,609841637.0,20.2287098715911
2300000.0,14.648420115681892,155.0,2008.0,7.0,en,Unknown,5,1,0,11100000.0,16.22245575637265
20000000.0,16.811242881518265,171.0,2008.0,7.0,hi,Unknown,5,1,0,5000000.0,15.424948670398354
60000000.0,17.909855136853043,90.0,2008.0,7.0,en,Unknown,5,5,4,50650079.0,17.74045136812465
45000000.0,17.622173069956816,93.0,2008.0,7.0,en,Unknown,5,2,0,101702060.0,18.43755812630017
80341000.0,18.201790646364717,150.0,2008.0,7.0,zh,Unknown,5,3,6,127814609.0,18.66609141262259
85000000.0,18.258161826219297,120.0,2008.0,7.0,en,Unknown,5,5,5,160388063.0,18.893106836662746
200000.0,12.206077645517674,42.0,2008.0,7.0,en,Unknown,5,0,1,3.0,1.3862943611198906
185000000.0,19.035866388448003,152.0,2008.0,7.0,en,Unknown,5,5,5,1004558444.0,20.727813923702396
37000000.0,17.426428497635523,81.0,2008.0,7.0,en,Unknown,5,5,0,63800345.0,17.971269171497806
4180000.0,15.24582204373536,153.0,2008.0,7.0,hi,Unknown,5,1,0,11000000.0,16.213405921671733
41677699.0,17.545476771545133,100.0,2008.0,7.0,ja,Unknown,5,5,5,187479518.0,19.04918016540849
30000000.0,17.216707972959764,104.0,2008.0,7.0,en,Unknown,5,4,0,68369434.0,18.040436425997413
20000000.0,16.811242881518265,133.0,2008.0,7.0,en,Unknown,5,5,1,13204291.0,16.396052486221453
65000000.0,17.989897843244528,98.0,2008.0,7.0,en,Unknown,5,5,2,128107642.0,18.668381429411863
21000000.0,16.860033043306743,120.0,2008.0,8.0,en,Unknown,5,1,0,17600000.0,16.68340951682656
8500000.0,15.955576839107596,98.0,2008.0,8.0,en,Unknown,5,1,0,68282844.0,18.03916912168915
27000000.0,17.11134746100564,117.0,2008.0,8.0,en,Unknown,5,0,0,44352417.0,17.607677786090477
27000000.0,17.11134746100564,111.0,2008.0,8.0,en,Unknown,5,2,0,101624843.0,18.43679859077572
5000000.0,15.424948670398354,110.0,2008.0,8.0,en,Unknown,5,2,2,4040588.0,15.211901031389909
15000000.0,16.52356082573315,98.0,2008.0,8.0,en,Unknown,5,4,0,3533227.0,15.077722458649065
8000000.0,15.894952224644102,111.0,2008.0,8.0,en,Unknown,5,4,0,2033165.0,14.525104742007036
13000000.0,16.380459992348886,112.0,2008.0,8.0,en,Unknown,5,1,1,14894347.0,16.516492370093236
92000000.0,18.33729914588288,107.0,2008.0,8.0,en,Unknown,5,4,3,188072649.0,19.05233888231721
2400000.0,14.690979711984754,153.0,2008.0,8.0,hi,Unknown,5,1,0,9600000.0,16.077273760604726
15000000.0,16.52356082573315,96.0,2008.0,8.0,en,Unknown,5,5,16,96408652.0,18.384106516963246
11000000.0,16.213405921671733,80.0,2008.0,8.0,en,Unknown,5,2,1,15500000.0,16.5563506464056
35000000.0,17.370858648025116,110.0,2008.0,8.0,en,Unknown,5,5,1,72436439.0,18.098220045652603
20000000.0,16.811242881518265,142.0,2008.0,8.0,ja,Unknown,5,2,0,31244858.0,17.2573654086131
70000000.0,18.064005814299346,101.0,2008.0,8.0,en,Unknown,5,5,1,72108608.0,18.093683998733237
15000000.0,16.52356082573315,102.0,2008.0,8.0,en,Unknown,5,1,1,8762890.0,15.986036431298068
45000000.0,17.622173069956816,99.0,2008.0,8.0,en,Unknown,5,5,1,42487390.0,17.564717907522787
750000.0,13.527829818844937,179.0,2008.0,8.0,en,Unknown,1,1,3,2760000.0,14.830741600012107
25000000.0,17.034386422832473,97.0,2008.0,8.0,en,Unknown,5,4,0,70442940.0,18.070313592566237
45000000.0,17.622173069956816,105.0,2008.0,8.0,en,Unknown,5,5,5,73762516.0,18.116361260816948
22000000.0,16.906553056777135,114.0,2008.0,8.0,en,Unknown,5,4,0,23530831.0,16.97382211919445
7000000.0,15.76142084987672,94.0,2008.0,8.0,en,Unknown,5,1,0,6230276.0,15.644931352054511
25000000.0,17.034386422832473,87.0,2008.0,8.0,en,Unknown,5,3,3,14109284.0,16.4623436492637
18000000.0,16.705882371415992,114.0,2008.0,9.0,en,Unknown,5,4,3,25739015.0,17.0635185309633
6000000.0,15.607270193858982,85.0,2008.0,9.0,en,Unknown,5,0,0,69497.0,11.149053254160401
1400000.0,14.151983508870947,103.0,2008.0,9.0,hi,Unknown,5,1,0,3500000.0,15.068273812173887
37000000.0,17.426428497635523,96.0,2008.0,9.0,en,Unknown,5,5,8,163720069.0,18.913668637147634
12000000.0,16.300417291085605,103.0,2008.0,9.0,en,Unknown,5,5,1,7070330.0,15.771417854315745
14700000.0,16.503358119776173,103.0,2008.0,9.0,en,Unknown,5,1,0,8049666.0,15.901141282079504
6000000.0,15.607270193858982,109.0,2008.0,9.0,en,Unknown,5,4,3,44703995.0,17.61557345156137
30000000.0,17.216707972959764,130.0,2008.0,9.0,en,Unknown,5,5,2,31148328.0,17.254271158099154
20000000.0,16.811242881518265,114.0,2008.0,9.0,en,Unknown,5,3,1,5530764.0,15.525836700278125
60000000.0,17.909855136853043,101.0,2008.0,9.0,en,Unknown,5,5,2,73174566.0,18.108358473203225
16000000.0,16.588099342704055,114.0,2008.0,9.0,en,Unknown,5,1,0,50007546.0,17.727684492002126
20000000.0,16.811242881518265,115.0,2008.0,9.0,en,Unknown,5,3,1,20211394.0,16.821757112232703
45000000.0,17.622173069956816,160.0,2008.0,9.0,en,Unknown,5,4,11,9323833.0,16.048084475461497
11000000.0,16.213405921671733,114.0,2008.0,9.0,en,Unknown,5,4,1,38105395.0,17.455866457365318
3000000.0,14.914123179965662,99.0,2008.0,9.0,ru,Unknown,5,1,0,9713500.0,16.08902733141047
24000000.0,16.993564429978885,102.0,2008.0,9.0,en,Unknown,5,2,7,42105111.0,17.555679716459316
20000000.0,16.811242881518265,101.0,2008.0,9.0,en,Unknown,5,5,3,36620508.0,17.416118996622508
20000000.0,16.811242881518265,110.0,2008.0,9.0,en,Unknown,5,2,3,27640028.0,17.134775606067244
25000000.0,17.034386422832473,87.0,2008.0,9.0,en,Unknown,5,2,0,30000000.0,17.216707972959764
80000000.0,18.197537205138154,118.0,2008.0,9.0,en,Unknown,5,4,4,178066569.0,18.997668027104037
3000000.0,14.914123179965662,92.0,2008.0,9.0,en,Unknown,5,5,0,3830137.0,15.158411391839309
25000000.0,17.034386422832473,93.0,2008.0,9.0,en,Unknown,5,5,0,2000000.0,14.508658238524095
500000.0,13.122365377402328,122.0,2008.0,9.0,en,Unknown,5,5,1,33456317.0,17.3257512056269
15000000.0,16.52356082573315,150.0,2008.0,10.0,hi,Unknown,5,0,0,3250000.0,14.99416586199818
27000000.0,17.11134746100564,110.0,2008.0,10.0,en,Unknown,5,5,0,17286299.0,16.665424838229164
20000000.0,16.811242881518265,91.0,2008.0,10.0,en,Unknown,5,1,5,149281606.0,18.821345060010724
9000000.0,16.012735246411598,89.0,2008.0,10.0,en,Unknown,5,4,1,32973937.0,17.31122804983219
20000000.0,16.811242881518265,83.0,2008.0,10.0,en,Unknown,5,1,4,7000000.0,15.76142084987672
55000000.0,17.822843761378564,90.0,2008.0,10.0,en,Unknown,5,2,1,17869048.0,16.698580668036232
230000.0,12.345838935721968,92.0,2008.0,10.0,en,Unknown,5,5,0,2260712.0,14.63119080821866
70000000.0,18.064005814299346,128.0,2008.0,10.0,en,Unknown,5,3,16,113280098.0,18.54537406184998
40000000.0,17.50439003707821,130.0,2008.0,10.0,en,Unknown,5,3,4,9793496.0,16.097229151951264
12000000.0,16.300417291085605,89.0,2008.0,10.0,en,Unknown,5,3,0,40855419.0,17.525550051007556
15000000.0,16.52356082573315,131.0,2008.0,10.0,en,Unknown,5,5,4,42000000.0,17.553180200057167
6400000.0,15.671808704579888,130.0,2008.0,10.0,en,Unknown,5,1,0,2556911.0,14.754310838350637
35000000.0,17.370858648025116,100.0,2008.0,10.0,en,Unknown,5,5,3,85416905.0,18.263054601696076
19000000.0,16.759949589762293,109.0,2008.0,10.0,en,Unknown,5,3,0,18755936.0,16.74702090026083
25100000.0,17.038378443942648,131.0,2008.0,10.0,en,Unknown,5,3,13,29506464.0,17.200119949842012
25000000.0,17.034386422832473,104.0,2008.0,10.0,en,Unknown,5,4,10,6673422.0,15.713643479656406
9750000.0,16.092777945538128,99.0,2008.0,10.0,en,Unknown,5,4,0,558000.0,13.232116033476537
10800000.0,16.195056784687036,92.0,2008.0,10.0,en,Unknown,5,2,0,113857533.0,18.55045852307596
6000000.0,15.607270193858982,108.0,2008.0,10.0,en,Unknown,5,5,0,391410.0,12.877513437790382
150000000.0,18.826145858727198,89.0,2008.0,10.0,en,Unknown,5,1,2,603900354.0,20.218919767123626
200000000.0,19.11382792951231,106.0,2008.0,10.0,en,Unknown,5,1,5,586090727.0,20.188985161495555
18000000.0,16.705882371415992,98.0,2008.0,11.0,en,Unknown,5,1,0,382174.0,12.853633897869235
10000000.0,16.118095750958314,142.0,2008.0,11.0,hi,Unknown,5,1,0,20000000.0,16.811242881518265
3000000.0,14.914123179965662,169.0,2008.0,11.0,ta,Unknown,5,0,0,14000000.0,16.454567959008102
4000000.0,15.201805169084134,103.0,2008.0,11.0,nl,Unknown,5,5,1,530048.0,13.180724734084993
130000000.0,18.683045016112164,165.0,2008.0,11.0,en,Unknown,5,5,3,49554002.0,17.718573602560923
12000000.0,16.300417291085605,110.0,2008.0,11.0,en,Unknown,5,3,1,3148182.0,14.962336018977219
37000000.0,17.426428497635523,122.0,2008.0,11.0,en,Unknown,5,5,2,392616625.0,19.78834418735622
150000000.0,18.826145858727198,98.0,2008.0,11.0,en,Unknown,5,1,0,309979994.0,19.552018321103105
150000000.0,18.826145858727198,166.0,2008.0,11.0,en,Unknown,5,3,6,333932083.0,19.62644818894696
30000000.0,17.216707972959764,104.0,2008.0,11.0,en,Unknown,5,4,0,108979549.0,18.506670807912684
80000000.0,18.197537205138154,88.0,2008.0,11.0,en,Unknown,5,5,0,163733697.0,18.913751873325314
20000000.0,16.811242881518265,128.0,2008.0,11.0,en,Unknown,5,1,6,54586584.0,17.81529871455624
20000000.0,16.811242881518265,104.0,2008.0,11.0,en,Unknown,5,2,0,50907234.0,17.745515612873444
3600000.0,15.096444681204078,110.0,2008.0,11.0,ru,Unknown,5,1,0,766075.0,13.549036660511259
3200000.0,14.978661680269907,86.0,2008.0,12.0,ru,Unknown,5,1,0,3877492.0,15.17069936874429
8500000.0,15.955576839107596,98.0,2008.0,12.0,th,Unknown,4,1,0,8936663.0,16.005672923147866
20500000.0,16.835935492889124,102.0,2008.0,12.0,en,Unknown,5,5,0,10089373.0,16.12699334877976
33000000.0,17.312018149733785,116.0,2008.0,12.0,en,Unknown,5,5,20,269958228.0,19.413777797586818
70000000.0,18.064005814299346,104.0,2008.0,12.0,en,Unknown,5,4,3,225990978.0,19.236005640510694
80000000.0,18.197537205138154,104.0,2008.0,12.0,en,Unknown,5,5,1,233093859.0,19.266951763032726
2500000.0,14.731801689838349,90.0,2008.0,12.0,en,Unknown,3,1,0,107559.0,11.585804110382801
32000000.0,17.281246492014,124.0,2008.0,12.0,en,Unknown,5,5,2,113019290.0,18.54306907892032
60000000.0,17.909855136853043,106.0,2008.0,12.0,en,Unknown,5,2,3,57490374.0,17.867128100451744
11715578.0,16.276430052518336,108.0,2008.0,12.0,cn,Unknown,5,1,0,21888598.0,16.901476465623524
15000000.0,16.52356082573315,102.0,2008.0,12.0,en,Unknown,5,1,0,317000.0,12.666660207428574
55000000.0,17.822843761378564,123.0,2008.0,12.0,en,Unknown,5,4,1,168167691.0,18.940472206197107
36500000.0,17.41282284594998,115.0,2008.0,12.0,ru,Unknown,5,4,1,21834845.0,16.8990176919802
11500000.0,16.257857680289998,108.0,2008.0,12.0,en,Unknown,5,2,1,186702.0,12.137274397959901
35000000.0,17.370858648025116,119.0,2008.0,12.0,en,Unknown,5,5,3,75225693.0,18.13600340609419
60000000.0,17.909855136853043,93.0,2008.0,12.0,en,Unknown,5,1,0,50877145.0,17.744924382655586
3000000.0,14.914123179965662,100.0,2008.0,12.0,ru,Unknown,5,2,0,17850711.0,16.6975539533496
80000000.0,18.197537205138154,99.0,2008.0,12.0,en,Unknown,5,3,6,212874442.0,19.17621308038469
60000000.0,17.909855136853043,115.0,2008.0,12.0,en,Unknown,5,2,2,244082376.0,19.31301633693556
15000000.0,16.52356082573315,130.0,2008.0,12.0,ru,Unknown,5,1,0,16810383.0,16.6375073486694
15000000.0,16.52356082573315,90.0,2008.0,12.0,en,Unknown,5,1,1,1143856.0,13.949916443108728
60000000.0,17.909855136853043,103.0,2008.0,12.0,en,Unknown,5,5,0,39031337.0,17.47987541989127
9100000.0,16.02378508137718,183.0,2008.0,12.0,hi,Unknown,5,1,1,76000000.0,18.1462439114085
75000000.0,18.132998684833918,121.0,2008.0,12.0,en,Unknown,5,4,4,200276000.0,19.115206978180538
32000000.0,17.281246492014,137.0,2008.0,12.0,en,Unknown,5,5,6,51155219.0,17.7503750979408
500000.0,13.122365377402328,78.0,2009.0,1.0,en,Unknown,5,0,0,11276.0,9.330520532232288
20000000.0,16.811242881518265,98.0,2009.0,1.0,en,Unknown,5,5,0,51416464.0,17.755469009869756
80000000.0,18.197537205138154,136.0,2009.0,1.0,zh,Unknown,5,3,7,121059225.0,18.611790454883504
30000000.0,17.216707972959764,89.0,2009.0,1.0,en,Unknown,5,5,3,114663461.0,18.5575119786046
16000000.0,16.588099342704055,87.0,2009.0,1.0,en,Unknown,5,4,2,76514050.0,18.152984955133523
800000.0,13.592368256649284,91.0,2009.0,1.0,no,Unknown,5,5,0,1984662.0,14.500959684390562
26000000.0,17.073607134447293,91.0,2009.0,1.0,en,Unknown,5,4,4,183293131.0,19.02659724347731
10500000.0,16.166885910365842,149.0,2009.0,1.0,hi,Unknown,5,1,0,9400000.0,16.056220353623207
2915739.0,14.885634204898096,132.0,2009.0,1.0,te,Unknown,5,0,0,14000000.0,16.454567959008102
17000000.0,16.648723960844016,133.0,2009.0,1.0,en,Unknown,5,5,5,29536299.0,17.201130573329557
15000000.0,16.52356082573315,101.0,2009.0,1.0,en,Unknown,5,1,1,100734718.0,18.428001074831062
35000000.0,17.370858648025116,100.0,2009.0,1.0,en,Unknown,5,2,0,73034460.0,18.10644195621654
250000.0,12.429220196836383,91.0,2009.0,1.0,en,Unknown,5,1,0,232732.0,12.35764715272957
13000000.0,16.380459992348886,98.0,2009.0,1.0,en,Unknown,5,1,0,10652035.0,16.181261605557264
1700000.0,14.346139397261565,77.0,2009.0,1.0,en,Unknown,5,3,10,1007962.0,13.82344202059055
35000000.0,17.370858648025116,92.0,2009.0,1.0,en,Unknown,5,4,0,91353501.0,18.330247176123542
26000000.0,17.073607134447293,104.0,2009.0,1.0,en,Unknown,5,5,3,43318349.0,17.584086890729015
8000000.0,15.894952224644102,97.0,2009.0,1.0,en,Unknown,5,5,0,29010817.0,17.18317935287344
50000000.0,17.72753358339242,118.0,2009.0,2.0,en,Unknown,5,4,2,60161391.0,17.912541375636046
60000000.0,17.909855136853043,100.0,2009.0,2.0,en,Unknown,5,2,3,124596398.0,18.64059026341846
40000000.0,17.50439003707821,104.0,2009.0,2.0,en,Unknown,5,2,3,108332743.0,18.500718011611106
2500000.0,14.731801689838349,100.0,2009.0,2.0,en,Unknown,4,0,0,352810.0,12.773687781767036
25000000.0,17.034386422832473,105.0,2009.0,2.0,en,Unknown,5,5,9,4388563.0,15.294512624478667
38000000.0,17.453096744006448,111.0,2009.0,2.0,en,Unknown,5,3,2,45465299.0,17.63245995560273
40000000.0,17.50439003707821,129.0,2009.0,2.0,en,Unknown,5,3,3,177259441.0,18.99312499135126
17000000.0,16.648723960844016,95.0,2009.0,2.0,en,Unknown,5,2,5,20455276.0,16.833751451175235
20000000.0,16.811242881518265,90.0,2009.0,2.0,en,Unknown,5,3,0,1017401.0,13.832762877164035
590235.0,13.288277735903229,92.0,2009.0,2.0,en,Unknown,5,1,0,1725381.0,14.360959033206688
23000000.0,16.951004817371683,86.0,2009.0,2.0,en,Unknown,5,5,5,9366227.0,16.052621011798966
19000000.0,16.759949589762293,97.0,2009.0,2.0,en,Unknown,5,1,2,91379051.0,18.33052681978426
5750000.0,15.564710586686562,137.0,2009.0,2.0,hi,Unknown,5,2,0,10000000.0,16.118095750958314
15000000.0,16.52356082573315,101.0,2009.0,2.0,fr,Unknown,5,5,0,8786375.0,15.988712897958415
20000000.0,16.811242881518265,90.0,2009.0,2.0,en,Unknown,5,4,0,18599102.0,16.738623911714075
50000000.0,17.72753358339242,97.0,2009.0,2.0,en,Unknown,5,2,4,12764201.0,16.362155092014994
25000000.0,17.034386422832473,113.0,2009.0,2.0,en,Unknown,5,3,1,1037335.0,13.852166446303093
13000000.0,16.380459992348886,152.0,2009.0,2.0,sv,Unknown,5,5,0,104345682.0,18.463219820243587
35000000.0,17.370858648025116,105.0,2009.0,3.0,en,Unknown,5,1,0,27409889.0,17.126414455137024
3500000.0,15.068273812173887,88.0,2009.0,3.0,en,Unknown,5,0,1,9112193.0,16.025124074488307
130000000.0,18.683045016112164,163.0,2009.0,3.0,en,Unknown,5,5,2,185258983.0,19.037265317590727
1500000.0,14.220976332738882,93.0,2009.0,3.0,en,Unknown,5,2,1,32000.0,10.373522431293592
6000000.0,15.607270193858982,104.0,2009.0,3.0,en,Unknown,5,5,0,6670712.0,15.713237308730502
20000000.0,16.811242881518265,102.0,2009.0,3.0,en,Unknown,5,2,1,136267476.0,18.730130254841168
50000000.0,17.72753358339242,98.0,2009.0,3.0,en,Unknown,5,2,2,106303988.0,18.481813368478278
15000000.0,16.52356082573315,110.0,2009.0,3.0,en,Unknown,5,3,0,32721635.0,17.30354706844886
30000000.0,17.216707972959764,99.0,2009.0,3.0,en,Unknown,5,5,8,90810892.0,18.324289803336413
50000000.0,17.72753358339242,130.0,2009.0,3.0,en,Unknown,5,5,3,709827462.0,20.3805324886088
9000000.0,16.012735246411598,128.0,2009.0,3.0,ja,Unknown,5,1,1,16000000.0,16.588099342704055
78146652.0,18.174097786019544,125.0,2009.0,3.0,en,Unknown,5,4,1,60000000.0,17.909855136853043
20000000.0,16.811242881518265,108.0,2009.0,3.0,en,Unknown,5,5,12,17280326.0,16.665079244772244
50000000.0,17.72753358339242,121.0,2009.0,3.0,en,Unknown,5,5,3,155446362.0,18.86181129760479
175000000.0,18.980296537602072,94.0,2009.0,3.0,en,Unknown,5,1,0,381509870.0,19.75964728253492
41000000.0,17.529082649058825,105.0,2009.0,3.0,en,Unknown,5,3,1,91636986.0,18.333345536353445
15000000.0,16.52356082573315,96.0,2009.0,3.0,en,Unknown,5,3,1,8459458.0,15.950795781547102
50000000.0,17.72753358339242,116.0,2009.0,4.0,en,Unknown,5,5,1,36348784.0,17.408671336350785
25000000.0,17.034386422832473,130.0,2009.0,4.0,en,Unknown,5,1,0,16815892.0,16.637835009090995
85000000.0,18.258161826219297,107.0,2009.0,4.0,en,Unknown,5,5,2,363164265.0,19.71036581328726
3230939.0,14.988283674532074,162.0,2009.0,4.0,ta,Unknown,5,1,0,18000000.0,16.705882371415992
9500000.0,16.066802461833923,107.0,2009.0,4.0,en,Unknown,5,3,1,17164377.0,16.658346747689553
35000000.0,17.370858648025116,102.0,2009.0,4.0,en,Unknown,5,3,3,155545279.0,18.862447436906677
20000000.0,16.811242881518265,96.0,2009.0,4.0,en,Unknown,5,3,1,34560577.0,17.358224226297313
60000000.0,17.909855136853043,127.0,2009.0,4.0,en,Unknown,5,5,1,87784194.0,18.29039203101183
12000000.0,16.300417291085605,132.0,2009.0,4.0,zh,Unknown,5,5,0,10652498.0,16.18130507048152
60000000.0,17.909855136853043,109.0,2009.0,4.0,en,Unknown,5,5,2,31720158.0,17.2724629673287
20000000.0,16.811242881518265,108.0,2009.0,4.0,en,Unknown,5,1,0,73830340.0,18.11728032974336
1500000.0,14.220976332738882,97.0,2009.0,4.0,en,Unknown,5,1,0,56000.0,10.933124826700707
4000000.0,15.201805169084134,103.0,2009.0,4.0,en,Unknown,5,3,0,4100000.0,15.226497775576945
150000000.0,18.826145858727198,107.0,2009.0,4.0,en,Unknown,5,5,2,373062864.0,19.737257502281004
13000000.0,16.380459992348886,161.0,2009.0,5.0,en,Unknown,5,2,0,754249.0,13.533479157021308
150000000.0,18.826145858727198,127.0,2009.0,5.0,en,Unknown,5,4,1,385680446.0,19.77051972705288
5000000.0,15.424948670398354,90.0,2009.0,5.0,en,Unknown,5,3,0,38610009.0,17.469022127240645
150000000.0,18.826145858727198,138.0,2009.0,5.0,en,Unknown,5,4,10,356613439.0,19.692162951970808
175000000.0,18.980296537602072,96.0,2009.0,5.0,en,Unknown,5,1,1,735099082.0,20.41551585489421
3000000.0,14.914123179965662,123.0,2009.0,5.0,en,Unknown,5,4,0,2357852.0,14.673262017169254
3000000.0,14.914123179965662,141.0,2009.0,5.0,hi,Unknown,5,1,0,6600000.0,15.702580358511794
1089360.0,13.90110184376822,115.0,2009.0,5.0,ro,Unknown,5,5,0,48298.0,10.785166135492588
70000000.0,18.064005814299346,127.0,2009.0,5.0,en,Unknown,5,5,2,39041505.0,17.48013589458481
11000000.0,16.213405921671733,108.0,2009.0,5.0,da,Unknown,3,5,4,791867.0,13.582149990239463
200000000.0,19.11382792951231,115.0,2009.0,5.0,en,Unknown,5,4,3,371353001.0,19.732663656064677
150000000.0,18.826145858727198,105.0,2009.0,5.0,en,Unknown,5,5,4,413106170.0,19.839215190527025
5000000.0,15.424948670398354,128.0,2009.0,5.0,ko,Unknown,5,1,1,17112713.0,16.6553322539791
40000000.0,17.50439003707821,108.0,2009.0,6.0,en,Unknown,5,3,2,317375031.0,19.575594698816207
100000000.0,18.420680753952364,102.0,2009.0,6.0,en,Unknown,5,4,4,68688831.0,18.04509718211479
35000000.0,17.370858648025116,100.0,2009.0,6.0,en,Unknown,5,4,4,459270619.0,19.94515018034389
17000000.0,16.648723960844016,98.0,2009.0,6.0,en,Unknown,5,3,4,14899417.0,16.516832709750126
16000000.0,16.588099342704055,120.0,2009.0,6.0,ko,Unknown,5,3,0,11301649.0,16.240459290722136
14000000.0,16.454567959008102,98.0,2009.0,6.0,en,Unknown,5,5,3,22852638.0,16.94457716097712
3800000.0,15.150511887854474,84.0,2009.0,6.0,en,Unknown,5,0,0,111731.0,11.62385842567653
100000000.0,18.420680753952364,106.0,2009.0,6.0,en,Unknown,5,5,12,150166126.0,18.827252752553417
15000000.0,16.52356082573315,127.0,2009.0,6.0,en,Unknown,5,4,12,113221.0,11.63710577215818
5000000.0,15.424948670398354,97.0,2009.0,6.0,en,Unknown,5,4,0,9760104.0,16.09381371652813
16000000.0,16.588099342704055,93.0,2009.0,6.0,en,Unknown,5,5,5,47801389.0,17.682565276536792
60000000.0,17.909855136853043,97.0,2009.0,6.0,en,Unknown,5,3,7,62357900.0,17.94840094219031
150000000.0,18.826145858727198,150.0,2009.0,6.0,en,Unknown,5,5,7,836297228.0,20.544494644941985
15000000.0,16.52356082573315,92.0,2009.0,6.0,en,Unknown,5,4,17,35097815.0,17.37364946427799
30000000.0,17.216707972959764,109.0,2009.0,6.0,en,Unknown,5,3,2,95714875.0,18.376884288439136
90000000.0,18.31532023940565,94.0,2009.0,6.0,en,Unknown,5,2,1,886686817.0,20.603002397881323
80000000.0,18.197537205138154,140.0,2009.0,7.0,en,Unknown,5,5,8,214104620.0,19.18197533669925
250000000.0,19.33697147982652,153.0,2009.0,7.0,en,Unknown,5,2,1,933959197.0,20.65494331001405
3400000.0,15.039286283703994,88.0,2009.0,7.0,en,Unknown,5,3,0,114000000.0,18.5517090151307
18000000.0,16.705882371415992,102.0,2009.0,7.0,en,Unknown,5,5,7,15345201.0,16.546313409846366
7500000.0,15.830413711839864,95.0,2009.0,7.0,en,Unknown,5,3,0,60722734.0,17.92182873285675
150000000.0,18.826145858727198,88.0,2009.0,7.0,en,Unknown,5,3,0,292817841.0,19.49506127398727
38000000.0,17.453096744006448,96.0,2009.0,7.0,en,Unknown,5,2,4,205298907.0,19.139977562929715
20000000.0,16.811242881518265,123.0,2009.0,7.0,en,Unknown,5,4,1,41596251.0,17.543520625018743
45000000.0,17.622173069956816,86.0,2009.0,7.0,en,Unknown,5,5,1,57881056.0,17.873900721482027
1000000.0,13.815511557963774,88.0,2009.0,7.0,en,Unknown,5,0,0,1296971.0,14.075542874784903
75000000.0,18.132998684833918,146.0,2009.0,7.0,en,Unknown,5,5,2,61458982.0,17.933880567181834
175000000.0,18.980296537602072,118.0,2009.0,8.0,en,Unknown,5,5,4,302469017.0,19.52748941035519
30000000.0,17.216707972959764,112.0,2009.0,8.0,en,Unknown,5,5,0,210819611.0,19.166513406357026
40000000.0,17.50439003707821,123.0,2009.0,8.0,en,Unknown,5,3,3,129540499.0,18.679504131523238
20000000.0,16.811242881518265,111.0,2009.0,8.0,en,Unknown,5,3,0,5210988.0,15.466280222969914
7.0,2.0794415416798357,82.0,2009.0,8.0,en,Unknown,5,0,0,7.0,2.0794415416798357
6500000.0,15.687312888712007,109.0,2009.0,8.0,it,Unknown,5,3,0,753808.0,13.532894299250398
2000000.0,14.508658238524095,129.0,2009.0,8.0,es,Unknown,5,5,0,33965843.0,17.340865989408183
27000000.0,17.11134746100564,109.0,2009.0,8.0,en,Unknown,5,4,0,29000000.0,17.182806422433504
9000000.0,16.012735246411598,135.0,2009.0,8.0,hi,Unknown,4,0,0,18130000.0,16.71307863788823
39000000.0,17.479072229734946,107.0,2009.0,8.0,en,Unknown,5,4,1,101229792.0,18.432903668724478
70000000.0,18.064005814299346,153.0,2009.0,8.0,en,Unknown,5,5,6,319131050.0,19.58111239456825
30000000.0,17.216707972959764,79.0,2009.0,8.0,en,Unknown,5,5,0,48428063.0,17.69559003835841
10000000.0,16.118095750958314,99.0,2009.0,8.0,en,Unknown,5,2,0,295750.0,12.597273163069067
15000000.0,16.52356082573315,89.0,2009.0,8.0,en,Unknown,5,4,1,6405245.0,15.672627900069568
40000000.0,17.50439003707821,89.0,2009.0,8.0,en,Unknown,5,1,10,28972508.0,17.181857972830034
5000000.0,15.424948670398354,115.0,2009.0,8.0,ru,Unknown,5,2,0,17566040.0,16.681478107510898
40000000.0,17.50439003707821,82.0,2009.0,8.0,en,Unknown,5,3,3,186167139.0,19.042155430326808
15000000.0,16.52356082573315,105.0,2009.0,8.0,en,Unknown,5,3,2,39421467.0,17.489821098975163
31192.0,10.347948989650975,89.0,2009.0,9.0,en,Unknown,5,0,0,10000.0,9.210440366976517
50000000.0,17.72753358339242,95.0,2009.0,9.0,en,Unknown,5,2,2,40828540.0,17.52489192912803
8000000.0,15.894952224644102,92.0,2009.0,9.0,en,Unknown,5,1,2,10848783.0,16.199563557937292
15000000.0,16.52356082573315,99.0,2009.0,9.0,en,Unknown,5,5,0,40105542.0,17.507025112150426
5641880.0,15.545728078510228,93.0,2009.0,9.0,fr,Unknown,5,5,1,30638.0,10.330028986246209
700000.0,13.45883704259595,85.0,2009.0,9.0,en,Unknown,5,1,0,1179676.0,13.980751230157718
25000000.0,17.034386422832473,109.0,2009.0,9.0,en,Unknown,5,5,2,163670000.0,18.91336276959192
20000000.0,16.811242881518265,120.0,2009.0,9.0,en,Unknown,5,2,5,17436509.0,16.674076841740593
15000000.0,16.52356082573315,90.0,2009.0,9.0,en,Unknown,5,3,1,5024782.0,15.429892826897353
33000000.0,17.312018149733785,108.0,2009.0,9.0,en,Unknown,5,2,1,20645327.0,16.842999604800244
12500000.0,16.341239282272525,101.0,2009.0,9.0,en,Unknown,5,2,1,27206120.0,17.118952542713956
5000000.0,15.424948670398354,99.0,2009.0,9.0,de,Unknown,5,2,1,17872796.0,16.698790394193843
40000000.0,17.50439003707821,101.0,2009.0,9.0,en,Unknown,5,5,3,12206028.0,16.317440567964468
47000000.0,17.665658180950928,156.0,2009.0,9.0,en,Unknown,5,2,0,3547209.0,15.081671936965154
25000000.0,17.034386422832473,122.0,2009.0,9.0,en,Unknown,5,5,1,10589102.0,16.17533601144055
800000.0,13.592368256649284,100.0,2009.0,9.0,en,Unknown,3,2,0,867714.0,13.673618598712949
3500000.0,15.068273812173887,101.0,2009.0,9.0,en,Unknown,5,3,0,44462.0,10.702412661625024
18500000.0,16.733281344102608,100.0,2009.0,9.0,en,Unknown,5,5,0,31912793.0,17.278517553180393
15000000.0,16.52356082573315,111.0,2009.0,9.0,en,Unknown,5,5,0,16633035.0,16.62690139614236
10000000.0,16.118095750958314,96.0,2009.0,9.0,en,Unknown,5,2,0,7022728.0,15.76466244689842
9000000.0,16.012735246411598,104.0,2009.0,9.0,en,Unknown,5,5,0,985117.0,13.800516709933458
12000000.0,16.300417291085605,111.0,2009.0,9.0,en,Unknown,5,5,5,1644755.0,14.313102602912407
5600000.0,15.53827733427679,85.0,2009.0,9.0,es,Unknown,5,1,1,18469680.0,16.731641080775596
45000000.0,17.622173069956816,104.0,2009.0,9.0,en,Unknown,5,3,0,7810000.0,15.870915649856833
100000000.0,18.420680753952364,90.0,2009.0,9.0,en,Unknown,5,2,0,242988466.0,19.30852453927317
30000000.0,17.216707972959764,115.0,2009.0,9.0,en,Unknown,5,5,2,33333531.0,17.322074415266496
75.0,4.330733340286331,129.0,2009.0,9.0,en,Unknown,5,1,0,134.0,4.90527477843843
22000000.0,16.906553056777135,108.0,2009.0,9.0,en,Unknown,5,5,11,35424826.0,17.382923459972282
16000000.0,16.588099342704055,100.0,2009.0,9.0,en,Unknown,5,2,1,31556061.0,17.267276267956248
18000000.0,16.705882371415992,109.0,2009.0,9.0,en,Unknown,5,5,0,36133014.0,17.4027175482998
70000000.0,18.064005814299346,113.0,2009.0,9.0,en,Unknown,5,4,0,171844840.0,18.9621025404429
80000000.0,18.197537205138154,89.0,2009.0,9.0,en,Unknown,5,4,3,122444772.0,18.6231706536404
7000000.0,15.76142084987672,106.0,2009.0,9.0,en,Unknown,5,0,0,1429299.0,14.172695371897207
40000000.0,17.50439003707821,99.0,2009.0,9.0,en,Unknown,5,5,1,60462347.0,17.917531382155286
25000000.0,17.034386422832473,117.0,2009.0,10.0,en,Unknown,5,1,4,20719451.0,16.846583527129358
30000000.0,17.216707972959764,123.0,2009.0,10.0,en,Unknown,5,5,8,64352607.0,17.979888019545687
14000000.0,16.454567959008102,97.0,2009.0,10.0,en,Unknown,5,4,0,875386.0,13.68242135327454
7000000.0,15.76142084987672,105.0,2009.0,10.0,en,Unknown,5,5,9,31430334.0,17.263284067323376
3000000.0,14.914123179965662,138.0,2009.0,10.0,hi,Unknown,5,0,2,11000000.0,16.213405921671733
23600000.0,16.97675731236872,88.0,2009.0,10.0,en,Unknown,5,3,0,102391382.0,18.444313116638213
7000000.0,15.76142084987672,90.0,2009.0,10.0,ru,Unknown,5,3,0,1877122.0,14.445250843522867
3906840.0,15.178239677022763,95.0,2009.0,10.0,it,Unknown,5,2,0,4300000.0,15.274125813221904
4500000.0,15.319588176962746,97.0,2009.0,10.0,en,Unknown,5,1,1,744816.0,13.520893829603951
200000000.0,19.11382792951231,158.0,2009.0,10.0,en,Unknown,5,4,6,769653595.0,20.461451096263065
15000.0,9.61587214452889,84.0,2009.0,10.0,en,Unknown,4,0,0,5300.0,8.575650760987806
2000000.0,14.508658238524095,97.0,2009.0,10.0,en,Unknown,5,4,0,7306.0,8.896588071791218
2000000.0,14.508658238524095,128.0,2009.0,10.0,tr,Unknown,5,2,0,13500000.0,16.41820031748273
65000000.0,17.989897843244528,94.0,2009.0,10.0,en,Unknown,5,4,1,44091067.0,17.6017677802206
53000000.0,17.78580249038432,109.0,2009.0,10.0,en,Unknown,5,3,6,126690726.0,18.65725945397838
100000000.0,18.420680753952364,101.0,2009.0,10.0,en,Unknown,5,5,2,100086793.0,18.421548307510246
2900000.0,14.88022163978423,90.0,2009.0,10.0,en,Unknown,5,4,0,296557.0,12.59999809380403
10000000.0,16.118095750958314,85.0,2009.0,10.0,en,Unknown,5,2,1,9069.0,9.112727543109182
24000000.0,16.993564429978885,93.0,2009.0,10.0,en,Unknown,5,3,0,68729358.0,18.045687016704814
40000000.0,17.50439003707821,111.0,2009.0,10.0,en,Unknown,5,3,4,19258519.0,16.773464118183327
11000000.0,16.213405921671733,90.0,2009.0,10.0,en,Unknown,5,2,0,68233629.0,18.03844810978004
40000000.0,17.50439003707821,109.0,2009.0,10.0,en,Unknown,5,1,1,28169671.0,17.153756496192294
40000000.0,17.50439003707821,87.0,2009.0,10.0,en,Unknown,5,4,5,46471023.0,17.65433953654035
33000000.0,17.312018149733785,100.0,2009.0,10.0,fr,Unknown,5,5,4,14000000.0,16.454567959008102
7500000.0,15.830413711839864,100.0,2009.0,10.0,en,Unknown,5,1,0,26096852.0,17.07732529031056
200000000.0,19.11382792951231,96.0,2009.0,11.0,en,Unknown,5,2,13,325233863.0,19.60005506305781
8500000.0,15.955576839107596,119.0,2009.0,11.0,en,Unknown,5,5,2,4440055.0,15.306177546941482
10000000.0,16.118095750958314,98.0,2009.0,11.0,en,Unknown,5,5,0,42333295.0,17.561084473864604
5700000.0,15.555976908243359,110.0,2009.0,11.0,es,Unknown,5,5,0,19300483.0,16.77564073128088
10000000.0,16.118095750958314,110.0,2009.0,11.0,en,Unknown,5,1,0,47536959.0,17.67701807170107
7300000.0,15.803385043104912,103.0,2009.0,11.0,en,Unknown,5,3,0,10329747.0,16.15053844583214
3000000.0,14.914123179965662,92.0,2009.0,11.0,en,Unknown,5,1,0,18097.0,9.803556713911078
6500000.0,15.687312888712007,113.0,2009.0,11.0,en,Unknown,5,1,0,1521261.0,14.235050811502557
70000000.0,18.064005814299346,91.0,2009.0,11.0,en,Unknown,5,3,0,104945765.0,18.46895426039663
29000000.0,17.182806422433504,129.0,2009.0,11.0,en,Unknown,5,3,2,309208309.0,19.549525750124932
8000000.0,15.894952224644102,118.0,2009.0,11.0,en,Unknown,5,2,1,10629321.0,16.179126966534223
35000000.0,17.370858648025116,88.0,2009.0,11.0,en,Unknown,5,2,1,92219310.0,18.339680113450555
25000000.0,17.034386422832473,114.0,2009.0,11.0,en,Unknown,5,3,8,2336172.0,14.664024678407259
32000000.0,17.281246492014,111.0,2009.0,11.0,en,Unknown,5,4,1,27635305.0,17.134604716102977
3500000.0,15.068273812173887,97.0,2009.0,11.0,ru,Unknown,5,0,0,3704408.0,15.125034289818545
12000000.0,16.300417291085605,115.0,2009.0,11.0,zh,Unknown,5,1,0,13380561.0,16.409313614771794
4000000.0,15.201805169084134,147.0,2009.0,11.0,sv,Unknown,5,5,0,43498108.0,17.58822802384964
80000000.0,18.197537205138154,112.0,2009.0,12.0,en,Unknown,5,2,2,53825515.0,17.801258187792065
2500000.0,14.731801689838349,91.0,2009.0,12.0,ru,Unknown,5,0,0,2141028.0,14.576797112552482
20000000.0,16.811242881518265,88.0,2009.0,12.0,en,Unknown,5,4,1,22942221.0,16.948489526352244
105000000.0,18.46947091764561,97.0,2009.0,12.0,en,Unknown,5,2,5,267045765.0,19.40293060991551
237000000.0,19.283570703318816,162.0,2009.0,12.0,en,Unknown,5,4,7,2787965087.0,21.74857780752812
60000000.0,17.909855136853043,134.0,2009.0,12.0,en,Unknown,5,5,21,122233971.0,18.62144756933934
7000000.0,15.76142084987672,112.0,2009.0,12.0,en,Unknown,5,3,0,39462438.0,17.490859866075887
58000000.0,17.87595358575207,103.0,2009.0,12.0,en,Unknown,5,4,2,85280250.0,18.261453461623255
23000000.0,16.951004817371683,139.0,2009.0,12.0,cn,Unknown,5,1,1,5837674.0,15.579843159096665
75000000.0,18.132998684833918,88.0,2009.0,12.0,en,Unknown,5,3,4,443140005.0,19.909396318711142
85000000.0,18.258161826219297,121.0,2009.0,12.0,en,Unknown,5,5,3,219103655.0,19.205055490871025
90000000.0,18.31532023940565,128.0,2009.0,12.0,en,Unknown,5,5,4,524028679.0,20.077056973611956
9000000.0,16.012735246411598,170.0,2009.0,12.0,hi,Unknown,5,1,0,70000000.0,18.064005814299346
65000000.0,17.989897843244528,136.0,2009.0,12.0,en,Unknown,5,5,7,93525586.0,18.353745614575473
15000000.0,16.52356082573315,102.0,2009.0,12.0,ru,Unknown,5,1,0,21500000.0,16.88356353960952
7000000.0,15.76142084987672,108.0,2010.0,1.0,en,Unknown,5,2,0,46488.0,10.746971004451137
19000000.0,16.759949589762293,100.0,2010.0,1.0,en,Unknown,5,5,1,29922472.0,17.214120361398233
40000000.0,17.50439003707821,102.0,2010.0,1.0,en,Unknown,5,2,3,58785180.0,17.889400357295994
10000000.0,16.118095750958314,80.0,2010.0,1.0,en,Unknown,5,4,1,33583175.0,17.32953578524846
12000000.0,16.300417291085605,108.0,2010.0,1.0,en,Unknown,5,2,0,204940.0,12.230477411818724
48000000.0,17.6867115897055,101.0,2010.0,1.0,en,Unknown,5,5,3,112462508.0,18.538130470734185
80000000.0,18.197537205138154,118.0,2010.0,1.0,en,Unknown,5,2,2,157107755.0,18.872442471835335
28000000.0,17.147715103853763,94.0,2010.0,1.0,en,Unknown,5,3,4,45236543.0,17.62741581372119
26000000.0,17.073607134447293,100.0,2010.0,1.0,en,Unknown,5,1,0,67918658.0,18.0338213559562
31000000.0,17.249497794707484,105.0,2010.0,1.0,en,Unknown,5,2,2,15134293.0,16.532473852504896
2000000.0,14.508658238524095,85.0,2010.0,1.0,en,Unknown,4,0,0,22212223.0,16.91615332593172
5000000.0,15.424948670398354,89.0,2010.0,1.0,en,Unknown,5,1,0,5476793.0,15.516030451227222
7000000.0,15.76142084987672,106.0,2010.0,1.0,en,Unknown,5,5,0,382946.0,12.855651877386176
1500000.0,14.220976332738882,90.0,2010.0,1.0,en,Unknown,1,2,0,187716.0,12.142690788531985
80000000.0,18.197537205138154,117.0,2010.0,1.0,en,Unknown,5,4,6,74901339.0,18.13168233884811
95000000.0,18.36938746009113,118.0,2010.0,2.0,en,Unknown,5,5,8,226497209.0,19.238243184930703
25000000.0,17.034386422832473,115.0,2010.0,2.0,en,Unknown,5,1,6,114977104.0,18.560243579550562
7000000.0,15.76142084987672,103.0,2010.0,2.0,en,Unknown,5,3,0,15172408.0,16.534989138980965
52000000.0,17.76675429577647,92.0,2010.0,2.0,en,Unknown,5,5,2,52826594.0,17.78252531504748
52000000.0,17.76675429577647,125.0,2010.0,2.0,en,Unknown,5,3,6,216485654.0,19.193034844551107
7000000.0,15.76142084987672,110.0,2010.0,2.0,it,Unknown,5,1,0,8220215.0,15.92210704405938
12000000.0,16.300417291085605,145.0,2010.0,2.0,hi,Unknown,5,3,3,42345360.0,17.561369433511086
45000000.0,17.622173069956816,128.0,2010.0,2.0,en,Unknown,5,4,8,60222298.0,17.913553256974637
3900000.0,15.176487367510099,96.0,2010.0,2.0,de,Unknown,5,1,0,208475.0,12.2475792056819
3.0,1.3862943611198906,87.0,2010.0,2.0,en,Unknown,5,3,0,43.0,3.784189633918261
12000000.0,16.300417291085605,97.0,2010.0,2.0,en,Unknown,5,5,1,6814789.0,15.734605808257953
18000000.0,16.705882371415992,80.0,2010.0,2.0,fr,Unknown,2,5,1,5602431.0,15.538711347144917
100000.0,11.51293546492023,120.0,2010.0,2.0,en,Unknown,1,1,1,1000000.0,13.815511557963774
80000000.0,18.197537205138154,138.0,2010.0,2.0,en,Unknown,5,4,14,294804195.0,19.501821951556725
20000000.0,16.811242881518265,101.0,2010.0,2.0,en,Unknown,5,4,1,54956140.0,17.8220459887116
30000000.0,17.216707972959764,107.0,2010.0,2.0,en,Unknown,5,1,8,55583804.0,17.833402439813014
3000000.0,14.914123179965662,157.0,2010.0,2.0,ta,Unknown,5,1,1,12000000.0,16.300417291085605
3750000.0,15.137266664613225,155.0,2010.0,2.0,hi,Unknown,5,3,0,5000000.0,15.424948670398354
200000000.0,19.11382792951231,108.0,2010.0,3.0,en,Unknown,5,5,13,1025491110.0,20.748437467472296
1950000.0,14.48334044336031,93.0,2010.0,3.0,ru,Unknown,5,1,0,12005838.0,16.300903672742326
165000000.0,18.92145603792546,98.0,2010.0,3.0,en,Unknown,5,3,0,494878759.0,20.019823361239958
20000000.0,16.811242881518265,104.0,2010.0,3.0,en,Unknown,5,2,0,49779728.0,17.723118410935506
100000000.0,18.420680753952364,115.0,2010.0,3.0,en,Unknown,5,5,3,94882889.0,18.36815395227763
14000000.0,16.454567959008102,103.0,2010.0,3.0,en,Unknown,5,4,2,21409028.0,16.87932330689845
16000000.0,16.588099342704055,113.0,2010.0,3.0,en,Unknown,5,1,0,56032889.0,17.841449397722265
40000000.0,17.50439003707821,110.0,2010.0,3.0,en,Unknown,5,4,4,136000000.0,18.72816545105327
8700000.0,15.978833698567334,105.0,2010.0,3.0,fr,Unknown,5,5,0,47355187.0,17.673186938648186
32000000.0,17.281246492014,111.0,2010.0,3.0,en,Unknown,5,4,0,18409891.0,16.728398686815083
25000000.0,17.034386422832473,85.0,2010.0,3.0,ru,Unknown,5,1,0,6500000.0,15.687312888712007
10000000.0,16.118095750958314,106.0,2010.0,3.0,en,Unknown,5,3,0,2995811.0,14.912725871316583
15000000.0,16.52356082573315,92.0,2010.0,3.0,en,Unknown,5,3,1,75700498.0,18.142295310195728
30000000.0,17.216707972959764,92.0,2010.0,3.0,en,Unknown,5,2,4,967000.0,13.78195480856106
28000000.0,17.147715103853763,117.0,2010.0,3.0,en,Unknown,5,2,2,96188903.0,18.381824565948072
35000000.0,17.370858648025116,109.0,2010.0,3.0,en,Unknown,5,5,0,93246388.0,18.35075589187782
36000000.0,17.399029524198163,101.0,2010.0,3.0,en,Unknown,5,3,1,64572262.0,17.983295511224068
22000000.0,16.906553056777135,112.0,2010.0,3.0,en,Unknown,5,4,0,851517.0,13.654775918027628
125000000.0,18.643824303266577,106.0,2010.0,4.0,en,Unknown,5,5,4,232713139.0,19.26531709423308
12500000.0,16.341239282272525,118.0,2010.0,4.0,en,Unknown,5,5,0,3878993.0,15.171086399630498
20000000.0,16.811242881518265,121.0,2010.0,4.0,en,Unknown,5,2,3,60072596.0,17.911064338786787
35000000.0,17.370858648025116,92.0,2010.0,4.0,en,Unknown,5,5,2,39340177.0,17.48775689557179
55000000.0,17.822843761378564,97.0,2010.0,4.0,en,Unknown,5,3,5,152263880.0,18.841125632812123
4500000.0,15.319588176962746,104.0,2010.0,4.0,en,Unknown,5,3,0,3606395.0,15.09821949368767
25000000.0,17.034386422832473,105.0,2010.0,4.0,fr,Unknown,5,3,5,34100000.0,17.344807971579257
20000000.0,16.811242881518265,113.0,2010.0,4.0,en,Unknown,5,3,3,45636368.0,17.636215522387506
21000000.0,16.860033043306743,92.0,2010.0,4.0,en,Unknown,5,2,4,49050886.0,17.708368827400314
12902809.0,16.372955675067875,109.0,2010.0,4.0,cn,Unknown,5,1,1,36000000.0,17.399029524198163
35000000.0,17.370858648025116,106.0,2010.0,4.0,en,Unknown,5,2,0,77477008.0,18.16549179224735
250000.0,12.429220196836383,97.0,2010.0,4.0,en,Unknown,5,1,0,23859.0,10.079958695651907
25000000.0,17.034386422832473,97.0,2010.0,4.0,en,Unknown,5,5,1,23580000.0,16.97590949548232
200000000.0,19.11382792951231,124.0,2010.0,4.0,en,Unknown,5,1,4,623933331.0,20.25155408088234
35000000.0,17.370858648025116,95.0,2010.0,4.0,en,Unknown,5,2,0,115664037.0,18.566200322759997
44000000.0,17.599700214609808,99.0,2010.0,5.0,en,Unknown,5,3,2,48190704.0,17.690676718100704
6250000.0,15.648092181712572,144.0,2010.0,5.0,hi,Unknown,5,1,0,8500000.0,15.955576839107596
967686.0,13.782663966863328,101.0,2010.0,5.0,en,Unknown,5,4,0,4270000.0,15.267124619396817
19000000.0,16.759949589762293,101.0,2010.0,5.0,en,Unknown,5,3,0,49830607.0,17.724139971668198
7000000.0,15.76142084987672,90.0,2010.0,5.0,en,Unknown,5,3,0,7644937.0,15.849554287436678
200000000.0,19.11382792951231,140.0,2010.0,5.0,en,Unknown,5,4,17,310669540.0,19.554240336084877
9000000.0,16.012735246411598,130.0,2010.0,5.0,en,Unknown,5,3,0,771499.0,13.556091950785353
165000000.0,18.92145603792546,93.0,2010.0,5.0,en,Unknown,5,1,3,752600867.0,20.43904558945805
4000000.0,15.201805169084134,120.0,2010.0,5.0,fr,Unknown,5,5,0,41424067.0,17.539372622532557
18000000.0,16.705882371415992,338.0,2010.0,5.0,en,Unknown,5,4,0,871279.0,13.677718673749569
150000000.0,18.826145858727198,116.0,2010.0,5.0,en,Unknown,5,2,5,335154643.0,19.630102607154413
5773100.0,15.568719929126477,98.0,2010.0,5.0,en,Unknown,5,3,0,18144030.0,16.713852194061946
800000.0,13.592368256649284,100.0,2010.0,5.0,ko,Unknown,5,1,0,4214668.0,15.254081617271654
22000000.0,16.906553056777135,108.0,2010.0,5.0,en,Unknown,5,2,5,24188922.0,17.00140535906508
10000000.0,16.118095750958314,90.0,2010.0,5.0,en,Unknown,5,1,0,6110000.0,15.625437494813886
100000000.0,18.420680753952364,146.0,2010.0,5.0,en,Unknown,5,4,1,288347692.0,19.479677577300087
2200000.0,14.603968372873895,154.0,2010.0,5.0,ta,Unknown,5,2,1,9700000.0,16.08763654656639
4600000.0,15.341567078850604,117.0,2010.0,6.0,en,Unknown,5,4,0,1163967.0,13.96734541548669
5000000.0,15.424948670398354,113.0,2010.0,6.0,en,Unknown,5,1,0,1000000.0,13.815511557963774
5000000.0,15.424948670398354,98.0,2010.0,6.0,en,Unknown,5,0,0,31649.0,10.362493427572323
75000000.0,18.132998684833918,100.0,2010.0,6.0,en,Unknown,5,3,5,98159963.0,18.402108991618697
40000000.0,17.50439003707821,109.0,2010.0,6.0,en,Unknown,5,4,1,90029656.0,18.31564969623624
50000000.0,17.72753358339242,87.0,2010.0,6.0,en,Unknown,5,1,3,83761844.0,18.24348815150459
110000000.0,18.5159909328476,117.0,2010.0,6.0,en,Unknown,5,5,3,177238796.0,18.993008516865622
40000000.0,17.50439003707821,140.0,2010.0,6.0,en,Unknown,5,4,1,357852395.0,19.69563115766929
2000000.0,14.508658238524095,100.0,2010.0,6.0,en,Unknown,5,2,0,13831503.0,16.442459446824355
117000000.0,18.57768450130904,109.0,2010.0,6.0,en,Unknown,5,5,4,261930431.0,19.383589499749352
200000000.0,19.11382792951231,103.0,2010.0,6.0,en,Unknown,5,2,0,1066969703.0,20.78808841523593
10400000.0,16.15731646026544,120.0,2010.0,6.0,en,Unknown,5,4,0,20967660.0,16.85849185636136
8000000.0,15.894952224644102,98.0,2010.0,6.0,en,Unknown,5,5,4,3453043.0,15.05476671883366
2000000.0,14.508658238524095,108.0,2010.0,6.0,en,Unknown,5,3,0,572809.0,13.25830935257674
47000000.0,17.665658180950928,80.0,2010.0,6.0,en,Unknown,5,1,1,10539000.0,16.17059331480173
4500000.0,15.319588176962746,138.0,2010.0,6.0,hi,Unknown,5,2,3,4200000.0,15.250595321348806
500000.0,13.122365377402328,94.0,2010.0,6.0,en,Unknown,5,1,0,4242978.0,15.260776174843908
68000000.0,18.035018277846262,124.0,2010.0,6.0,en,Unknown,5,5,2,698491347.0,20.364433350041985
80000000.0,18.197537205138154,102.0,2010.0,6.0,en,Unknown,5,3,5,271430189.0,19.41921553720361
150000000.0,18.826145858727198,103.0,2010.0,6.0,en,Unknown,5,5,6,318502923.0,19.579142213468103
40000000.0,17.50439003707821,107.0,2010.0,7.0,en,Unknown,5,4,2,126248813.0,18.653765232016212
8000000.0,15.894952224644102,101.0,2010.0,7.0,en,Unknown,5,1,1,6491240.0,15.685964287657901
69000000.0,18.049617077054286,95.0,2010.0,7.0,en,Unknown,5,2,0,543513985.0,20.113565997405118
500000.0,13.122365377402328,85.0,2010.0,7.0,en,Unknown,5,5,0,98017.0,11.49290641425619
3500000.0,15.068273812173887,106.0,2010.0,7.0,en,Unknown,5,5,0,34705850.0,17.362418847417583
80000000.0,18.197537205138154,97.0,2010.0,7.0,en,Unknown,5,4,3,140073390.0,18.7576770646461
150000000.0,18.826145858727198,109.0,2010.0,7.0,en,Unknown,5,5,6,215283742.0,19.187467450891013
160000000.0,18.8906843794481,148.0,2010.0,7.0,en,Unknown,5,3,6,825532764.0,20.531539511633092
37000000.0,17.426428497635523,94.0,2010.0,7.0,ja,Unknown,5,5,0,145570827.0,18.79617331650983
110000000.0,18.5159909328476,100.0,2010.0,7.0,en,Unknown,5,4,7,293329073.0,19.496805656208448
7500000.0,15.830413711839864,155.0,2010.0,7.0,hi,Unknown,5,0,1,10000000.0,16.118095750958314
60000000.0,17.909855136853043,112.0,2010.0,7.0,en,Unknown,5,2,2,47664559.0,17.679698702775212
69000000.0,18.049617077054286,114.0,2010.0,7.0,en,Unknown,5,5,6,86387857.0,18.27435769149127
85000000.0,18.258161826219297,82.0,2010.0,7.0,en,Unknown,5,1,0,112483764.0,18.538319458083787
7000000.0,15.76142084987672,108.0,2010.0,8.0,en,Unknown,5,4,1,453079.0,13.02382398931465
80000000.0,18.197537205138154,103.0,2010.0,8.0,en,Unknown,5,1,6,274470394.0,19.43035396246004
30000000.0,17.216707972959764,107.0,2010.0,8.0,en,Unknown,5,2,1,159291809.0,18.886248361129233
2745000.0,14.825291997224427,88.0,2010.0,8.0,he,Unknown,5,1,0,5850000.0,15.581952390148196
14000000.0,16.454567959008102,89.0,2010.0,8.0,en,Unknown,5,1,11,1755212.0,14.378100775039028
100000000.0,18.420680753952364,107.0,2010.0,8.0,en,Unknown,5,2,3,170432927.0,18.953852393127775
27000000.0,17.11134746100564,103.0,2010.0,8.0,en,Unknown,5,2,0,16504936.0,16.619170106237
60000000.0,17.909855136853043,133.0,2010.0,8.0,en,Unknown,5,3,1,204594016.0,19.13653816862999
2270000.0,14.635290829986122,104.0,2010.0,8.0,hi,Unknown,5,0,0,6900000.0,15.747032114495013
155000000.0,18.858935681335133,113.0,2010.0,8.0,en,Unknown,5,3,5,415686217.0,19.845441249956647
20000000.0,16.811242881518265,82.0,2010.0,8.0,en,Unknown,5,2,4,80547866.0,18.204362186789716
35000000.0,17.370858648025116,123.0,2010.0,8.0,en,Unknown,5,3,1,60251371.0,17.914035901859997
24000000.0,16.993564429978885,88.0,2010.0,8.0,en,Unknown,5,5,2,83188165.0,18.236615660098074
30000.0,10.308985993422082,84.0,2010.0,8.0,en,Unknown,5,2,0,617000.0,13.332625923631754
2500000.0,14.731801689838349,89.0,2010.0,8.0,en,Unknown,5,2,0,52604.0,10.870566451242388
32000000.0,17.281246492014,107.0,2010.0,8.0,en,Unknown,5,1,0,69055695.0,18.050423925365973
1800000.0,14.403297778421795,87.0,2010.0,8.0,en,Unknown,5,3,0,67738090.0,18.03115922367543
10000000.0,16.118095750958314,100.0,2010.0,8.0,en,Unknown,5,1,0,55089.0,10.916723490466762
20000000.0,16.811242881518265,104.0,2010.0,8.0,en,Unknown,5,5,0,65464324.0,17.997015895737707
20000000.0,16.811242881518265,105.0,2010.0,9.0,en,Unknown,5,4,11,31327899.0,17.26001963227459
32000000.0,17.281246492014,102.0,2010.0,9.0,en,Unknown,5,2,1,42045846.0,17.554271176128875
70000000.0,18.064005814299346,133.0,2010.0,9.0,en,Unknown,5,4,14,134748021.0,18.718917088610393
30000000.0,17.216707972959764,133.0,2010.0,9.0,en,Unknown,5,5,7,20348249.0,16.828505471069093
6800000.0,15.732433317205148,130.0,2010.0,9.0,fr,Unknown,5,3,0,7103838.0,15.77614590010904
15000000.0,16.52356082573315,118.0,2010.0,9.0,en,Unknown,5,5,0,414211549.0,19.84188739161665
6000000.0,15.607270193858982,141.0,2010.0,9.0,ja,Unknown,5,2,1,17555141.0,16.680857456415527
2500000.0,14.731801689838349,96.0,2010.0,9.0,en,Unknown,5,3,0,324138.0,12.688927715120661
60000000.0,17.909855136853043,97.0,2010.0,9.0,en,Unknown,5,3,6,300228084.0,19.520053027084842
2000000.0,14.508658238524095,120.0,2010.0,9.0,en,Unknown,5,2,0,563706.0,13.242289891945376
25000000.0,17.034386422832473,122.0,2010.0,9.0,en,Unknown,5,2,3,15478800.0,16.554981968345718
8000000.0,15.894952224644102,92.0,2010.0,9.0,en,Unknown,5,2,1,74952305.0,18.1323625492177
4500000.0,15.319588176962746,95.0,2010.0,9.0,en,Unknown,5,3,0,123820.0,11.726592253280312
6200000.0,15.64006001130563,113.0,2010.0,9.0,ko,Unknown,5,3,0,4820000.0,15.388284693495642
9500000.0,16.066802461833923,104.0,2010.0,9.0,en,Unknown,5,3,1,120000.0,11.695255355062795
135000.0,11.813037464800539,94.0,2010.0,9.0,en,Unknown,5,3,0,10474.0,9.25674674479034
3200000.0,14.978661680269907,105.0,2010.0,9.0,en,Unknown,5,3,0,5332926.0,15.48941080113353
10000000.0,16.118095750958314,92.0,2010.0,9.0,en,Unknown,5,5,3,1068682.0,13.881937607209524
12500000.0,16.341239282272525,107.0,2010.0,9.0,en,Unknown,5,5,0,6732980.0,15.722528545601559
4000000.0,15.201805169084134,90.0,2010.0,9.0,en,Unknown,5,1,0,55125.0,10.917376753174178
1500000.0,14.220976332738882,103.0,2010.0,9.0,en,Unknown,5,4,3,97009150.0,18.390315872224086
10000000.0,16.118095750958314,88.0,2010.0,9.0,en,Unknown,5,5,12,498974.0,13.120311273278197
37000000.0,17.426428497635523,125.0,2010.0,9.0,en,Unknown,5,4,1,154026136.0,18.85263286675618
15000000.0,16.52356082573315,104.0,2010.0,9.0,en,Unknown,5,3,1,9455232.0,16.062078902817067
12500000.0,16.341239282272525,108.0,2010.0,9.0,en,Unknown,5,5,0,1083683.0,13.89587690556845
10000000.0,16.118095750958314,111.0,2010.0,9.0,fr,Unknown,5,5,0,17511906.0,16.678391607526606
20000000.0,16.811242881518265,88.0,2010.0,9.0,en,Unknown,5,3,0,39300000.0,17.486735102284783
30000.0,10.308985993422082,87.0,2010.0,9.0,en,Unknown,5,1,0,3045943.0,14.929321427501336
13000000.0,16.380459992348886,119.0,2010.0,9.0,zh,Unknown,5,1,1,51723285.0,17.76141864426579
6400000.0,15.671808704579888,151.0,2010.0,9.0,hi,Unknown,5,2,1,5900000.0,15.59046307836746
1987650.0,14.502464097467449,94.0,2010.0,9.0,en,Unknown,5,4,0,19152480.0,16.767942821335026
20000000.0,16.811242881518265,105.0,2010.0,9.0,en,Unknown,5,3,3,32005248.0,17.281410478562346
2000000.0,14.508658238524095,107.0,2010.0,9.0,en,Unknown,5,1,0,1268793.0,14.05357740097386
40000000.0,17.50439003707821,120.0,2010.0,9.0,en,Unknown,5,3,7,224920315.0,19.23125674633127
650000.0,13.384729180332174,98.0,2010.0,9.0,en,Unknown,5,3,0,33245.0,10.411689738095404
26400000.0,17.088874605995333,155.0,2010.0,10.0,ta,Unknown,5,1,2,62000000.0,17.9426449591384
20000000.0,16.811242881518265,116.0,2010.0,10.0,en,Unknown,5,4,1,24145613.0,16.999613306662038
4000000.0,15.201805169084134,102.0,2010.0,10.0,it,Unknown,5,5,0,65584679.0,17.99885269005504
3000000.0,14.914123179965662,93.0,2010.0,10.0,en,Unknown,5,4,0,103735.0,11.54960448922872
38000000.0,17.453096744006448,114.0,2010.0,10.0,en,Unknown,5,2,1,105610124.0,18.475264805321995
500000.0,13.122365377402328,97.0,2010.0,10.0,sr,Unknown,5,1,0,198.0,5.293304824724492
22000000.0,16.906553056777135,105.0,2010.0,10.0,en,Unknown,5,2,1,9479718.0,16.06466523244168
2000000.0,14.508658238524095,109.0,2010.0,10.0,en,Unknown,5,2,1,7871522.0,15.87876212136611
25000000.0,17.034386422832473,107.0,2010.0,10.0,en,Unknown,5,2,12,19829957.0,16.80270438249071
6000000.0,15.607270193858982,108.0,2010.0,10.0,ca,Unknown,5,2,0,3770657.0,15.14276008000361
58000000.0,17.87595358575207,111.0,2010.0,10.0,en,Unknown,5,4,2,71664962.0,18.087512525048243
5000000.0,15.424948670398354,97.0,2010.0,10.0,en,Unknown,5,2,0,2614773.0,14.776688227272162
20000000.0,16.811242881518265,94.0,2010.0,10.0,en,Unknown,5,1,2,117224271.0,18.579599512641263
50000000.0,17.72753358339242,129.0,2010.0,10.0,en,Unknown,5,4,22,105197635.0,18.471351386532508
250000000.0,19.33697147982652,146.0,2010.0,10.0,en,Unknown,5,2,2,954305868.0,20.676494795426205
3837625.0,15.160364504214792,103.0,2010.0,10.0,en,Unknown,5,2,0,3867000.0,15.167989829187798
25000000.0,17.034386422832473,154.0,2010.0,10.0,fr,Unknown,5,3,0,48531470.0,17.69772303206977
3000000.0,14.914123179965662,91.0,2010.0,10.0,en,Unknown,5,3,0,177512032.0,18.994548956131297
20000000.0,16.811242881518265,90.0,2010.0,10.0,en,Unknown,5,3,1,136150434.0,18.729270972084446
15000000.0,16.52356082573315,104.0,2010.0,10.0,en,Unknown,5,2,0,4882577.0,15.401183917027792
30000000.0,17.216707972959764,134.0,2010.0,10.0,en,Unknown,5,1,0,8454301.0,15.95018598220563
30000000.0,17.216707972959764,98.0,2010.0,10.0,en,Unknown,5,3,2,102000000.0,18.440483381052466
130000000.0,18.683045016112164,95.0,2010.0,10.0,en,Unknown,5,1,0,321887208.0,19.589711759536705
10000000.0,16.118095750958314,91.0,2010.0,10.0,en,Unknown,5,5,9,4349187.0,15.28549971897381
3500000.0,15.068273812173887,103.0,2010.0,10.0,nb,Unknown,5,3,0,4159678.0,15.240948465798654
14734000.0,16.505668374095126,139.0,2010.0,11.0,fr,Unknown,5,1,0,6775121.0,15.728767931947981
65000000.0,17.989897843244528,95.0,2010.0,11.0,en,Unknown,5,3,5,211780824.0,19.171062453510984
100000000.0,18.420680753952364,98.0,2010.0,11.0,en,Unknown,5,5,13,167805466.0,18.93831593191957
18000000.0,16.705882371415992,94.0,2010.0,11.0,en,Unknown,5,5,5,35692920.0,17.39046293577102
8000000.0,15.894952224644102,129.0,2010.0,11.0,en,Unknown,5,2,1,18124262.0,16.71276209580932
25000000.0,17.034386422832473,99.0,2010.0,11.0,en,Unknown,5,5,0,36993168.0,17.42624383194221
25000000.0,17.034386422832473,103.0,2010.0,11.0,en,Unknown,5,4,0,4644108.0,15.35111009267004
10000000.0,16.118095750958314,100.0,2010.0,11.0,en,Unknown,5,5,1,66821036.0,18.01752851407806
65000.0,11.082157933374816,99.0,2010.0,11.0,en,Unknown,5,1,0,416498.0,12.939639339625767
30000000.0,17.216707972959764,133.0,2010.0,11.0,en,Unknown,5,3,2,51148651.0,17.750246696153447
30000000.0,17.216707972959764,112.0,2010.0,11.0,en,Unknown,5,5,7,102820008.0,18.448490532123238
55000000.0,17.822843761378564,119.0,2010.0,11.0,en,Unknown,5,1,0,89519773.0,18.309970097389243
24000000.0,16.993564429978885,98.0,2010.0,11.0,en,Unknown,5,4,1,23081726.0,16.95455182349457
260000000.0,19.376192192825954,100.0,2010.0,11.0,en,Unknown,5,2,0,591794936.0,20.198670742638633
90000000.0,18.31532023940565,110.0,2010.0,11.0,en,Unknown,5,4,5,16178959.0,16.59922219064373
12000000.0,16.300417291085605,131.0,2010.0,12.0,ja,Unknown,5,5,0,11212294.0,16.232521502015942
13000000.0,16.380459992348886,108.0,2010.0,12.0,en,Unknown,5,4,4,327803731.0,19.60792560920004
42000000.0,17.553180200057167,100.0,2010.0,12.0,en,Unknown,5,1,0,11087569.0,16.221335218996053
100000000.0,18.420680753952364,103.0,2010.0,12.0,en,Unknown,5,5,1,278731369.0,19.44575904442439
1500000.0,14.220976332738882,84.0,2010.0,12.0,nl,Unknown,5,2,0,8786756.0,15.988756259606001
3000000.0,14.914123179965662,99.0,2010.0,12.0,sv,Unknown,5,3,0,4800080.0,15.384143350735739
170000000.0,18.951309000896888,125.0,2010.0,12.0,en,Unknown,5,5,0,400062763.0,19.80713200276317
80000000.0,18.197537205138154,80.0,2010.0,12.0,en,Unknown,5,5,1,201584141.0,19.121717430353286
5000000.0,15.424948670398354,89.0,2010.0,12.0,ru,Unknown,5,1,4,22772019.0,16.941043147324287
5000000.0,15.424948670398354,91.0,2010.0,12.0,en,Unknown,5,1,1,5129058.0,15.450432769522246
120000000.0,18.603002309079653,121.0,2010.0,12.0,en,Unknown,5,3,3,48668907.0,17.70055094473853
7000000.0,15.76142084987672,101.0,2010.0,12.0,es,Unknown,5,5,0,3218666.0,14.98447785665394
25000000.0,17.034386422832473,116.0,2010.0,12.0,en,Unknown,5,1,2,93617009.0,18.354722655706016
100000000.0,18.420680753952364,98.0,2010.0,12.0,en,Unknown,5,5,2,310650585.0,19.55417932083949
15000000.0,16.52356082573315,117.0,2010.0,12.0,en,Unknown,5,3,0,20529194.0,16.837358577315488
38000000.0,17.453096744006448,110.0,2010.0,12.0,en,Unknown,5,4,10,252276927.0,19.346037962739334
112000000.0,18.53400943818794,85.0,2010.0,12.0,en,Unknown,5,4,0,237382724.0,19.285184270011115
3500000.0,15.068273812173887,112.0,2010.0,12.0,en,Unknown,5,5,0,16566240.0,16.622877507903656
3000000.0,14.914123179965662,73.0,2010.0,12.0,ru,Unknown,5,0,0,19010585.0,16.76050653987062
13400000.0,16.410765339548004,100.0,2010.0,12.0,en,Unknown,5,0,1,16700000.0,16.630919337267223
6000000.0,15.607270193858982,93.0,2011.0,1.0,en,Unknown,5,0,0,5206.0,8.557759153162898
40000000.0,17.50439003707821,95.0,2011.0,1.0,en,Unknown,5,2,4,88100000.0,18.293983102257144
120000000.0,18.603002309079653,119.0,2011.0,1.0,en,Unknown,5,3,4,227817248.0,19.24405432604051
40000000.0,17.50439003707821,93.0,2011.0,1.0,en,Unknown,5,5,4,51070807.0,17.74872361992025
70000000.0,18.064005814299346,111.0,2011.0,1.0,en,Unknown,5,4,11,67112664.0,18.02188333226833
36000000.0,17.399029524198163,84.0,2011.0,1.0,en,Unknown,5,2,1,189712432.0,19.061019973084402
4000000.0,15.201805169084134,160.0,2011.0,1.0,ta,Unknown,5,1,0,6000000.0,15.607270193858982
6500000.0,15.687312888712007,102.0,2011.0,1.0,ru,Unknown,5,1,0,9816332.0,16.09955818900285
29000000.0,17.182806422433504,131.0,2011.0,1.0,cn,Unknown,5,2,0,33662874.0,17.331906156032517
25000000.0,17.034386422832473,107.0,2011.0,1.0,en,Unknown,5,3,8,147780440.0,18.811238223485976
17000000.0,16.648723960844016,86.0,2011.0,1.0,en,Unknown,5,3,0,43165571.0,17.580553791040852
2000000.0,14.508658238524095,85.0,2011.0,1.0,en,Unknown,5,2,1,13101672.0,16.388250489940827
45202.0,10.718918735299235,95.0,2011.0,1.0,en,Unknown,4,3,2,225861.0,12.327679472281403
93.0,4.543294782270004,107.0,2011.0,1.0,en,Unknown,5,3,0,2500000.0,14.731801689838349
37000000.0,17.426428497635523,114.0,2011.0,1.0,en,Unknown,5,5,2,96047633.0,18.380354813871797
5650000.0,15.547166280113759,123.0,2011.0,2.0,de,Unknown,5,2,0,43000000.0,17.57671069691365
8000000.0,15.894952224644102,96.0,2011.0,2.0,en,Unknown,5,4,1,1749457.0,14.374816583642607
30000000.0,17.216707972959764,108.0,2011.0,2.0,en,Unknown,5,5,0,108609310.0,18.503267698437185
3000000.0,14.914123179965662,90.0,2011.0,2.0,ru,Unknown,5,1,0,1957000.0,14.486923757364286
16000000.0,16.588099342704055,91.0,2011.0,2.0,en,Unknown,5,2,0,40492759.0,17.516633750664223
25000000.0,17.034386422832473,114.0,2011.0,2.0,en,Unknown,5,5,3,27122040.0,17.115857276316813
80000000.0,18.197537205138154,117.0,2011.0,2.0,en,Unknown,5,2,6,214918407.0,19.18576901639005
13000000.0,16.380459992348886,105.0,2011.0,2.0,en,Unknown,5,3,2,98441954.0,18.40497764310301
19100000.0,16.765198945372877,109.0,2011.0,2.0,en,Unknown,5,3,4,5728213.0,15.560914347259935
21000000.0,16.860033043306743,91.0,2011.0,2.0,en,Unknown,5,4,0,970816.0,13.785893264012122
40000000.0,17.50439003707821,104.0,2011.0,2.0,en,Unknown,5,4,2,97552050.0,18.395896649927696
7700000.0,15.856731016694035,123.0,2011.0,2.0,en,Unknown,5,5,0,1072602.0,13.88559896246906
32000000.0,17.281246492014,107.0,2011.0,2.0,en,Unknown,5,5,2,83615414.0,18.241738451009347
30000000.0,17.216707972959764,113.0,2011.0,2.0,en,Unknown,5,5,2,130786397.0,18.689076000754262
50000000.0,17.72753358339242,109.0,2011.0,2.0,en,Unknown,5,4,5,144492830.0,18.788740451829273
4317946.0,15.278290615780541,106.0,2011.0,2.0,de,Unknown,5,5,3,14624826.0,16.4982311219524
50000000.0,17.72753358339242,105.0,2011.0,2.0,en,Unknown,5,5,2,28931401.0,17.18043813758244
36000000.0,17.399029524198163,105.0,2011.0,2.0,en,Unknown,5,2,8,83160734.0,18.236285859298867
135000000.0,18.72078534381011,107.0,2011.0,3.0,en,Unknown,5,5,7,245724603.0,19.319721970858033
15000000.0,16.52356082573315,107.0,2011.0,3.0,en,Unknown,5,2,1,59389433.0,17.899626889722686
50200000.0,17.731525604582277,106.0,2011.0,3.0,en,Unknown,5,4,0,127869379.0,18.666519832101162
19000000.0,16.759949589762293,97.0,2011.0,3.0,en,Unknown,5,4,1,6928068.0,15.751091688759107
27000000.0,17.11134746100564,105.0,2011.0,3.0,en,Unknown,5,5,1,161849455.0,18.902177177194023
70000000.0,18.064005814299346,116.0,2011.0,3.0,en,Unknown,5,3,0,202466756.0,19.126086268071692
150000000.0,18.826145858727198,88.0,2011.0,3.0,en,Unknown,5,1,1,38992758.0,17.478886520189064
3500000.0,15.068273812173887,105.0,2011.0,3.0,nl,Unknown,5,1,0,18000000.0,16.705882371415992
42000000.0,17.553180200057167,100.0,2011.0,3.0,en,Unknown,5,3,3,89162162.0,18.305967325945417
3000000.0,14.914123179965662,112.0,2011.0,3.0,en,Unknown,5,5,1,22000.0,9.99884318585288
38000000.0,17.453096744006448,120.0,2011.0,3.0,en,Unknown,5,5,2,114156230.0,18.55307851552127
110000000.0,18.5159909328476,117.0,2011.0,3.0,en,Unknown,5,5,2,712171856.0,20.38382981244168
20000000.0,16.811242881518265,107.0,2011.0,3.0,en,Unknown,5,3,1,4634062.0,15.348944579048208
40000000.0,17.50439003707821,119.0,2011.0,3.0,en,Unknown,5,3,0,85412898.0,18.263007689507646
10831173.0,16.19793901568745,106.0,2011.0,3.0,en,Unknown,5,4,1,10654385.0,16.18148219632652
4000000.0,15.201805169084134,105.0,2011.0,3.0,en,Unknown,5,2,0,253899.0,12.44469576769277
82000000.0,18.22222981742365,110.0,2011.0,3.0,en,Unknown,5,4,4,89792502.0,18.31301204426393
21000000.0,16.860033043306743,99.0,2011.0,3.0,en,Unknown,5,2,2,72417394.0,18.09795709092849
400000.0,12.899222326086994,119.0,2011.0,3.0,hi,Unknown,5,3,0,252000.0,12.437188334739655
32000000.0,17.281246492014,93.0,2011.0,3.0,en,Unknown,5,2,1,147332697.0,18.80820383914737
63000000.0,17.958645300228824,95.0,2011.0,3.0,en,Unknown,5,2,3,183953723.0,19.03019478394183
3347850.0,15.023829205419561,108.0,2011.0,4.0,it,Unknown,5,2,0,1248748.0,14.037652808143779
90000000.0,18.31532023940565,96.0,2011.0,4.0,en,Unknown,5,2,2,484635760.0,19.998908158506367
30000000.0,17.216707972959764,111.0,2011.0,4.0,en,Unknown,5,4,3,63782078.0,17.970982815440145
18000000.0,16.705882371415992,106.0,2011.0,4.0,en,Unknown,5,5,1,47088990.0,17.6675497949356
40000000.0,17.50439003707821,110.0,2011.0,4.0,en,Unknown,5,1,0,45735397.0,17.638383129341506
13100000.0,16.388122864507256,140.0,2011.0,4.0,hi,Unknown,5,1,1,4100000.0,15.226497775576945
49900000.0,17.725531580761828,102.0,2011.0,4.0,en,Unknown,5,2,1,26121638.0,17.07827460925533
4000000.0,15.201805169084134,99.0,2011.0,4.0,en,Unknown,5,3,0,25345000.0,17.0480920693441
40000000.0,17.50439003707821,111.0,2011.0,4.0,en,Unknown,5,1,13,97138686.0,18.391650278216506
5000000.0,15.424948670398354,121.0,2011.0,4.0,en,Unknown,5,1,0,27046.0,10.205331372394003
30000000.0,17.216707972959764,63.0,2011.0,4.0,en,Unknown,5,2,0,14460000.0,16.486896843851184
20000000.0,16.811242881518265,113.0,2011.0,4.0,en,Unknown,5,4,13,17479.0,9.768812649209526
15000000.0,16.52356082573315,97.0,2011.0,4.0,en,Unknown,5,1,0,4627375.0,15.34750052674445
17000.0,9.741027444837728,106.0,2011.0,4.0,en,Unknown,5,1,0,101236.0,11.525219581663706
20.0,3.044522437723423,83.0,2011.0,4.0,en,Unknown,5,0,2,15.0,2.772588722239781
125000000.0,18.643824303266577,130.0,2011.0,4.0,en,Unknown,5,3,3,626137675.0,20.255080834595837
150000000.0,18.826145858727198,115.0,2011.0,4.0,en,Unknown,5,1,2,449326618.0,19.923260617778432
25000000.0,17.034386422832473,106.0,2011.0,4.0,en,Unknown,5,1,4,53213633.0,17.789825199673714
32500000.0,17.296750678069195,125.0,2011.0,4.0,en,Unknown,5,3,0,288383523.0,19.479801832755626
8000000.0,15.894952224644102,104.0,2011.0,4.0,en,Unknown,5,2,1,10130000.0,16.131011974941543
30000000.0,17.216707972959764,86.0,2011.0,4.0,en,Unknown,5,1,0,13521829.0,16.419815974449012
3550000.0,15.0824584431417,124.0,2011.0,5.0,ko,Unknown,5,1,0,48000000.0,17.6867115897055
35000000.0,17.370858648025116,112.0,2011.0,5.0,en,Unknown,5,3,2,59901913.0,17.90821901583061
60000000.0,17.909855136853043,87.0,2011.0,5.0,en,Unknown,5,5,1,78309131.0,18.176174782512966
10000000.0,16.118095750958314,101.0,2011.0,5.0,en,Unknown,5,5,0,610986.0,13.322830961331638
3000000.0,14.914123179965662,86.0,2011.0,5.0,en,Unknown,5,4,0,748453.0,13.525765024707482
6600000.0,15.702580358511794,112.0,2011.0,5.0,en,Unknown,5,5,0,37710610.0,17.44545207170206
30000000.0,17.216707972959764,94.0,2011.0,5.0,en,Unknown,5,5,18,151119219.0,18.833579619683118
14350531.0,16.479297572653444,88.0,2011.0,5.0,en,Unknown,5,3,0,3964682.0,15.19293646029631
380000000.0,19.755681813316283,136.0,2011.0,5.0,en,Unknown,5,3,3,1045713802.0,20.76796555425219
15000000.0,16.52356082573315,100.0,2011.0,5.0,en,Unknown,5,5,0,133432856.0,18.70910896546569
20000000.0,16.811242881518265,92.0,2011.0,5.0,en,Unknown,5,2,3,216197492.0,19.19170286735747
32000000.0,17.281246492014,139.0,2011.0,5.0,en,Unknown,5,3,2,54674226.0,17.816902986338455
15774948.0,16.573933733422773,97.0,2011.0,5.0,en,Unknown,5,5,0,741875.0,13.516937392281134
160000000.0,18.8906843794481,132.0,2011.0,5.0,en,Unknown,5,5,3,353624124.0,19.683745113210374
150000000.0,18.826145858727198,91.0,2011.0,5.0,en,Unknown,5,1,0,665692281.0,20.3163380826927
80000000.0,18.197537205138154,102.0,2011.0,5.0,en,Unknown,5,4,6,254455986.0,19.354638439902896
7400000.0,15.816990693309524,136.0,2011.0,5.0,da,Unknown,5,5,5,21817298.0,16.898213745189267
1.0,0.6931471805599453,90.0,2011.0,6.0,en,Unknown,5,5,0,1378.0,7.229113877793302
50000000.0,17.72753358339242,112.0,2011.0,6.0,en,Unknown,5,4,2,260095987.0,19.376561305463316
20000000.0,16.811242881518265,91.0,2011.0,6.0,en,Unknown,5,2,2,14166853.0,16.466415568668516
200000000.0,19.11382792951231,106.0,2011.0,6.0,en,Unknown,5,2,4,559852396.0,20.14318373016529
4141459.0,15.236558940637462,87.0,2011.0,6.0,fr,Unknown,5,5,0,201607.0,12.214080496931702
200000000.0,19.11382792951231,114.0,2011.0,6.0,en,Unknown,5,3,7,219851172.0,19.208461389032852
55000000.0,17.822843761378564,94.0,2011.0,6.0,en,Unknown,5,4,6,187361754.0,19.048551824763834
930000.0,13.742940940397677,100.0,2011.0,6.0,en,Unknown,5,2,0,30905.0,10.33870561879364
10000000.0,16.118095750958314,98.0,2011.0,6.0,en,Unknown,5,5,4,1759252.0,14.380399845099474
195000000.0,19.088510121656228,154.0,2011.0,6.0,en,Unknown,5,4,8,1123746996.0,20.839934471443975
30000000.0,17.216707972959764,98.0,2011.0,6.0,en,Unknown,5,3,0,36160375.0,17.403474491664277
4090000.0,15.224055772517731,102.0,2011.0,7.0,hi,Unknown,5,1,0,18035000.0,16.707824927767515
20000000.0,16.811242881518265,109.0,2011.0,7.0,en,Unknown,5,5,0,17425000.0,16.67341657199967
30000000.0,17.216707972959764,125.0,2011.0,7.0,zh,Unknown,5,1,0,108348.0,11.593112777572584
80000000.0,18.197537205138154,102.0,2011.0,7.0,en,Unknown,5,5,4,169852759.0,18.95044250207087
125000000.0,18.643824303266577,130.0,2011.0,7.0,en,Unknown,5,2,3,1342000000.0,21.017426876241057
6000000.0,15.607270193858982,96.0,2011.0,7.0,en,Unknown,5,5,0,19560274.0,16.78901128177682
35000000.0,17.370858648025116,98.0,2011.0,7.0,en,Unknown,5,2,1,117000000.0,18.57768450130904
11000000.0,16.213405921671733,101.0,2011.0,7.0,fr,Unknown,5,1,0,807535.0,13.601742915128543
134005.0,11.80563985405003,104.0,2011.0,7.0,en,Unknown,5,1,6,1332231.0,14.102366289090085
5000000.0,15.424948670398354,86.0,2011.0,7.0,en,Unknown,5,3,0,25562924.0,17.056653617545955
2000000.0,14.508658238524095,81.0,2011.0,7.0,ru,Unknown,5,0,0,8000000.0,15.894952224644102
35000000.0,17.370858648025116,109.0,2011.0,7.0,en,Unknown,5,3,2,150483765.0,18.829365769225493
3062000.0,14.934579181783645,143.0,2011.0,7.0,hi,Unknown,5,1,0,25034000.0,17.03574549881578
140000000.0,18.757152987716434,124.0,2011.0,7.0,en,Unknown,5,2,6,370569774.0,19.730552311554884
100000.0,11.51293546492023,92.0,2011.0,7.0,en,Unknown,5,1,0,1776935.0,14.390401090731311
40000000.0,17.50439003707821,108.0,2011.0,7.0,en,Unknown,5,5,1,60965854.0,17.925824511318414
163000000.0,18.909260764906005,119.0,2011.0,7.0,en,Unknown,5,5,5,174822325.0,18.979280736141934
110000000.0,18.5159909328476,103.0,2011.0,7.0,en,Unknown,5,3,6,563749323.0,20.15012024966736
50000000.0,17.72753358339242,118.0,2011.0,7.0,en,Unknown,5,1,1,142851197.0,18.777314073025213
93000000.0,18.34811006187022,105.0,2011.0,8.0,en,Unknown,5,5,0,482860185.0,19.99523769973303
52000000.0,17.76675429577647,112.0,2011.0,8.0,en,Unknown,5,4,3,75450437.0,18.13898654833027
15000000.0,16.52356082573315,100.0,2011.0,8.0,en,Unknown,5,5,2,78054825.0,18.17292203517306
25000000.0,17.034386422832473,146.0,2011.0,8.0,en,Unknown,5,5,0,124272124.0,18.63798427549918
8000000.0,15.894952224644102,122.0,2011.0,8.0,ko,Unknown,5,4,0,49000000.0,17.707330876483063
9000000.0,16.012735246411598,84.0,2011.0,8.0,en,Unknown,5,3,0,18663238.0,16.742066318170178
28000000.0,17.147715103853763,83.0,2011.0,8.0,en,Unknown,5,1,1,40547440.0,17.51798322925938
47000000.0,17.665658180950928,92.0,2011.0,8.0,en,Unknown,5,3,0,157887643.0,18.877394224105753
4798235.0,15.383758908333446,107.0,2011.0,8.0,en,Unknown,5,5,0,209696.0,12.253418910636032
13000000.0,16.380459992348886,117.0,2011.0,8.0,es,Unknown,5,5,5,5774854.0,15.569023705831807
90000000.0,18.31532023940565,113.0,2011.0,8.0,en,Unknown,5,5,3,48795021.0,17.703138857423465
27000000.0,17.11134746100564,89.0,2011.0,8.0,en,Unknown,5,1,12,85564310.0,18.26477882660341
17000000.0,16.648723960844016,106.0,2011.0,8.0,en,Unknown,5,1,1,24922237.0,17.03127105523471
4000000.0,15.201805169084134,88.0,2011.0,8.0,en,Unknown,5,4,9,1104682.0,13.915068973948621
5000000.0,15.424948670398354,87.0,2011.0,8.0,en,Unknown,5,4,4,3142154.0,14.96041942821684
10000000.0,16.118095750958314,90.0,2011.0,8.0,en,Unknown,5,4,1,17273593.0,16.664689535014837
2000000.0,14.508658238524095,109.0,2011.0,8.0,en,Unknown,5,0,0,841733.0,13.643219328823658
75000000.0,18.132998684833918,110.0,2011.0,8.0,en,Unknown,5,5,7,132274484.0,18.700389753342996
22361.0,10.015118368707313,96.0,2011.0,8.0,en,Unknown,5,4,0,721651.0,13.48929830721846
130.0,4.875197323201151,130.0,2011.0,8.0,hi,Unknown,5,2,0,8.0,2.1972245773362196
6100000.0,15.623799493077952,149.0,2011.0,8.0,ta,Unknown,5,3,0,28000000.0,17.147715103853763
15000000.0,16.52356082573315,119.0,2011.0,9.0,en,Unknown,5,2,0,868439.0,13.674453777648173
28000000.0,17.147715103853763,91.0,2011.0,9.0,en,Unknown,5,1,4,10126458.0,16.13066225934108
500000.0,13.122365377402328,95.0,2011.0,9.0,en,Unknown,5,2,1,171760.0,12.053859254613032
17000000.0,16.648723960844016,105.0,2011.0,9.0,en,Unknown,5,5,7,12355798.0,16.32963606548784
8000000.0,15.894952224644102,129.0,2011.0,9.0,en,Unknown,5,3,1,100915.0,11.522043766614756
60000000.0,17.909855136853043,106.0,2011.0,9.0,en,Unknown,5,5,12,137551594.0,18.73950964105098
1100000.0,13.910821646859095,101.0,2011.0,9.0,id,Unknown,5,3,0,4105187.0,15.22776209762753
20000000.0,16.811242881518265,115.0,2011.0,9.0,en,Unknown,5,3,3,177243185.0,18.993033279760272
25000000.0,17.034386422832473,140.0,2011.0,9.0,en,Unknown,5,4,3,23057115.0,16.9534849999362
4000000.0,15.201805169084134,96.0,2011.0,9.0,fr,Unknown,5,5,0,911466.0,13.722810668386229
5510000.0,15.522075362617285,139.0,2011.0,9.0,hi,Unknown,5,1,0,18050000.0,16.708656298144824
5000000.0,15.424948670398354,107.0,2011.0,9.0,en,Unknown,5,5,7,34564651.0,17.35834209932297
10000000.0,16.118095750958314,102.0,2011.0,9.0,en,Unknown,5,4,7,3665069.0,15.114357992711216
125000.0,11.736077016252437,90.0,2011.0,9.0,en,Unknown,5,1,0,3200000.0,14.978661680269907
900000.0,13.710151153416941,97.0,2011.0,9.0,en,Unknown,5,1,0,25000.0,10.12667110305036
10000000.0,16.118095750958314,83.0,2011.0,9.0,en,Unknown,5,1,0,4417580.0,15.301102819170872
45000000.0,17.622173069956816,101.0,2011.0,9.0,en,Unknown,5,1,1,160078586.0,18.891175421364213
8000000.0,15.894952224644102,91.0,2011.0,9.0,en,Unknown,5,3,7,163265.0,12.003136051524452
25000000.0,17.034386422832473,80.0,2011.0,9.0,en,Unknown,5,5,9,27603069.0,17.13343755638563
25000000.0,17.034386422832473,110.0,2011.0,9.0,en,Unknown,5,1,2,10324441.0,16.150024651767428
24000000.0,16.993564429978885,89.0,2011.0,9.0,en,Unknown,5,1,2,30551495.0,17.234924211286376
35000000.0,17.370858648025116,106.0,2011.0,9.0,en,Unknown,5,5,7,82087155.0,18.223292118822364
2200000.0,14.603968372873895,125.0,2011.0,9.0,ko,Unknown,5,3,0,31500000.0,17.265498135541893
50000000.0,17.72753358339242,133.0,2011.0,9.0,en,Unknown,5,2,1,110206216.0,18.517863868699774
8000.0,8.987321812850125,96.0,2011.0,9.0,en,Unknown,5,4,0,484592.0,13.091064642357221
66000000.0,18.005165315142214,116.0,2011.0,9.0,en,Unknown,5,5,0,57777106.0,17.87210318252075
30000000.0,17.216707972959764,129.0,2011.0,9.0,en,Unknown,5,5,6,2527904.0,14.742901454428848
37000000.0,17.426428497635523,113.0,2011.0,9.0,en,Unknown,5,2,1,95404397.0,18.373635235984846
12500000.0,16.341239282272525,101.0,2011.0,9.0,en,Unknown,5,5,6,75993061.0,18.14615260460978
110000000.0,18.5159909328476,127.0,2011.0,9.0,en,Unknown,5,5,6,299268508.0,19.516851751784547
7000000.0,15.76142084987672,112.0,2011.0,9.0,en,Unknown,5,2,0,6038942.0,15.61373955459671
3500000.0,15.068273812173887,107.0,2011.0,9.0,en,Unknown,5,4,0,19504039.0,16.786132181562447
50000000.0,17.72753358339242,84.0,2011.0,9.0,en,Unknown,5,2,4,38502340.0,17.46622960260426
20000000.0,16.811242881518265,106.0,2011.0,9.0,en,Unknown,5,3,0,30426096.0,17.23081125206297
15000000.0,16.52356082573315,99.0,2011.0,9.0,en,Unknown,5,5,8,27462041.0,17.128315318248724
1000000.0,13.815511557963774,129.0,2011.0,9.0,en,Unknown,5,5,2,34522221.0,17.357113790589977
14000000.0,16.454567959008102,149.0,2011.0,9.0,en,Unknown,5,4,0,46495.0,10.747121566370009
8000000.0,15.894952224644102,100.0,2011.0,9.0,en,Unknown,5,2,1,39187783.0,17.483875623540083
25000000.0,17.034386422832473,118.0,2011.0,10.0,en,Unknown,5,5,1,11790979.0,16.2828453903484
6500000.0,15.687312888712007,100.0,2011.0,10.0,en,Unknown,5,5,0,17693675.0,16.68871784556585
24000000.0,16.993564429978885,113.0,2011.0,10.0,en,Unknown,5,3,2,63543328.0,17.967232577627115
35000000.0,17.370858648025116,103.0,2011.0,10.0,en,Unknown,5,3,0,28128670.0,17.15229993441573
36000000.0,17.399029524198163,91.0,2011.0,10.0,en,Unknown,5,3,14,9612469.0,16.078571771854886
45000000.0,17.622173069956816,120.0,2011.0,10.0,en,Unknown,5,3,1,24000000.0,16.993564429978885
41000000.0,17.529082649058825,100.0,2011.0,10.0,en,Unknown,5,5,3,7448385.0,15.823507922589675
12468389.0,16.33870719945715,97.0,2011.0,10.0,en,Unknown,5,5,0,29007412.0,17.183061975975
6400000.0,15.671808704579888,99.0,2011.0,10.0,en,Unknown,5,5,0,35057696.0,17.37250574790681
5000000.0,15.424948670398354,83.0,2011.0,10.0,en,Unknown,5,4,1,205703818.0,19.14194792032347
30000000.0,17.216707972959764,130.0,2011.0,10.0,en,Unknown,5,2,7,15395087.0,16.549559055466005
180000.0,12.100717685412471,85.0,2011.0,10.0,en,Unknown,4,0,0,175742.0,12.076777979576717
130000000.0,18.683045016112164,107.0,2011.0,10.0,en,Unknown,5,5,25,371940071.0,19.734243302485748
12000000.0,16.300417291085605,93.0,2011.0,10.0,fr,Unknown,5,2,0,1428291.0,14.171989882770832
16000000.0,16.588099342704055,168.0,2011.0,10.0,ta,Unknown,5,1,2,98900000.0,18.409619806704164
40000000.0,17.50439003707821,109.0,2011.0,10.0,en,Unknown,5,3,2,173930596.0,18.974166909793784
17000000.0,16.648723960844016,98.0,2011.0,10.0,en,Unknown,5,5,0,3696232.0,15.122824750882245
250000.0,12.429220196836383,90.0,2011.0,10.0,en,Unknown,5,5,0,3542353.0,15.08030203586562
13000000.0,16.380459992348886,112.0,2011.0,11.0,fr,Unknown,5,5,0,426480871.0,19.871078075121222
75000000.0,18.132998684833918,104.0,2011.0,11.0,en,Unknown,5,4,6,152930623.0,18.845494938614156
10000000.0,16.118095750958314,109.0,2011.0,11.0,fr,Unknown,5,5,0,10759.0,9.283590833715776
19000000.0,16.759949589762293,108.0,2011.0,11.0,en,Unknown,5,2,0,35387212.0,17.381861098160996
20000000.0,16.811242881518265,85.0,2011.0,11.0,en,Unknown,5,5,0,2128186.0,14.570781001522658
23000000.0,16.951004817371683,93.0,2011.0,11.0,en,Unknown,5,2,13,33372606.0,17.32324597173956
35000000.0,17.370858648025116,137.0,2011.0,11.0,en,Unknown,5,3,23,84606030.0,18.253516110451628
75000000.0,18.132998684833918,110.0,2011.0,11.0,en,Unknown,5,2,1,226904017.0,19.240037657834797
79000000.0,18.184958423089522,91.0,2011.0,11.0,en,Unknown,5,3,7,149673788.0,18.82396874387942
10920000.0,16.206106619856122,159.0,2011.0,11.0,hi,Unknown,5,0,1,19660000.0,16.794096723547995
2500000.0,14.731801689838349,98.0,2011.0,11.0,fr,Unknown,5,5,0,3358.0,8.119398589612294
130000000.0,18.683045016112164,100.0,2011.0,11.0,en,Unknown,5,4,5,150406466.0,18.82885196722581
4000000.0,15.201805169084134,119.0,2011.0,11.0,en,Unknown,5,1,0,355688.0,12.781812032521616
45000000.0,17.622173069956816,103.0,2011.0,11.0,en,Unknown,5,1,0,165184237.0,18.922572002876898
170000000.0,18.951309000896888,126.0,2011.0,11.0,en,Unknown,5,3,15,185770160.0,19.04002077403029
125000000.0,18.643824303266577,129.0,2011.0,11.0,en,Unknown,5,5,5,334615000.0,19.62849117814803
12000000.0,16.300417291085605,108.0,2011.0,11.0,en,Unknown,5,4,1,972512.0,13.787638721994647
5000000.0,15.424948670398354,120.0,2011.0,11.0,en,Unknown,5,4,0,3099314.0,14.94669167729647
10000000.0,16.118095750958314,124.0,2011.0,11.0,en,Unknown,5,2,4,136836156.0,18.734294833785718
750000.0,13.527829818844937,102.0,2011.0,12.0,en,Unknown,5,2,0,78396.0,11.26954094030024
145000000.0,18.7922443072814,133.0,2011.0,12.0,en,Unknown,5,5,2,694713380.0,20.359009917029358
56000000.0,17.840862266556567,118.0,2011.0,12.0,en,Unknown,5,1,7,142044638.0,18.77165192531998
25000000.0,17.034386422832473,81.0,2011.0,12.0,en,Unknown,5,3,2,34942188.0,17.369205510965323
250000.0,12.429220196836383,62.0,2011.0,12.0,en,Unknown,1,0,0,1000000.0,13.815511557963774
57000000.0,17.858561843342684,95.0,2011.0,12.0,en,Unknown,5,5,3,149217355.0,18.820914566046213
2000000.0,14.508658238524095,207.0,2011.0,12.0,ru,Unknown,5,1,0,393816.0,12.883641613376783
90000000.0,18.31532023940565,158.0,2011.0,12.0,en,Unknown,5,5,8,232617430.0,19.264905735051826
75000000.0,18.132998684833918,87.0,2011.0,12.0,en,Unknown,5,1,4,342695435.0,19.65235266898551
94000000.0,18.358805350872576,145.0,2011.0,12.0,zh,Unknown,5,3,3,95311434.0,18.372660350933085
12000000.0,16.300417291085605,94.0,2011.0,12.0,en,Unknown,5,3,3,22939027.0,16.948350297364144
40000000.0,17.50439003707821,130.0,2011.0,12.0,en,Unknown,5,5,5,5446000.0,15.510392135836831
8000000.0,15.894952224644102,113.0,2011.0,12.0,en,Unknown,5,1,1,5634828.0,15.544477358944098
40000000.0,17.50439003707821,130.0,2011.0,12.0,en,Unknown,5,5,6,5446000.0,15.510392135836831
40000000.0,17.50439003707821,130.0,2011.0,12.0,en,Unknown,5,5,7,5446000.0,15.510392135836831
40000000.0,17.50439003707821,130.0,2011.0,12.0,en,Unknown,5,5,8,5446000.0,15.510392135836831
30000000.0,17.216707972959764,89.0,2011.0,12.0,en,Unknown,5,5,0,64626786.0,17.984139542248087
50000000.0,17.72753358339242,124.0,2011.0,12.0,en,Unknown,5,4,4,120081841.0,18.60368408494531
10000000.0,16.118095750958314,127.0,2011.0,12.0,en,Unknown,5,1,0,303877.0,12.624381584050152
40000000.0,17.50439003707821,129.0,2011.0,12.0,en,Unknown,5,3,3,55247881.0,17.827340562785707
66000000.0,18.005165315142214,146.0,2011.0,12.0,en,Unknown,5,5,26,177584879.0,18.994959249763006
13000000.0,16.380459992348886,105.0,2011.0,12.0,en,Unknown,5,5,1,114956699.0,18.560066093686284
1000000.0,13.815511557963774,83.0,2012.0,1.0,en,Unknown,5,2,1,101758490.0,18.4381128284367
25000000.0,17.034386422832473,109.0,2012.0,1.0,en,Unknown,5,5,1,63100000.0,17.9602313433593
42000000.0,17.553180200057167,102.0,2012.0,1.0,en,Unknown,5,2,0,46221189.0,17.64894890890919
6000000.0,15.607270193858982,110.0,2012.0,1.0,it,Unknown,5,2,1,35000000.0,17.370858648025116
70000000.0,18.064005814299346,88.0,2012.0,1.0,en,Unknown,5,5,1,160112671.0,18.89138832536562
58000000.0,17.87595358575207,125.0,2012.0,1.0,en,Unknown,5,3,0,50365377.0,17.73481455254271
79000000.0,18.184958423089522,94.0,2012.0,1.0,en,Unknown,5,3,1,355692760.0,19.689577885291854
2000000.0,14.508658238524095,108.0,2012.0,1.0,pt,Unknown,5,1,0,1620436.0,14.298206423918165
11097000.0,16.22218544959714,174.0,2012.0,1.0,hi,Unknown,5,1,0,49028000.0,17.7079021418397
40000000.0,17.50439003707821,91.0,2012.0,1.0,en,Unknown,5,2,0,36893721.0,17.423551959034715
25000000.0,17.034386422832473,117.0,2012.0,1.0,en,Unknown,5,5,4,77278331.0,18.16292416378467
25496629.0,17.054056844532422,120.0,2012.0,1.0,fr,Unknown,5,4,2,40924982.0,17.527251265827374
17000000.0,16.648723960844016,95.0,2012.0,2.0,en,Unknown,5,5,0,127730736.0,18.665434988985872
15000000.0,16.52356082573315,84.0,2012.0,2.0,en,Unknown,5,4,0,145000000.0,18.7922443072814
40000000.0,17.50439003707821,107.0,2012.0,2.0,en,Unknown,5,3,4,24719215.0,17.02309147484047
30000000.0,17.216707972959764,104.0,2012.0,2.0,en,Unknown,5,2,0,196114570.0,19.094209592332742
85000000.0,18.258161826219297,115.0,2012.0,2.0,en,Unknown,5,4,0,208076205.0,19.15341494556666
6300000.0,15.656060350091908,101.0,2012.0,2.0,en,Unknown,5,5,0,419953.0,12.947900460451857
65000000.0,17.989897843244528,103.0,2012.0,2.0,en,Unknown,5,3,4,156974557.0,18.871594299225492
2500000.0,14.731801689838349,102.0,2012.0,2.0,en,Unknown,5,2,0,3003.0,8.007700012884026
3000000.0,14.914123179965662,90.0,2012.0,2.0,en,Unknown,5,3,0,3010.0,8.010027528481734
35000000.0,17.370858648025116,98.0,2012.0,2.0,en,Unknown,5,3,2,24159934.0,17.000206240629918
12000000.0,16.300417291085605,110.0,2012.0,2.0,en,Unknown,5,2,0,81272766.0,18.213321549153616
500000.0,13.122365377402328,93.0,2012.0,2.0,en,Unknown,5,0,0,845188.0,13.647315549968264
12000000.0,16.300417291085605,88.0,2012.0,3.0,en,Unknown,5,2,0,100000000.0,18.420680753952364
70000000.0,18.064005814299346,86.0,2012.0,3.0,en,Unknown,5,2,0,348840316.0,19.67012483104871
12000000.0,16.300417291085605,90.0,2012.0,3.0,en,Unknown,5,4,0,2521.0,7.8328075165248645
14000000.0,16.454567959008102,119.0,2012.0,3.0,en,Unknown,5,5,1,13551174.0,16.42198381739754
260000000.0,19.376192192825954,132.0,2012.0,3.0,en,Unknown,5,1,2,284139100.0,19.46497446846993
40000000.0,17.50439003707821,91.0,2012.0,3.0,en,Unknown,5,4,5,22044277.0,16.908563625047098
26000000.0,17.073607134447293,111.0,2012.0,3.0,en,Unknown,5,1,2,29657751.0,17.2052340994888
1200000.0,13.997832948091215,122.0,2012.0,3.0,hi,Unknown,5,0,0,16000000.0,16.588099342704055
9000000.0,16.012735246411598,102.0,2012.0,3.0,en,Unknown,5,4,0,8303261.0,15.932159007606012
7500000.0,15.830413711839864,93.0,2012.0,3.0,en,Unknown,5,3,0,8135031.0,15.911690232247699
60000000.0,17.909855136853043,88.0,2012.0,3.0,en,Unknown,5,3,0,118338361.0,18.58905855364331
75000000.0,18.132998684833918,142.0,2012.0,3.0,en,Unknown,5,2,1,691210692.0,20.353955245531218
42000000.0,17.553180200057167,109.0,2012.0,3.0,en,Unknown,5,5,1,201585328.0,19.121723318695956
27563396.0,17.131999254859473,148.0,2012.0,3.0,fr,Unknown,5,2,1,29193330.0,17.18945085074249
85000000.0,18.258161826219297,106.0,2012.0,3.0,en,Unknown,5,5,2,183018522.0,19.025097924262674
4000000.0,15.201805169084134,80.0,2012.0,3.0,ru,Unknown,5,1,1,9938268.0,16.111903418598562
150000000.0,18.826145858727198,99.0,2012.0,3.0,en,Unknown,5,5,1,301000000.0,19.52262082603541
8000000.0,15.894952224644102,91.0,2012.0,3.0,en,Unknown,5,3,0,1653792.0,14.318581995584985
25000000.0,17.034386422832473,113.0,2012.0,3.0,en,Unknown,5,5,3,432274.0,12.97681723877299
8000000.0,15.894952224644102,137.0,2012.0,3.0,da,Unknown,5,5,0,7594693.0,15.842960403536107
3000000.0,14.914123179965662,110.0,2012.0,3.0,en,Unknown,5,5,2,77712439.0,18.168525905482866
1.0,0.6931471805599453,73.0,2012.0,3.0,en,Unknown,5,0,0,2755584.0,14.829140319225774
50000000.0,17.72753358339242,105.0,2012.0,4.0,fr,Unknown,5,2,1,48600000.0,17.699134109446852
50000000.0,17.72753358339242,113.0,2012.0,4.0,en,Unknown,5,1,1,234989584.0,19.275051751977376
20000000.0,16.811242881518265,93.0,2012.0,4.0,en,Unknown,5,5,1,16863583.0,16.640667062087278
6000000.0,15.607270193858982,99.0,2012.0,4.0,ru,Unknown,5,5,0,4588176.0,15.338993335388734
209000000.0,19.157844814713773,131.0,2012.0,4.0,en,Unknown,5,4,5,303025485.0,19.52932747214763
20000000.0,16.811242881518265,95.0,2012.0,4.0,en,Unknown,5,3,0,32204030.0,17.287602189014883
30000000.0,17.216707972959764,95.0,2012.0,4.0,en,Unknown,5,2,0,66486080.0,18.01250317544737
30000000.0,17.216707972959764,92.0,2012.0,4.0,en,Unknown,5,1,9,54819301.0,17.819552916178502
12000000.0,16.300417291085605,122.0,2012.0,4.0,en,Unknown,5,1,4,96070507.0,18.38059293818291
30000000.0,17.216707972959764,94.0,2012.0,4.0,en,Unknown,5,5,2,40346186.0,17.513007450073736
25000000.0,17.034386422832473,101.0,2012.0,4.0,en,Unknown,5,4,2,99357138.0,18.414231381451465
17000000.0,16.648723960844016,111.0,2012.0,4.0,en,Unknown,5,4,19,73244881.0,18.10931893311324
220000000.0,19.20913810886209,143.0,2012.0,4.0,en,Unknown,5,2,2,1519557910.0,21.14168528147379
5000000.0,15.424948670398354,100.0,2012.0,4.0,en,Unknown,5,5,9,9206470.0,16.035417164336046
3600000.0,15.096444681204078,120.0,2012.0,4.0,de,Unknown,5,3,0,24267.0,10.096913889062188
30000000.0,17.216707972959764,124.0,2012.0,4.0,en,Unknown,5,5,2,53909751.0,17.80282194715758
1000000.0,13.815511557963774,98.0,2012.0,5.0,en,Unknown,5,2,0,9138338.0,16.02798919825047
11000000.0,16.213405921671733,104.0,2012.0,5.0,ru,Unknown,5,3,0,7200000.0,15.789591722875162
120000.0,11.695255355062795,130.0,2012.0,5.0,ml,Unknown,5,1,0,130000.0,11.775297421715827
150000000.0,18.826145858727198,113.0,2012.0,5.0,en,Unknown,5,5,14,245527149.0,19.31891808971552
7000000.0,15.76142084987672,136.0,2012.0,5.0,te,Unknown,5,0,0,16000000.0,16.588099342704055
5000000.0,15.424948670398354,83.0,2012.0,5.0,en,Unknown,5,3,0,8493728.0,15.954838684472353
65000000.0,17.989897843244528,83.0,2012.0,5.0,en,Unknown,5,1,1,179379533.0,19.00501442081376
500000.0,13.122365377402328,84.0,2012.0,5.0,he,Unknown,5,2,0,116207.0,11.663136967845949
16000000.0,16.588099342704055,94.0,2012.0,5.0,en,Unknown,5,5,6,68263166.0,18.038880896499002
40000000.0,17.50439003707821,110.0,2012.0,5.0,en,Unknown,5,4,1,79700000.0,18.193780156307493
15400000.0,16.54987813231892,123.0,2012.0,5.0,fr,Unknown,5,5,0,25762027.0,17.06441218280972
35000000.0,17.370858648025116,96.0,2012.0,5.0,en,Unknown,5,3,5,2106557.0,14.560565893846038
9500000.0,16.066802461833923,168.0,2012.0,5.0,fr,Unknown,5,1,0,12250.0,9.41336284529417
13000000.0,16.380459992348886,95.0,2012.0,5.0,en,Unknown,5,0,3,1832541.0,14.421214631989164
100000.0,11.51293546492023,86.0,2012.0,5.0,en,Unknown,4,5,0,95000.0,11.461642696843066
25000000.0,17.034386422832473,137.0,2012.0,5.0,en,Unknown,5,5,2,8784318.0,15.988478758101182
225000000.0,19.23161096461314,106.0,2012.0,5.0,en,Unknown,5,5,8,624026776.0,20.25170383727199
20500000.0,16.835935492889124,109.0,2012.0,5.0,en,Unknown,5,5,9,6063556.0,15.617807149546055
170000000.0,18.951309000896888,127.0,2012.0,5.0,en,Unknown,5,2,0,396600000.0,19.798438776571402
130000000.0,18.683045016112164,124.0,2012.0,5.0,en,Unknown,5,4,18,403170142.0,19.814869221880382
6700000.0,15.717618233614914,143.0,2012.0,6.0,hi,Unknown,5,1,1,31000000.0,17.249497794707484
12000000.0,16.300417291085605,145.0,2012.0,6.0,en,Unknown,5,1,0,9622846.0,16.079650724804473
145000000.0,18.7922443072814,93.0,2012.0,6.0,en,Unknown,5,1,1,746921274.0,20.431470349323817
5990000.0,15.605602137036527,145.0,2012.0,6.0,te,Unknown,5,2,0,19450000.0,16.78335767944261
750000.0,13.527829818844937,85.0,2012.0,6.0,en,Unknown,5,2,0,4007792.0,15.203751273706514
75000000.0,18.132998684833918,123.0,2012.0,6.0,en,Unknown,5,4,7,59418613.0,17.900118102247056
70000000.0,18.064005814299346,116.0,2012.0,6.0,en,Unknown,5,3,1,58058367.0,17.876959407312786
65000000.0,17.989897843244528,87.0,2012.0,6.0,en,Unknown,5,2,0,73706.0,11.207853053314365
69000000.0,18.049617077054286,94.0,2012.0,6.0,en,Unknown,5,5,5,112265139.0,18.536373952997053
185000000.0,19.035866388448003,93.0,2012.0,6.0,en,Unknown,5,2,1,538983207.0,20.105194974399108
1400000.0,14.151983508870947,320.0,2012.0,6.0,hi,Unknown,5,2,0,4100000.0,15.226497775576945
10000000.0,16.118095750958314,101.0,2012.0,6.0,en,Unknown,5,4,0,9636289.0,16.08104673773934
26350000.0,17.08697887090231,94.0,2012.0,6.0,en,Unknown,5,3,6,1576687.0,14.270837002363859
95000000.0,18.36938746009113,88.0,2012.0,6.0,en,Unknown,5,2,0,877244782.0,20.59229662541647
500000.0,13.122365377402328,87.0,2012.0,6.0,en,Unknown,5,1,0,500000.0,13.122365377402328
215000000.0,19.186148590743098,136.0,2012.0,6.0,en,Unknown,5,3,1,752215857.0,20.438533885937286
7000000.0,15.76142084987672,110.0,2012.0,6.0,en,Unknown,5,2,14,167221571.0,18.934830269431377
12000000.0,16.300417291085605,93.0,2012.0,6.0,en,Unknown,5,4,0,32726956.0,17.303709669347302
1800000.0,14.403297778421795,93.0,2012.0,6.0,en,Unknown,5,3,0,21107746.0,16.865150687458982
50000000.0,17.72753358339242,106.0,2012.0,6.0,en,Unknown,5,3,0,549368315.0,20.1242796597768
16000000.0,16.588099342704055,114.0,2012.0,6.0,en,Unknown,5,2,0,12434778.0,16.336007862645143
8900000.0,16.001561947061912,127.0,2012.0,7.0,fr,Unknown,5,3,2,29844753.0,17.21151963696422
300000.0,12.611541086966115,88.0,2012.0,7.0,en,Unknown,5,4,0,2750275.0,14.827211828243025
45000000.0,17.622173069956816,131.0,2012.0,7.0,en,Unknown,5,3,15,82966152.0,18.233943287409083
6400000.0,15.671808704579888,144.0,2012.0,7.0,hi,Unknown,5,3,0,18800000.0,16.749367480991666
2500000.0,14.731801689838349,87.0,2012.0,7.0,en,Unknown,0,0,0,33400000.0,17.32406648788705
250000000.0,19.33697147982652,165.0,2012.0,7.0,en,Unknown,5,4,7,1084939099.0,20.804789693331283
68000000.0,18.035018277846262,98.0,2012.0,7.0,en,Unknown,5,5,0,68267862.0,18.038949686722027
33000000.0,17.312018149733785,99.0,2012.0,7.0,en,Unknown,5,1,0,140470746.0,18.760509818654416
22000000.0,16.906553056777135,94.0,2012.0,8.0,en,Unknown,5,1,3,77112176.0,18.160771763805897
125000000.0,18.643824303266577,121.0,2012.0,8.0,en,Unknown,5,5,3,198802074.0,19.10782028975803
60000000.0,17.909855136853043,90.0,2012.0,8.0,en,Unknown,5,2,0,107139399.0,18.48964134825207
3000000.0,14.914123179965662,87.0,2012.0,8.0,en,Unknown,5,2,0,11947954.0,16.296070691990323
30000000.0,17.216707972959764,100.0,2012.0,8.0,en,Unknown,5,5,4,114281051.0,18.554171340744748
100000000.0,18.420680753952364,103.0,2012.0,8.0,en,Unknown,5,2,6,312573423.0,19.560349956342705
130000000.0,18.683045016112164,120.0,2012.0,8.0,en,Unknown,5,5,2,276572938.0,19.4379851379909
12000000.0,16.300417291085605,108.0,2012.0,8.0,zh,Unknown,5,1,0,117629.0,11.675299383954487
2500000.0,14.731801689838349,85.0,2012.0,8.0,en,Unknown,5,5,0,3325038.0,15.016991961326612
14000000.0,16.454567959008102,116.0,2012.0,8.0,en,Unknown,5,4,1,24637469.0,17.01977901278636
2000000.0,14.508658238524095,100.0,2012.0,8.0,en,Unknown,5,4,0,14400000.0,16.48273883399067
17000000.0,16.648723960844016,82.0,2012.0,8.0,en,Unknown,5,4,0,9627492.0,16.080133417587064
35000000.0,17.370858648025116,91.0,2012.0,8.0,en,Unknown,5,1,2,31083599.0,17.25219090687176
3800000.0,15.150511887854474,115.0,2012.0,8.0,da,Unknown,5,5,0,16800000.0,16.636889503897294
26000000.0,17.073607134447293,115.0,2012.0,8.0,en,Unknown,5,5,2,53676580.0,17.79848735634889
14000000.0,16.454567959008102,92.0,2012.0,8.0,en,Unknown,5,2,0,85446075.0,18.263396044879872
850000.0,13.652992804936396,85.0,2012.0,8.0,en,Unknown,5,1,0,1243961.0,14.03381200519091
1000000.0,13.815511557963774,115.0,2012.0,8.0,id,Unknown,5,4,0,444575.0,13.004876297948588
10500000.0,16.166885910365842,90.0,2012.0,8.0,es,Unknown,5,1,0,23000000.0,16.951004817371683
20000000.0,16.811242881518265,97.0,2012.0,8.0,en,Unknown,5,5,0,4636169.0,15.349399152312177
20000000.0,16.811242881518265,105.0,2012.0,9.0,en,Unknown,5,2,0,1969193.0,14.493134879938932
5500000.0,15.520258832020865,116.0,2012.0,9.0,da,Unknown,5,2,1,10016934.0,16.119787718604094
103000.0,11.542493975902508,104.0,2012.0,9.0,ko,Unknown,5,2,1,3623330.0,15.102904326454833
11180.0,9.321971188147367,120.0,2012.0,9.0,en,Unknown,5,3,0,24591.0,10.110176465778377
11178.0,9.321792297270326,104.0,2012.0,9.0,en,Unknown,5,3,0,34659.0,10.453341563269596
32000000.0,17.281246492014,137.0,2012.0,9.0,en,Unknown,5,3,5,28258060.0,17.156889319986288
15000000.0,16.52356082573315,110.0,2012.0,9.0,en,Unknown,5,4,1,19422261.0,16.781930491902312
50000000.0,17.72753358339242,95.0,2012.0,9.0,en,Unknown,5,5,1,41037742.0,17.530002762187795
6000000.0,15.607270193858982,96.0,2012.0,9.0,en,Unknown,5,2,0,13231461.0,16.398108036410544
21000000.0,16.860033043306743,122.0,2012.0,9.0,en,Unknown,5,1,3,205738714.0,19.142117547900593
11000000.0,16.213405921671733,98.0,2012.0,9.0,en,Unknown,5,2,0,59520298.0,17.901827971998
10000000.0,16.118095750958314,118.0,2012.0,9.0,en,Unknown,5,5,6,89237.0,11.399062236820653
42000000.0,17.553180200057167,113.0,2012.0,9.0,en,Unknown,5,5,0,180274123.0,19.00998916151247
1500000.0,14.220976332738882,101.0,2012.0,9.0,en,Unknown,5,5,3,1165882.0,13.9689892978047
3730500.0,15.132053098954252,112.0,2012.0,9.0,en,Unknown,5,3,0,6294161.0,15.655133095074108
10000000.0,16.118095750958314,115.0,2012.0,9.0,en,Unknown,5,5,1,3428048.0,15.047501852646656
2000000.0,14.508658238524095,89.0,2012.0,9.0,es,Unknown,5,4,0,58510.0,10.97697004973177
500000.0,13.122365377402328,85.0,2012.0,9.0,en,Unknown,5,1,0,376597.0,12.838933584516631
65000000.0,17.989897843244528,95.0,2012.0,9.0,en,Unknown,5,1,8,240159255.0,19.296812827909918
13000000.0,16.380459992348886,127.0,2012.0,9.0,it,Unknown,5,1,0,18295.0,9.814437735702617
4437508.0,15.305603740932765,155.0,2012.0,9.0,hi,Unknown,4,1,0,2804874.0,14.846869532666103
12500000.0,16.341239282272525,107.0,2012.0,9.0,en,Unknown,5,4,1,1353868.0,14.118476977404463
2840000.0,14.859314962250004,133.0,2012.0,9.0,hi,Unknown,5,1,0,11620000.0,16.268238395446556
12000000.0,16.300417291085605,100.0,2012.0,9.0,en,Unknown,5,5,0,35485056.0,17.384622236252458
7000000.0,15.76142084987672,109.0,2012.0,9.0,en,Unknown,5,5,2,48126384.0,17.68934112937889
13000000.0,16.380459992348886,102.0,2012.0,9.0,en,Unknown,5,2,0,33400000.0,17.32406648788705
15000000.0,16.52356082573315,97.0,2012.0,9.0,en,Unknown,5,5,1,37930465.0,17.451265199379225
85000000.0,18.258161826219297,91.0,2012.0,9.0,en,Unknown,5,2,0,358375603.0,19.69709216755181
6900000.0,15.747032114495013,101.0,2012.0,9.0,en,Unknown,5,3,0,44287131.0,17.606204718778976
15000000.0,16.52356082573315,106.0,2012.0,9.0,en,Unknown,5,5,8,8138788.0,15.912151955412375
30000000.0,17.216707972959764,118.0,2012.0,9.0,en,Unknown,5,4,2,47042000.0,17.666551398915225
60000000.0,17.909855136853043,104.0,2012.0,9.0,en,Unknown,5,5,0,8106475.0,15.908173806380695
45000000.0,17.622173069956816,91.0,2012.0,9.0,en,Unknown,5,5,2,376141306.0,19.745475447242203
17000000.0,16.648723960844016,112.0,2012.0,9.0,en,Unknown,5,1,0,115350426.0,18.563485244354386
11500000.0,16.257857680289998,114.0,2012.0,10.0,en,Unknown,5,3,1,1402307.0,14.153630008611826
39000000.0,17.479072229734946,87.0,2012.0,10.0,en,Unknown,5,1,15,35287788.0,17.37904754137928
2800000.0,14.845130332288226,100.0,2012.0,10.0,ru,Unknown,5,1,0,13218980.0,16.397164309235443
20000000.0,16.811242881518265,94.0,2012.0,10.0,en,Unknown,5,2,1,52302796.0,17.77256040752867
44500000.0,17.61099976960838,120.0,2012.0,10.0,en,Unknown,5,3,2,232324128.0,19.26364406234222
3500000.0,15.068273812173887,96.0,2012.0,10.0,ko,Unknown,5,1,0,7339398.0,15.808767517129347
7000000.0,15.76142084987672,76.0,2012.0,10.0,ru,Unknown,5,1,0,12400000.0,16.333207111220425
8000000.0,15.894952224644102,107.0,2012.0,10.0,en,Unknown,4,2,0,42330.0,10.653274957143324
5000000.0,15.424948670398354,95.0,2012.0,10.0,en,Unknown,5,4,2,142817992.0,18.77708160133281
45000000.0,17.622173069956816,101.0,2012.0,10.0,en,Unknown,5,1,8,30353232.0,17.22841359368449
240000.0,12.388398368982115,127.0,2012.0,10.0,ta,Unknown,5,1,0,2800000.0,14.845130332288226
1500000.0,14.220976332738882,90.0,2012.0,10.0,en,Unknown,5,1,0,1938.0,7.569927655242652
14000000.0,16.454567959008102,87.0,2012.0,10.0,en,Unknown,5,4,0,11417362.0,16.25064582484515
200000000.0,19.11382792951231,143.0,2012.0,10.0,en,Unknown,5,1,5,1108561013.0,20.826328627454465
102000000.0,18.440483381052466,172.0,2012.0,10.0,en,Unknown,5,5,3,130482868.0,18.686752504079443
200000.0,12.206077645517674,100.0,2012.0,11.0,en,Unknown,4,0,0,486937.0,13.095892083898512
225000.0,12.323860125621126,86.0,2012.0,11.0,en,Unknown,3,1,0,111300.0,11.61999352194924
165000000.0,18.92145603792546,108.0,2012.0,11.0,en,Unknown,5,1,0,471222889.0,19.970841767220247
15000000.0,16.52356082573315,96.0,2012.0,11.0,en,Unknown,5,2,0,15608545.0,16.563329142733707
31000000.0,17.249497794707484,138.0,2012.0,11.0,en,Unknown,5,3,14,161772375.0,18.901700818717334
500000.0,13.122365377402328,93.0,2012.0,11.0,en,Unknown,5,1,0,1000000.0,13.815511557963774
12000000.0,16.300417291085605,95.0,2012.0,11.0,en,Unknown,5,5,1,66351.0,11.102729182486163
65000000.0,17.989897843244528,149.0,2012.0,11.0,en,Unknown,5,5,27,275293450.0,19.433348181235623
4620000.0,15.345905479508115,115.0,2012.0,11.0,es,Unknown,5,2,4,2395000.0,14.6888942063636
120000000.0,18.603002309079653,115.0,2012.0,11.0,en,Unknown,5,3,3,829000000.0,20.535730714305842
120000000.0,18.603002309079653,127.0,2012.0,11.0,en,Unknown,5,5,8,609016565.0,20.22735602727465
65000000.0,17.989897843244528,93.0,2012.0,11.0,en,Unknown,5,2,0,44806783.0,17.617870114492494
145000000.0,18.7922443072814,97.0,2012.0,11.0,en,Unknown,5,1,0,306941670.0,19.542168290757132
250000000.0,19.33697147982652,169.0,2012.0,11.0,en,Unknown,5,4,8,1021103568.0,20.74414980976988
2200000.0,14.603968372873895,105.0,2012.0,12.0,zh,Unknown,5,1,0,208000000.0,19.153048642473284
12516654.0,16.342570715415327,78.0,2012.0,12.0,fr,Unknown,5,5,0,8109160.0,15.90850496821227
61000000.0,17.926384438531027,157.0,2012.0,12.0,en,Unknown,5,4,1,441809770.0,19.906389965047964
40000000.0,17.50439003707821,157.0,2012.0,12.0,en,Unknown,5,3,5,132820716.0,18.70451078434566
40000000.0,17.50439003707821,95.0,2012.0,12.0,en,Unknown,5,2,3,41863726.0,17.549930305896922
35000000.0,17.370858648025116,134.0,2012.0,12.0,en,Unknown,5,1,3,88058786.0,18.29351518349794
60000000.0,17.909855136853043,130.0,2012.0,12.0,en,Unknown,5,4,1,218340595.0,19.201566768500314
15000000.0,16.52356082573315,113.0,2012.0,12.0,cn,Unknown,5,4,1,5290.0,8.57376254290413
20000000.0,16.811242881518265,112.0,2012.0,12.0,en,Unknown,5,1,0,610792.0,13.322513391881113
25000000.0,17.034386422832473,104.0,2012.0,12.0,en,Unknown,5,5,4,119772232.0,18.601102438817687
100000000.0,18.420680753952364,165.0,2012.0,12.0,en,Unknown,5,2,7,425368238.0,19.86846579644804
6000000.0,15.607270193858982,89.0,2012.0,12.0,en,Unknown,5,4,1,31081.0,10.344384152475557
2000000.0,14.508658238524095,90.0,2012.0,12.0,ru,Unknown,5,1,2,11666088.0,16.27219681527399
13500000.0,16.41820031748273,124.0,2013.0,1.0,en,Unknown,5,5,0,19255873.0,16.773326715008597
6000000.0,15.607270193858982,90.0,2013.0,1.0,en,Unknown,5,5,1,32438988.0,17.294871621497727
10000000.0,16.118095750958314,99.0,2013.0,1.0,en,Unknown,5,3,0,1034589.0,13.849515770933605
20000000.0,16.811242881518265,92.0,2013.0,1.0,en,Unknown,5,2,1,47241945.0,17.67079274234846
3860000.0,15.166178000508337,130.0,2013.0,1.0,zh,Unknown,5,5,2,64076736.0,17.97559193870378
60000000.0,17.909855136853043,113.0,2013.0,1.0,en,Unknown,5,4,2,105200903.0,18.471382451386855
2500000.0,14.731801689838349,86.0,2013.0,1.0,en,Unknown,5,4,0,60141683.0,17.912213736462856
15000000.0,16.52356082573315,100.0,2013.0,1.0,en,Unknown,5,3,0,146497771.0,18.802520778114623
50000000.0,17.72753358339242,88.0,2013.0,1.0,en,Unknown,5,5,1,224803475.0,19.230737138497716
1800000.0,14.403297778421795,93.0,2013.0,1.0,fi,Unknown,5,0,0,532269.0,13.184906158376668
56000000.0,17.840862266556567,109.0,2013.0,1.0,en,Unknown,5,5,0,19701164.0,16.79618832901553
35000000.0,17.370858648025116,118.0,2013.0,1.0,en,Unknown,5,1,2,46216641.0,17.648850507639814
7000000.0,15.76142084987672,95.0,2013.0,1.0,en,Unknown,5,3,0,6147.0,8.723882104658486
5000000.0,15.424948670398354,94.0,2013.0,1.0,en,Unknown,5,5,0,31724284.0,17.272593033879705
17000000.0,16.648723960844016,147.0,2013.0,1.0,ta,Unknown,5,3,1,51000000.0,17.747336210296442
9000000.0,16.012735246411598,120.0,2013.0,1.0,ko,Unknown,5,3,0,48965210.0,17.706620624328195
35000000.0,17.370858648025116,97.0,2013.0,1.0,en,Unknown,5,1,2,116980662.0,18.577519205598588
55000000.0,17.822843761378564,92.0,2013.0,1.0,en,Unknown,5,5,13,9489829.0,16.065731256832404
92000000.0,18.33729914588288,98.0,2013.0,2.0,en,Unknown,5,5,4,304654182.0,19.534687865074936
7100000.0,15.775605482856605,144.0,2013.0,2.0,hi,Unknown,5,1,1,18000000.0,16.705882371415992
28000000.0,17.147715103853763,115.0,2013.0,2.0,en,Unknown,5,2,8,97594140.0,18.3963280188437
35000000.0,17.370858648025116,111.0,2013.0,2.0,en,Unknown,5,3,2,173965010.0,18.974364750751363
30000000.0,17.216707972959764,106.0,2013.0,2.0,en,Unknown,5,4,15,63372757.0,17.96454464252401
60000000.0,17.909855136853043,124.0,2013.0,2.0,en,Unknown,5,4,3,60052138.0,17.910723726172282
5000000.0,15.424948670398354,94.0,2013.0,2.0,it,Unknown,5,1,0,48125.0,10.78157785059498
40000000.0,17.50439003707821,89.0,2013.0,2.0,en,Unknown,5,3,0,74597643.0,18.12761948290584
3500000.0,15.068273812173887,97.0,2013.0,2.0,en,Unknown,5,4,2,25174316.0,17.041334866111498
35000000.0,17.370858648025116,112.0,2013.0,2.0,en,Unknown,5,5,0,42930462.0,17.57509222514142
195000000.0,19.088510121656228,114.0,2013.0,2.0,en,Unknown,5,5,5,197687603.0,19.102198585112838
7000000.0,15.76142084987672,170.0,2013.0,2.0,ru,Unknown,5,3,0,1310673.0,14.08605206668242
5000000.0,15.424948670398354,88.0,2013.0,2.0,en,Unknown,5,2,0,15179302.0,16.535443413199076
12000000.0,16.300417291085605,99.0,2013.0,2.0,en,Unknown,5,3,2,12077441.0,16.30684997308081
13000000.0,16.380459992348886,93.0,2013.0,3.0,en,Unknown,5,4,0,48065672.0,17.688078821256493
200000000.0,19.11382792951231,130.0,2013.0,3.0,en,Unknown,5,2,9,491868548.0,20.013722061929226
5000000.0,15.424948670398354,90.0,2013.0,3.0,es,Unknown,5,1,6,11724119.0,16.277158816175074
2900000.0,14.88022163978423,86.0,2013.0,3.0,en,Unknown,5,4,1,74918.0,11.224162808898203
3512454.0,15.071825781154171,95.0,2013.0,3.0,fr,Unknown,5,5,0,115860.0,11.660146475719875
3512454.0,15.071825781154171,95.0,2013.0,3.0,fr,Unknown,5,5,1,115860.0,11.660146475719875
3512454.0,15.071825781154171,95.0,2013.0,3.0,fr,Unknown,5,5,2,115860.0,11.660146475719875
3512454.0,15.071825781154171,95.0,2013.0,3.0,fr,Unknown,5,5,3,115860.0,11.660146475719875
13000000.0,16.380459992348886,94.0,2013.0,3.0,en,Unknown,5,5,4,68572378.0,18.043400373131508
30000000.0,17.216707972959764,100.0,2013.0,3.0,en,Unknown,5,3,0,27437881.0,17.127435171254
8500000.0,15.955576839107596,99.0,2013.0,3.0,en,Unknown,5,5,0,9747.0,9.184817414745098
15000000.0,16.52356082573315,140.0,2013.0,3.0,en,Unknown,5,3,1,35485608.0,17.384637791975155
70000000.0,18.064005814299346,120.0,2013.0,3.0,en,Unknown,5,2,6,161025640.0,18.897074171137636
4881000.0,15.400860879745313,123.0,2013.0,3.0,zh,Unknown,5,0,0,81350000.0,18.214271403921884
135000000.0,18.72078534381011,98.0,2013.0,3.0,en,Unknown,5,1,1,585178928.0,20.18742821996849
13000000.0,16.380459992348886,107.0,2013.0,3.0,en,Unknown,5,1,3,18000000.0,16.705882371415992
110000.0,11.608244735642321,165.0,2013.0,3.0,ml,Unknown,5,1,0,270000.0,12.506180941677357
44000000.0,17.599700214609808,125.0,2013.0,3.0,en,Unknown,5,4,3,63327201.0,17.963825526243895
130000000.0,18.683045016112164,110.0,2013.0,3.0,en,Unknown,5,5,3,371876278.0,19.734071773585985
20000000.0,16.811242881518265,101.0,2013.0,3.0,en,Unknown,5,4,6,24261569.0,17.00440417496742
16000000.0,16.588099342704055,100.0,2013.0,4.0,en,Unknown,5,5,0,318982.0,12.672893088810888
4100000.0,15.226497775576945,136.0,2013.0,4.0,hi,Unknown,5,2,0,4300000.0,15.274125813221904
100000.0,11.51293546492023,96.0,2013.0,4.0,en,Unknown,5,1,1,444098.0,13.003802789532555
17000000.0,16.648723960844016,91.0,2013.0,4.0,en,Unknown,5,3,0,97542952.0,18.395803382546983
3000000.0,14.914123179965662,108.0,2013.0,4.0,en,Unknown,5,5,10,11176469.0,16.229321233436963
120000000.0,18.603002309079653,124.0,2013.0,4.0,en,Unknown,5,5,1,286168572.0,19.47209161123061
20000000.0,16.811242881518265,86.0,2013.0,4.0,en,Unknown,5,1,3,78378744.0,18.177063338869882
40000000.0,17.50439003707821,128.0,2013.0,4.0,en,Unknown,5,1,3,95020213.0,18.369600205877955
200000000.0,19.11382792951231,130.0,2013.0,4.0,en,Unknown,5,1,1,1215439994.0,20.91837198398605
25000000.0,17.034386422832473,130.0,2013.0,4.0,en,Unknown,5,2,9,86175291.0,18.27189405881519
1200000.0,13.997832948091215,114.0,2013.0,4.0,en,Unknown,5,2,0,2861020.0,14.866689112096186
35000000.0,17.370858648025116,90.0,2013.0,4.0,en,Unknown,5,2,0,21819348.0,16.898307702910376
1300000.0,14.077875591662238,132.0,2013.0,4.0,hi,Unknown,5,2,0,16000000.0,16.588099342704055
10000000.0,16.118095750958314,130.0,2013.0,5.0,en,Unknown,5,2,1,21587700.0,16.887634312337557
310000.0,12.644330802262578,138.0,2013.0,5.0,ta,Unknown,5,2,0,12000000.0,16.300417291085605
6000000.0,15.607270193858982,93.0,2013.0,5.0,en,Unknown,5,5,1,1066471.0,13.879866562446693
190000000.0,19.06253463538792,132.0,2013.0,5.0,en,Unknown,5,4,3,467365246.0,19.96262162343216
160000000.0,18.8906843794481,130.0,2013.0,5.0,en,Unknown,5,5,4,788679850.0,20.48587103093906
20000000.0,16.811242881518265,100.0,2013.0,5.0,en,Unknown,5,1,0,8352885.0,15.9381176658537
105000000.0,18.46947091764561,143.0,2013.0,5.0,en,Unknown,5,5,4,351040419.0,19.676411931495274
100000000.0,18.420680753952364,102.0,2013.0,5.0,en,Unknown,5,2,2,268426634.0,19.408088194352818
11000000.0,16.213405921671733,130.0,2013.0,5.0,fr,Unknown,5,2,0,10631747.0,16.179355177062718
12400000.0,16.333207111220425,142.0,2013.0,5.0,it,Unknown,5,5,2,8371085.0,15.940294183152913
1052753.0,13.866920145589503,120.0,2013.0,5.0,en,Unknown,5,4,0,466088.0,13.052131881996527
103000000.0,18.450239555902648,100.0,2013.0,5.0,en,Unknown,5,2,7,362000072.0,19.707154971447483
23000000.0,16.951004817371683,118.0,2013.0,5.0,en,Unknown,5,2,16,15600000.0,16.562781536322326
75000000.0,18.132998684833918,115.0,2013.0,5.0,en,Unknown,5,4,5,117698894.0,18.583640183911157
130000000.0,18.683045016112164,100.0,2013.0,5.0,en,Unknown,5,3,7,243843127.0,19.312035658464264
4800000.0,15.38412668421143,90.0,2013.0,5.0,en,Unknown,5,5,3,10337387.0,16.1512777839144
3000000.0,14.914123179965662,86.0,2013.0,5.0,en,Unknown,5,5,0,89328627.0,18.30783257677803
6500000.0,15.687312888712007,116.0,2013.0,5.0,en,Unknown,5,1,0,2401510.0,14.691608680547064
7700000.0,15.856731016694035,159.0,2013.0,5.0,hi,Unknown,5,1,0,46000000.0,17.6441519761925
4600000.0,15.341567078850604,103.0,2013.0,6.0,en,Unknown,5,3,0,23198652.0,16.959604774606145
58000000.0,17.87595358575207,119.0,2013.0,6.0,en,Unknown,5,5,7,44000000.0,17.599700214609808
225000000.0,19.23161096461314,143.0,2013.0,6.0,en,Unknown,5,5,5,662845518.0,20.312052517984124
32000000.0,17.281246492014,107.0,2013.0,6.0,en,Unknown,5,4,0,126041322.0,18.652120371465983
15000000.0,16.52356082573315,90.0,2013.0,6.0,en,Unknown,5,2,3,19145732.0,16.767590428919558
70000000.0,18.064005814299346,88.0,2013.0,6.0,en,Unknown,5,2,0,18662027.0,16.742001429150072
200000000.0,19.11382792951231,104.0,2013.0,6.0,en,Unknown,5,2,0,743559607.0,20.426959492809576
200000000.0,19.11382792951231,116.0,2013.0,6.0,en,Unknown,5,5,7,531865000.0,20.091900257585234
6400000.0,15.671808704579888,140.0,2013.0,6.0,hi,Unknown,5,2,1,18000000.0,16.705882371415992
76000000.0,18.1462439114085,98.0,2013.0,6.0,en,Unknown,5,2,1,970761885.0,20.69359177064222
43000000.0,17.57671069691365,117.0,2013.0,6.0,en,Unknown,5,5,1,158674180.0,18.882363481649868
150000000.0,18.826145858727198,131.0,2013.0,6.0,en,Unknown,5,4,8,205366737.0,19.14030790466284
2300000.0,14.648420115681892,107.0,2013.0,7.0,he,Unknown,5,2,0,4500000.0,15.319588176962746
16000000.0,16.588099342704055,117.0,2013.0,7.0,en,Unknown,5,2,2,5867686.0,15.584971076672407
255000000.0,19.35677410704427,149.0,2013.0,7.0,en,Unknown,5,5,8,89289910.0,18.307399060740746
25000000.0,17.034386422832473,105.0,2013.0,7.0,en,Unknown,5,5,0,2054941.0,14.53575818166989
135000000.0,18.72078534381011,96.0,2013.0,7.0,en,Unknown,5,1,0,282570682.0,19.459439282564375
80000000.0,18.197537205138154,100.0,2013.0,7.0,en,Unknown,5,3,8,246984278.0,19.324835244793366
180000000.0,19.00846741441004,131.0,2013.0,7.0,en,Unknown,5,4,6,407602906.0,19.82580399127956
4600000.0,15.341567078850604,186.0,2013.0,7.0,hi,Unknown,5,1,1,25000000.0,17.034386422832473
28000000.0,17.147715103853763,103.0,2013.0,7.0,en,Unknown,5,2,2,60700000.0,17.921454272504192
20000000.0,16.811242881518265,85.0,2013.0,7.0,en,Unknown,5,1,0,27187375.0,17.118263305883236
130000000.0,18.683045016112164,96.0,2013.0,7.0,en,Unknown,5,3,3,61648500.0,17.936959472599376
20000000.0,16.811242881518265,109.0,2013.0,7.0,en,Unknown,5,4,3,46089287.0,17.64609111654092
13000000.0,16.380459992348886,112.0,2013.0,7.0,en,Unknown,5,3,4,318000141.0,19.57756238728523
27220000.0,17.119462591925288,105.0,2013.0,7.0,en,Unknown,5,5,0,5496951.0,15.519704314769017
22000000.0,16.906553056777135,106.0,2013.0,7.0,es,Unknown,5,5,1,24000000.0,16.993564429978885
5500000.0,15.520258832020865,115.0,2013.0,7.0,es,Unknown,5,4,0,99067206.0,18.411309036364464
30000000.0,17.216707972959764,126.0,2013.0,7.0,ja,Unknown,5,5,6,117932401.0,18.58562215387365
120000000.0,18.603002309079653,126.0,2013.0,7.0,en,Unknown,5,5,5,415440673.0,19.844850379875297
4000000.0,15.201805169084134,90.0,2013.0,7.0,en,Unknown,5,5,0,9800000.0,16.097893045681612
1500000.0,14.220976332738882,104.0,2013.0,7.0,en,Unknown,5,2,0,3566225.0,15.087018451729053
18000000.0,16.705882371415992,98.0,2013.0,7.0,en,Unknown,5,1,20,99206215.0,18.412711231582286
250000.0,12.429220196836383,99.0,2013.0,7.0,en,Unknown,5,4,5,56825.0,10.947749246454157
105000000.0,18.46947091764561,105.0,2013.0,7.0,en,Unknown,5,5,7,347434178.0,19.666085792078583
39200000.0,17.484187330270895,126.0,2013.0,8.0,ko,Unknown,5,5,2,86758912.0,18.27864371502934
61000000.0,17.926384438531027,109.0,2013.0,8.0,en,Unknown,5,4,2,131940411.0,18.69786095438562
2500000.0,14.731801689838349,95.0,2013.0,8.0,en,Unknown,5,4,1,6854611.0,15.740432268355502
15.0,2.772588722239781,110.0,2013.0,8.0,en,Unknown,5,1,0,122.0,4.812184355372417
115000000.0,18.560442695023177,109.0,2013.0,8.0,en,Unknown,5,5,1,286140700.0,19.471994209349184
90000000.0,18.31532023940565,106.0,2013.0,8.0,en,Unknown,5,5,2,174578751.0,18.97788649866075
37000000.0,17.426428497635523,110.0,2013.0,8.0,en,Unknown,5,5,1,269994119.0,19.41391073894773
10000000.0,16.118095750958314,92.0,2013.0,8.0,en,Unknown,5,3,1,1585582.0,14.276462721006943
1000000.0,13.815511557963774,93.0,2013.0,8.0,en,Unknown,5,4,0,2963902.0,14.902017538816722
18000000.0,16.705882371415992,141.0,2013.0,8.0,hi,Unknown,5,2,1,62000000.0,17.9426449591384
50000000.0,17.72753358339242,91.0,2013.0,8.0,en,Unknown,5,2,0,219788712.0,19.208177247386885
35000000.0,17.370858648025116,106.0,2013.0,8.0,en,Unknown,5,5,6,13785015.0,16.439092763121263
4900000.0,15.404745967162468,97.0,2013.0,8.0,en,Unknown,5,2,0,2159041.0,14.5851751627584
12000000.0,16.300417291085605,128.0,2013.0,8.0,en,Unknown,5,4,1,35931410.0,17.397122429122966
25000000.0,17.034386422832473,132.0,2013.0,8.0,en,Unknown,5,5,2,115922175.0,18.568429627367117
12000000.0,16.300417291085605,123.0,2013.0,8.0,en,Unknown,5,2,2,87100449.0,18.2825726082847
60000000.0,17.909855136853043,130.0,2013.0,8.0,en,Unknown,5,4,2,90565421.0,18.32158304253502
25500000.0,17.05418904934434,128.0,2013.0,8.0,en,Unknown,5,5,1,2415472.0,14.69740568510415
5400000.0,15.501909696719672,130.0,2013.0,8.0,hi,Unknown,5,2,0,6500000.0,15.687312888712007
18000000.0,16.705882371415992,90.0,2013.0,8.0,en,Unknown,5,5,1,10501938.0,16.167070464745628
10.0,2.3978952727983707,85.0,2013.0,8.0,is,Unknown,5,2,0,11.0,2.4849066497880004
8000000.0,15.894952224644102,106.0,2013.0,8.0,en,Unknown,5,5,1,9630444.0,16.080439992467834
38000000.0,17.453096744006448,123.0,2013.0,9.0,en,Unknown,5,5,12,90247624.0,18.318067839041525
38000000.0,17.453096744006448,119.0,2013.0,9.0,en,Unknown,5,3,4,98337295.0,18.403913923129114
4000000.0,15.201805169084134,99.0,2013.0,9.0,en,Unknown,5,2,1,9221.0,9.129347212766652
11000000.0,16.213405921671733,94.0,2013.0,9.0,en,Unknown,5,5,0,3639345.0,15.107314553140606
9500000.0,16.066802461833923,88.0,2013.0,9.0,en,Unknown,5,2,0,7800000.0,15.86963441986494
11000000.0,16.213405921671733,93.0,2013.0,9.0,en,Unknown,5,3,2,7847000.0,15.87564197854684
5000000.0,15.424948670398354,117.0,2013.0,9.0,en,Unknown,5,4,1,55198285.0,17.826442460040603
8000000.0,15.894952224644102,104.0,2013.0,9.0,en,Unknown,5,4,1,63464861.0,17.9659969563752
30000000.0,17.216707972959764,115.0,2013.0,9.0,ja,Unknown,5,1,2,17137302.0,16.6567681075277
10900000.0,16.204273438942487,105.0,2013.0,9.0,en,Unknown,5,5,0,16505460.0,16.61920185380939
5000000.0,15.424948670398354,104.0,2013.0,9.0,en,Unknown,5,5,0,44030246.0,17.600387387527693
28000000.0,17.147715103853763,137.0,2013.0,9.0,en,Unknown,5,5,3,1749201.0,14.37467024190008
10000000.0,16.118095750958314,117.0,2013.0,9.0,en,Unknown,5,3,0,30283.0,10.318374799223196
12000000.0,16.300417291085605,107.0,2013.0,9.0,en,Unknown,5,5,13,15008161.0,16.524104744412956
30000000.0,17.216707972959764,111.0,2013.0,9.0,en,Unknown,5,5,6,36894225.0,17.42356561980219
5500000.0,15.520258832020865,140.0,2013.0,9.0,hi,Unknown,5,1,0,47000000.0,17.665658180950928
12000000.0,16.300417291085605,94.0,2013.0,9.0,en,Unknown,5,3,0,265452.0,12.489193079511338
46000000.0,17.6441519761925,153.0,2013.0,9.0,en,Unknown,5,3,1,122126687.0,18.620569490135487
15000000.0,16.52356082573315,113.0,2013.0,9.0,en,Unknown,5,5,2,21766271.0,16.89587217371432
1000000.0,13.815511557963774,104.0,2013.0,9.0,hi,Unknown,5,1,0,4235151.0,15.258929776805557
12000000.0,16.300417291085605,115.0,2013.0,9.0,en,Unknown,5,2,4,17654912.0,16.686524659549985
20000000.0,16.811242881518265,110.0,2013.0,9.0,en,Unknown,5,1,0,16549477.0,16.621865118504427
5000000.0,15.424948670398354,97.0,2013.0,9.0,en,Unknown,5,5,0,9114264.0,16.02535132652985
30000000.0,17.216707972959764,91.0,2013.0,9.0,en,Unknown,5,5,1,62616646.0,17.952541727235708
18000000.0,16.705882371415992,93.0,2013.0,9.0,en,Unknown,5,2,3,7972967.0,15.891567377930862
78000000.0,18.17221939747438,95.0,2013.0,9.0,en,Unknown,5,2,0,248384621.0,19.330488997894644
3000000.0,14.914123179965662,100.0,2013.0,9.0,en,Unknown,5,5,0,1675381.0,14.331551756941137
105000000.0,18.46947091764561,91.0,2013.0,9.0,en,Unknown,5,3,4,716392705.0,20.38973904663613
8500000.0,15.955576839107596,96.0,2013.0,9.0,en,Unknown,5,1,0,22456509.0,16.927091107845406
10.0,2.3978952727983707,99.0,2013.0,9.0,en,Unknown,5,2,1,10000000.0,16.118095750958314
10000000.0,16.118095750958314,94.0,2013.0,10.0,en,Unknown,5,3,0,653651.0,13.390330378726777
11000000.0,16.213405921671733,105.0,2013.0,10.0,en,Unknown,5,3,11,32935319.0,17.310056196117213
4300000.0,15.274125813221904,179.0,2013.0,10.0,fr,Unknown,5,5,0,10165694.0,16.134529374571574
50000000.0,17.72753358339242,115.0,2013.0,10.0,en,Unknown,5,5,3,122915111.0,18.627004528734613
30000000.0,17.216707972959764,131.0,2013.0,10.0,ru,Unknown,5,1,2,68129518.0,18.036921142692638
55000000.0,17.822843761378564,134.0,2013.0,10.0,en,Unknown,5,1,4,95000000.0,18.36938746009113
26000000.0,17.073607134447293,105.0,2013.0,10.0,en,Unknown,5,2,0,51164106.0,17.750548809013438
5000000.0,15.424948670398354,101.0,2013.0,10.0,en,Unknown,5,2,3,40400.0,10.606609816118151
28000000.0,17.147715103853763,128.0,2013.0,10.0,en,Unknown,5,5,4,8555008.0,15.962027517324243
4357373.0,15.287380140295596,99.0,2013.0,10.0,en,Unknown,5,5,0,1200000.0,13.997832948091215
33000000.0,17.312018149733785,105.0,2013.0,10.0,en,Unknown,5,3,5,9494789.0,16.066253785080306
30000000.0,17.216707972959764,100.0,2013.0,10.0,en,Unknown,5,3,2,82394288.0,18.227026684225343
7500000.0,15.830413711839864,101.0,2013.0,10.0,en,Unknown,5,2,0,1359910.0,14.122929814394396
9000000.0,16.012735246411598,106.0,2013.0,10.0,en,Unknown,1,5,1,6108720.0,15.625227980266509
20000000.0,16.811242881518265,134.0,2013.0,10.0,en,Unknown,5,5,1,187000000.0,19.046619180166456
79000.0,11.277215789596893,136.0,2013.0,10.0,kn,Unknown,5,0,0,170000.0,12.04355959836804
15000000.0,16.52356082573315,92.0,2013.0,10.0,en,Unknown,5,3,3,151831537.0,18.838282161557444
110000000.0,18.5159909328476,114.0,2013.0,10.0,en,Unknown,5,5,3,125537191.0,18.648112623230556
4000000.0,15.201805169084134,92.0,2013.0,10.0,en,Unknown,5,1,0,350006.0,12.7657084332656
2159280.0,14.585285853876337,80.0,2013.0,10.0,pl,Unknown,5,5,0,15298355.0,16.543255929609
25000000.0,17.034386422832473,117.0,2013.0,10.0,en,Unknown,5,5,19,71009334.0,18.07832190523624
170000000.0,18.951309000896888,112.0,2013.0,10.0,en,Unknown,5,1,0,644571402.0,20.28409616241487
55000000.0,17.822843761378564,91.0,2013.0,10.0,en,Unknown,5,2,2,110000000.0,18.5159909328476
28000000.0,17.147715103853763,105.0,2013.0,10.0,en,Unknown,5,5,7,134402450.0,18.71634922249418
9200000.0,16.034714150714915,157.0,2013.0,10.0,en,Unknown,5,1,0,21000000.0,16.860033043306743
12000000.0,16.300417291085605,98.0,2013.0,11.0,en,Unknown,5,5,7,100129872.0,18.42197863133204
5000000.0,15.424948670398354,95.0,2013.0,11.0,en,Unknown,5,0,0,388.0,5.963579343618446
6500000.0,15.687312888712007,120.0,2013.0,11.0,no,Unknown,5,3,0,3721345.0,15.12959598876237
30000000.0,17.216707972959764,104.0,2013.0,11.0,en,Unknown,5,4,12,4861022.0,15.39675946755312
17000000.0,16.648723960844016,123.0,2013.0,11.0,en,Unknown,5,1,4,71625195.0,18.08695746947013
130000000.0,18.683045016112164,146.0,2013.0,11.0,en,Unknown,5,2,3,847423452.0,20.557711072195744
35000000.0,17.370858648025116,125.0,2013.0,11.0,en,Unknown,5,5,3,112544580.0,18.538859976667883
19700000.0,16.796129244469636,89.0,2013.0,11.0,xx,Unknown,2,5,0,30000000.0,17.216707972959764
49300000.0,17.713434659296894,137.0,2013.0,11.0,ja,Unknown,5,5,0,24186232.0,17.001294144953327
22000000.0,16.906553056777135,100.0,2013.0,11.0,en,Unknown,5,2,5,43058898.0,17.578079480600074
17500000.0,16.677711496036597,93.0,2013.0,11.0,en,Unknown,5,2,0,7018189.0,15.764015907999063
150000000.0,18.826145858727198,102.0,2013.0,11.0,en,Unknown,5,2,0,1274219009.0,20.96559928670034
2000000.0,14.508658238524095,82.0,2013.0,12.0,ru,Unknown,5,1,0,4803665.0,15.384889934369506
25000000.0,17.034386422832473,99.0,2013.0,12.0,en,Unknown,5,5,0,6399.0,8.764053269347762
35000000.0,17.370858648025116,141.0,2013.0,12.0,en,Unknown,5,5,0,27330000.0,17.123495594494077
22000000.0,16.906553056777135,116.0,2013.0,12.0,en,Unknown,5,5,1,15400000.0,16.54987813231892
175000000.0,18.980296537602072,119.0,2013.0,12.0,en,Unknown,5,5,0,150962475.0,18.832541860585877
250000000.0,19.33697147982652,161.0,2013.0,12.0,en,Unknown,5,4,9,958400000.0,20.680775786368866
40000000.0,17.50439003707821,138.0,2013.0,12.0,en,Unknown,5,3,4,251171807.0,19.341647756960775
3849796.0,15.163530977601107,115.0,2013.0,12.0,nl,Unknown,5,0,0,7471304.0,15.826580240646123
19500000.0,16.785925074816024,172.0,2013.0,12.0,hi,Unknown,5,1,0,91000000.0,18.326370075470134
90000000.0,18.31532023940565,114.0,2013.0,12.0,en,Unknown,5,5,4,188133322.0,19.052661434349236
23000000.0,16.951004817371683,126.0,2013.0,12.0,en,Unknown,5,2,3,47351251.0,17.67310381864067
80000000.0,18.197537205138154,87.0,2013.0,12.0,en,Unknown,5,5,0,126546518.0,18.656120537662822
50000000.0,17.72753358339242,119.0,2013.0,12.0,en,Unknown,5,3,4,173649015.0,18.972546670567613
750000.0,13.527829818844937,160.0,2013.0,12.0,ml,Unknown,5,1,0,12000000.0,16.300417291085605
40000000.0,17.50439003707821,121.0,2013.0,12.0,en,Unknown,5,5,6,149295601.0,18.821438804607354
40000000.0,17.50439003707821,113.0,2013.0,12.0,en,Unknown,5,2,6,44907260.0,17.620110054560083
32000000.0,17.281246492014,155.0,2013.0,12.0,en,Unknown,5,5,0,57284237.0,17.863536065309898
100000000.0,18.420680753952364,180.0,2013.0,12.0,en,Unknown,5,5,16,392000694.0,19.78677417071235
18000000.0,16.705882371415992,116.0,2013.0,12.0,en,Unknown,5,5,0,22309223.0,16.92051078319509
25000000.0,17.034386422832473,121.0,2013.0,12.0,en,Unknown,5,2,1,74188937.0,18.1221256134656
18000000.0,16.705882371415992,111.0,2013.0,12.0,en,Unknown,5,3,4,20275812.0,16.82493925580547
3000000.0,14.914123179965662,99.0,2014.0,1.0,ru,Unknown,5,1,1,5279982.0,15.479433435980292
5000000.0,15.424948670398354,84.0,2014.0,1.0,en,Unknown,5,3,0,86362372.0,18.27406264123244
8500000.0,15.955576839107596,107.0,2014.0,1.0,en,Unknown,5,5,9,770706.0,13.555063554376972
25000000.0,17.034386422832473,99.0,2014.0,1.0,en,Unknown,5,4,5,153997819.0,18.852449004433552
12000000.0,16.300417291085605,106.0,2014.0,1.0,fr,Unknown,5,5,0,21026290.0,16.86128416502975
7000000.0,15.76142084987672,89.0,2014.0,1.0,en,Unknown,5,3,0,36433975.0,17.41101230384733
6000000.0,15.607270193858982,111.0,2014.0,1.0,it,Unknown,5,2,1,5809330.0,15.574975975898766
70000000.0,18.064005814299346,99.0,2014.0,1.0,en,Unknown,5,1,14,61279452.0,17.93095515711656
5900000.0,15.59046307836746,161.0,2014.0,1.0,ta,Unknown,5,1,0,19000000.0,16.759949589762293
60000000.0,17.909855136853043,105.0,2014.0,1.0,en,Unknown,5,5,3,50549107.0,17.73845585737991
6700000.0,15.717618233614914,87.0,2014.0,1.0,en,Unknown,5,4,0,1430655.0,14.17364363830523
5500000.0,15.520258832020865,120.0,2014.0,1.0,en,Unknown,5,3,1,5483299.0,15.517217667461713
1000000.0,13.815511557963774,99.0,2014.0,1.0,en,Unknown,5,4,0,395000.0,12.886643575525625
6000000.0,15.607270193858982,86.0,2014.0,1.0,en,Unknown,5,1,0,32251.0,10.381335335804913
65000000.0,17.989897843244528,92.0,2014.0,1.0,en,Unknown,5,4,1,71154592.0,18.080365434176294
70000000.0,18.064005814299346,118.0,2014.0,1.0,en,Unknown,5,5,7,154984035.0,18.858832676030932
50000000.0,17.72753358339242,106.0,2014.0,1.0,en,Unknown,5,5,3,222809600.0,19.221828157548554
8000000.0,15.894952224644102,94.0,2014.0,1.0,en,Unknown,5,1,0,26049082.0,17.075493124008553
26000000.0,17.073607134447293,127.0,2014.0,1.0,ru,Unknown,5,2,0,34592118.0,17.359136439516913
120000000.0,18.603002309079653,102.0,2014.0,1.0,en,Unknown,5,3,0,242688965.0,19.307291206128102
3500000.0,15.068273812173887,79.0,2014.0,2.0,en,Unknown,5,3,0,5155325.0,15.45554091300689
6000000.0,15.607270193858982,90.0,2014.0,2.0,en,Unknown,5,1,3,15071.0,9.620593996816144
60000000.0,17.909855136853043,100.0,2014.0,2.0,en,Unknown,5,5,2,469160692.0,19.96645589672451
220000.0,12.301387370778713,130.0,2014.0,2.0,ml,Unknown,5,1,0,1500000.0,14.220976332738882
145000000.0,18.7922443072814,92.0,2014.0,2.0,en,Unknown,5,4,5,272912430.0,19.42466153612519
33000000.0,17.312018149733785,112.0,2014.0,2.0,fr,Unknown,5,5,2,49100000.0,17.709369613131347
8000000.0,15.894952224644102,112.0,2014.0,2.0,en,Unknown,5,3,0,53086.0,10.879687356164176
20000000.0,16.811242881518265,103.0,2014.0,2.0,en,Unknown,5,3,1,34077920.0,17.34416025454347
60000000.0,17.909855136853043,118.0,2014.0,2.0,en,Unknown,5,3,0,30800231.0,17.243032780382965
12500000.0,16.341239282272525,100.0,2014.0,2.0,en,Unknown,5,3,2,49002684.0,17.707385650492025
28000000.0,17.147715103853763,113.0,2014.0,2.0,en,Unknown,5,5,5,52597999.0,17.778188654171366
130000000.0,18.683045016112164,105.0,2014.0,2.0,en,Unknown,5,5,9,117831631.0,18.584767316056137
30000000.0,17.216707972959764,99.0,2014.0,2.0,en,Unknown,5,5,7,174600318.0,18.978010028401325
2153912.0,14.58279674591063,83.0,2014.0,2.0,ru,Unknown,5,1,0,4864560.0,15.397487033148373
22000000.0,16.906553056777135,138.0,2014.0,2.0,en,Unknown,5,2,0,67800064.0,18.03207371161223
5000000.0,15.424948670398354,90.0,2014.0,2.0,en,Unknown,5,0,0,1189612.0,13.989138602111412
110000000.0,18.5159909328476,102.0,2014.0,3.0,en,Unknown,5,5,1,337580051.0,19.637313231262606
6000000.0,15.607270193858982,107.0,2014.0,3.0,en,Unknown,5,5,0,3485127.0,15.064015330340151
66000000.0,18.005165315142214,130.0,2014.0,3.0,en,Unknown,5,5,0,203277636.0,19.13008327254813
5000000.0,15.424948670398354,91.0,2014.0,3.0,en,Unknown,5,4,0,75143.0,11.227161551674351
85000000.0,18.258161826219297,139.0,2014.0,3.0,en,Unknown,5,2,2,288747895.0,19.481064533193642
13300000.0,16.40327466837995,108.0,2014.0,3.0,en,Unknown,5,5,0,5380251.0,15.498245771189701
4000000.0,15.201805169084134,95.0,2014.0,3.0,en,Unknown,5,3,0,600896.0,13.306178817798324
103000000.0,18.450239555902648,102.0,2014.0,3.0,en,Unknown,5,2,3,500188435.0,20.030495457388053
125000000.0,18.643824303266577,139.0,2014.0,3.0,en,Unknown,5,4,5,362637473.0,19.708914198986903
170000000.0,18.951309000896888,136.0,2014.0,3.0,en,Unknown,5,1,1,714766572.0,20.387466576026245
50000000.0,17.72753358339242,112.0,2014.0,3.0,en,Unknown,5,2,1,80383290.0,18.20231688916784
10000000.0,16.118095750958314,110.0,2014.0,3.0,en,Unknown,5,1,0,1064454.0,13.87797348905435
17000000.0,16.648723960844016,113.0,2014.0,3.0,en,Unknown,5,1,0,29789000.0,17.20964978938396
500000.0,13.122365377402328,139.0,2014.0,3.0,en,Unknown,5,5,0,15000000.0,16.52356082573315
5000000.0,15.424948670398354,98.0,2014.0,3.0,en,Unknown,5,5,0,10429707.0,16.160168830420147
4500000.0,15.319588176962746,150.0,2014.0,3.0,id,Unknown,5,2,1,2627209.0,14.781433004566741
35000000.0,17.370858648025116,110.0,2014.0,3.0,en,Unknown,5,5,3,17508518.0,16.67819812044506
200000.0,12.206077645517674,98.0,2014.0,4.0,en,Unknown,5,3,0,17834867.0,16.69666597557028
318000.0,12.669809806411457,85.0,2014.0,4.0,en,Unknown,5,3,0,121179.0,11.70503232249898
2000000.0,14.508658238524095,85.0,2014.0,4.0,en,Unknown,5,3,1,4635300.0,15.349211695542364
4000000.0,15.201805169084134,118.0,2014.0,4.0,en,Unknown,5,4,3,2365467.0,14.676486446166447
25000000.0,17.034386422832473,109.0,2014.0,4.0,en,Unknown,5,2,9,28831145.0,17.17696681908471
40000000.0,17.50439003707821,109.0,2014.0,4.0,en,Unknown,5,2,3,196781193.0,19.09760297907329
200000000.0,19.11382792951231,142.0,2014.0,4.0,en,Unknown,5,4,2,705717432.0,20.374725478797583
12000000.0,16.300417291085605,99.0,2014.0,4.0,en,Unknown,5,3,2,101332962.0,18.433922316090445
100000000.0,18.420680753952364,119.0,2014.0,4.0,en,Unknown,5,4,0,103039258.0,18.45062062891247
7000000.0,15.76142084987672,83.0,2014.0,4.0,en,Unknown,5,2,0,855450.0,13.659384094227505
5000000.0,15.424948670398354,93.0,2014.0,4.0,en,Unknown,5,5,1,13809.0,9.533148246403337
28000000.0,17.147715103853763,90.0,2014.0,4.0,en,Unknown,5,4,0,68896829.0,18.04812072621718
6000000.0,15.607270193858982,98.0,2014.0,4.0,fr,Unknown,5,4,0,14348529.0,16.479158055898278
15000000.0,16.52356082573315,95.0,2014.0,5.0,en,Unknown,5,3,2,59209.0,10.988845725525822
2000000.0,14.508658238524095,91.0,2014.0,5.0,en,Unknown,5,4,0,48390.0,10.787069125000578
11000000.0,16.213405921671733,114.0,2014.0,5.0,en,Unknown,5,3,6,45967935.0,17.643454667927355
18000000.0,16.705882371415992,96.0,2014.0,5.0,en,Unknown,5,3,3,268157400.0,19.407084683236086
25000000.0,17.034386422832473,124.0,2014.0,5.0,en,Unknown,5,1,2,38307627.0,17.461159598811122
160000000.0,18.8906843794481,123.0,2014.0,5.0,en,Unknown,5,5,1,529076069.0,20.086642779106327
250000000.0,19.33697147982652,131.0,2014.0,5.0,en,Unknown,5,5,6,747862775.0,20.432730064563454
12000000.0,16.300417291085605,125.0,2014.0,5.0,en,Unknown,5,3,0,307166834.0,19.542901594425427
16000000.0,16.588099342704055,122.0,2014.0,5.0,en,Unknown,5,3,1,3442853.0,15.051811336542082
12250000.0,16.32103657658766,103.0,2014.0,5.0,en,Unknown,5,5,1,2295423.0,14.646428133868042
24000000.0,16.993564429978885,134.0,2014.0,5.0,en,Unknown,5,3,2,12096300.0,16.308410261351103
7000000.0,15.76142084987672,95.0,2014.0,5.0,fr,Unknown,5,5,0,6860853.0,15.741342481749776
40000000.0,17.50439003707821,117.0,2014.0,5.0,en,Unknown,5,4,5,123494610.0,18.631708077452714
4900000.0,15.404745967162468,138.0,2014.0,5.0,en,Unknown,5,4,1,3494070.0,15.066578090019194
2000000.0,14.508658238524095,93.0,2014.0,5.0,en,Unknown,5,4,0,6676471.0,15.714100262283237
10500000.0,16.166885910365842,100.0,2014.0,5.0,da,Unknown,5,3,0,42070000.0,17.55484547933661
4200000.0,15.250595321348806,146.0,2014.0,5.0,hi,Unknown,5,1,0,10000000.0,16.118095750958314
178000000.0,18.997294113874336,113.0,2014.0,5.0,en,Unknown,5,5,6,370541256.0,19.73047535142669
180000000.0,19.00846741441004,97.0,2014.0,5.0,en,Unknown,5,3,0,758539785.0,20.44690580890392
12700000.0,16.357112630168974,112.0,2014.0,5.0,en,Unknown,5,2,0,3430018.0,15.048076358485382
7400000.0,15.816990693309524,172.0,2014.0,5.0,ml,Unknown,5,2,0,1300000.0,14.077875591662238
5000000.0,15.424948670398354,116.0,2014.0,6.0,fr,Unknown,5,1,0,12058187.0,16.30525448921862
40000000.0,17.50439003707821,134.0,2014.0,6.0,en,Unknown,5,1,24,67347013.0,18.025369124277294
4000000.0,15.201805169084134,164.0,2014.0,6.0,en,Unknown,5,2,11,44349000.0,17.60760074109976
50000000.0,17.72753358339242,112.0,2014.0,6.0,en,Unknown,5,5,3,188441614.0,19.054298782126615
2200000.0,14.603968372873895,121.0,2014.0,6.0,hu,Unknown,5,3,0,282358.0,12.55093458992501
145000000.0,18.7922443072814,102.0,2014.0,6.0,en,Unknown,5,2,1,609123048.0,20.227530856167757
13000000.0,16.380459992348886,89.0,2014.0,6.0,en,Unknown,5,2,0,45300000.0,17.628817612528316
24000000.0,16.993564429978885,105.0,2014.0,6.0,en,Unknown,5,1,6,70181428.0,18.066594289838516
210000000.0,19.162618093443648,165.0,2014.0,6.0,en,Unknown,5,5,10,1091405097.0,20.810731783770184
170000000.0,18.951309000896888,130.0,2014.0,6.0,en,Unknown,5,3,2,710644566.0,20.381682957006444
5900000.0,15.59046307836746,94.0,2014.0,6.0,en,Unknown,5,3,0,23000000.0,16.951004817371683
20000000.0,16.811242881518265,97.0,2014.0,7.0,en,Unknown,5,2,0,100525432.0,18.42592131812456
40000000.0,17.50439003707821,89.0,2014.0,7.0,en,Unknown,5,5,7,126546825.0,18.65612296364522
45000000.0,17.622173069956816,112.0,2014.0,7.0,en,Unknown,5,2,0,86165646.0,18.271782129518925
50000000.0,17.72753358339242,83.0,2014.0,7.0,en,Unknown,5,4,0,151165787.0,18.833887726265555
9000000.0,16.012735246411598,104.0,2014.0,7.0,en,Unknown,5,5,1,108782847.0,18.50486423289969
40000000.0,17.50439003707821,97.0,2014.0,7.0,en,Unknown,5,4,4,126069509.0,18.652343979470306
390000.0,12.873904582205107,148.0,2014.0,7.0,en,Unknown,0,0,2,3.0,1.3862943611198906
18000000.0,16.705882371415992,94.0,2014.0,7.0,en,Unknown,5,3,12,25312387.0,17.046804478129886
100000000.0,18.420680753952364,99.0,2014.0,7.0,en,Unknown,5,4,7,243400000.0,19.310216742626164
15000000.0,16.52356082573315,121.0,2014.0,7.0,en,Unknown,5,5,1,31554855.0,17.26723804952944
16800000.0,16.636889503897294,97.0,2014.0,7.0,en,Unknown,5,2,21,51029361.0,17.747911750512458
22000000.0,16.906553056777135,146.0,2014.0,7.0,hi,Unknown,5,0,0,55000000.0,17.822843761378564
170000000.0,18.951309000896888,121.0,2014.0,7.0,en,Unknown,5,4,1,773328629.0,20.466214652041472
9500000.0,16.066802461833923,126.0,2014.0,7.0,ko,Unknown,5,2,1,112156811.0,18.535408557166136
90000000.0,18.31532023940565,127.0,2014.0,8.0,en,Unknown,5,5,0,206172544.0,19.144223973252547
22000000.0,16.906553056777135,122.0,2014.0,8.0,en,Unknown,5,5,9,88880821.0,18.302806951677724
50000000.0,17.72753358339242,89.0,2014.0,8.0,en,Unknown,5,4,1,160602194.0,18.894441026880422
125000000.0,18.643824303266577,101.0,2014.0,8.0,en,Unknown,5,3,2,477200000.0,19.983446250283592
35000000.0,17.370858648025116,90.0,2014.0,8.0,ja,Unknown,5,1,1,83061158.0,18.235087749837888
25000000.0,17.034386422832473,94.0,2014.0,8.0,en,Unknown,5,4,8,66980456.0,18.019911448239274
17000000.0,16.648723960844016,104.0,2014.0,8.0,en,Unknown,5,3,3,136621271.0,18.732723217720903
5000000.0,15.424948670398354,93.0,2014.0,8.0,en,Unknown,5,3,2,40100000.0,17.50688691721445
2400000.0,14.690979711984754,90.0,2014.0,8.0,en,Unknown,5,4,0,88273.0,11.388200892496794
6600000.0,15.702580358511794,124.0,2014.0,8.0,en,Unknown,5,3,1,1851517.0,14.4315164011357
65000000.0,17.989897843244528,102.0,2014.0,8.0,en,Unknown,5,5,14,39407616.0,17.489469680456413
11000000.0,16.213405921671733,106.0,2014.0,8.0,en,Unknown,5,2,0,78874843.0,18.1833729010107
3500000.0,15.068273812173887,95.0,2014.0,8.0,ru,Unknown,5,1,0,179000.0,12.095146671399466
15000000.0,16.52356082573315,115.0,2014.0,8.0,en,Unknown,5,2,3,30127963.0,17.220964334976603
18000000.0,16.705882371415992,93.0,2014.0,8.0,en,Unknown,5,4,0,266586800.0,19.401210455856134
18000000.0,16.705882371415992,119.0,2014.0,8.0,en,Unknown,5,5,3,103215094.0,18.45232566969526
15000000.0,16.52356082573315,108.0,2014.0,8.0,en,Unknown,5,3,8,32556119.0,17.29847592737878
5500000.0,15.520258832020865,97.0,2014.0,8.0,en,Unknown,5,4,1,3000000.0,14.914123179965662
5.0,1.791759469228055,141.0,2014.0,8.0,hi,Unknown,5,1,0,4.0,1.6094379124341003
22000000.0,16.906553056777135,92.0,2014.0,9.0,en,Unknown,5,5,0,15447154.0,16.552935401956915
5000000.0,15.424948670398354,100.0,2014.0,9.0,en,Unknown,5,5,3,6833445.0,15.737339643109483
6000000.0,15.607270193858982,92.0,2014.0,9.0,en,Unknown,5,3,2,1020921.0,13.836216698538003
224056.0,12.319655762752346,122.0,2014.0,9.0,hi,Unknown,5,1,0,15536328.0,16.55869164591106
8500000.0,15.955576839107596,90.0,2014.0,9.0,en,Unknown,5,5,0,7500000.0,15.830413711839864
9000000.0,16.012735246411598,121.0,2014.0,9.0,en,Unknown,5,1,1,21571189.0,16.88686918606008
5500000.0,15.520258832020865,120.0,2014.0,9.0,en,Unknown,4,1,0,5000000.0,15.424948670398354
7000000.0,15.76142084987672,102.0,2014.0,9.0,en,Unknown,5,3,1,2360281.0,14.674291661388672
5000000.0,15.424948670398354,107.0,2014.0,9.0,en,Unknown,5,3,0,7527232.0,15.834038068765413
34000000.0,17.341871111992198,113.0,2014.0,9.0,en,Unknown,5,5,0,348319861.0,19.668631759263018
7000000.0,15.76142084987672,116.0,2014.0,9.0,en,Unknown,5,5,2,14618727.0,16.49781400439686
60000000.0,17.909855136853043,97.0,2014.0,9.0,en,Unknown,5,1,0,108255770.0,18.50000723520414
19800000.0,16.801192546169812,103.0,2014.0,9.0,en,Unknown,5,3,8,41296320.0,17.536283974060265
13200000.0,16.395727463314174,83.0,2014.0,9.0,en,Unknown,5,1,0,53830415.0,17.801349218539976
9700000.0,16.08763654656639,99.0,2014.0,9.0,fr,Unknown,5,5,1,154701.0,11.949255964725811
36000000.0,17.399029524198163,107.0,2014.0,9.0,en,Unknown,5,4,2,52424533.0,17.774885245823864
5000000.0,15.424948670398354,99.0,2014.0,9.0,en,Unknown,5,1,0,846704.0,13.649107624892252
1000000.0,13.815511557963774,87.0,2014.0,9.0,en,Unknown,4,1,0,9318.0,9.139810605785655
12600000.0,16.349207451286784,106.0,2014.0,9.0,en,Unknown,5,2,0,19054534.0,16.762815688948518
5000000.0,15.424948670398354,99.0,2014.0,9.0,en,Unknown,5,2,0,2367161.0,14.677202327218778
28000000.0,17.147715103853763,113.0,2014.0,9.0,en,Unknown,5,5,1,53181600.0,17.789223048628738
2800000.0,14.845130332288226,102.0,2014.0,9.0,en,Unknown,5,4,10,1826705.0,14.418024902870975
55000000.0,17.822843761378564,132.0,2014.0,9.0,en,Unknown,5,5,7,192330738.0,19.074727046978456
4000000.0,15.201805169084134,105.0,2014.0,9.0,es,Unknown,5,3,0,5169755.0,15.458336050013042
61000000.0,17.926384438531027,145.0,2014.0,10.0,en,Unknown,5,5,9,369330363.0,19.727202096859884
50000000.0,17.72753358339242,95.0,2014.0,10.0,en,Unknown,5,4,0,97437106.0,18.39471767141942
70000000.0,18.064005814299346,92.0,2014.0,10.0,en,Unknown,5,5,0,215529201.0,19.18860696644833
6500000.0,15.687312888712007,99.0,2014.0,10.0,en,Unknown,5,4,1,255273813.0,19.35784730742505
16000000.0,16.588099342704055,110.0,2014.0,10.0,en,Unknown,5,1,0,19682924.0,16.795262066593107
9272437.0,16.042556901885135,105.0,2014.0,10.0,es,Unknown,5,3,0,11672363.0,16.272734554442152
884130.0,13.69236052068597,137.0,2014.0,10.0,ur,Unknown,5,0,3,2259444.0,14.630629765868697
50000000.0,17.72753358339242,141.0,2014.0,10.0,en,Unknown,5,4,4,83719388.0,18.242981157378797
28000000.0,17.147715103853763,81.0,2014.0,10.0,en,Unknown,5,3,1,100654149.0,18.427200941192112
8000000.0,15.894952224644102,112.0,2014.0,10.0,en,Unknown,5,4,0,1411927.0,14.160466704233798
5000000.0,15.424948670398354,112.0,2014.0,10.0,en,Unknown,5,2,2,2450846.0,14.71194423706121
13000000.0,16.380459992348886,102.0,2014.0,10.0,en,Unknown,5,4,0,54837234.0,17.819879991985392
3300000.0,15.009433329466965,105.0,2014.0,10.0,en,Unknown,5,3,0,13092000.0,16.38751199098573
17000000.0,16.648723960844016,120.0,2014.0,10.0,en,Unknown,5,5,0,3758328.0,15.139485001690893
14000000.0,16.454567959008102,108.0,2014.0,10.0,en,Unknown,5,3,0,10076790.0,16.125745416747765
68000000.0,18.035018277846262,135.0,2014.0,10.0,en,Unknown,5,5,4,211817906.0,19.171237534299916
20000000.0,16.811242881518265,118.0,2014.0,10.0,fr,Unknown,5,3,1,151530.0,11.928545503461695
26000000.0,17.073607134447293,117.0,2014.0,10.0,en,Unknown,5,1,0,35926213.0,17.396977781981928
1000000.0,13.815511557963774,117.0,2014.0,10.0,en,Unknown,5,5,0,59744.0,10.997840784283854
3250000.0,14.99416586199818,96.0,2014.0,10.0,en,Unknown,5,2,0,3250000.0,14.99416586199818
20000000.0,16.811242881518265,101.0,2014.0,10.0,en,Unknown,5,5,0,88761661.0,18.30146538050411
8500000.0,15.955576839107596,117.0,2014.0,10.0,en,Unknown,5,2,0,38697217.0,17.471278269111156
165000000.0,18.92145603792546,102.0,2014.0,10.0,en,Unknown,5,2,1,652105443.0,20.2957168307414
5000000.0,15.424948670398354,89.0,2014.0,10.0,en,Unknown,5,5,0,103590271.0,18.455953983766914
25000000.0,17.034386422832473,100.0,2014.0,10.0,cn,Unknown,5,3,2,129115.0,11.768466504089593
15000000.0,16.52356082573315,107.0,2014.0,11.0,en,Unknown,5,5,0,9104716.0,16.02430318883762
165000000.0,18.92145603792546,169.0,2014.0,11.0,en,Unknown,5,5,8,675120017.0,20.330401037475912
3300000.0,15.009433329466965,96.0,2014.0,11.0,en,Unknown,5,2,0,45000.0,10.714439990727769
40000000.0,17.50439003707821,110.0,2014.0,11.0,en,Unknown,5,4,10,169837010.0,18.950349776287783
722083.0,13.48989675459789,120.0,2014.0,11.0,en,Unknown,5,0,0,499168.0,13.120699994750135
14000000.0,16.454567959008102,113.0,2014.0,11.0,en,Unknown,5,2,0,233555708.0,19.268931189058076
125000000.0,18.643824303266577,123.0,2014.0,11.0,en,Unknown,5,2,4,752100229.0,20.438380157606982
132000000.0,18.6983124881264,92.0,2014.0,11.0,en,Unknown,5,1,3,373552094.0,19.738568030722654
42000000.0,17.553180200057167,108.0,2014.0,11.0,en,Unknown,5,3,2,107670357.0,18.494584876760833
15000000.0,16.52356082573315,123.0,2014.0,11.0,en,Unknown,5,1,1,123726688.0,18.633585569951723
55000000.0,17.822843761378564,95.0,2014.0,11.0,en,Unknown,5,5,0,259207227.0,19.37313840785606
1556288.0,14.257814699122116,128.0,2014.0,11.0,en,Unknown,5,0,0,1268395.0,14.053263668062044
140000000.0,18.757152987716434,150.0,2014.0,12.0,en,Unknown,5,4,20,268031828.0,19.40661629634851
6500000.0,15.687312888712007,89.0,2014.0,12.0,en,Unknown,5,3,0,13865435.0,16.444909682624868
15000000.0,16.52356082573315,115.0,2014.0,12.0,en,Unknown,5,3,2,52501541.0,17.776353098559092
5000000.0,15.424948670398354,99.0,2014.0,12.0,en,Unknown,5,4,0,43884652.0,17.597075226947357
250000000.0,19.33697147982652,144.0,2014.0,12.0,en,Unknown,5,5,10,956019788.0,20.678289170592233
58800000.0,17.889652429875657,133.0,2014.0,12.0,en,Unknown,5,5,25,542307423.0,20.111343601557156
95000000.0,18.36938746009113,102.0,2014.0,12.0,en,Unknown,5,5,1,114178613.0,18.553274569698388
48000000.0,17.6867115897055,109.0,2014.0,12.0,en,Unknown,5,5,3,325771424.0,19.601706543103397
127000000.0,18.65969765229688,97.0,2014.0,12.0,en,Unknown,5,5,9,349424282.0,19.671797452390663
13000000.0,16.380459992348886,153.0,2014.0,12.0,hi,Unknown,5,2,1,120000000.0,18.603002309079653
65000000.0,17.989897843244528,119.0,2014.0,12.0,en,Unknown,5,5,3,133821816.0,18.712019749167283
10000000.0,16.118095750958314,105.0,2014.0,12.0,en,Unknown,5,4,16,28883511.0,17.17878147124361
44000000.0,17.599700214609808,112.0,2014.0,12.0,en,Unknown,5,2,1,12342632.0,16.328569924831857
50000000.0,17.72753358339242,125.0,2014.0,12.0,en,Unknown,5,3,4,212902372.0,19.17634427587956
20000000.0,16.811242881518265,127.0,2014.0,12.0,en,Unknown,5,5,0,66787908.0,18.017032619129843
22500000.0,16.929025911619092,112.0,2014.0,12.0,en,Unknown,5,2,0,15520023.0,16.557641619109905
65000000.0,17.989897843244528,137.0,2014.0,12.0,en,Unknown,5,3,1,163442937.0,18.911974484327736
20000000.0,16.811242881518265,148.0,2014.0,12.0,en,Unknown,5,3,6,11110975.0,16.223444006542213
25000000.0,17.034386422832473,111.0,2014.0,12.0,en,Unknown,5,4,1,39171130.0,17.483450579363534
1000000.0,13.815511557963774,90.0,2014.0,12.0,en,Unknown,5,5,0,26501323.0,17.09270525197253
20000000.0,16.811242881518265,125.0,2014.0,12.0,en,Unknown,5,5,2,12007070.0,16.30100628421266
70000000.0,18.064005814299346,133.0,2015.0,1.0,en,Unknown,5,3,9,17752940.0,16.69206175030145
11000000.0,16.213405921671733,94.0,2015.0,1.0,en,Unknown,5,5,0,593683.0,13.294102470257755
23000000.0,16.951004817371683,101.0,2015.0,1.0,en,Unknown,5,3,0,79799880.0,18.195032571190854
60000000.0,17.909855136853043,106.0,2015.0,1.0,en,Unknown,5,4,3,30418560.0,17.230563539271536
15000000.0,16.52356082573315,108.0,2015.0,1.0,en,Unknown,5,4,0,36869414.0,17.422892903526275
1379375.0,14.137141780958892,108.0,2015.0,1.0,ro,Unknown,5,3,0,105097.0,11.56264852718826
4000000.0,15.201805169084134,91.0,2015.0,1.0,en,Unknown,5,4,9,52425855.0,17.7749104627067
1816720.0,14.412543785780954,90.0,2015.0,1.0,it,Unknown,5,0,0,4541800.0,15.328834187389704
3300000.0,15.009433329466965,83.0,2015.0,1.0,en,Unknown,5,3,0,64110728.0,17.976122286979745
81000000.0,18.20995972498239,130.0,2015.0,1.0,en,Unknown,5,4,4,414351546.0,19.842225318810943
12000000.0,16.300417291085605,106.0,2015.0,1.0,en,Unknown,5,4,0,32248241.0,17.288974088092335
176000003.0,18.9859945757297,124.0,2015.0,2.0,en,Unknown,5,4,3,183987723.0,19.03037959595625
2000000.0,14.508658238524095,100.0,2015.0,2.0,en,Unknown,5,3,0,14674076.0,16.50159302561862
74000000.0,18.119575664681957,93.0,2015.0,2.0,en,Unknown,5,5,0,311594032.0,19.557211722226807
7900000.0,15.882373444019521,176.0,2015.0,2.0,ta,Unknown,5,1,2,16000000.0,16.588099342704055
40000000.0,17.50439003707821,125.0,2015.0,2.0,en,Unknown,5,3,0,571006128.0,20.16291050136303
3000000.0,14.914123179965662,83.0,2015.0,2.0,en,Unknown,5,4,0,3387000.0,15.035455427046395
40000000.0,17.50439003707821,115.0,2015.0,2.0,en,Unknown,5,5,3,13644292.0,16.428831896930966
38000000.0,17.453096744006448,116.0,2015.0,2.0,zh,Unknown,5,2,9,123205624.0,18.629365265488957
65000000.0,17.989897843244528,127.0,2015.0,2.0,zh,Unknown,5,5,0,121545703.0,18.61580091462176
10000000.0,16.118095750958314,120.0,2015.0,2.0,ru,Unknown,5,2,0,7547762.0,15.836761785931513
3700000.0,15.123843647884687,128.0,2015.0,2.0,hi,Unknown,5,2,0,11480000.0,16.256117035963705
14000000.0,16.454567959008102,93.0,2015.0,2.0,en,Unknown,5,3,3,12314651.0,16.326300330915824
8500000.0,15.955576839107596,100.0,2015.0,2.0,en,Unknown,5,3,0,43528634.0,17.58892955535246
50100000.0,17.729531586015174,105.0,2015.0,2.0,en,Unknown,5,3,2,153962963.0,18.85222263794821
10000000.0,16.118095750958314,122.0,2015.0,2.0,en,Unknown,5,3,5,85978266.0,18.26960511297908
49000000.0,17.707330876483063,120.0,2015.0,3.0,en,Unknown,5,5,2,104399548.0,18.46373591348011
35000000.0,17.370858648025116,91.0,2015.0,3.0,en,Unknown,5,4,1,14431253.0,16.48490682926117
50000000.0,17.72753358339242,114.0,2015.0,3.0,en,Unknown,5,3,4,71561644.0,18.086069804043206
95000000.0,18.36938746009113,105.0,2015.0,3.0,en,Unknown,5,4,4,543514353.0,20.11356667448038
50000000.0,17.72753358339242,137.0,2015.0,3.0,en,Unknown,5,3,1,3324330.0,15.016779008820532
110000000.0,18.5159909328476,119.0,2015.0,3.0,en,Unknown,5,4,4,295238201.0,19.50329305288687
135000000.0,18.72078534381011,94.0,2015.0,3.0,en,Unknown,5,2,1,368871007.0,19.725957569074613
10000000.0,16.118095750958314,107.0,2015.0,3.0,en,Unknown,5,2,0,10835752.0,16.198361687538252
40000000.0,17.50439003707821,100.0,2015.0,3.0,en,Unknown,5,2,0,111811453.0,18.532324564242558
20000000.0,16.811242881518265,113.0,2015.0,3.0,en,Unknown,5,5,1,208588.0,12.248121087656004
190000000.0,19.06253463538792,137.0,2015.0,4.0,en,Unknown,5,5,5,1506249360.0,21.132888530970785
12000000.0,16.300417291085605,90.0,2015.0,4.0,zh,Unknown,5,3,0,80000000.0,18.197537205138154
10000000.0,16.118095750958314,97.0,2015.0,4.0,en,Unknown,5,2,1,7587485.0,15.842010869208156
2000000.0,14.508658238524095,95.0,2015.0,4.0,en,Unknown,5,3,0,45431.0,10.723971981557268
34000000.0,17.341871111992198,128.0,2015.0,4.0,en,Unknown,5,2,2,63013281.0,17.95885608753208
11000000.0,16.213405921671733,120.0,2015.0,4.0,en,Unknown,5,2,1,61619773.0,17.936493383485693
38000000.0,17.453096744006448,94.0,2015.0,4.0,en,Unknown,5,5,5,107597242.0,18.493905582687113
25000000.0,17.034386422832473,112.0,2015.0,4.0,en,Unknown,5,3,0,65663276.0,18.000050377412492
940000.0,13.753636218075409,138.0,2015.0,4.0,ta,Unknown,5,2,4,5100000.0,15.444751293772967
1000000.0,13.815511557963774,82.0,2015.0,4.0,en,Unknown,5,2,0,62882090.0,17.956771959349123
5000000.0,15.424948670398354,93.0,2015.0,4.0,ja,Unknown,5,2,0,61768190.0,17.938899081182043
280000000.0,19.450300164704952,141.0,2015.0,4.0,en,Unknown,5,3,3,1405403694.0,21.063590425863644
20000000.0,16.811242881518265,106.0,2015.0,4.0,en,Unknown,5,2,0,6485961.0,15.685150707059496
3300000.0,15.009433329466965,120.0,2015.0,4.0,ru,Unknown,5,3,0,5249225.0,15.473591195127717
11000000.0,16.213405921671733,128.0,2015.0,5.0,hi,Unknown,5,1,0,41000000.0,17.529082649058825
65000000.0,17.989897843244528,120.0,2015.0,5.0,en,Unknown,5,3,2,235666219.0,19.27792703985855
29000000.0,17.182806422433504,115.0,2015.0,5.0,en,Unknown,5,3,0,287506194.0,19.476754965795614
35000000.0,17.370858648025116,87.0,2015.0,5.0,en,Unknown,5,4,4,51680201.0,17.76058532609971
4000000.0,15.201805169084134,95.0,2015.0,5.0,en,Unknown,5,5,0,187112.0,12.139467991409111
447524.0,13.011487681058393,101.0,2015.0,5.0,en,Unknown,5,4,0,771317.0,13.555856018872653
5500000.0,15.520258832020865,123.0,2015.0,5.0,hi,Unknown,4,3,1,22159216.0,16.913764085284082
150000000.0,18.826145858727198,120.0,2015.0,5.0,en,Unknown,5,3,6,378858340.0,19.752672922728568
5000000.0,15.424948670398354,119.0,2015.0,5.0,fr,Unknown,5,2,0,26144.0,10.171413246622231
18000000.0,16.705882371415992,151.0,2015.0,5.0,hi,Unknown,5,2,1,1500000.0,14.220976332738882
11000000.0,16.213405921671733,109.0,2015.0,5.0,en,Unknown,5,3,0,161789.0,11.994054476999382
190000000.0,19.06253463538792,130.0,2015.0,5.0,en,Unknown,5,3,3,209154322.0,19.15858292501492
13360000.0,16.40777580092307,118.0,2015.0,5.0,it,Unknown,5,4,3,2000000.0,14.508658238524095
35000000.0,17.370858648025116,93.0,2015.0,5.0,en,Unknown,5,4,2,95437994.0,18.373987327570145
143149.0,11.871648310526261,94.0,2015.0,5.0,ur,Unknown,5,3,0,645135.0,13.377216426264779
400000.0,12.899222326086994,100.0,2015.0,5.0,en,Unknown,0,0,0,88097.0,11.386205110190993
1400000.0,14.151983508870947,125.0,2015.0,5.0,es,Unknown,5,5,0,1320005.0,14.093146840006769
37000000.0,17.426428497635523,105.0,2015.0,5.0,en,Unknown,5,2,5,26250020.0,17.083177347001588
110000000.0,18.5159909328476,114.0,2015.0,5.0,en,Unknown,5,4,2,470490832.0,19.96928703327174
6200000.0,15.64006001130563,165.0,2015.0,5.0,ml,Unknown,5,1,0,11000000.0,16.213405921671733
4000000.0,15.201805169084134,97.0,2015.0,6.0,en,Unknown,5,1,4,143101.0,11.871312941687266
30000000.0,17.216707972959764,104.0,2015.0,6.0,en,Unknown,5,2,0,49263404.0,17.712692071288487
10000000.0,16.118095750958314,97.0,2015.0,6.0,en,Unknown,5,1,0,104303851.0,18.462818851216166
600000.0,13.304686600863562,78.0,2015.0,6.0,en,Unknown,5,2,4,7087452.0,15.773836595602859
13000000.0,16.380459992348886,170.0,2015.0,6.0,hi,Unknown,5,3,0,22000000.0,16.906553056777135
175000000.0,18.980296537602072,94.0,2015.0,6.0,en,Unknown,5,2,2,857611174.0,20.56966137874629
150000000.0,18.826145858727198,124.0,2015.0,6.0,en,Unknown,5,5,1,1513528810.0,21.137709722254115
1000000.0,13.815511557963774,107.0,2015.0,6.0,hu,Unknown,5,2,0,1777043.0,14.390461867663108
30000000.0,17.216707972959764,123.0,2015.0,6.0,en,Unknown,5,2,8,91709827.0,18.33414010705632
74000000.0,18.119575664681957,91.0,2015.0,6.0,en,Unknown,5,2,1,1156730962.0,20.868863728300205
1300000.0,14.077875591662238,97.0,2015.0,6.0,tr,Unknown,5,5,0,250000.0,12.429220196836383
12000000.0,16.300417291085605,109.0,2015.0,6.0,en,Unknown,5,1,1,85512300.0,18.264170794903528
700000.0,13.45883704259595,103.0,2015.0,6.0,en,Unknown,5,3,3,17986781.0,16.705147712772316
155000000.0,18.858935681335133,126.0,2015.0,6.0,en,Unknown,5,3,1,440603537.0,19.903656022259423
68000000.0,18.035018277846262,115.0,2015.0,6.0,en,Unknown,5,5,1,217022588.0,19.195512002861236
620000.0,13.3374763699232,146.0,2015.0,6.0,ta,Unknown,5,2,0,1400000.0,14.151983508870947
20000000.0,16.811242881518265,111.0,2015.0,6.0,en,Unknown,5,4,3,43967255.0,17.598955733023608
2500000.0,14.731801689838349,99.0,2015.0,6.0,en,Unknown,5,5,4,6341684.0,15.662655063972718
14800000.0,16.51013780630191,115.0,2015.0,7.0,en,Unknown,5,2,0,122513057.0,18.623728178186482
10000000.0,16.118095750958314,111.0,2015.0,7.0,en,Unknown,5,1,0,17472.0,9.768412111339039
3000000.0,14.914123179965662,134.0,2015.0,7.0,en,Unknown,5,5,1,249083.0,12.42554546795492
40000000.0,17.50439003707821,159.0,2015.0,7.0,te,Unknown,5,1,1,100000000.0,18.420680753952364
10000000.0,16.118095750958314,89.0,2015.0,7.0,zh,Unknown,5,2,0,150000000.0,18.826145858727198
100000.0,11.51293546492023,87.0,2015.0,7.0,en,Unknown,5,4,0,42664410.0,17.568875664630763
100000.0,11.51293546492023,87.0,2015.0,7.0,en,Unknown,5,2,0,702354.0,13.4621942531915
18000000.0,16.705882371415992,100.0,2015.0,7.0,en,Unknown,5,3,5,41325328.0,17.536986162922187
26000000.0,17.073607134447293,116.0,2015.0,7.0,en,Unknown,5,2,3,30523226.0,17.233998492736045
130000000.0,18.683045016112164,117.0,2015.0,7.0,en,Unknown,5,1,4,519311965.0,20.06801535110636
16000000.0,16.588099342704055,101.0,2015.0,7.0,en,Unknown,5,5,1,2084628.0,14.550101459732376
2800000.0,14.845130332288226,95.0,2015.0,7.0,ru,Unknown,5,1,0,964206.0,13.77906128083189
40000000.0,17.50439003707821,111.0,2015.0,7.0,zh,Unknown,5,1,0,385284817.0,19.769493405757515
88000000.0,18.292847383806116,105.0,2015.0,7.0,en,Unknown,5,2,9,243637091.0,19.311190348218577
35000000.0,17.370858648025116,125.0,2015.0,7.0,en,Unknown,5,4,4,140795793.0,18.762821129082944
11000000.0,16.213405921671733,95.0,2015.0,7.0,en,Unknown,5,3,22,27391084.0,17.12572815345213
14000000.0,16.454567959008102,163.0,2015.0,7.0,hi,Unknown,5,4,0,98000000.0,18.400478046838927
150000000.0,18.826145858727198,131.0,2015.0,7.0,en,Unknown,5,5,2,682330139.0,20.34102417492696
13000000.0,16.380459992348886,91.0,2015.0,7.0,en,Unknown,5,4,0,1784763.0,14.394796751569828
31000000.0,17.249497794707484,99.0,2015.0,7.0,en,Unknown,5,3,0,104384188.0,18.463588775583503
64000000.0,17.974393656948944,92.0,2015.0,7.0,en,Unknown,5,5,1,97571250.0,18.396093448565942
5000000.0,15.424948670398354,108.0,2015.0,7.0,en,Unknown,5,5,0,58978653.0,17.89268613979564
20000000.0,16.811242881518265,96.0,2015.0,8.0,en,Unknown,5,3,0,133332.0,11.800605037418885
120000000.0,18.603002309079653,100.0,2015.0,8.0,en,Unknown,5,5,1,167977596.0,18.939341177284998
58000000.0,17.87595358575207,103.0,2015.0,8.0,en,Unknown,5,5,1,158162788.0,18.879135370712635
25000000.0,17.034386422832473,120.0,2015.0,8.0,en,Unknown,5,4,0,24902723.0,17.030487753041818
2000000.0,14.508658238524095,98.0,2015.0,8.0,en,Unknown,5,3,0,1477002.0,14.205525592655665
28000000.0,17.147715103853763,147.0,2015.0,8.0,en,Unknown,5,5,7,201634991.0,19.121969650528282
75000000.0,18.132998684833918,116.0,2015.0,8.0,en,Unknown,5,4,6,108145109.0,18.498984494361917
15000000.0,16.52356082573315,113.0,2015.0,8.0,en,Unknown,5,5,0,12601706.0,16.349342838936114
28000000.0,17.147715103853763,96.0,2015.0,8.0,en,Unknown,5,5,1,27139524.0,17.116501710375537
10000000.0,16.118095750958314,97.0,2015.0,8.0,en,Unknown,5,5,0,52882018.0,17.783573933565524
35000000.0,17.370858648025116,96.0,2015.0,8.0,en,Unknown,5,5,0,81967450.0,18.221832787402988
1050255.0,13.864544501940804,129.0,2015.0,8.0,ml,Unknown,5,2,0,2250547.0,14.626684300081319
6000000.0,15.607270193858982,96.0,2015.0,8.0,en,Unknown,5,1,0,11122090.0,16.22444386867783
5000000.0,15.424948670398354,103.0,2015.0,8.0,en,Unknown,5,3,3,54418872.0,17.81222158180688
15000000.0,16.52356082573315,105.0,2015.0,8.0,zh,Unknown,5,5,0,632542.0,13.357503481462716
3000000.0,14.914123179965662,120.0,2015.0,8.0,en,Unknown,5,3,3,67790117.0,18.03192699007535
14000000.0,16.454567959008102,94.0,2015.0,8.0,es,Unknown,4,2,1,8306690.0,15.932571892585123
5904067.0,15.591152162811294,104.0,2015.0,8.0,no,Unknown,5,2,0,12975143.0,16.37854608522054
8000000.0,15.894952224644102,104.0,2015.0,9.0,en,Unknown,5,2,5,35991087.0,17.398781910217895
25000000.0,17.034386422832473,96.0,2015.0,9.0,en,Unknown,5,1,1,72629670.0,18.100884087763472
53000000.0,17.78580249038432,122.0,2015.0,9.0,en,Unknown,5,5,2,98837872.0,18.40899141922545
25000000.0,17.034386422832473,131.0,2015.0,9.0,en,Unknown,5,3,4,42972994.0,17.57608245311281
61000000.0,17.926384438531027,132.0,2015.0,9.0,en,Unknown,5,3,1,311256926.0,19.55612926091723
5000000.0,15.424948670398354,94.0,2015.0,9.0,en,Unknown,5,2,8,98450062.0,18.405060002967943
55000000.0,17.822843761378564,121.0,2015.0,9.0,en,Unknown,5,5,3,203427584.0,19.13082065185227
1000000.0,13.815511557963774,93.0,2015.0,9.0,ru,Unknown,5,1,0,2228115.0,14.616666943305953
5000000.0,15.424948670398354,121.0,2015.0,9.0,en,Unknown,5,2,2,4842699.0,15.392982974391325
28000000.0,17.147715103853763,108.0,2015.0,9.0,en,Unknown,5,2,5,7002261.0,15.761743797677322
6000000.0,15.607270193858982,137.0,2015.0,9.0,en,Unknown,5,3,0,9077700.0,16.021331524685905
12000000.0,16.300417291085605,100.0,2015.0,9.0,en,Unknown,5,1,0,60273173.0,17.914397687089004
13000000.0,16.380459992348886,102.0,2015.0,9.0,en,Unknown,5,3,4,18704595.0,16.74427982702806
9600000.0,16.077273760604726,121.0,2015.0,9.0,en,Unknown,5,3,0,2541554.0,14.748286656398266
10000000.0,16.118095750958314,97.0,2015.0,9.0,en,Unknown,5,3,0,14333790.0,16.478130314712526
19000000.0,16.759949589762293,115.0,2015.0,9.0,en,Unknown,5,2,8,5578519.0,15.534434066202097
30000000.0,17.216707972959764,121.0,2015.0,9.0,en,Unknown,5,3,2,84025816.0,18.24663465482481
2000000.0,14.508658238524095,97.0,2015.0,9.0,en,Unknown,5,5,1,2801508.0,14.845668758547014
2500000.0,14.731801689838349,106.0,2015.0,9.0,ru,Unknown,4,1,0,302000.0,12.618185607609803
13500000.0,16.41820031748273,129.0,2015.0,9.0,en,Unknown,5,2,9,187674.0,12.142467022441203
80000000.0,18.197537205138154,89.0,2015.0,9.0,en,Unknown,5,2,1,473226958.0,19.975085660127846
150000000.0,18.826145858727198,111.0,2015.0,9.0,en,Unknown,5,4,4,128388320.0,18.670569987139285
35000000.0,17.370858648025116,121.0,2015.0,9.0,en,Unknown,5,2,4,194564672.0,19.08627517475134
108000000.0,18.497641794347754,141.0,2015.0,9.0,en,Unknown,5,5,21,630161890.0,20.261487314180027
35000000.0,17.370858648025116,123.0,2015.0,9.0,en,Unknown,5,3,15,61181942.0,17.92936265492742
11930000.0,16.294566877896393,118.0,2015.0,10.0,en,Unknown,5,5,1,18340000.0,16.724595079318217
20000000.0,16.811242881518265,100.0,2015.0,10.0,en,Unknown,5,3,2,36606743.0,17.415743043692466
7000000.0,15.76142084987672,103.0,2015.0,10.0,en,Unknown,5,3,2,573335.0,13.259227211273501
4000000.0,15.201805169084134,118.0,2015.0,10.0,en,Unknown,5,5,0,15656193.0,16.566377179396707
3196621.0,14.977605185205464,116.0,2015.0,10.0,de,Unknown,5,1,0,25513752.0,17.054728198074038
30000000.0,17.216707972959764,122.0,2015.0,10.0,en,Unknown,5,5,7,34441873.0,17.35478364951615
55000000.0,17.822843761378564,119.0,2015.0,10.0,en,Unknown,5,1,7,74679822.0,18.12872050652251
19500000.0,16.785925074816024,111.0,2015.0,10.0,en,Unknown,5,5,1,34854990.0,17.36670689869001
12000000.0,16.300417291085605,123.0,2015.0,10.0,en,Unknown,5,1,0,14394097.0,16.482328819419095
40000000.0,17.50439003707821,141.0,2015.0,10.0,en,Unknown,5,5,28,165478348.0,18.924350922471213
6000000.0,15.607270193858982,117.0,2015.0,10.0,en,Unknown,5,5,0,35401758.0,17.38227206613507
14000000.0,16.454567959008102,106.0,2015.0,10.0,en,Unknown,5,3,0,16002420.0,16.588250581257473
11000000.0,16.213405921671733,111.0,2015.0,10.0,en,Unknown,5,4,1,62076141.0,17.94387228628956
90000000.0,18.31532023940565,106.0,2015.0,10.0,en,Unknown,5,5,2,146936910.0,18.80551387574951
10000000.0,16.118095750958314,88.0,2015.0,10.0,en,Unknown,5,2,0,78096553.0,18.173456490917136
15000000.0,16.52356082573315,100.0,2015.0,10.0,en,Unknown,5,4,11,3020664.0,14.92098756378638
5000000.0,15.424948670398354,119.0,2015.0,10.0,en,Unknown,5,4,4,2333684.0,14.662959121280934
15000000.0,16.52356082573315,93.0,2015.0,10.0,en,Unknown,5,4,1,14860766.0,16.5142352109959
245000000.0,19.316768772590635,148.0,2015.0,10.0,en,Unknown,5,3,6,880674609.0,20.59619877401982
15000000.0,16.52356082573315,124.0,2015.0,10.0,en,Unknown,5,3,7,8235661.0,15.923984306948196
99000000.0,18.410630418199872,88.0,2015.0,11.0,en,Unknown,5,2,1,246233113.0,19.321789263076433
25000.0,10.12667110305036,95.0,2015.0,11.0,en,Unknown,5,0,0,25000.0,10.12667110305036
20000000.0,16.811242881518265,128.0,2015.0,11.0,en,Unknown,5,5,2,88346473.0,18.29677684648253
40000000.0,17.50439003707821,109.0,2015.0,11.0,en,Unknown,5,4,3,34227298.0,17.34853410000184
23400000.0,16.96824662306297,174.0,2015.0,11.0,hi,Unknown,5,2,0,67000000.0,18.020203192280615
35000000.0,17.370858648025116,123.0,2015.0,11.0,en,Unknown,5,5,1,50363790.0,17.734783042305587
10000000.0,16.118095750958314,122.0,2015.0,11.0,en,Unknown,5,3,2,3727746.0,15.131314587677831
1500000.0,14.220976332738882,162.0,2015.0,11.0,mr,Unknown,5,0,0,4400000.0,15.29711532616119
17000000.0,16.648723960844016,107.0,2015.0,11.0,en,Unknown,5,3,1,42426912.0,17.563293459405635
6000000.0,15.607270193858982,104.0,2015.0,11.0,en,Unknown,5,2,3,41387687.0,17.538494003261633
8900000.0,16.001561947061912,93.0,2015.0,11.0,en,Unknown,5,4,0,4100000.0,15.226497775576945
175000000.0,18.980296537602072,93.0,2015.0,11.0,en,Unknown,5,2,0,331926147.0,19.620423056352898
160000000.0,18.8906843794481,137.0,2015.0,11.0,en,Unknown,5,3,5,653428261.0,20.297743309945446
100000000.0,18.420680753952364,122.0,2015.0,11.0,en,Unknown,5,5,13,93820758.0,18.35689670079136
25000000.0,17.034386422832473,101.0,2015.0,11.0,en,Unknown,5,3,3,52395996.0,17.774340753243397
11800000.0,16.283610174181653,118.0,2015.0,11.0,en,Unknown,5,3,3,40272135.0,17.511170373387685
37000000.0,17.426428497635523,133.0,2015.0,11.0,en,Unknown,5,4,0,173567581.0,18.97207760312117
15000000.0,16.52356082573315,98.0,2015.0,11.0,en,Unknown,5,2,0,61548707.0,17.935339419310246
15000000.0,16.52356082573315,120.0,2015.0,11.0,en,Unknown,5,5,2,64191523.0,17.977381735022014
1000000.0,13.815511557963774,95.0,2015.0,11.0,en,Unknown,5,2,0,14444999.0,16.485858891882472
105000000.0,18.46947091764561,114.0,2015.0,12.0,en,Unknown,5,4,0,133718711.0,18.711248987402776
18000000.0,16.705882371415992,110.0,2015.0,12.0,ru,Unknown,5,2,0,1776333.0,14.390062247915674
1.0,0.6931471805599453,114.0,2015.0,12.0,en,Unknown,5,3,0,1.0,0.6931471805599453
28000000.0,17.147715103853763,130.0,2015.0,12.0,en,Unknown,5,3,5,133346506.0,18.708461614023502
245000000.0,19.316768772590635,136.0,2015.0,12.0,en,Unknown,5,3,4,2068223624.0,21.44995592362641
5000.0,8.517393171418904,139.0,2015.0,12.0,ko,Unknown,5,2,0,11083449.0,16.220963562658415
26000000.0,17.073607134447293,158.0,2015.0,12.0,hi,Unknown,5,2,2,61000000.0,17.926384438531027
37000000.0,17.426428497635523,127.0,2015.0,12.0,zh,Unknown,5,1,0,278300000.0,19.444210230089364
19500000.0,16.785925074816024,150.0,2015.0,12.0,hi,Unknown,5,2,0,56000000.0,17.840862266556567
30000000.0,17.216707972959764,118.0,2015.0,12.0,en,Unknown,5,1,1,105011053.0,18.469576178771124
36000000.0,17.399029524198163,105.0,2015.0,12.0,cn,Unknown,5,1,2,156844753.0,18.870767046074146
60000000.0,17.909855136853043,124.0,2015.0,12.0,en,Unknown,5,4,5,101134059.0,18.4319575214188
1900000.0,14.45736497045232,130.0,2015.0,12.0,ml,Unknown,5,1,0,5900000.0,15.59046307836746
44000000.0,17.599700214609808,167.0,2015.0,12.0,en,Unknown,5,3,8,155760117.0,18.863827676603687
135000000.0,18.72078534381011,156.0,2015.0,12.0,en,Unknown,5,5,4,532950503.0,20.09393911477868
1300000.0,14.077875591662238,92.0,2015.0,12.0,pl,Unknown,5,5,0,101657.0,11.529369517386161
50000000.0,17.72753358339242,96.0,2015.0,12.0,en,Unknown,5,3,3,242786137.0,19.30769152326279
8000000.0,15.894952224644102,90.0,2015.0,12.0,en,Unknown,3,1,0,5659286.0,15.548808470512812
25000000.0,17.034386422832473,98.0,2016.0,1.0,en,Unknown,5,5,4,1397284.0,14.150041626022011
9900000.0,16.108045416114916,92.0,2016.0,1.0,en,Unknown,5,3,0,2400000.0,14.690979711984754
5200000.0,15.46416937585933,102.0,2016.0,1.0,hi,Unknown,5,3,0,9200000.0,16.034714150714915
10000000.0,16.118095750958314,95.0,2016.0,1.0,en,Unknown,5,3,0,40055439.0,17.505775052466788
50000000.0,17.72753358339242,144.0,2016.0,1.0,en,Unknown,5,5,11,69411370.0,18.055561259317784
18000000.0,16.705882371415992,86.0,2016.0,1.0,en,Unknown,5,4,0,17062499.0,16.65239363090945
38000000.0,17.453096744006448,112.0,2016.0,1.0,en,Unknown,5,4,1,109906372.0,18.51513940677353
40000000.0,17.50439003707821,102.0,2016.0,1.0,en,Unknown,5,4,7,124827316.0,18.642441876165456
38000000.0,17.453096744006448,110.0,2016.0,1.0,en,Unknown,5,3,0,112343513.0,18.53707182462208
11500000.0,16.257857680289998,102.0,2016.0,1.0,en,Unknown,5,5,0,94073028.0,18.3595819428557
4500000.0,15.319588176962746,126.0,2016.0,1.0,hi,Unknown,5,3,0,32000000.0,17.281246492014
10000000.0,16.118095750958314,97.0,2016.0,1.0,en,Unknown,5,5,2,64188367.0,17.9773325684438
3500000.0,15.068273812173887,108.0,2016.0,1.0,en,Unknown,5,1,0,615816.0,13.330705120457191
145000000.0,18.7922443072814,95.0,2016.0,1.0,en,Unknown,5,4,1,521170825.0,20.071588426974493
80000000.0,18.197537205138154,114.0,2016.0,1.0,en,Unknown,5,4,3,52099090.0,17.7686580593545
300000.0,12.611541086966115,112.0,2016.0,1.0,ta,Unknown,5,4,0,2100000.0,14.557448378884015
20000000.0,16.811242881518265,92.0,2016.0,1.0,en,Unknown,5,1,1,21164799.0,16.867849982329556
500.0,6.2166061010848646,126.0,2016.0,2.0,ko,Unknown,5,0,0,50.0,3.9318256327243257
28000000.0,17.147715103853763,108.0,2016.0,2.0,en,Unknown,5,5,3,16374328.0,16.61122536154677
300000.0,12.611541086966115,144.0,2016.0,2.0,ml,Unknown,5,2,0,2500000.0,14.731801689838349
13500000.0,16.41820031748273,90.0,2016.0,2.0,de,Unknown,5,4,0,3342697.0,15.022288823301768
325000.0,12.691583538230217,118.0,2016.0,2.0,ta,Unknown,5,3,1,1600000.0,14.285514812209815
10000000.0,16.118095750958314,111.0,2016.0,2.0,en,Unknown,5,2,0,18730891.0,16.745684697418685
13000000.0,16.380459992348886,123.0,2016.0,2.0,en,Unknown,5,2,0,1646788.0,14.314337889234494
22000000.0,16.906553056777135,106.0,2016.0,2.0,en,Unknown,5,3,12,63647656.0,17.968873071606733
50000000.0,17.72753358339242,100.0,2016.0,2.0,en,Unknown,5,2,5,55969000.0,17.840308541860654
60720000.0,17.921783707520685,93.0,2016.0,2.0,en,Unknown,5,1,1,553810228.0,20.132332639097548
58000000.0,17.87595358575207,108.0,2016.0,2.0,en,Unknown,5,5,0,783112979.0,20.478787534733844
150000000.0,18.826145858727198,108.0,2016.0,2.0,en,Unknown,5,2,1,1023784195.0,20.746771595259897
5000000.0,15.424948670398354,87.0,2016.0,2.0,en,Unknown,5,2,0,443962.0,13.003496504608613
18000000.0,16.705882371415992,112.0,2016.0,2.0,en,Unknown,5,3,2,6212282.0,15.642039019199505
14000000.0,16.454567959008102,120.0,2016.0,2.0,en,Unknown,5,4,0,3621046.0,15.102273768503364
10721568.0,16.187768064837364,122.0,2016.0,2.0,hi,Unknown,5,2,0,2978994.0,14.907096553278436
5000000.0,15.424948670398354,134.0,2016.0,2.0,en,Unknown,5,4,6,24804129.0,17.02652072952832
20000000.0,16.811242881518265,107.0,2016.0,2.0,en,Unknown,5,4,6,46069568.0,17.64566318153949
20000000.0,16.811242881518265,115.0,2016.0,2.0,en,Unknown,5,5,3,12639297.0,16.352321407166013
3500000.0,15.068273812173887,92.0,2016.0,2.0,en,Unknown,5,5,0,40423945.0,17.514932890112895
35000000.0,17.370858648025116,83.0,2016.0,2.0,en,Unknown,5,5,6,25182929.0,17.041676942003136
140000000.0,18.757152987716434,127.0,2016.0,2.0,en,Unknown,5,5,4,150680864.0,18.83067468141406
23000000.0,16.951004817371683,106.0,2016.0,2.0,en,Unknown,5,4,0,46152411.0,17.647459781902764
8000000.0,15.894952224644102,95.0,2016.0,2.0,en,Unknown,5,3,0,34694.0,10.45435086333365
60000000.0,17.909855136853043,99.0,2016.0,3.0,en,Unknown,5,4,0,205754447.0,19.142194015756793
6700000.0,15.717618233614914,96.0,2016.0,3.0,es,Unknown,5,5,0,12118661.0,16.310257136471748
500.0,6.2166061010848646,87.0,2016.0,3.0,ko,Unknown,5,0,0,500.0,6.2166061010848646
5210000.0,15.46609060566811,112.0,2016.0,3.0,da,Unknown,5,3,0,5900000.0,15.59046307836746
35000000.0,17.370858648025116,112.0,2016.0,3.0,en,Unknown,5,3,3,23083334.0,16.954621486565777
110000000.0,18.5159909328476,121.0,2016.0,3.0,en,Unknown,5,4,5,179246868.0,19.004274570066904
15000000.0,16.52356082573315,103.0,2016.0,3.0,en,Unknown,5,3,0,108286421.0,18.50029033015003
18500000.0,16.733281344102608,120.0,2016.0,3.0,en,Unknown,5,1,0,6490401.0,15.685835028210363
4000000.0,15.201805169084134,106.0,2016.0,3.0,en,Unknown,5,5,2,13624522.0,16.427381888726433
2500000.0,14.731801689838349,84.0,2016.0,3.0,en,Unknown,5,3,0,230069.0,12.346138889427015
2100000.0,14.557448378884015,102.0,2016.0,3.0,fr,Unknown,5,5,0,282382.0,12.55101958448895
16000000.0,16.588099342704055,117.0,2016.0,3.0,en,Unknown,5,2,1,73883359.0,18.117998191416554
18000000.0,16.705882371415992,94.0,2016.0,3.0,en,Unknown,5,4,2,88923251.0,18.303284218591255
250000000.0,19.33697147982652,151.0,2016.0,3.0,en,Unknown,5,5,6,873260194.0,20.587744116361193
10000000.0,16.118095750958314,116.0,2016.0,3.0,en,Unknown,5,1,12,3400278.0,15.039368045043279
5000000.0,15.424948670398354,121.0,2016.0,4.0,en,Unknown,5,1,1,23507567.0,16.972832969823006
3200000.0,14.978661680269907,100.0,2016.0,4.0,en,Unknown,5,0,1,4267218.0,15.266472884968403
10000000.0,16.118095750958314,101.0,2016.0,4.0,en,Unknown,5,4,3,1978592.0,14.497896544009953
115000000.0,18.560442695023177,114.0,2016.0,4.0,en,Unknown,5,3,0,164602163.0,18.91904199314391
29000000.0,17.182806422433504,91.0,2016.0,4.0,en,Unknown,5,1,1,78636257.0,18.180343448744278
175000000.0,18.980296537602072,106.0,2016.0,4.0,en,Unknown,5,4,7,966550600.0,20.689244210130965
20000000.0,16.811242881518265,94.0,2016.0,4.0,en,Unknown,5,3,0,8821329.0,15.992683210265549
31500000.0,17.265498135541893,113.0,2016.0,4.0,en,Unknown,5,5,1,14708696.0,16.503949509456426
16000000.0,16.588099342704055,142.0,2016.0,4.0,hi,Unknown,5,1,0,29251596.0,17.191444728442306
20000000.0,16.811242881518265,112.0,2016.0,4.0,en,Unknown,5,3,5,55030051.0,17.82338999397462
5000000.0,15.424948670398354,95.0,2016.0,4.0,en,Unknown,5,2,0,3220371.0,14.985007438798062
15000000.0,16.52356082573315,94.0,2016.0,4.0,en,Unknown,5,1,0,20566327.0,16.83916573329721
10000000.0,16.118095750958314,138.0,2016.0,4.0,ru,Unknown,5,4,1,27305571.0,17.122601341893198
20000000.0,16.811242881518265,92.0,2016.0,4.0,en,Unknown,5,5,1,14397593.0,16.48257166725292
30000000.0,17.216707972959764,97.0,2016.0,4.0,en,Unknown,5,5,4,4212494.0,15.25356566669843
250000000.0,19.33697147982652,147.0,2016.0,4.0,en,Unknown,5,5,2,1153304495.0,20.865897133567135
25000000.0,17.034386422832473,118.0,2016.0,4.0,en,Unknown,5,5,8,48418160.0,17.69538552857944
16500000.0,16.61887099947687,93.0,2016.0,4.0,en,Unknown,5,3,1,21256.0,9.964441531873126
35000000.0,17.370858648025116,91.0,2016.0,5.0,en,Unknown,5,4,4,108758521.0,18.504640588081223
10000000.0,16.118095750958314,164.0,2016.0,5.0,ta,Unknown,5,2,0,15000000.0,16.52356082573315
29000000.0,17.182806422433504,110.0,2016.0,5.0,en,Unknown,5,3,8,48902953.0,17.705348361618505
30000000.0,17.216707972959764,96.0,2016.0,5.0,en,Unknown,5,2,23,43763247.0,17.59430493635834
73000000.0,18.105970012811294,97.0,2016.0,5.0,en,Unknown,5,5,0,349779543.0,19.672813639707872
27000000.0,17.11134746100564,98.0,2016.0,5.0,en,Unknown,5,5,1,93282604.0,18.351144206848897
4000000.0,15.201805169084134,92.0,2016.0,5.0,en,Unknown,5,3,2,10898293.0,16.204116821188347
40000000.0,17.50439003707821,134.0,2016.0,5.0,en,Unknown,5,5,6,320170008.0,19.584362690804788
50000000.0,17.72753358339242,116.0,2016.0,5.0,en,Unknown,5,5,2,62788218.0,17.95527801829878
178000000.0,18.997294113874336,144.0,2016.0,5.0,en,Unknown,5,5,7,543934787.0,20.114339922634635
2000000.0,14.508658238524095,127.0,2016.0,5.0,ro,Unknown,5,2,1,343617.0,12.747285854216038
160000000.0,18.8906843794481,123.0,2016.0,5.0,en,Unknown,5,4,2,433677183.0,19.88781099962835
9804690.0,16.098371502582587,130.0,2016.0,5.0,fr,Unknown,5,5,7,2341534.0,14.666317255177127
170000000.0,18.951309000896888,113.0,2016.0,5.0,en,Unknown,5,5,2,299370084.0,19.51719110845815
3000000.0,14.914123179965662,94.0,2016.0,5.0,en,Unknown,5,5,0,14016568.0,16.455750687795483
8575000.0,15.964361667634346,145.0,2016.0,6.0,ko,Unknown,5,3,3,1983204.0,14.500224780877835
135000000.0,18.72078534381011,112.0,2016.0,6.0,en,Unknown,5,5,1,245623848.0,19.31931185457173
140000000.0,18.757152987716434,120.0,2016.0,6.0,en,Unknown,5,5,29,183345589.0,19.02688339983347
90000000.0,18.31532023940565,129.0,2016.0,6.0,en,Unknown,5,4,5,334901337.0,19.629346532978907
20000000.0,16.811242881518265,110.0,2016.0,6.0,en,Unknown,5,3,0,207945075.0,19.152784545103913
7000000.0,15.76142084987672,117.0,2016.0,6.0,en,Unknown,5,4,4,1333124.0,14.103036368207752
5069632.0,15.438778986359559,136.0,2016.0,6.0,hi,Unknown,5,3,0,4817642.0,15.387795362275885
3500000.0,15.068273812173887,105.0,2016.0,6.0,fr,Unknown,2,1,0,1492523.0,14.215979204521616
50000000.0,17.72753358339242,107.0,2016.0,6.0,en,Unknown,5,4,2,216972543.0,19.195281378154103
200000000.0,19.11382792951231,97.0,2016.0,6.0,en,Unknown,5,3,3,1028570889.0,20.75143619030186
5980000.0,15.60393129315088,149.0,2016.0,6.0,hi,Unknown,5,2,0,14900000.0,16.51687183802978
75000000.0,18.132998684833918,87.0,2016.0,6.0,en,Unknown,5,4,0,875457937.0,20.59025766513229
165000000.0,18.92145603792546,120.0,2016.0,6.0,en,Unknown,5,4,10,389681935.0,19.78084141562924
105000000.0,18.46947091764561,100.0,2016.0,6.0,en,Unknown,5,2,0,408579038.0,19.828195939472458
521873.0,13.165181458417756,127.0,2016.0,6.0,hi,Unknown,5,1,2,1013926.0,13.829341468431256
3000000.0,14.914123179965662,97.0,2016.0,6.0,en,Unknown,5,3,0,4210454.0,15.253081275828274
10000000.0,16.118095750958314,110.0,2016.0,6.0,en,Unknown,5,5,0,4500.0,8.412054873292933
50000000.0,17.72753358339242,139.0,2016.0,6.0,en,Unknown,5,3,2,25035950.0,17.035823389843156
17000000.0,16.648723960844016,86.0,2016.0,6.0,en,Unknown,5,3,5,119100758.0,18.595480407101192
180000000.0,19.00846741441004,109.0,2016.0,6.0,en,Unknown,5,5,4,356743061.0,19.692526366339536
10000000.0,16.118095750958314,105.0,2016.0,6.0,en,Unknown,5,4,2,118587880.0,18.59116485549565
5000000.0,15.424948670398354,107.0,2016.0,7.0,en,Unknown,3,0,0,13000000.0,16.380459992348886
5000000.0,15.424948670398354,119.0,2016.0,7.0,en,Unknown,5,3,0,5879736.0,15.58702259098333
10400000.0,16.15731646026544,170.0,2016.0,7.0,hi,Unknown,5,1,0,102000000.0,18.440483381052466
185000000.0,19.035866388448003,122.0,2016.0,7.0,en,Unknown,5,5,5,343471816.0,19.654615619681344
33000000.0,17.312018149733785,98.0,2016.0,7.0,en,Unknown,5,3,0,77068246.0,18.160201911939502
60000000.0,17.909855136853043,90.0,2016.0,7.0,en,Unknown,5,5,1,9420546.0,16.05840371280722
4531653.0,15.326597552231418,100.0,2016.0,7.0,zh,Unknown,5,1,0,84552250.0,18.252880256254294
19000000.0,16.759949589762293,83.0,2016.0,7.0,en,Unknown,5,5,2,140705322.0,18.76217835363623
25000000.0,17.034386422832473,127.0,2016.0,7.0,en,Unknown,5,1,2,15436808.0,16.552265410217057
3537415.0,15.07890707506866,162.0,2016.0,7.0,de,Unknown,5,5,0,1390172.0,14.144938757793971
144000000.0,18.78532386448472,116.0,2016.0,7.0,en,Unknown,5,5,3,229147509.0,19.24987650261555
10500000.0,16.166885910365842,99.0,2016.0,7.0,en,Unknown,5,5,0,100659.0,11.519503780330352
8820000.0,15.992532541361653,118.0,2016.0,7.0,ko,Unknown,5,1,0,2129768.0,14.57152408110018
32000000.0,17.281246492014,107.0,2016.0,7.0,en,Unknown,5,5,15,58500000.0,17.8845373292961
3500000.0,15.068273812173887,72.0,2016.0,7.0,en,Unknown,5,2,0,3775000.0,15.143911205565889
4900000.0,15.404745967162468,81.0,2016.0,7.0,en,Unknown,5,3,0,148868835.0,18.818576180920275
18700000.0,16.74403413530075,150.0,2016.0,7.0,ta,Unknown,5,1,0,74000000.0,18.119575664681957
120000000.0,18.603002309079653,123.0,2016.0,7.0,en,Unknown,5,5,5,415484914.0,19.844956865944873
19000000.0,16.759949589762293,96.0,2016.0,7.0,en,Unknown,5,3,3,85241496.0,18.26099892721786
20000000.0,16.811242881518265,100.0,2016.0,7.0,en,Unknown,5,3,1,183936074.0,19.030098836731216
15000000.0,16.52356082573315,120.0,2016.0,7.0,ja,Unknown,5,2,0,77000000.0,18.15931599280497
200000.0,12.206077645517674,124.0,2016.0,7.0,te,Unknown,5,2,0,5500000.0,15.520258832020865
175000000.0,18.980296537602072,123.0,2016.0,8.0,en,Unknown,5,5,5,745600054.0,20.42969989510175
30000000.0,17.216707972959764,87.0,2016.0,8.0,en,Unknown,5,2,9,57814445.0,17.872749233210957
21500000.0,16.88356353960952,98.0,2016.0,8.0,en,Unknown,5,5,1,4811525.0,15.386524847484246
65000000.0,17.989897843244528,102.0,2016.0,8.0,en,Unknown,5,2,0,143695338.0,18.783205914893422
15050000.0,16.52688861560434,155.0,2016.0,8.0,hi,Unknown,5,2,2,16180000.0,16.599286531399315
12000000.0,16.300417291085605,102.0,2016.0,8.0,en,Unknown,5,3,2,37589296.0,17.44222991358309
9000000.0,16.012735246411598,120.0,2016.0,8.0,en,Unknown,5,3,0,4600000.0,15.341567078850604
100000000.0,18.420680753952364,125.0,2016.0,8.0,en,Unknown,5,4,6,94061311.0,18.359457382927378
40000000.0,17.50439003707821,114.0,2016.0,8.0,en,Unknown,5,4,8,86234523.0,18.272581165891857
60000000.0,17.909855136853043,102.0,2016.0,8.0,en,Unknown,5,1,0,69929545.0,18.062998807452484
40000000.0,17.50439003707821,99.0,2016.0,8.0,en,Unknown,5,5,2,125729635.0,18.649644413472515
3800000.0,15.150511887854474,105.0,2016.0,8.0,en,Unknown,5,3,0,1016985.0,13.832353908957577
9900000.0,16.108045416114916,88.0,2016.0,8.0,en,Unknown,5,5,1,157100845.0,18.872398488316378
762241.0,13.544019369551084,140.0,2016.0,9.0,pt,Unknown,5,3,0,285930.0,12.56350580195316
8000000.0,15.894952224644102,92.0,2016.0,9.0,en,Unknown,5,2,0,8810591.0,15.99146519202255
20000000.0,16.811242881518265,133.0,2016.0,9.0,en,Unknown,5,2,2,25956113.0,17.07191774676163
700000.0,13.45883704259595,88.0,2016.0,9.0,en,Unknown,5,4,0,200242.0,12.207286908015
60000000.0,17.909855136853043,96.0,2016.0,9.0,en,Unknown,5,5,26,238470033.0,19.289754216792982
8500000.0,15.955576839107596,120.0,2016.0,9.0,en,Unknown,5,4,0,15861566.0,16.579409571308034
10000000.0,16.118095750958314,97.0,2016.0,9.0,en,Unknown,5,2,0,30658387.0,17.238416853378645
5000000.0,15.424948670398354,92.0,2016.0,9.0,en,Unknown,5,1,0,6700000.0,15.717618233614914
90000000.0,18.31532023940565,132.0,2016.0,9.0,en,Unknown,5,5,9,162360636.0,18.905330573307417
35000000.0,17.370858648025116,123.0,2016.0,9.0,en,Unknown,5,5,1,211952420.0,19.17187237820299
40000000.0,17.50439003707821,134.0,2016.0,9.0,en,Unknown,5,3,16,37279439.0,17.433952526209612
1500000.0,14.220976332738882,102.0,2016.0,9.0,en,Unknown,5,5,4,779820.0,13.566819685150076
5000000.0,15.424948670398354,90.0,2016.0,9.0,en,Unknown,5,5,1,45172994.0,17.62601001050244
70000000.0,18.064005814299346,87.0,2016.0,9.0,en,Unknown,5,4,0,182379278.0,19.02159902717763
5000000.0,15.424948670398354,123.0,2016.0,9.0,es,Unknown,5,4,1,2387127.0,14.685601527678822
15000000.0,16.52356082573315,124.0,2016.0,9.0,en,Unknown,5,3,5,10367161.0,16.154153868690344
110000000.0,18.5159909328476,127.0,2016.0,9.0,en,Unknown,5,5,17,296485719.0,19.50750961335353
25000000.0,17.034386422832473,94.0,2016.0,9.0,en,Unknown,5,4,2,29200000.0,17.189679301485086
7500000.0,15.830413711839864,133.0,2016.0,9.0,no,Unknown,5,3,0,9100000.0,16.02378508137718
12823507.0,16.366790606970984,110.0,2016.0,9.0,ru,Unknown,5,1,0,6101904.0,15.624111575471549
110000000.0,18.5159909328476,107.0,2016.0,9.0,en,Unknown,5,5,7,121790373.0,18.617811878918253
10000000.0,16.118095750958314,109.0,2016.0,9.0,en,Unknown,5,4,1,4073489.0,15.22001068383845
45000000.0,17.622173069956816,112.0,2016.0,10.0,en,Unknown,5,4,1,173185859.0,18.969875911037043
3500000.0,15.068273812173887,99.0,2016.0,10.0,fr,Unknown,5,5,0,4100000.0,15.226497775576945
43000000.0,17.57671069691365,108.0,2016.0,10.0,en,Unknown,5,4,1,46652768.0,17.658242840409258
40000000.0,17.50439003707821,140.0,2016.0,10.0,en,Unknown,5,5,3,175302354.0,18.982022783914175
8138338.0,15.912096663102808,125.0,2016.0,10.0,en,Unknown,5,3,1,1864266.0,14.438378504313103
8500000.0,15.955576839107596,92.0,2016.0,10.0,en,Unknown,5,3,5,19985196.0,16.810502407472022
8000000.0,15.894952224644102,66.0,2016.0,10.0,fr,Unknown,5,3,0,292279.0,12.585467525905154
75000000.0,18.132998684833918,121.0,2016.0,10.0,en,Unknown,5,5,14,220021259.0,19.20923473601128
125000000.0,18.643824303266577,92.0,2016.0,10.0,en,Unknown,5,2,5,346864462.0,19.664444665066647
10000000.0,16.118095750958314,92.0,2016.0,10.0,en,Unknown,5,3,2,6272403.0,15.651670252203242
44000000.0,17.599700214609808,128.0,2016.0,10.0,en,Unknown,5,4,5,155160045.0,18.85996769700416
30000000.0,17.216707972959764,140.0,2016.0,10.0,en,Unknown,5,5,3,8574339.0,15.964284580124065
10300000.0,16.14765455028724,120.0,2016.0,10.0,fr,Unknown,5,2,0,47748.0,10.773713403281205
6000000.0,15.607270193858982,105.0,2016.0,10.0,fr,Unknown,5,5,2,1305195.0,14.081863779032187
60000000.0,17.909855136853043,118.0,2016.0,10.0,en,Unknown,5,5,9,162146076.0,18.904008196777074
9000000.0,16.012735246411598,99.0,2016.0,10.0,en,Unknown,5,5,1,81705746.0,18.218634900073557
40000000.0,17.50439003707821,105.0,2016.0,10.0,en,Unknown,5,2,3,29918745.0,17.213995798427522
4000000.0,15.201805169084134,111.0,2016.0,10.0,en,Unknown,5,4,0,65046687.0,17.990615846945577
1500000.0,14.220976332738882,112.0,2016.0,10.0,en,Unknown,5,2,0,2000000.0,14.508658238524095
450000.0,13.017005083966255,134.0,2016.0,10.0,ml,Unknown,5,2,0,2300000.0,14.648420115681892
165000000.0,18.92145603792546,115.0,2016.0,10.0,en,Unknown,5,2,3,677718395.0,20.334242414492245
12156348.0,16.3133621427087,98.0,2016.0,11.0,fr,Unknown,5,5,0,7900000.0,15.882373444019521
6000000.0,15.607270193858982,116.0,2016.0,11.0,en,Unknown,5,4,1,6174491.0,15.635937169887706
8000000.0,15.894952224644102,103.0,2016.0,11.0,en,Unknown,5,3,3,82703.0,11.32302324743582
9000000.0,16.012735246411598,123.0,2016.0,11.0,en,Unknown,5,2,3,8996802.0,16.012379849971914
22500000.0,16.929025911619092,116.0,2016.0,11.0,en,Unknown,5,4,0,29252978.0,17.191491972610017
47000000.0,17.665658180950928,113.0,2016.0,11.0,en,Unknown,5,4,3,203388186.0,19.13062696221271
40000000.0,17.50439003707821,113.0,2016.0,11.0,en,Unknown,5,5,9,30930984.0,17.24726899025828
10000000.0,16.118095750958314,91.0,2016.0,11.0,en,Unknown,5,5,0,13082071.0,16.386753301233753
17000000.0,16.648723960844016,111.0,2016.0,11.0,en,Unknown,5,2,1,42487325.0,17.56471637765597
9000000.0,16.012735246411598,117.0,2016.0,11.0,en,Unknown,5,3,9,276921998.0,19.43924643243936
180000000.0,19.00846741441004,133.0,2016.0,11.0,en,Unknown,5,2,5,809342332.0,20.51173254126546
5000000.0,15.424948670398354,118.0,2016.0,11.0,en,Unknown,5,4,2,2152738.0,14.582251542802005
85000000.0,18.258161826219297,124.0,2016.0,11.0,en,Unknown,5,4,16,119520023.0,18.598994480151973
9000000.0,16.012735246411598,135.0,2016.0,11.0,en,Unknown,5,5,1,75026965.0,18.13335815354584
9000000.0,16.012735246411598,104.0,2016.0,11.0,en,Unknown,5,2,0,18803648.0,16.749561504710716
26000000.0,17.073607134447293,87.0,2016.0,11.0,en,Unknown,5,3,7,17782178.0,16.693707333971794
25000000.0,17.034386422832473,127.0,2016.0,11.0,en,Unknown,5,5,3,3885342.0,15.17272182617499
150000000.0,18.826145858727198,107.0,2016.0,11.0,en,Unknown,5,2,6,643034466.0,20.28170888418674
75000000.0,18.132998684833918,108.0,2016.0,11.0,en,Unknown,5,4,2,632443719.0,20.26510179436982
25000000.0,17.034386422832473,115.0,2016.0,11.0,en,Unknown,5,5,4,23964782.0,16.992095935663187
4300000.0,15.274125813221904,149.0,2016.0,11.0,hi,Unknown,5,3,1,3376375.0,15.032313502903898
12000000.0,16.300417291085605,118.0,2016.0,11.0,en,Unknown,5,5,0,140302754.0,18.759313181373123
13000000.0,16.380459992348886,132.0,2016.0,11.0,en,Unknown,5,5,6,3500605.0,15.068446654329291
14000000.0,16.454567959008102,111.0,2016.0,11.0,en,Unknown,5,1,1,13819139.0,16.44156514571339
45000000.0,17.622173069956816,105.0,2016.0,11.0,en,Unknown,5,4,1,114501299.0,18.556096734605905
35000000.0,17.370858648025116,91.0,2016.0,11.0,en,Unknown,5,3,0,81093313.0,18.211111074256827
30000000.0,17.216707972959764,128.0,2016.0,11.0,en,Unknown,5,5,1,445435700.0,19.914563464492236
5000000.0,15.424948670398354,91.0,2016.0,12.0,en,Unknown,5,3,3,6341855.0,15.6626820280516
9000000.0,16.012735246411598,100.0,2016.0,12.0,en,Unknown,5,5,0,13960394.0,16.45173495002714
36000000.0,17.399029524198163,97.0,2016.0,12.0,en,Unknown,5,5,5,87416021.0,18.286189141902863
25000000.0,17.034386422832473,127.0,2016.0,12.0,en,Unknown,5,3,1,230698791.0,19.256623486892735
45000000.0,17.622173069956816,133.0,2016.0,12.0,en,Unknown,5,5,8,50548152.0,17.738436964682116
30000000.0,17.216707972959764,89.0,2016.0,12.0,en,Unknown,5,3,0,2351359.0,14.670504442128788
200000000.0,19.11382792951231,133.0,2016.0,12.0,en,Unknown,5,5,2,1056057273.0,20.777808257502148
150000000.0,18.826145858727198,103.0,2016.0,12.0,en,Unknown,5,5,4,331957105.0,19.620516319738698
24000000.0,16.993564429978885,139.0,2016.0,12.0,en,Unknown,5,4,2,64414761.0,17.98085338840935
125000000.0,18.643824303266577,115.0,2016.0,12.0,en,Unknown,5,5,1,240697856.0,19.299052999514664
125000000.0,18.643824303266577,105.0,2016.0,12.0,en,Unknown,5,4,3,64493915.0,17.982081451735667
110000000.0,18.5159909328476,116.0,2016.0,12.0,en,Unknown,5,5,1,303144152.0,19.529719002814563
38000000.0,17.453096744006448,111.0,2016.0,12.0,en,Unknown,5,4,2,118034273.0,18.586485597882408
46000000.0,17.6441519761925,161.0,2016.0,12.0,en,Unknown,5,5,17,23737523.0,16.982567645160618
20000000.0,16.811242881518265,120.0,2016.0,12.0,en,Unknown,5,4,2,7227038.0,15.79333996668061
10400000.0,16.15731646026544,161.0,2016.0,12.0,hi,Unknown,5,2,0,310000000.0,19.552082858669273
50000000.0,17.72753358339242,124.0,2016.0,12.0,zh,Unknown,5,5,0,102205175.0,18.442492880243986
40000000.0,17.50439003707821,107.0,2016.0,12.0,en,Unknown,5,4,10,312242626.0,19.55929109420119
7000000.0,15.76142084987672,119.0,2016.0,12.0,en,Unknown,5,3,1,5816211.0,15.576159748700354
108000000.0,18.497641794347754,129.0,2016.0,12.0,en,Unknown,5,3,3,22678555.0,16.93693036636657
7400000.0,15.816990693309524,96.0,2017.0,1.0,en,Unknown,5,2,1,26667197.0,17.098944828771547
30000000.0,17.216707972959764,95.0,2017.0,1.0,en,Unknown,5,4,0,32540674.0,17.29800140324008
85000000.0,18.258161826219297,107.0,2017.0,1.0,en,Unknown,5,5,6,346147658.0,19.662376002101407
8520000.0,15.957927016176384,125.0,2017.0,1.0,ko,Unknown,5,1,0,56100000.0,17.842646388318236
22000000.0,16.906553056777135,100.0,2017.0,1.0,en,Unknown,5,5,10,194647323.0,19.08669988417386
4000000.0,15.201805169084134,90.0,2017.0,1.0,es,Unknown,5,4,0,1440000.0,14.180154365996387
5000000.0,15.424948670398354,87.0,2017.0,1.0,en,Unknown,5,3,0,3305592.0,15.011126440286628
30000000.0,17.216707972959764,121.0,2017.0,1.0,en,Unknown,5,3,4,14793385.0,16.50969074695651
18000000.0,16.705882371415992,117.0,2017.0,1.0,en,Unknown,5,5,8,41412709.0,17.53909839651012
65000000.0,17.989897843244528,130.0,2017.0,1.0,zh,Unknown,5,2,2,254212245.0,19.353680090224884
25000000.0,17.034386422832473,102.0,2017.0,2.0,en,Unknown,5,5,0,83080890.0,18.23532528151747
40000000.0,17.50439003707821,122.0,2017.0,2.0,en,Unknown,5,3,1,171539887.0,18.960326380617396
80000000.0,18.197537205138154,104.0,2017.0,2.0,en,Unknown,5,5,0,311950384.0,19.558354710692452
55000000.0,17.822843761378564,118.0,2017.0,2.0,en,Unknown,5,2,5,378827494.0,19.75259150111937
40000000.0,17.50439003707821,146.0,2017.0,2.0,en,Unknown,5,5,9,26559557.0,17.09490024086777
707503.0,13.469498562193795,90.0,2017.0,2.0,ru,Unknown,5,1,0,4781454.0,15.380255451454834
20000000.0,16.811242881518265,103.0,2017.0,2.0,en,Unknown,5,3,0,557241.0,13.230754894931515
5000000.0,15.424948670398354,104.0,2017.0,2.0,en,Unknown,5,3,0,252434250.0,19.346661380692577
97000000.0,18.390221546776935,137.0,2017.0,2.0,en,Unknown,5,4,6,616801808.0,20.240058313088472
5000000.0,15.424948670398354,98.0,2017.0,3.0,en,Unknown,5,2,0,10025571.0,16.120649586885808
20000000.0,16.811242881518265,132.0,2017.0,3.0,en,Unknown,5,2,0,57330873.0,17.86434984984075
185000000.0,19.035866388448003,118.0,2017.0,3.0,en,Unknown,5,2,0,566652812.0,20.155257351394564
40000000.0,17.50439003707821,111.0,2017.0,3.0,en,Unknown,5,1,4,240978.0,12.392465071746688
160000000.0,18.8906843794481,129.0,2017.0,3.0,en,Unknown,5,2,5,1262886337.0,20.95666568259922
10000000.0,16.118095750958314,129.0,2017.0,3.0,en,Unknown,5,3,3,443684.0,13.002870130169445
58000000.0,17.87595358575207,103.0,2017.0,3.0,en,Unknown,5,4,2,100541806.0,18.426084189013284
25000000.0,17.034386422832473,100.0,2017.0,3.0,en,Unknown,5,2,1,26800152.0,17.103918154420015
125000000.0,18.643824303266577,97.0,2017.0,3.0,en,Unknown,5,2,1,498814908.0,20.02774566105883
60000000.0,17.909855136853043,89.0,2017.0,3.0,en,Unknown,5,3,2,197183546.0,19.099645563589196
100000000.0,18.420680753952364,124.0,2017.0,3.0,en,Unknown,5,2,1,142337240.0,18.773709736480477
110000000.0,18.5159909328476,107.0,2017.0,3.0,en,Unknown,5,5,1,169801921.0,18.950143150976515
10000000.0,16.118095750958314,90.0,2017.0,3.0,en,Unknown,5,4,2,3565109.0,15.086705466894482
20000000.0,16.811242881518265,126.0,2017.0,3.0,en,Unknown,5,3,2,13162475.0,16.392880612060882
32745300.0,17.304270028835134,117.0,2017.0,4.0,en,Unknown,5,5,2,12173470.0,16.31476963383084
25000000.0,17.034386422832473,96.0,2017.0,4.0,en,Unknown,5,5,2,84618541.0,18.253663973138483
10500000.0,16.166885910365842,92.0,2017.0,4.0,en,Unknown,5,5,1,3451.0,8.146709052203319
7075038.0,15.772083513845873,140.0,2017.0,4.0,ru,Unknown,5,1,1,9868942.0,16.104903313476303
7000000.0,15.76142084987672,101.0,2017.0,4.0,en,Unknown,5,4,3,37461045.0,17.438812177708368
250000000.0,19.33697147982652,136.0,2017.0,4.0,en,Unknown,5,3,8,1238764765.0,20.937380563618156
200000000.0,19.11382792951231,137.0,2017.0,4.0,en,Unknown,5,2,2,863416141.0,20.57640733676449
12000000.0,16.300417291085605,100.0,2017.0,4.0,en,Unknown,5,1,0,17768012.0,16.69291037620854
2800000.0,14.845130332288226,80.0,2017.0,4.0,en,Unknown,5,2,0,3600000.0,15.096444681204078
18000000.0,16.705882371415992,110.0,2017.0,4.0,en,Unknown,5,3,2,20497844.0,16.835830316631718
18000000.0,16.705882371415992,161.0,2017.0,4.0,te,Unknown,5,1,2,230000000.0,19.253589871235295
175000000.0,18.980296537602072,126.0,2017.0,4.0,en,Unknown,5,5,7,146175066.0,18.800315550380613
916000.0,13.727772735358728,99.0,2017.0,4.0,en,Unknown,5,3,0,2403885.0,14.692597152547767
42000000.0,17.553180200057167,90.0,2017.0,5.0,en,Unknown,5,3,4,60845711.0,17.923851906549967
97000000.0,18.390221546776935,122.0,2017.0,5.0,en,Unknown,5,4,22,232380243.0,19.263885570722742
69000000.0,18.049617077054286,116.0,2017.0,5.0,en,Unknown,5,5,3,177856751.0,18.99648902021499
22000000.0,16.906553056777135,91.0,2017.0,5.0,en,Unknown,5,1,4,40120144.0,17.507389135209007
230000000.0,19.253589871235295,129.0,2017.0,5.0,en,Unknown,5,4,1,794191988.0,20.492835789730673
149000000.0,18.819456870621142,141.0,2017.0,5.0,en,Unknown,5,5,1,820580447.0,20.525522511220068
38000000.0,17.453096744006448,89.0,2017.0,6.0,en,Unknown,5,2,1,110824373.0,18.523457290034436
125000000.0,18.643824303266577,110.0,2017.0,6.0,en,Unknown,5,3,1,407778013.0,19.826233500968055
5500000.0,15.520258832020865,89.0,2017.0,6.0,en,Unknown,5,4,0,44235023.0,17.605027431456275
80000000.0,18.197537205138154,96.0,2017.0,6.0,en,Unknown,5,1,2,1020063384.0,20.74313060446871
20000000.0,16.811242881518265,101.0,2017.0,6.0,en,Unknown,5,2,0,45056771.0,17.623433852586018
175000000.0,18.980296537602072,109.0,2017.0,6.0,en,Unknown,5,2,0,350170057.0,19.67392947444627
10000000.0,16.118095750958314,105.0,2017.0,6.0,en,Unknown,5,2,2,4219536.0,15.255235964353183
260000000.0,19.376192192825954,149.0,2017.0,6.0,en,Unknown,5,4,12,604942143.0,20.220643381670232
10500000.0,16.166885910365842,93.0,2017.0,6.0,en,Unknown,5,2,4,25442939.0,17.05194885579669
34000000.0,17.341871111992198,113.0,2017.0,6.0,en,Unknown,5,5,4,224511319.0,19.22943668703796
100000.0,11.51293546492023,92.0,2017.0,7.0,en,Unknown,5,3,1,15584255.0,16.561771731834252
152000000.0,18.839391085389497,140.0,2017.0,7.0,en,Unknown,5,1,3,369907963.0,19.728764786714194
100000000.0,18.420680753952364,107.0,2017.0,7.0,en,Unknown,5,5,9,519876949.0,20.069102706921974
197471676.0,19.101105724426663,137.0,2017.0,7.0,en,Unknown,5,1,8,90024292.0,18.315590114094313
30000000.0,17.216707972959764,115.0,2017.0,7.0,en,Unknown,5,5,0,90007945.0,18.315408513286194
50000000.0,17.72753358339242,86.0,2017.0,7.0,en,Unknown,5,2,1,66913939.0,18.01891787409484
60000000.0,17.909855136853043,95.0,2017.0,8.0,en,Unknown,5,4,1,71000000.0,18.078190449090098
11000000.0,16.213405921671733,111.0,2017.0,8.0,en,Unknown,5,3,0,184770205.0,19.03462348123032
21000000.0,16.860033043306743,95.0,2017.0,8.0,en,Unknown,5,5,0,24527158.0,17.015291592160832
